month,county_code,county_name,fuel_type,owner_type,registrations
2021-01-01,01,Stockholm,BEV,company,223
2021-01-01,01,Stockholm,BEV,dealer,26
2021-01-01,01,Stockholm,BEV,private,134
2021-01-01,01,Stockholm,DIESEL,company,1286
2021-01-01,01,Stockholm,DIESEL,dealer,327
2021-01-01,01,Stockholm,DIESEL,private,159
2021-01-01,01,Stockholm,ETHANOL,company,1
2021-01-01,01,Stockholm,GAS,company,14
2021-01-01,01,Stockholm,GAS,dealer,3
2021-01-01,01,Stockholm,GAS,private,1
2021-01-01,01,Stockholm,HEV,company,189
2021-01-01,01,Stockholm,HEV,dealer,47
2021-01-01,01,Stockholm,HEV,private,173
2021-01-01,01,Stockholm,PETROL,company,454
2021-01-01,01,Stockholm,PETROL,dealer,595
2021-01-01,01,Stockholm,PETROL,private,747
2021-01-01,01,Stockholm,PHEV,company,2087
2021-01-01,01,Stockholm,PHEV,dealer,351
2021-01-01,01,Stockholm,PHEV,private,388
2021-01-01,03,Uppsala,BEV,company,14
2021-01-01,03,Uppsala,BEV,dealer,7
2021-01-01,03,Uppsala,BEV,private,24
2021-01-01,03,Uppsala,DIESEL,company,39
2021-01-01,03,Uppsala,DIESEL,dealer,21
2021-01-01,03,Uppsala,DIESEL,private,30
2021-01-01,03,Uppsala,HEV,company,8
2021-01-01,03,Uppsala,HEV,dealer,17
2021-01-01,03,Uppsala,HEV,private,28
2021-01-01,03,Uppsala,PETROL,company,28
2021-01-01,03,Uppsala,PETROL,dealer,46
2021-01-01,03,Uppsala,PETROL,private,89
2021-01-01,03,Uppsala,PHEV,company,62
2021-01-01,03,Uppsala,PHEV,dealer,13
2021-01-01,03,Uppsala,PHEV,private,61
2021-01-01,04,Södermanland,BEV,company,6
2021-01-01,04,Södermanland,BEV,dealer,2
2021-01-01,04,Södermanland,BEV,private,18
2021-01-01,04,Södermanland,DIESEL,company,30
2021-01-01,04,Södermanland,DIESEL,dealer,12
2021-01-01,04,Södermanland,DIESEL,private,22
2021-01-01,04,Södermanland,HEV,company,2
2021-01-01,04,Södermanland,HEV,dealer,14
2021-01-01,04,Södermanland,HEV,private,31
2021-01-01,04,Södermanland,PETROL,company,19
2021-01-01,04,Södermanland,PETROL,dealer,39
2021-01-01,04,Södermanland,PETROL,private,115
2021-01-01,04,Södermanland,PHEV,company,35
2021-01-01,04,Södermanland,PHEV,dealer,10
2021-01-01,04,Södermanland,PHEV,private,49
2021-01-01,05,Östergötland,BEV,company,17
2021-01-01,05,Östergötland,BEV,dealer,4
2021-01-01,05,Östergötland,BEV,private,14
2021-01-01,05,Östergötland,DIESEL,company,100
2021-01-01,05,Östergötland,DIESEL,dealer,12
2021-01-01,05,Östergötland,DIESEL,private,44
2021-01-01,05,Östergötland,GAS,company,1
2021-01-01,05,Östergötland,GAS,private,1
2021-01-01,05,Östergötland,HEV,company,10
2021-01-01,05,Östergötland,HEV,dealer,40
2021-01-01,05,Östergötland,HEV,private,50
2021-01-01,05,Östergötland,PETROL,company,58
2021-01-01,05,Östergötland,PETROL,dealer,61
2021-01-01,05,Östergötland,PETROL,private,193
2021-01-01,05,Östergötland,PHEV,company,93
2021-01-01,05,Östergötland,PHEV,dealer,16
2021-01-01,05,Östergötland,PHEV,private,68
2021-01-01,06,Jönköping,BEV,company,24
2021-01-01,06,Jönköping,BEV,dealer,3
2021-01-01,06,Jönköping,BEV,private,18
2021-01-01,06,Jönköping,DIESEL,company,113
2021-01-01,06,Jönköping,DIESEL,dealer,54
2021-01-01,06,Jönköping,DIESEL,private,38
2021-01-01,06,Jönköping,GAS,company,1
2021-01-01,06,Jönköping,GAS,private,1
2021-01-01,06,Jönköping,HEV,company,12
2021-01-01,06,Jönköping,HEV,dealer,41
2021-01-01,06,Jönköping,HEV,private,41
2021-01-01,06,Jönköping,PETROL,company,53
2021-01-01,06,Jönköping,PETROL,dealer,117
2021-01-01,06,Jönköping,PETROL,private,189
2021-01-01,06,Jönköping,PHEV,company,83
2021-01-01,06,Jönköping,PHEV,dealer,25
2021-01-01,06,Jönköping,PHEV,private,38
2021-01-01,07,Kronoberg,BEV,company,11
2021-01-01,07,Kronoberg,BEV,dealer,3
2021-01-01,07,Kronoberg,BEV,private,7
2021-01-01,07,Kronoberg,DIESEL,company,33
2021-01-01,07,Kronoberg,DIESEL,dealer,8
2021-01-01,07,Kronoberg,DIESEL,private,23
2021-01-01,07,Kronoberg,HEV,company,3
2021-01-01,07,Kronoberg,HEV,dealer,9
2021-01-01,07,Kronoberg,HEV,private,12
2021-01-01,07,Kronoberg,PETROL,company,25
2021-01-01,07,Kronoberg,PETROL,dealer,35
2021-01-01,07,Kronoberg,PETROL,private,76
2021-01-01,07,Kronoberg,PHEV,company,30
2021-01-01,07,Kronoberg,PHEV,dealer,12
2021-01-01,07,Kronoberg,PHEV,private,26
2021-01-01,08,Kalmar,BEV,company,4
2021-01-01,08,Kalmar,BEV,dealer,5
2021-01-01,08,Kalmar,BEV,private,11
2021-01-01,08,Kalmar,DIESEL,company,30
2021-01-01,08,Kalmar,DIESEL,dealer,32
2021-01-01,08,Kalmar,DIESEL,private,22
2021-01-01,08,Kalmar,GAS,company,9
2021-01-01,08,Kalmar,GAS,private,1
2021-01-01,08,Kalmar,HEV,company,3
2021-01-01,08,Kalmar,HEV,dealer,10
2021-01-01,08,Kalmar,HEV,private,9
2021-01-01,08,Kalmar,PETROL,company,17
2021-01-01,08,Kalmar,PETROL,dealer,54
2021-01-01,08,Kalmar,PETROL,private,88
2021-01-01,08,Kalmar,PHEV,company,24
2021-01-01,08,Kalmar,PHEV,dealer,8
2021-01-01,08,Kalmar,PHEV,private,28
2021-01-01,09,Gotland,BEV,company,2
2021-01-01,09,Gotland,BEV,private,4
2021-01-01,09,Gotland,DIESEL,company,5
2021-01-01,09,Gotland,DIESEL,dealer,2
2021-01-01,09,Gotland,DIESEL,private,1
2021-01-01,09,Gotland,HEV,dealer,2
2021-01-01,09,Gotland,HEV,private,5
2021-01-01,09,Gotland,PETROL,company,9
2021-01-01,09,Gotland,PETROL,dealer,5
2021-01-01,09,Gotland,PETROL,private,12
2021-01-01,09,Gotland,PHEV,company,5
2021-01-01,09,Gotland,PHEV,dealer,2
2021-01-01,09,Gotland,PHEV,private,6
2021-01-01,10,Blekinge,BEV,company,3
2021-01-01,10,Blekinge,BEV,private,2
2021-01-01,10,Blekinge,DIESEL,company,15
2021-01-01,10,Blekinge,DIESEL,dealer,11
2021-01-01,10,Blekinge,DIESEL,private,13
2021-01-01,10,Blekinge,HEV,company,1
2021-01-01,10,Blekinge,HEV,dealer,9
2021-01-01,10,Blekinge,HEV,private,15
2021-01-01,10,Blekinge,PETROL,company,27
2021-01-01,10,Blekinge,PETROL,dealer,24
2021-01-01,10,Blekinge,PETROL,private,70
2021-01-01,10,Blekinge,PHEV,company,16
2021-01-01,10,Blekinge,PHEV,dealer,6
2021-01-01,10,Blekinge,PHEV,private,18
2021-01-01,12,Skåne,BEV,company,87
2021-01-01,12,Skåne,BEV,dealer,12
2021-01-01,12,Skåne,BEV,private,50
2021-01-01,12,Skåne,DIESEL,company,429
2021-01-01,12,Skåne,DIESEL,dealer,405
2021-01-01,12,Skåne,DIESEL,private,134
2021-01-01,12,Skåne,ETHANOL,private,1
2021-01-01,12,Skåne,GAS,company,30
2021-01-01,12,Skåne,HEV,company,38
2021-01-01,12,Skåne,HEV,dealer,39
2021-01-01,12,Skåne,HEV,private,110
2021-01-01,12,Skåne,OTHER,private,1
2021-01-01,12,Skåne,PETROL,company,280
2021-01-01,12,Skåne,PETROL,dealer,633
2021-01-01,12,Skåne,PETROL,private,600
2021-01-01,12,Skåne,PHEV,company,483
2021-01-01,12,Skåne,PHEV,dealer,92
2021-01-01,12,Skåne,PHEV,private,173
2021-01-01,13,Halland,BEV,company,10
2021-01-01,13,Halland,BEV,dealer,5
2021-01-01,13,Halland,BEV,private,29
2021-01-01,13,Halland,DIESEL,company,46
2021-01-01,13,Halland,DIESEL,dealer,32
2021-01-01,13,Halland,DIESEL,private,35
2021-01-01,13,Halland,GAS,company,3
2021-01-01,13,Halland,GAS,private,1
2021-01-01,13,Halland,HEV,company,2
2021-01-01,13,Halland,HEV,dealer,17
2021-01-01,13,Halland,HEV,private,29
2021-01-01,13,Halland,PETROL,company,37
2021-01-01,13,Halland,PETROL,dealer,102
2021-01-01,13,Halland,PETROL,private,207
2021-01-01,13,Halland,PHEV,company,53
2021-01-01,13,Halland,PHEV,dealer,21
2021-01-01,13,Halland,PHEV,private,61
2021-01-01,14,Västra Götaland,BEV,company,119
2021-01-01,14,Västra Götaland,BEV,dealer,29
2021-01-01,14,Västra Götaland,BEV,private,73
2021-01-01,14,Västra Götaland,DIESEL,company,261
2021-01-01,14,Västra Götaland,DIESEL,dealer,118
2021-01-01,14,Västra Götaland,DIESEL,private,164
2021-01-01,14,Västra Götaland,GAS,company,25
2021-01-01,14,Västra Götaland,GAS,private,1
2021-01-01,14,Västra Götaland,HEV,company,55
2021-01-01,14,Västra Götaland,HEV,dealer,80
2021-01-01,14,Västra Götaland,HEV,private,179
2021-01-01,14,Västra Götaland,PETROL,company,177
2021-01-01,14,Västra Götaland,PETROL,dealer,545
2021-01-01,14,Västra Götaland,PETROL,private,874
2021-01-01,14,Västra Götaland,PHEV,company,397
2021-01-01,14,Västra Götaland,PHEV,dealer,49
2021-01-01,14,Västra Götaland,PHEV,private,302
2021-01-01,17,Värmland,BEV,company,8
2021-01-01,17,Värmland,BEV,dealer,4
2021-01-01,17,Värmland,BEV,private,6
2021-01-01,17,Värmland,DIESEL,company,48
2021-01-01,17,Värmland,DIESEL,dealer,42
2021-01-01,17,Värmland,DIESEL,private,30
2021-01-01,17,Värmland,GAS,company,1
2021-01-01,17,Värmland,HEV,company,9
2021-01-01,17,Värmland,HEV,dealer,15
2021-01-01,17,Värmland,HEV,private,17
2021-01-01,17,Värmland,PETROL,company,33
2021-01-01,17,Värmland,PETROL,dealer,92
2021-01-01,17,Värmland,PETROL,private,84
2021-01-01,17,Värmland,PHEV,company,55
2021-01-01,17,Värmland,PHEV,dealer,11
2021-01-01,17,Värmland,PHEV,private,31
2021-01-01,18,Örebro,BEV,company,5
2021-01-01,18,Örebro,BEV,dealer,7
2021-01-01,18,Örebro,BEV,private,6
2021-01-01,18,Örebro,DIESEL,company,47
2021-01-01,18,Örebro,DIESEL,dealer,19
2021-01-01,18,Örebro,DIESEL,private,36
2021-01-01,18,Örebro,ETHANOL,private,3
2021-01-01,18,Örebro,GAS,company,1
2021-01-01,18,Örebro,HEV,company,9
2021-01-01,18,Örebro,HEV,dealer,21
2021-01-01,18,Örebro,HEV,private,26
2021-01-01,18,Örebro,PETROL,company,18
2021-01-01,18,Örebro,PETROL,dealer,31
2021-01-01,18,Örebro,PETROL,private,100
2021-01-01,18,Örebro,PHEV,company,43
2021-01-01,18,Örebro,PHEV,dealer,11
2021-01-01,18,Örebro,PHEV,private,30
2021-01-01,19,Västmanland,BEV,company,11
2021-01-01,19,Västmanland,BEV,dealer,5
2021-01-01,19,Västmanland,BEV,private,8
2021-01-01,19,Västmanland,DIESEL,company,35
2021-01-01,19,Västmanland,DIESEL,dealer,19
2021-01-01,19,Västmanland,DIESEL,private,25
2021-01-01,19,Västmanland,GAS,company,15
2021-01-01,19,Västmanland,HEV,dealer,4
2021-01-01,19,Västmanland,HEV,private,10
2021-01-01,19,Västmanland,PETROL,company,13
2021-01-01,19,Västmanland,PETROL,dealer,54
2021-01-01,19,Västmanland,PETROL,private,89
2021-01-01,19,Västmanland,PHEV,company,35
2021-01-01,19,Västmanland,PHEV,dealer,9
2021-01-01,19,Västmanland,PHEV,private,56
2021-01-01,20,Dalarna,BEV,company,3
2021-01-01,20,Dalarna,BEV,dealer,2
2021-01-01,20,Dalarna,BEV,private,8
2021-01-01,20,Dalarna,DIESEL,company,48
2021-01-01,20,Dalarna,DIESEL,dealer,38
2021-01-01,20,Dalarna,DIESEL,private,23
2021-01-01,20,Dalarna,HEV,company,1
2021-01-01,20,Dalarna,HEV,dealer,14
2021-01-01,20,Dalarna,HEV,private,8
2021-01-01,20,Dalarna,PETROL,company,12
2021-01-01,20,Dalarna,PETROL,dealer,57
2021-01-01,20,Dalarna,PETROL,private,57
2021-01-01,20,Dalarna,PHEV,company,25
2021-01-01,20,Dalarna,PHEV,dealer,19
2021-01-01,20,Dalarna,PHEV,private,39
2021-01-01,21,Gävleborg,BEV,company,25
2021-01-01,21,Gävleborg,BEV,dealer,1
2021-01-01,21,Gävleborg,BEV,private,11
2021-01-01,21,Gävleborg,DIESEL,company,40
2021-01-01,21,Gävleborg,DIESEL,dealer,33
2021-01-01,21,Gävleborg,DIESEL,private,32
2021-01-01,21,Gävleborg,HEV,company,12
2021-01-01,21,Gävleborg,HEV,dealer,15
2021-01-01,21,Gävleborg,HEV,private,32
2021-01-01,21,Gävleborg,PETROL,company,18
2021-01-01,21,Gävleborg,PETROL,dealer,37
2021-01-01,21,Gävleborg,PETROL,private,77
2021-01-01,21,Gävleborg,PHEV,company,27
2021-01-01,21,Gävleborg,PHEV,dealer,9
2021-01-01,21,Gävleborg,PHEV,private,29
2021-01-01,22,Västernorrland,BEV,company,5
2021-01-01,22,Västernorrland,BEV,private,2
2021-01-01,22,Västernorrland,DIESEL,company,41
2021-01-01,22,Västernorrland,DIESEL,dealer,41
2021-01-01,22,Västernorrland,DIESEL,private,20
2021-01-01,22,Västernorrland,HEV,company,9
2021-01-01,22,Västernorrland,HEV,dealer,7
2021-01-01,22,Västernorrland,HEV,private,7
2021-01-01,22,Västernorrland,PETROL,company,12
2021-01-01,22,Västernorrland,PETROL,dealer,17
2021-01-01,22,Västernorrland,PETROL,private,31
2021-01-01,22,Västernorrland,PHEV,company,28
2021-01-01,22,Västernorrland,PHEV,dealer,9
2021-01-01,22,Västernorrland,PHEV,private,24
2021-01-01,23,Jämtland,BEV,company,10
2021-01-01,23,Jämtland,BEV,dealer,1
2021-01-01,23,Jämtland,BEV,private,3
2021-01-01,23,Jämtland,DIESEL,company,40
2021-01-01,23,Jämtland,DIESEL,dealer,4
2021-01-01,23,Jämtland,DIESEL,private,14
2021-01-01,23,Jämtland,GAS,private,1
2021-01-01,23,Jämtland,HEV,company,2
2021-01-01,23,Jämtland,HEV,dealer,4
2021-01-01,23,Jämtland,HEV,private,5
2021-01-01,23,Jämtland,PETROL,company,6
2021-01-01,23,Jämtland,PETROL,dealer,9
2021-01-01,23,Jämtland,PETROL,private,22
2021-01-01,23,Jämtland,PHEV,company,23
2021-01-01,23,Jämtland,PHEV,private,11
2021-01-01,24,Västerbotten,BEV,company,11
2021-01-01,24,Västerbotten,BEV,dealer,3
2021-01-01,24,Västerbotten,BEV,private,9
2021-01-01,24,Västerbotten,DIESEL,company,37
2021-01-01,24,Västerbotten,DIESEL,dealer,18
2021-01-01,24,Västerbotten,DIESEL,private,22
2021-01-01,24,Västerbotten,HEV,company,5
2021-01-01,24,Västerbotten,HEV,dealer,20
2021-01-01,24,Västerbotten,HEV,private,14
2021-01-01,24,Västerbotten,PETROL,company,11
2021-01-01,24,Västerbotten,PETROL,dealer,40
2021-01-01,24,Västerbotten,PETROL,private,40
2021-01-01,24,Västerbotten,PHEV,company,89
2021-01-01,24,Västerbotten,PHEV,dealer,10
2021-01-01,24,Västerbotten,PHEV,private,30
2021-01-01,25,Norrbotten,BEV,company,4
2021-01-01,25,Norrbotten,BEV,dealer,1
2021-01-01,25,Norrbotten,BEV,private,2
2021-01-01,25,Norrbotten,DIESEL,company,58
2021-01-01,25,Norrbotten,DIESEL,dealer,12
2021-01-01,25,Norrbotten,DIESEL,private,19
2021-01-01,25,Norrbotten,GAS,company,1
2021-01-01,25,Norrbotten,HEV,company,22
2021-01-01,25,Norrbotten,HEV,dealer,7
2021-01-01,25,Norrbotten,HEV,private,10
2021-01-01,25,Norrbotten,PETROL,company,17
2021-01-01,25,Norrbotten,PETROL,dealer,16
2021-01-01,25,Norrbotten,PETROL,private,25
2021-01-01,25,Norrbotten,PHEV,company,31
2021-01-01,25,Norrbotten,PHEV,dealer,9
2021-01-01,25,Norrbotten,PHEV,private,14
2021-02-01,01,Stockholm,BEV,company,321
2021-02-01,01,Stockholm,BEV,dealer,47
2021-02-01,01,Stockholm,BEV,private,148
2021-02-01,01,Stockholm,DIESEL,company,1122
2021-02-01,01,Stockholm,DIESEL,dealer,287
2021-02-01,01,Stockholm,DIESEL,private,195
2021-02-01,01,Stockholm,GAS,company,47
2021-02-01,01,Stockholm,GAS,dealer,1
2021-02-01,01,Stockholm,HEV,company,176
2021-02-01,01,Stockholm,HEV,dealer,40
2021-02-01,01,Stockholm,HEV,private,170
2021-02-01,01,Stockholm,OTHER,dealer,1
2021-02-01,01,Stockholm,OTHER,private,1
2021-02-01,01,Stockholm,PETROL,company,575
2021-02-01,01,Stockholm,PETROL,dealer,770
2021-02-01,01,Stockholm,PETROL,private,1016
2021-02-01,01,Stockholm,PHEV,company,2519
2021-02-01,01,Stockholm,PHEV,dealer,490
2021-02-01,01,Stockholm,PHEV,private,336
2021-02-01,03,Uppsala,BEV,company,11
2021-02-01,03,Uppsala,BEV,dealer,7
2021-02-01,03,Uppsala,BEV,private,19
2021-02-01,03,Uppsala,DIESEL,company,28
2021-02-01,03,Uppsala,DIESEL,dealer,17
2021-02-01,03,Uppsala,DIESEL,private,30
2021-02-01,03,Uppsala,HEV,company,3
2021-02-01,03,Uppsala,HEV,dealer,28
2021-02-01,03,Uppsala,HEV,private,28
2021-02-01,03,Uppsala,PETROL,company,29
2021-02-01,03,Uppsala,PETROL,dealer,50
2021-02-01,03,Uppsala,PETROL,private,113
2021-02-01,03,Uppsala,PHEV,company,50
2021-02-01,03,Uppsala,PHEV,dealer,14
2021-02-01,03,Uppsala,PHEV,private,49
2021-02-01,04,Södermanland,BEV,company,8
2021-02-01,04,Södermanland,BEV,dealer,1
2021-02-01,04,Södermanland,BEV,private,12
2021-02-01,04,Södermanland,DIESEL,company,53
2021-02-01,04,Södermanland,DIESEL,dealer,13
2021-02-01,04,Södermanland,DIESEL,private,25
2021-02-01,04,Södermanland,GAS,company,3
2021-02-01,04,Södermanland,HEV,company,5
2021-02-01,04,Södermanland,HEV,dealer,16
2021-02-01,04,Södermanland,HEV,private,14
2021-02-01,04,Södermanland,PETROL,company,19
2021-02-01,04,Södermanland,PETROL,dealer,25
2021-02-01,04,Södermanland,PETROL,private,143
2021-02-01,04,Södermanland,PHEV,company,52
2021-02-01,04,Södermanland,PHEV,dealer,13
2021-02-01,04,Södermanland,PHEV,private,47
2021-02-01,05,Östergötland,BEV,company,27
2021-02-01,05,Östergötland,BEV,dealer,10
2021-02-01,05,Östergötland,BEV,private,35
2021-02-01,05,Östergötland,DIESEL,company,89
2021-02-01,05,Östergötland,DIESEL,dealer,20
2021-02-01,05,Östergötland,DIESEL,private,34
2021-02-01,05,Östergötland,GAS,company,3
2021-02-01,05,Östergötland,HEV,company,20
2021-02-01,05,Östergötland,HEV,dealer,30
2021-02-01,05,Östergötland,HEV,private,53
2021-02-01,05,Östergötland,PETROL,company,44
2021-02-01,05,Östergötland,PETROL,dealer,65
2021-02-01,05,Östergötland,PETROL,private,196
2021-02-01,05,Östergötland,PHEV,company,80
2021-02-01,05,Östergötland,PHEV,dealer,17
2021-02-01,05,Östergötland,PHEV,private,66
2021-02-01,06,Jönköping,BEV,company,18
2021-02-01,06,Jönköping,BEV,dealer,2
2021-02-01,06,Jönköping,BEV,private,12
2021-02-01,06,Jönköping,DIESEL,company,109
2021-02-01,06,Jönköping,DIESEL,dealer,34
2021-02-01,06,Jönköping,DIESEL,private,42
2021-02-01,06,Jönköping,GAS,company,13
2021-02-01,06,Jönköping,HEV,company,15
2021-02-01,06,Jönköping,HEV,dealer,35
2021-02-01,06,Jönköping,HEV,private,34
2021-02-01,06,Jönköping,PETROL,company,68
2021-02-01,06,Jönköping,PETROL,dealer,55
2021-02-01,06,Jönköping,PETROL,private,208
2021-02-01,06,Jönköping,PHEV,company,84
2021-02-01,06,Jönköping,PHEV,dealer,24
2021-02-01,06,Jönköping,PHEV,private,39
2021-02-01,07,Kronoberg,BEV,company,15
2021-02-01,07,Kronoberg,BEV,dealer,1
2021-02-01,07,Kronoberg,BEV,private,13
2021-02-01,07,Kronoberg,DIESEL,company,32
2021-02-01,07,Kronoberg,DIESEL,dealer,9
2021-02-01,07,Kronoberg,DIESEL,private,19
2021-02-01,07,Kronoberg,GAS,company,5
2021-02-01,07,Kronoberg,GAS,dealer,6
2021-02-01,07,Kronoberg,HEV,company,3
2021-02-01,07,Kronoberg,HEV,dealer,11
2021-02-01,07,Kronoberg,HEV,private,18
2021-02-01,07,Kronoberg,PETROL,company,17
2021-02-01,07,Kronoberg,PETROL,dealer,52
2021-02-01,07,Kronoberg,PETROL,private,89
2021-02-01,07,Kronoberg,PHEV,company,36
2021-02-01,07,Kronoberg,PHEV,dealer,19
2021-02-01,07,Kronoberg,PHEV,private,33
2021-02-01,08,Kalmar,BEV,company,7
2021-02-01,08,Kalmar,BEV,dealer,5
2021-02-01,08,Kalmar,BEV,private,9
2021-02-01,08,Kalmar,DIESEL,company,37
2021-02-01,08,Kalmar,DIESEL,dealer,33
2021-02-01,08,Kalmar,DIESEL,private,29
2021-02-01,08,Kalmar,GAS,company,24
2021-02-01,08,Kalmar,GAS,dealer,1
2021-02-01,08,Kalmar,GAS,private,1
2021-02-01,08,Kalmar,HEV,company,3
2021-02-01,08,Kalmar,HEV,dealer,4
2021-02-01,08,Kalmar,HEV,private,16
2021-02-01,08,Kalmar,PETROL,company,18
2021-02-01,08,Kalmar,PETROL,dealer,52
2021-02-01,08,Kalmar,PETROL,private,107
2021-02-01,08,Kalmar,PHEV,company,30
2021-02-01,08,Kalmar,PHEV,dealer,14
2021-02-01,08,Kalmar,PHEV,private,29
2021-02-01,09,Gotland,BEV,company,4
2021-02-01,09,Gotland,BEV,private,4
2021-02-01,09,Gotland,DIESEL,company,18
2021-02-01,09,Gotland,DIESEL,dealer,3
2021-02-01,09,Gotland,DIESEL,private,3
2021-02-01,09,Gotland,HEV,dealer,2
2021-02-01,09,Gotland,PETROL,company,3
2021-02-01,09,Gotland,PETROL,dealer,4
2021-02-01,09,Gotland,PETROL,private,22
2021-02-01,09,Gotland,PHEV,company,5
2021-02-01,09,Gotland,PHEV,dealer,3
2021-02-01,09,Gotland,PHEV,private,1
2021-02-01,10,Blekinge,BEV,company,3
2021-02-01,10,Blekinge,BEV,private,5
2021-02-01,10,Blekinge,DIESEL,company,29
2021-02-01,10,Blekinge,DIESEL,dealer,10
2021-02-01,10,Blekinge,DIESEL,private,18
2021-02-01,10,Blekinge,GAS,company,1
2021-02-01,10,Blekinge,HEV,company,2
2021-02-01,10,Blekinge,HEV,dealer,12
2021-02-01,10,Blekinge,HEV,private,18
2021-02-01,10,Blekinge,OTHER,private,1
2021-02-01,10,Blekinge,PETROL,company,12
2021-02-01,10,Blekinge,PETROL,dealer,17
2021-02-01,10,Blekinge,PETROL,private,103
2021-02-01,10,Blekinge,PHEV,company,28
2021-02-01,10,Blekinge,PHEV,dealer,8
2021-02-01,10,Blekinge,PHEV,private,23
2021-02-01,12,Skåne,BEV,company,90
2021-02-01,12,Skåne,BEV,dealer,74
2021-02-01,12,Skåne,BEV,private,73
2021-02-01,12,Skåne,DIESEL,company,445
2021-02-01,12,Skåne,DIESEL,dealer,335
2021-02-01,12,Skåne,DIESEL,private,134
2021-02-01,12,Skåne,GAS,company,15
2021-02-01,12,Skåne,GAS,private,2
2021-02-01,12,Skåne,HEV,company,69
2021-02-01,12,Skåne,HEV,dealer,41
2021-02-01,12,Skåne,HEV,private,103
2021-02-01,12,Skåne,PETROL,company,322
2021-02-01,12,Skåne,PETROL,dealer,555
2021-02-01,12,Skåne,PETROL,private,647
2021-02-01,12,Skåne,PHEV,company,525
2021-02-01,12,Skåne,PHEV,dealer,121
2021-02-01,12,Skåne,PHEV,private,176
2021-02-01,13,Halland,BEV,company,14
2021-02-01,13,Halland,BEV,dealer,5
2021-02-01,13,Halland,BEV,private,23
2021-02-01,13,Halland,DIESEL,company,49
2021-02-01,13,Halland,DIESEL,dealer,27
2021-02-01,13,Halland,DIESEL,private,39
2021-02-01,13,Halland,GAS,company,4
2021-02-01,13,Halland,HEV,company,3
2021-02-01,13,Halland,HEV,dealer,25
2021-02-01,13,Halland,HEV,private,24
2021-02-01,13,Halland,PETROL,company,53
2021-02-01,13,Halland,PETROL,dealer,81
2021-02-01,13,Halland,PETROL,private,204
2021-02-01,13,Halland,PHEV,company,66
2021-02-01,13,Halland,PHEV,dealer,17
2021-02-01,13,Halland,PHEV,private,56
2021-02-01,14,Västra Götaland,BEV,company,135
2021-02-01,14,Västra Götaland,BEV,dealer,19
2021-02-01,14,Västra Götaland,BEV,private,77
2021-02-01,14,Västra Götaland,DIESEL,company,280
2021-02-01,14,Västra Götaland,DIESEL,dealer,93
2021-02-01,14,Västra Götaland,DIESEL,private,206
2021-02-01,14,Västra Götaland,ETHANOL,company,1
2021-02-01,14,Västra Götaland,ETHANOL,private,1
2021-02-01,14,Västra Götaland,GAS,company,8
2021-02-01,14,Västra Götaland,GAS,private,2
2021-02-01,14,Västra Götaland,HEV,company,51
2021-02-01,14,Västra Götaland,HEV,dealer,108
2021-02-01,14,Västra Götaland,HEV,private,156
2021-02-01,14,Västra Götaland,PETROL,company,219
2021-02-01,14,Västra Götaland,PETROL,dealer,541
2021-02-01,14,Västra Götaland,PETROL,private,1001
2021-02-01,14,Västra Götaland,PHEV,company,354
2021-02-01,14,Västra Götaland,PHEV,dealer,131
2021-02-01,14,Västra Götaland,PHEV,private,297
2021-02-01,17,Värmland,BEV,company,9
2021-02-01,17,Värmland,BEV,dealer,3
2021-02-01,17,Värmland,BEV,private,10
2021-02-01,17,Värmland,DIESEL,company,74
2021-02-01,17,Värmland,DIESEL,dealer,27
2021-02-01,17,Värmland,DIESEL,private,36
2021-02-01,17,Värmland,GAS,company,5
2021-02-01,17,Värmland,HEV,company,9
2021-02-01,17,Värmland,HEV,dealer,11
2021-02-01,17,Värmland,HEV,private,19
2021-02-01,17,Värmland,PETROL,company,46
2021-02-01,17,Värmland,PETROL,dealer,93
2021-02-01,17,Värmland,PETROL,private,114
2021-02-01,17,Värmland,PHEV,company,65
2021-02-01,17,Värmland,PHEV,dealer,10
2021-02-01,17,Värmland,PHEV,private,39
2021-02-01,18,Örebro,BEV,company,4
2021-02-01,18,Örebro,BEV,dealer,4
2021-02-01,18,Örebro,BEV,private,4
2021-02-01,18,Örebro,DIESEL,company,44
2021-02-01,18,Örebro,DIESEL,dealer,17
2021-02-01,18,Örebro,DIESEL,private,37
2021-02-01,18,Örebro,ETHANOL,dealer,1
2021-02-01,18,Örebro,GAS,private,1
2021-02-01,18,Örebro,HEV,company,3
2021-02-01,18,Örebro,HEV,dealer,30
2021-02-01,18,Örebro,HEV,private,34
2021-02-01,18,Örebro,PETROL,company,24
2021-02-01,18,Örebro,PETROL,dealer,44
2021-02-01,18,Örebro,PETROL,private,139
2021-02-01,18,Örebro,PHEV,company,32
2021-02-01,18,Örebro,PHEV,dealer,17
2021-02-01,18,Örebro,PHEV,private,37
2021-02-01,19,Västmanland,BEV,company,4
2021-02-01,19,Västmanland,BEV,dealer,3
2021-02-01,19,Västmanland,BEV,private,18
2021-02-01,19,Västmanland,DIESEL,company,41
2021-02-01,19,Västmanland,DIESEL,dealer,7
2021-02-01,19,Västmanland,DIESEL,private,27
2021-02-01,19,Västmanland,GAS,company,11
2021-02-01,19,Västmanland,HEV,company,3
2021-02-01,19,Västmanland,HEV,dealer,5
2021-02-01,19,Västmanland,HEV,private,7
2021-02-01,19,Västmanland,PETROL,company,23
2021-02-01,19,Västmanland,PETROL,dealer,53
2021-02-01,19,Västmanland,PETROL,private,110
2021-02-01,19,Västmanland,PHEV,company,39
2021-02-01,19,Västmanland,PHEV,dealer,18
2021-02-01,19,Västmanland,PHEV,private,31
2021-02-01,20,Dalarna,BEV,company,4
2021-02-01,20,Dalarna,BEV,dealer,4
2021-02-01,20,Dalarna,BEV,private,10
2021-02-01,20,Dalarna,DIESEL,company,61
2021-02-01,20,Dalarna,DIESEL,dealer,38
2021-02-01,20,Dalarna,DIESEL,private,19
2021-02-01,20,Dalarna,HEV,company,6
2021-02-01,20,Dalarna,HEV,dealer,18
2021-02-01,20,Dalarna,HEV,private,13
2021-02-01,20,Dalarna,PETROL,company,32
2021-02-01,20,Dalarna,PETROL,dealer,49
2021-02-01,20,Dalarna,PETROL,private,76
2021-02-01,20,Dalarna,PHEV,company,36
2021-02-01,20,Dalarna,PHEV,dealer,25
2021-02-01,20,Dalarna,PHEV,private,33
2021-02-01,21,Gävleborg,BEV,company,8
2021-02-01,21,Gävleborg,BEV,dealer,2
2021-02-01,21,Gävleborg,BEV,private,4
2021-02-01,21,Gävleborg,DIESEL,company,49
2021-02-01,21,Gävleborg,DIESEL,dealer,62
2021-02-01,21,Gävleborg,DIESEL,private,30
2021-02-01,21,Gävleborg,HEV,company,10
2021-02-01,21,Gävleborg,HEV,dealer,9
2021-02-01,21,Gävleborg,HEV,private,30
2021-02-01,21,Gävleborg,PETROL,company,28
2021-02-01,21,Gävleborg,PETROL,dealer,44
2021-02-01,21,Gävleborg,PETROL,private,96
2021-02-01,21,Gävleborg,PHEV,company,57
2021-02-01,21,Gävleborg,PHEV,dealer,19
2021-02-01,21,Gävleborg,PHEV,private,18
2021-02-01,22,Västernorrland,BEV,company,12
2021-02-01,22,Västernorrland,BEV,private,6
2021-02-01,22,Västernorrland,DIESEL,company,77
2021-02-01,22,Västernorrland,DIESEL,dealer,47
2021-02-01,22,Västernorrland,DIESEL,private,30
2021-02-01,22,Västernorrland,HEV,company,2
2021-02-01,22,Västernorrland,HEV,dealer,12
2021-02-01,22,Västernorrland,HEV,private,11
2021-02-01,22,Västernorrland,PETROL,company,20
2021-02-01,22,Västernorrland,PETROL,dealer,15
2021-02-01,22,Västernorrland,PETROL,private,62
2021-02-01,22,Västernorrland,PHEV,company,37
2021-02-01,22,Västernorrland,PHEV,dealer,10
2021-02-01,22,Västernorrland,PHEV,private,32
2021-02-01,23,Jämtland,BEV,company,4
2021-02-01,23,Jämtland,BEV,private,7
2021-02-01,23,Jämtland,DIESEL,company,36
2021-02-01,23,Jämtland,DIESEL,dealer,8
2021-02-01,23,Jämtland,DIESEL,private,11
2021-02-01,23,Jämtland,GAS,company,10
2021-02-01,23,Jämtland,HEV,company,6
2021-02-01,23,Jämtland,HEV,dealer,2
2021-02-01,23,Jämtland,HEV,private,1
2021-02-01,23,Jämtland,PETROL,company,19
2021-02-01,23,Jämtland,PETROL,dealer,7
2021-02-01,23,Jämtland,PETROL,private,26
2021-02-01,23,Jämtland,PHEV,company,15
2021-02-01,23,Jämtland,PHEV,dealer,1
2021-02-01,23,Jämtland,PHEV,private,8
2021-02-01,24,Västerbotten,BEV,company,5
2021-02-01,24,Västerbotten,BEV,dealer,5
2021-02-01,24,Västerbotten,BEV,private,12
2021-02-01,24,Västerbotten,DIESEL,company,49
2021-02-01,24,Västerbotten,DIESEL,dealer,36
2021-02-01,24,Västerbotten,DIESEL,private,20
2021-02-01,24,Västerbotten,HEV,company,6
2021-02-01,24,Västerbotten,HEV,dealer,8
2021-02-01,24,Västerbotten,HEV,private,18
2021-02-01,24,Västerbotten,PETROL,company,8
2021-02-01,24,Västerbotten,PETROL,dealer,40
2021-02-01,24,Västerbotten,PETROL,private,50
2021-02-01,24,Västerbotten,PHEV,company,52
2021-02-01,24,Västerbotten,PHEV,dealer,12
2021-02-01,24,Västerbotten,PHEV,private,41
2021-02-01,25,Norrbotten,BEV,company,10
2021-02-01,25,Norrbotten,BEV,dealer,1
2021-02-01,25,Norrbotten,BEV,private,9
2021-02-01,25,Norrbotten,DIESEL,company,86
2021-02-01,25,Norrbotten,DIESEL,dealer,17
2021-02-01,25,Norrbotten,DIESEL,private,29
2021-02-01,25,Norrbotten,HEV,company,10
2021-02-01,25,Norrbotten,HEV,dealer,8
2021-02-01,25,Norrbotten,HEV,private,16
2021-02-01,25,Norrbotten,PETROL,company,28
2021-02-01,25,Norrbotten,PETROL,dealer,25
2021-02-01,25,Norrbotten,PETROL,private,33
2021-02-01,25,Norrbotten,PHEV,company,39
2021-02-01,25,Norrbotten,PHEV,dealer,8
2021-02-01,25,Norrbotten,PHEV,private,15
2021-03-01,01,Stockholm,BEV,company,707
2021-03-01,01,Stockholm,BEV,dealer,72
2021-03-01,01,Stockholm,BEV,private,342
2021-03-01,01,Stockholm,DIESEL,company,2826
2021-03-01,01,Stockholm,DIESEL,dealer,737
2021-03-01,01,Stockholm,DIESEL,private,326
2021-03-01,01,Stockholm,ETHANOL,company,1
2021-03-01,01,Stockholm,GAS,company,23
2021-03-01,01,Stockholm,GAS,dealer,12
2021-03-01,01,Stockholm,GAS,private,1
2021-03-01,01,Stockholm,HEV,company,252
2021-03-01,01,Stockholm,HEV,dealer,396
2021-03-01,01,Stockholm,HEV,private,313
2021-03-01,01,Stockholm,OTHER,dealer,1
2021-03-01,01,Stockholm,PETROL,company,1597
2021-03-01,01,Stockholm,PETROL,dealer,1301
2021-03-01,01,Stockholm,PETROL,private,1782
2021-03-01,01,Stockholm,PHEV,company,5532
2021-03-01,01,Stockholm,PHEV,dealer,1341
2021-03-01,01,Stockholm,PHEV,private,880
2021-03-01,03,Uppsala,BEV,company,25
2021-03-01,03,Uppsala,BEV,dealer,3
2021-03-01,03,Uppsala,BEV,private,40
2021-03-01,03,Uppsala,DIESEL,company,118
2021-03-01,03,Uppsala,DIESEL,dealer,98
2021-03-01,03,Uppsala,DIESEL,private,60
2021-03-01,03,Uppsala,GAS,company,2
2021-03-01,03,Uppsala,HEV,company,20
2021-03-01,03,Uppsala,HEV,dealer,49
2021-03-01,03,Uppsala,HEV,private,55
2021-03-01,03,Uppsala,PETROL,company,66
2021-03-01,03,Uppsala,PETROL,dealer,159
2021-03-01,03,Uppsala,PETROL,private,215
2021-03-01,03,Uppsala,PHEV,company,180
2021-03-01,03,Uppsala,PHEV,dealer,57
2021-03-01,03,Uppsala,PHEV,private,142
2021-03-01,04,Södermanland,BEV,company,17
2021-03-01,04,Södermanland,BEV,dealer,3
2021-03-01,04,Södermanland,BEV,private,30
2021-03-01,04,Södermanland,DIESEL,company,129
2021-03-01,04,Södermanland,DIESEL,dealer,58
2021-03-01,04,Södermanland,DIESEL,private,55
2021-03-01,04,Södermanland,GAS,company,2
2021-03-01,04,Södermanland,HEV,company,8
2021-03-01,04,Södermanland,HEV,dealer,16
2021-03-01,04,Södermanland,HEV,private,35
2021-03-01,04,Södermanland,PETROL,company,45
2021-03-01,04,Södermanland,PETROL,dealer,141
2021-03-01,04,Södermanland,PETROL,private,234
2021-03-01,04,Södermanland,PHEV,company,112
2021-03-01,04,Södermanland,PHEV,dealer,30
2021-03-01,04,Södermanland,PHEV,private,106
2021-03-01,05,Östergötland,BEV,company,36
2021-03-01,05,Östergötland,BEV,private,58
2021-03-01,05,Östergötland,DIESEL,company,210
2021-03-01,05,Östergötland,DIESEL,dealer,69
2021-03-01,05,Östergötland,DIESEL,private,85
2021-03-01,05,Östergötland,GAS,company,1
2021-03-01,05,Östergötland,GAS,dealer,2
2021-03-01,05,Östergötland,GAS,private,2
2021-03-01,05,Östergötland,HEV,company,40
2021-03-01,05,Östergötland,HEV,dealer,90
2021-03-01,05,Östergötland,HEV,private,76
2021-03-01,05,Östergötland,PETROL,company,139
2021-03-01,05,Östergötland,PETROL,dealer,121
2021-03-01,05,Östergötland,PETROL,private,408
2021-03-01,05,Östergötland,PHEV,company,232
2021-03-01,05,Östergötland,PHEV,dealer,28
2021-03-01,05,Östergötland,PHEV,private,156
2021-03-01,06,Jönköping,BEV,company,29
2021-03-01,06,Jönköping,BEV,dealer,5
2021-03-01,06,Jönköping,BEV,private,35
2021-03-01,06,Jönköping,DIESEL,company,183
2021-03-01,06,Jönköping,DIESEL,dealer,112
2021-03-01,06,Jönköping,DIESEL,private,100
2021-03-01,06,Jönköping,ETHANOL,private,1
2021-03-01,06,Jönköping,GAS,company,10
2021-03-01,06,Jönköping,GAS,dealer,2
2021-03-01,06,Jönköping,HEV,company,15
2021-03-01,06,Jönköping,HEV,dealer,53
2021-03-01,06,Jönköping,HEV,private,63
2021-03-01,06,Jönköping,PETROL,company,96
2021-03-01,06,Jönköping,PETROL,dealer,171
2021-03-01,06,Jönköping,PETROL,private,406
2021-03-01,06,Jönköping,PHEV,company,168
2021-03-01,06,Jönköping,PHEV,dealer,71
2021-03-01,06,Jönköping,PHEV,private,102
2021-03-01,07,Kronoberg,BEV,company,16
2021-03-01,07,Kronoberg,BEV,private,20
2021-03-01,07,Kronoberg,DIESEL,company,79
2021-03-01,07,Kronoberg,DIESEL,dealer,24
2021-03-01,07,Kronoberg,DIESEL,private,37
2021-03-01,07,Kronoberg,ETHANOL,private,1
2021-03-01,07,Kronoberg,GAS,company,6
2021-03-01,07,Kronoberg,HEV,company,10
2021-03-01,07,Kronoberg,HEV,dealer,31
2021-03-01,07,Kronoberg,HEV,private,13
2021-03-01,07,Kronoberg,OTHER,private,1
2021-03-01,07,Kronoberg,PETROL,company,42
2021-03-01,07,Kronoberg,PETROL,dealer,84
2021-03-01,07,Kronoberg,PETROL,private,153
2021-03-01,07,Kronoberg,PHEV,company,81
2021-03-01,07,Kronoberg,PHEV,dealer,14
2021-03-01,07,Kronoberg,PHEV,private,75
2021-03-01,08,Kalmar,BEV,company,16
2021-03-01,08,Kalmar,BEV,dealer,1
2021-03-01,08,Kalmar,BEV,private,7
2021-03-01,08,Kalmar,DIESEL,company,71
2021-03-01,08,Kalmar,DIESEL,dealer,111
2021-03-01,08,Kalmar,DIESEL,private,52
2021-03-01,08,Kalmar,GAS,company,12
2021-03-01,08,Kalmar,HEV,company,6
2021-03-01,08,Kalmar,HEV,dealer,7
2021-03-01,08,Kalmar,HEV,private,12
2021-03-01,08,Kalmar,PETROL,company,72
2021-03-01,08,Kalmar,PETROL,dealer,130
2021-03-01,08,Kalmar,PETROL,private,212
2021-03-01,08,Kalmar,PHEV,company,82
2021-03-01,08,Kalmar,PHEV,dealer,33
2021-03-01,08,Kalmar,PHEV,private,47
2021-03-01,09,Gotland,BEV,dealer,2
2021-03-01,09,Gotland,BEV,private,2
2021-03-01,09,Gotland,DIESEL,company,12
2021-03-01,09,Gotland,DIESEL,dealer,2
2021-03-01,09,Gotland,DIESEL,private,4
2021-03-01,09,Gotland,HEV,company,1
2021-03-01,09,Gotland,HEV,dealer,2
2021-03-01,09,Gotland,HEV,private,5
2021-03-01,09,Gotland,PETROL,company,2
2021-03-01,09,Gotland,PETROL,dealer,14
2021-03-01,09,Gotland,PETROL,private,27
2021-03-01,09,Gotland,PHEV,company,13
2021-03-01,09,Gotland,PHEV,dealer,5
2021-03-01,09,Gotland,PHEV,private,17
2021-03-01,10,Blekinge,BEV,company,8
2021-03-01,10,Blekinge,BEV,dealer,3
2021-03-01,10,Blekinge,BEV,private,14
2021-03-01,10,Blekinge,DIESEL,company,37
2021-03-01,10,Blekinge,DIESEL,dealer,24
2021-03-01,10,Blekinge,DIESEL,private,43
2021-03-01,10,Blekinge,GAS,company,3
2021-03-01,10,Blekinge,HEV,company,3
2021-03-01,10,Blekinge,HEV,dealer,15
2021-03-01,10,Blekinge,HEV,private,21
2021-03-01,10,Blekinge,PETROL,company,32
2021-03-01,10,Blekinge,PETROL,dealer,60
2021-03-01,10,Blekinge,PETROL,private,146
2021-03-01,10,Blekinge,PHEV,company,58
2021-03-01,10,Blekinge,PHEV,dealer,21
2021-03-01,10,Blekinge,PHEV,private,69
2021-03-01,12,Skåne,BEV,company,148
2021-03-01,12,Skåne,BEV,dealer,33
2021-03-01,12,Skåne,BEV,private,167
2021-03-01,12,Skåne,DIESEL,company,666
2021-03-01,12,Skåne,DIESEL,dealer,483
2021-03-01,12,Skåne,DIESEL,private,244
2021-03-01,12,Skåne,ETHANOL,company,1
2021-03-01,12,Skåne,GAS,company,18
2021-03-01,12,Skåne,GAS,dealer,2
2021-03-01,12,Skåne,GAS,private,1
2021-03-01,12,Skåne,HEV,company,81
2021-03-01,12,Skåne,HEV,dealer,142
2021-03-01,12,Skåne,HEV,private,192
2021-03-01,12,Skåne,PETROL,company,582
2021-03-01,12,Skåne,PETROL,dealer,992
2021-03-01,12,Skåne,PETROL,private,1145
2021-03-01,12,Skåne,PHEV,company,1032
2021-03-01,12,Skåne,PHEV,dealer,235
2021-03-01,12,Skåne,PHEV,private,458
2021-03-01,13,Halland,BEV,company,36
2021-03-01,13,Halland,BEV,dealer,3
2021-03-01,13,Halland,BEV,private,40
2021-03-01,13,Halland,DIESEL,company,75
2021-03-01,13,Halland,DIESEL,dealer,66
2021-03-01,13,Halland,DIESEL,private,75
2021-03-01,13,Halland,GAS,company,27
2021-03-01,13,Halland,HEV,company,6
2021-03-01,13,Halland,HEV,dealer,31
2021-03-01,13,Halland,HEV,private,54
2021-03-01,13,Halland,PETROL,company,89
2021-03-01,13,Halland,PETROL,dealer,239
2021-03-01,13,Halland,PETROL,private,360
2021-03-01,13,Halland,PHEV,company,173
2021-03-01,13,Halland,PHEV,dealer,46
2021-03-01,13,Halland,PHEV,private,155
2021-03-01,14,Västra Götaland,BEV,company,202
2021-03-01,14,Västra Götaland,BEV,dealer,15
2021-03-01,14,Västra Götaland,BEV,private,194
2021-03-01,14,Västra Götaland,DIESEL,company,652
2021-03-01,14,Västra Götaland,DIESEL,dealer,530
2021-03-01,14,Västra Götaland,DIESEL,private,393
2021-03-01,14,Västra Götaland,ETHANOL,private,1
2021-03-01,14,Västra Götaland,GAS,company,10
2021-03-01,14,Västra Götaland,HEV,company,131
2021-03-01,14,Västra Götaland,HEV,dealer,239
2021-03-01,14,Västra Götaland,HEV,private,285
2021-03-01,14,Västra Götaland,PETROL,company,399
2021-03-01,14,Västra Götaland,PETROL,dealer,882
2021-03-01,14,Västra Götaland,PETROL,private,1802
2021-03-01,14,Västra Götaland,PHEV,company,809
2021-03-01,14,Västra Götaland,PHEV,dealer,236
2021-03-01,14,Västra Götaland,PHEV,private,612
2021-03-01,17,Värmland,BEV,company,4
2021-03-01,17,Värmland,BEV,dealer,10
2021-03-01,17,Värmland,BEV,private,17
2021-03-01,17,Värmland,DIESEL,company,141
2021-03-01,17,Värmland,DIESEL,dealer,65
2021-03-01,17,Värmland,DIESEL,private,85
2021-03-01,17,Värmland,ETHANOL,private,1
2021-03-01,17,Värmland,GAS,company,4
2021-03-01,17,Värmland,HEV,company,16
2021-03-01,17,Värmland,HEV,dealer,29
2021-03-01,17,Värmland,HEV,private,37
2021-03-01,17,Värmland,PETROL,company,98
2021-03-01,17,Värmland,PETROL,dealer,102
2021-03-01,17,Värmland,PETROL,private,185
2021-03-01,17,Värmland,PHEV,company,99
2021-03-01,17,Värmland,PHEV,dealer,24
2021-03-01,17,Värmland,PHEV,private,91
2021-03-01,18,Örebro,BEV,company,16
2021-03-01,18,Örebro,BEV,dealer,3
2021-03-01,18,Örebro,BEV,private,23
2021-03-01,18,Örebro,DIESEL,company,146
2021-03-01,18,Örebro,DIESEL,dealer,44
2021-03-01,18,Örebro,DIESEL,private,57
2021-03-01,18,Örebro,ETHANOL,private,1
2021-03-01,18,Örebro,HEV,company,11
2021-03-01,18,Örebro,HEV,dealer,46
2021-03-01,18,Örebro,HEV,private,34
2021-03-01,18,Örebro,PETROL,company,57
2021-03-01,18,Örebro,PETROL,dealer,129
2021-03-01,18,Örebro,PETROL,private,244
2021-03-01,18,Örebro,PHEV,company,100
2021-03-01,18,Örebro,PHEV,dealer,44
2021-03-01,18,Örebro,PHEV,private,114
2021-03-01,19,Västmanland,BEV,company,20
2021-03-01,19,Västmanland,BEV,dealer,3
2021-03-01,19,Västmanland,BEV,private,29
2021-03-01,19,Västmanland,DIESEL,company,79
2021-03-01,19,Västmanland,DIESEL,dealer,61
2021-03-01,19,Västmanland,DIESEL,private,68
2021-03-01,19,Västmanland,HEV,company,2
2021-03-01,19,Västmanland,HEV,dealer,24
2021-03-01,19,Västmanland,HEV,private,15
2021-03-01,19,Västmanland,PETROL,company,33
2021-03-01,19,Västmanland,PETROL,dealer,139
2021-03-01,19,Västmanland,PETROL,private,221
2021-03-01,19,Västmanland,PHEV,company,107
2021-03-01,19,Västmanland,PHEV,dealer,35
2021-03-01,19,Västmanland,PHEV,private,99
2021-03-01,20,Dalarna,BEV,company,16
2021-03-01,20,Dalarna,BEV,dealer,3
2021-03-01,20,Dalarna,BEV,private,17
2021-03-01,20,Dalarna,DIESEL,company,88
2021-03-01,20,Dalarna,DIESEL,dealer,86
2021-03-01,20,Dalarna,DIESEL,private,59
2021-03-01,20,Dalarna,HEV,company,5
2021-03-01,20,Dalarna,HEV,dealer,25
2021-03-01,20,Dalarna,HEV,private,16
2021-03-01,20,Dalarna,PETROL,company,70
2021-03-01,20,Dalarna,PETROL,dealer,81
2021-03-01,20,Dalarna,PETROL,private,90
2021-03-01,20,Dalarna,PHEV,company,70
2021-03-01,20,Dalarna,PHEV,dealer,51
2021-03-01,20,Dalarna,PHEV,private,71
2021-03-01,21,Gävleborg,BEV,company,12
2021-03-01,21,Gävleborg,BEV,dealer,1
2021-03-01,21,Gävleborg,BEV,private,15
2021-03-01,21,Gävleborg,DIESEL,company,80
2021-03-01,21,Gävleborg,DIESEL,dealer,77
2021-03-01,21,Gävleborg,DIESEL,private,49
2021-03-01,21,Gävleborg,HEV,company,11
2021-03-01,21,Gävleborg,HEV,dealer,32
2021-03-01,21,Gävleborg,HEV,private,44
2021-03-01,21,Gävleborg,PETROL,company,32
2021-03-01,21,Gävleborg,PETROL,dealer,128
2021-03-01,21,Gävleborg,PETROL,private,191
2021-03-01,21,Gävleborg,PHEV,company,58
2021-03-01,21,Gävleborg,PHEV,dealer,23
2021-03-01,21,Gävleborg,PHEV,private,59
2021-03-01,22,Västernorrland,BEV,company,7
2021-03-01,22,Västernorrland,BEV,dealer,4
2021-03-01,22,Västernorrland,BEV,private,10
2021-03-01,22,Västernorrland,DIESEL,company,124
2021-03-01,22,Västernorrland,DIESEL,dealer,121
2021-03-01,22,Västernorrland,DIESEL,private,39
2021-03-01,22,Västernorrland,GAS,company,1
2021-03-01,22,Västernorrland,HEV,company,8
2021-03-01,22,Västernorrland,HEV,dealer,28
2021-03-01,22,Västernorrland,HEV,private,17
2021-03-01,22,Västernorrland,PETROL,company,32
2021-03-01,22,Västernorrland,PETROL,dealer,101
2021-03-01,22,Västernorrland,PETROL,private,94
2021-03-01,22,Västernorrland,PHEV,company,53
2021-03-01,22,Västernorrland,PHEV,dealer,20
2021-03-01,22,Västernorrland,PHEV,private,45
2021-03-01,23,Jämtland,BEV,company,6
2021-03-01,23,Jämtland,BEV,private,10
2021-03-01,23,Jämtland,DIESEL,company,57
2021-03-01,23,Jämtland,DIESEL,dealer,92
2021-03-01,23,Jämtland,DIESEL,private,23
2021-03-01,23,Jämtland,HEV,company,3
2021-03-01,23,Jämtland,HEV,dealer,6
2021-03-01,23,Jämtland,HEV,private,4
2021-03-01,23,Jämtland,PETROL,company,20
2021-03-01,23,Jämtland,PETROL,dealer,46
2021-03-01,23,Jämtland,PETROL,private,25
2021-03-01,23,Jämtland,PHEV,company,19
2021-03-01,23,Jämtland,PHEV,dealer,7
2021-03-01,23,Jämtland,PHEV,private,18
2021-03-01,24,Västerbotten,BEV,company,8
2021-03-01,24,Västerbotten,BEV,dealer,3
2021-03-01,24,Västerbotten,BEV,private,16
2021-03-01,24,Västerbotten,DIESEL,company,65
2021-03-01,24,Västerbotten,DIESEL,dealer,86
2021-03-01,24,Västerbotten,DIESEL,private,32
2021-03-01,24,Västerbotten,HEV,company,10
2021-03-01,24,Västerbotten,HEV,dealer,29
2021-03-01,24,Västerbotten,HEV,private,19
2021-03-01,24,Västerbotten,PETROL,company,39
2021-03-01,24,Västerbotten,PETROL,dealer,67
2021-03-01,24,Västerbotten,PETROL,private,74
2021-03-01,24,Västerbotten,PHEV,company,127
2021-03-01,24,Västerbotten,PHEV,dealer,42
2021-03-01,24,Västerbotten,PHEV,private,63
2021-03-01,25,Norrbotten,BEV,company,27
2021-03-01,25,Norrbotten,BEV,dealer,5
2021-03-01,25,Norrbotten,BEV,private,11
2021-03-01,25,Norrbotten,DIESEL,company,105
2021-03-01,25,Norrbotten,DIESEL,dealer,70
2021-03-01,25,Norrbotten,DIESEL,private,30
2021-03-01,25,Norrbotten,ETHANOL,dealer,1
2021-03-01,25,Norrbotten,GAS,company,1
2021-03-01,25,Norrbotten,HEV,company,15
2021-03-01,25,Norrbotten,HEV,dealer,29
2021-03-01,25,Norrbotten,HEV,private,18
2021-03-01,25,Norrbotten,PETROL,company,24
2021-03-01,25,Norrbotten,PETROL,dealer,81
2021-03-01,25,Norrbotten,PETROL,private,59
2021-03-01,25,Norrbotten,PHEV,company,64
2021-03-01,25,Norrbotten,PHEV,dealer,21
2021-03-01,25,Norrbotten,PHEV,private,31
2021-04-01,01,Stockholm,BEV,company,1183
2021-04-01,01,Stockholm,BEV,dealer,191
2021-04-01,01,Stockholm,BEV,private,435
2021-04-01,01,Stockholm,DIESEL,company,880
2021-04-01,01,Stockholm,DIESEL,dealer,118
2021-04-01,01,Stockholm,DIESEL,private,162
2021-04-01,01,Stockholm,ETHANOL,company,3
2021-04-01,01,Stockholm,ETHANOL,dealer,3
2021-04-01,01,Stockholm,GAS,company,26
2021-04-01,01,Stockholm,GAS,dealer,2
2021-04-01,01,Stockholm,GAS,private,1
2021-04-01,01,Stockholm,HEV,company,273
2021-04-01,01,Stockholm,HEV,dealer,190
2021-04-01,01,Stockholm,HEV,private,249
2021-04-01,01,Stockholm,OTHER,private,1
2021-04-01,01,Stockholm,PETROL,company,686
2021-04-01,01,Stockholm,PETROL,dealer,368
2021-04-01,01,Stockholm,PETROL,private,944
2021-04-01,01,Stockholm,PHEV,company,1903
2021-04-01,01,Stockholm,PHEV,dealer,178
2021-04-01,01,Stockholm,PHEV,private,321
2021-04-01,03,Uppsala,BEV,company,50
2021-04-01,03,Uppsala,BEV,dealer,17
2021-04-01,03,Uppsala,BEV,private,68
2021-04-01,03,Uppsala,DIESEL,company,26
2021-04-01,03,Uppsala,DIESEL,dealer,11
2021-04-01,03,Uppsala,DIESEL,private,38
2021-04-01,03,Uppsala,GAS,company,3
2021-04-01,03,Uppsala,HEV,company,10
2021-04-01,03,Uppsala,HEV,dealer,14
2021-04-01,03,Uppsala,HEV,private,35
2021-04-01,03,Uppsala,PETROL,company,32
2021-04-01,03,Uppsala,PETROL,dealer,54
2021-04-01,03,Uppsala,PETROL,private,116
2021-04-01,03,Uppsala,PHEV,company,30
2021-04-01,03,Uppsala,PHEV,dealer,7
2021-04-01,03,Uppsala,PHEV,private,49
2021-04-01,04,Södermanland,BEV,company,33
2021-04-01,04,Södermanland,BEV,dealer,16
2021-04-01,04,Södermanland,BEV,private,50
2021-04-01,04,Södermanland,DIESEL,company,32
2021-04-01,04,Södermanland,DIESEL,dealer,8
2021-04-01,04,Södermanland,DIESEL,private,18
2021-04-01,04,Södermanland,ETHANOL,dealer,2
2021-04-01,04,Södermanland,GAS,company,2
2021-04-01,04,Södermanland,HEV,company,3
2021-04-01,04,Södermanland,HEV,dealer,14
2021-04-01,04,Södermanland,HEV,private,19
2021-04-01,04,Södermanland,PETROL,company,30
2021-04-01,04,Södermanland,PETROL,dealer,41
2021-04-01,04,Södermanland,PETROL,private,128
2021-04-01,04,Södermanland,PHEV,company,31
2021-04-01,04,Södermanland,PHEV,dealer,13
2021-04-01,04,Södermanland,PHEV,private,35
2021-04-01,05,Östergötland,BEV,company,53
2021-04-01,05,Östergötland,BEV,dealer,18
2021-04-01,05,Östergötland,BEV,private,89
2021-04-01,05,Östergötland,DIESEL,company,82
2021-04-01,05,Östergötland,DIESEL,dealer,9
2021-04-01,05,Östergötland,DIESEL,private,36
2021-04-01,05,Östergötland,ETHANOL,dealer,3
2021-04-01,05,Östergötland,GAS,company,5
2021-04-01,05,Östergötland,HEV,company,28
2021-04-01,05,Östergötland,HEV,dealer,28
2021-04-01,05,Östergötland,HEV,private,46
2021-04-01,05,Östergötland,PETROL,company,46
2021-04-01,05,Östergötland,PETROL,dealer,91
2021-04-01,05,Östergötland,PETROL,private,168
2021-04-01,05,Östergötland,PHEV,company,52
2021-04-01,05,Östergötland,PHEV,dealer,16
2021-04-01,05,Östergötland,PHEV,private,52
2021-04-01,06,Jönköping,BEV,company,77
2021-04-01,06,Jönköping,BEV,dealer,28
2021-04-01,06,Jönköping,BEV,private,59
2021-04-01,06,Jönköping,DIESEL,company,55
2021-04-01,06,Jönköping,DIESEL,dealer,33
2021-04-01,06,Jönköping,DIESEL,private,33
2021-04-01,06,Jönköping,GAS,company,15
2021-04-01,06,Jönköping,HEV,company,5
2021-04-01,06,Jönköping,HEV,dealer,19
2021-04-01,06,Jönköping,HEV,private,35
2021-04-01,06,Jönköping,PETROL,company,41
2021-04-01,06,Jönköping,PETROL,dealer,98
2021-04-01,06,Jönköping,PETROL,private,161
2021-04-01,06,Jönköping,PHEV,company,56
2021-04-01,06,Jönköping,PHEV,dealer,25
2021-04-01,06,Jönköping,PHEV,private,31
2021-04-01,07,Kronoberg,BEV,company,16
2021-04-01,07,Kronoberg,BEV,dealer,17
2021-04-01,07,Kronoberg,BEV,private,31
2021-04-01,07,Kronoberg,DIESEL,company,23
2021-04-01,07,Kronoberg,DIESEL,dealer,5
2021-04-01,07,Kronoberg,DIESEL,private,21
2021-04-01,07,Kronoberg,GAS,company,2
2021-04-01,07,Kronoberg,HEV,company,6
2021-04-01,07,Kronoberg,HEV,dealer,9
2021-04-01,07,Kronoberg,HEV,private,8
2021-04-01,07,Kronoberg,OTHER,private,1
2021-04-01,07,Kronoberg,PETROL,company,20
2021-04-01,07,Kronoberg,PETROL,dealer,50
2021-04-01,07,Kronoberg,PETROL,private,91
2021-04-01,07,Kronoberg,PHEV,company,18
2021-04-01,07,Kronoberg,PHEV,dealer,7
2021-04-01,07,Kronoberg,PHEV,private,14
2021-04-01,08,Kalmar,BEV,company,25
2021-04-01,08,Kalmar,BEV,dealer,19
2021-04-01,08,Kalmar,BEV,private,30
2021-04-01,08,Kalmar,DIESEL,company,18
2021-04-01,08,Kalmar,DIESEL,dealer,14
2021-04-01,08,Kalmar,DIESEL,private,20
2021-04-01,08,Kalmar,GAS,company,1
2021-04-01,08,Kalmar,HEV,company,5
2021-04-01,08,Kalmar,HEV,dealer,6
2021-04-01,08,Kalmar,HEV,private,10
2021-04-01,08,Kalmar,PETROL,company,13
2021-04-01,08,Kalmar,PETROL,dealer,42
2021-04-01,08,Kalmar,PETROL,private,88
2021-04-01,08,Kalmar,PHEV,company,19
2021-04-01,08,Kalmar,PHEV,dealer,8
2021-04-01,08,Kalmar,PHEV,private,20
2021-04-01,09,Gotland,BEV,company,6
2021-04-01,09,Gotland,BEV,dealer,2
2021-04-01,09,Gotland,BEV,private,14
2021-04-01,09,Gotland,DIESEL,company,6
2021-04-01,09,Gotland,DIESEL,dealer,4
2021-04-01,09,Gotland,DIESEL,private,9
2021-04-01,09,Gotland,HEV,company,2
2021-04-01,09,Gotland,HEV,dealer,2
2021-04-01,09,Gotland,HEV,private,7
2021-04-01,09,Gotland,PETROL,company,5
2021-04-01,09,Gotland,PETROL,dealer,4
2021-04-01,09,Gotland,PETROL,private,23
2021-04-01,09,Gotland,PHEV,company,3
2021-04-01,09,Gotland,PHEV,dealer,3
2021-04-01,09,Gotland,PHEV,private,6
2021-04-01,10,Blekinge,BEV,company,17
2021-04-01,10,Blekinge,BEV,dealer,9
2021-04-01,10,Blekinge,BEV,private,20
2021-04-01,10,Blekinge,DIESEL,company,9
2021-04-01,10,Blekinge,DIESEL,dealer,5
2021-04-01,10,Blekinge,DIESEL,private,17
2021-04-01,10,Blekinge,GAS,company,6
2021-04-01,10,Blekinge,HEV,company,4
2021-04-01,10,Blekinge,HEV,dealer,9
2021-04-01,10,Blekinge,HEV,private,12
2021-04-01,10,Blekinge,PETROL,company,19
2021-04-01,10,Blekinge,PETROL,dealer,12
2021-04-01,10,Blekinge,PETROL,private,85
2021-04-01,10,Blekinge,PHEV,company,10
2021-04-01,10,Blekinge,PHEV,dealer,8
2021-04-01,10,Blekinge,PHEV,private,12
2021-04-01,12,Skåne,BEV,company,284
2021-04-01,12,Skåne,BEV,dealer,161
2021-04-01,12,Skåne,BEV,private,274
2021-04-01,12,Skåne,DIESEL,company,525
2021-04-01,12,Skåne,DIESEL,dealer,257
2021-04-01,12,Skåne,DIESEL,private,145
2021-04-01,12,Skåne,ETHANOL,company,1
2021-04-01,12,Skåne,ETHANOL,dealer,7
2021-04-01,12,Skåne,ETHANOL,private,1
2021-04-01,12,Skåne,GAS,company,22
2021-04-01,12,Skåne,GAS,dealer,1
2021-04-01,12,Skåne,HEV,company,61
2021-04-01,12,Skåne,HEV,dealer,49
2021-04-01,12,Skåne,HEV,private,104
2021-04-01,12,Skåne,PETROL,company,495
2021-04-01,12,Skåne,PETROL,dealer,373
2021-04-01,12,Skåne,PETROL,private,620
2021-04-01,12,Skåne,PHEV,company,356
2021-04-01,12,Skåne,PHEV,dealer,116
2021-04-01,12,Skåne,PHEV,private,140
2021-04-01,13,Halland,BEV,company,74
2021-04-01,13,Halland,BEV,dealer,18
2021-04-01,13,Halland,BEV,private,71
2021-04-01,13,Halland,DIESEL,company,29
2021-04-01,13,Halland,DIESEL,dealer,17
2021-04-01,13,Halland,DIESEL,private,42
2021-04-01,13,Halland,ETHANOL,dealer,2
2021-04-01,13,Halland,GAS,company,7
2021-04-01,13,Halland,HEV,company,6
2021-04-01,13,Halland,HEV,dealer,16
2021-04-01,13,Halland,HEV,private,23
2021-04-01,13,Halland,PETROL,company,47
2021-04-01,13,Halland,PETROL,dealer,62
2021-04-01,13,Halland,PETROL,private,171
2021-04-01,13,Halland,PHEV,company,44
2021-04-01,13,Halland,PHEV,dealer,11
2021-04-01,13,Halland,PHEV,private,45
2021-04-01,14,Västra Götaland,BEV,company,376
2021-04-01,14,Västra Götaland,BEV,dealer,111
2021-04-01,14,Västra Götaland,BEV,private,326
2021-04-01,14,Västra Götaland,DIESEL,company,150
2021-04-01,14,Västra Götaland,DIESEL,dealer,82
2021-04-01,14,Västra Götaland,DIESEL,private,207
2021-04-01,14,Västra Götaland,ETHANOL,dealer,6
2021-04-01,14,Västra Götaland,GAS,company,28
2021-04-01,14,Västra Götaland,GAS,private,1
2021-04-01,14,Västra Götaland,HEV,company,56
2021-04-01,14,Västra Götaland,HEV,dealer,111
2021-04-01,14,Västra Götaland,HEV,private,216
2021-04-01,14,Västra Götaland,PETROL,company,262
2021-04-01,14,Västra Götaland,PETROL,dealer,379
2021-04-01,14,Västra Götaland,PETROL,private,854
2021-04-01,14,Västra Götaland,PHEV,company,253
2021-04-01,14,Västra Götaland,PHEV,dealer,85
2021-04-01,14,Västra Götaland,PHEV,private,178
2021-04-01,17,Värmland,BEV,company,59
2021-04-01,17,Värmland,BEV,dealer,11
2021-04-01,17,Värmland,BEV,private,44
2021-04-01,17,Värmland,DIESEL,company,34
2021-04-01,17,Värmland,DIESEL,dealer,33
2021-04-01,17,Värmland,DIESEL,private,30
2021-04-01,17,Värmland,ETHANOL,company,1
2021-04-01,17,Värmland,ETHANOL,dealer,1
2021-04-01,17,Värmland,GAS,company,3
2021-04-01,17,Värmland,HEV,company,14
2021-04-01,17,Värmland,HEV,dealer,12
2021-04-01,17,Värmland,HEV,private,27
2021-04-01,17,Värmland,PETROL,company,31
2021-04-01,17,Värmland,PETROL,dealer,92
2021-04-01,17,Värmland,PETROL,private,100
2021-04-01,17,Värmland,PHEV,company,14
2021-04-01,17,Värmland,PHEV,dealer,16
2021-04-01,17,Värmland,PHEV,private,24
2021-04-01,18,Örebro,BEV,company,38
2021-04-01,18,Örebro,BEV,dealer,14
2021-04-01,18,Örebro,BEV,private,38
2021-04-01,18,Örebro,DIESEL,company,31
2021-04-01,18,Örebro,DIESEL,dealer,11
2021-04-01,18,Örebro,DIESEL,private,36
2021-04-01,18,Örebro,ETHANOL,dealer,4
2021-04-01,18,Örebro,GAS,company,1
2021-04-01,18,Örebro,HEV,company,5
2021-04-01,18,Örebro,HEV,dealer,15
2021-04-01,18,Örebro,HEV,private,17
2021-04-01,18,Örebro,PETROL,company,16
2021-04-01,18,Örebro,PETROL,dealer,22
2021-04-01,18,Örebro,PETROL,private,88
2021-04-01,18,Örebro,PHEV,company,28
2021-04-01,18,Örebro,PHEV,dealer,6
2021-04-01,18,Örebro,PHEV,private,20
2021-04-01,19,Västmanland,BEV,company,26
2021-04-01,19,Västmanland,BEV,dealer,19
2021-04-01,19,Västmanland,BEV,private,48
2021-04-01,19,Västmanland,DIESEL,company,27
2021-04-01,19,Västmanland,DIESEL,dealer,8
2021-04-01,19,Västmanland,DIESEL,private,17
2021-04-01,19,Västmanland,ETHANOL,dealer,2
2021-04-01,19,Västmanland,GAS,company,6
2021-04-01,19,Västmanland,HEV,company,2
2021-04-01,19,Västmanland,HEV,dealer,17
2021-04-01,19,Västmanland,HEV,private,18
2021-04-01,19,Västmanland,PETROL,company,14
2021-04-01,19,Västmanland,PETROL,dealer,44
2021-04-01,19,Västmanland,PETROL,private,94
2021-04-01,19,Västmanland,PHEV,company,29
2021-04-01,19,Västmanland,PHEV,dealer,10
2021-04-01,19,Västmanland,PHEV,private,42
2021-04-01,20,Dalarna,BEV,company,18
2021-04-01,20,Dalarna,BEV,dealer,15
2021-04-01,20,Dalarna,BEV,private,35
2021-04-01,20,Dalarna,DIESEL,company,38
2021-04-01,20,Dalarna,DIESEL,dealer,26
2021-04-01,20,Dalarna,DIESEL,private,31
2021-04-01,20,Dalarna,ETHANOL,dealer,1
2021-04-01,20,Dalarna,ETHANOL,private,2
2021-04-01,20,Dalarna,GAS,company,1
2021-04-01,20,Dalarna,HEV,company,2
2021-04-01,20,Dalarna,HEV,dealer,8
2021-04-01,20,Dalarna,HEV,private,19
2021-04-01,20,Dalarna,PETROL,company,27
2021-04-01,20,Dalarna,PETROL,dealer,49
2021-04-01,20,Dalarna,PETROL,private,52
2021-04-01,20,Dalarna,PHEV,company,29
2021-04-01,20,Dalarna,PHEV,dealer,17
2021-04-01,20,Dalarna,PHEV,private,20
2021-04-01,21,Gävleborg,BEV,company,19
2021-04-01,21,Gävleborg,BEV,dealer,15
2021-04-01,21,Gävleborg,BEV,private,24
2021-04-01,21,Gävleborg,DIESEL,company,25
2021-04-01,21,Gävleborg,DIESEL,dealer,23
2021-04-01,21,Gävleborg,DIESEL,private,29
2021-04-01,21,Gävleborg,ETHANOL,dealer,3
2021-04-01,21,Gävleborg,ETHANOL,private,1
2021-04-01,21,Gävleborg,HEV,company,12
2021-04-01,21,Gävleborg,HEV,dealer,14
2021-04-01,21,Gävleborg,HEV,private,18
2021-04-01,21,Gävleborg,PETROL,company,14
2021-04-01,21,Gävleborg,PETROL,dealer,46
2021-04-01,21,Gävleborg,PETROL,private,91
2021-04-01,21,Gävleborg,PHEV,company,18
2021-04-01,21,Gävleborg,PHEV,dealer,13
2021-04-01,21,Gävleborg,PHEV,private,12
2021-04-01,22,Västernorrland,BEV,company,14
2021-04-01,22,Västernorrland,BEV,dealer,10
2021-04-01,22,Västernorrland,BEV,private,25
2021-04-01,22,Västernorrland,DIESEL,company,23
2021-04-01,22,Västernorrland,DIESEL,dealer,12
2021-04-01,22,Västernorrland,DIESEL,private,25
2021-04-01,22,Västernorrland,ETHANOL,dealer,3
2021-04-01,22,Västernorrland,HEV,company,1
2021-04-01,22,Västernorrland,HEV,dealer,10
2021-04-01,22,Västernorrland,HEV,private,15
2021-04-01,22,Västernorrland,PETROL,company,17
2021-04-01,22,Västernorrland,PETROL,dealer,19
2021-04-01,22,Västernorrland,PETROL,private,54
2021-04-01,22,Västernorrland,PHEV,company,21
2021-04-01,22,Västernorrland,PHEV,dealer,6
2021-04-01,22,Västernorrland,PHEV,private,20
2021-04-01,23,Jämtland,BEV,company,16
2021-04-01,23,Jämtland,BEV,dealer,3
2021-04-01,23,Jämtland,BEV,private,8
2021-04-01,23,Jämtland,DIESEL,company,12
2021-04-01,23,Jämtland,DIESEL,private,9
2021-04-01,23,Jämtland,ETHANOL,dealer,1
2021-04-01,23,Jämtland,GAS,company,2
2021-04-01,23,Jämtland,HEV,company,8
2021-04-01,23,Jämtland,HEV,dealer,2
2021-04-01,23,Jämtland,HEV,private,3
2021-04-01,23,Jämtland,PETROL,company,11
2021-04-01,23,Jämtland,PETROL,dealer,5
2021-04-01,23,Jämtland,PETROL,private,17
2021-04-01,23,Jämtland,PHEV,company,8
2021-04-01,23,Jämtland,PHEV,private,4
2021-04-01,24,Västerbotten,BEV,company,23
2021-04-01,24,Västerbotten,BEV,dealer,12
2021-04-01,24,Västerbotten,BEV,private,39
2021-04-01,24,Västerbotten,DIESEL,company,17
2021-04-01,24,Västerbotten,DIESEL,dealer,11
2021-04-01,24,Västerbotten,DIESEL,private,27
2021-04-01,24,Västerbotten,ETHANOL,dealer,2
2021-04-01,24,Västerbotten,HEV,company,5
2021-04-01,24,Västerbotten,HEV,dealer,16
2021-04-01,24,Västerbotten,HEV,private,9
2021-04-01,24,Västerbotten,PETROL,company,25
2021-04-01,24,Västerbotten,PETROL,dealer,22
2021-04-01,24,Västerbotten,PETROL,private,44
2021-04-01,24,Västerbotten,PHEV,company,10
2021-04-01,24,Västerbotten,PHEV,dealer,8
2021-04-01,24,Västerbotten,PHEV,private,20
2021-04-01,25,Norrbotten,BEV,company,13
2021-04-01,25,Norrbotten,BEV,dealer,6
2021-04-01,25,Norrbotten,BEV,private,28
2021-04-01,25,Norrbotten,DIESEL,company,21
2021-04-01,25,Norrbotten,DIESEL,dealer,1
2021-04-01,25,Norrbotten,DIESEL,private,26
2021-04-01,25,Norrbotten,ETHANOL,dealer,2
2021-04-01,25,Norrbotten,HEV,company,8
2021-04-01,25,Norrbotten,HEV,dealer,16
2021-04-01,25,Norrbotten,HEV,private,8
2021-04-01,25,Norrbotten,PETROL,company,8
2021-04-01,25,Norrbotten,PETROL,dealer,16
2021-04-01,25,Norrbotten,PETROL,private,21
2021-04-01,25,Norrbotten,PHEV,company,17
2021-04-01,25,Norrbotten,PHEV,dealer,4
2021-04-01,25,Norrbotten,PHEV,private,7
2021-04-01,99,Unknown,HEV,private,1
2021-05-01,01,Stockholm,BEV,company,968
2021-05-01,01,Stockholm,BEV,dealer,141
2021-05-01,01,Stockholm,BEV,private,423
2021-05-01,01,Stockholm,DIESEL,company,1195
2021-05-01,01,Stockholm,DIESEL,dealer,178
2021-05-01,01,Stockholm,DIESEL,private,199
2021-05-01,01,Stockholm,ETHANOL,company,4
2021-05-01,01,Stockholm,ETHANOL,dealer,8
2021-05-01,01,Stockholm,ETHANOL,private,5
2021-05-01,01,Stockholm,GAS,company,15
2021-05-01,01,Stockholm,GAS,private,2
2021-05-01,01,Stockholm,HEV,company,420
2021-05-01,01,Stockholm,HEV,dealer,230
2021-05-01,01,Stockholm,HEV,private,271
2021-05-01,01,Stockholm,OTHER,dealer,4
2021-05-01,01,Stockholm,OTHER,private,1
2021-05-01,01,Stockholm,PETROL,company,1352
2021-05-01,01,Stockholm,PETROL,dealer,375
2021-05-01,01,Stockholm,PETROL,private,1021
2021-05-01,01,Stockholm,PHEV,company,2180
2021-05-01,01,Stockholm,PHEV,dealer,230
2021-05-01,01,Stockholm,PHEV,private,372
2021-05-01,03,Uppsala,BEV,company,63
2021-05-01,03,Uppsala,BEV,dealer,6
2021-05-01,03,Uppsala,BEV,private,60
2021-05-01,03,Uppsala,DIESEL,company,34
2021-05-01,03,Uppsala,DIESEL,dealer,12
2021-05-01,03,Uppsala,DIESEL,private,36
2021-05-01,03,Uppsala,ETHANOL,dealer,2
2021-05-01,03,Uppsala,GAS,company,1
2021-05-01,03,Uppsala,HEV,company,9
2021-05-01,03,Uppsala,HEV,dealer,18
2021-05-01,03,Uppsala,HEV,private,42
2021-05-01,03,Uppsala,PETROL,company,42
2021-05-01,03,Uppsala,PETROL,dealer,37
2021-05-01,03,Uppsala,PETROL,private,131
2021-05-01,03,Uppsala,PHEV,company,48
2021-05-01,03,Uppsala,PHEV,dealer,5
2021-05-01,03,Uppsala,PHEV,private,55
2021-05-01,04,Södermanland,BEV,company,30
2021-05-01,04,Södermanland,BEV,dealer,9
2021-05-01,04,Södermanland,BEV,private,37
2021-05-01,04,Södermanland,DIESEL,company,39
2021-05-01,04,Södermanland,DIESEL,dealer,9
2021-05-01,04,Södermanland,DIESEL,private,35
2021-05-01,04,Södermanland,ETHANOL,company,1
2021-05-01,04,Södermanland,ETHANOL,private,1
2021-05-01,04,Södermanland,HEV,company,5
2021-05-01,04,Södermanland,HEV,dealer,10
2021-05-01,04,Södermanland,HEV,private,31
2021-05-01,04,Södermanland,PETROL,company,33
2021-05-01,04,Södermanland,PETROL,dealer,34
2021-05-01,04,Södermanland,PETROL,private,123
2021-05-01,04,Södermanland,PHEV,company,27
2021-05-01,04,Södermanland,PHEV,dealer,15
2021-05-01,04,Södermanland,PHEV,private,37
2021-05-01,05,Östergötland,BEV,company,66
2021-05-01,05,Östergötland,BEV,dealer,11
2021-05-01,05,Östergötland,BEV,private,66
2021-05-01,05,Östergötland,DIESEL,company,65
2021-05-01,05,Östergötland,DIESEL,dealer,12
2021-05-01,05,Östergötland,DIESEL,private,48
2021-05-01,05,Östergötland,ETHANOL,dealer,5
2021-05-01,05,Östergötland,GAS,company,3
2021-05-01,05,Östergötland,HEV,company,27
2021-05-01,05,Östergötland,HEV,dealer,30
2021-05-01,05,Östergötland,HEV,private,68
2021-05-01,05,Östergötland,PETROL,company,56
2021-05-01,05,Östergötland,PETROL,dealer,40
2021-05-01,05,Östergötland,PETROL,private,204
2021-05-01,05,Östergötland,PHEV,company,78
2021-05-01,05,Östergötland,PHEV,dealer,9
2021-05-01,05,Östergötland,PHEV,private,45
2021-05-01,06,Jönköping,BEV,company,49
2021-05-01,06,Jönköping,BEV,dealer,8
2021-05-01,06,Jönköping,BEV,private,53
2021-05-01,06,Jönköping,DIESEL,company,92
2021-05-01,06,Jönköping,DIESEL,dealer,22
2021-05-01,06,Jönköping,DIESEL,private,55
2021-05-01,06,Jönköping,ETHANOL,dealer,2
2021-05-01,06,Jönköping,GAS,company,15
2021-05-01,06,Jönköping,HEV,company,11
2021-05-01,06,Jönköping,HEV,dealer,24
2021-05-01,06,Jönköping,HEV,private,49
2021-05-01,06,Jönköping,PETROL,company,45
2021-05-01,06,Jönköping,PETROL,dealer,85
2021-05-01,06,Jönköping,PETROL,private,231
2021-05-01,06,Jönköping,PHEV,company,68
2021-05-01,06,Jönköping,PHEV,dealer,36
2021-05-01,06,Jönköping,PHEV,private,42
2021-05-01,07,Kronoberg,BEV,company,16
2021-05-01,07,Kronoberg,BEV,dealer,10
2021-05-01,07,Kronoberg,BEV,private,25
2021-05-01,07,Kronoberg,DIESEL,company,22
2021-05-01,07,Kronoberg,DIESEL,dealer,6
2021-05-01,07,Kronoberg,DIESEL,private,27
2021-05-01,07,Kronoberg,ETHANOL,dealer,2
2021-05-01,07,Kronoberg,GAS,company,5
2021-05-01,07,Kronoberg,GAS,dealer,3
2021-05-01,07,Kronoberg,HEV,company,7
2021-05-01,07,Kronoberg,HEV,dealer,8
2021-05-01,07,Kronoberg,HEV,private,24
2021-05-01,07,Kronoberg,PETROL,company,23
2021-05-01,07,Kronoberg,PETROL,dealer,33
2021-05-01,07,Kronoberg,PETROL,private,84
2021-05-01,07,Kronoberg,PHEV,company,28
2021-05-01,07,Kronoberg,PHEV,dealer,8
2021-05-01,07,Kronoberg,PHEV,private,23
2021-05-01,08,Kalmar,BEV,company,16
2021-05-01,08,Kalmar,BEV,dealer,4
2021-05-01,08,Kalmar,BEV,private,18
2021-05-01,08,Kalmar,DIESEL,company,47
2021-05-01,08,Kalmar,DIESEL,dealer,15
2021-05-01,08,Kalmar,DIESEL,private,35
2021-05-01,08,Kalmar,ETHANOL,dealer,1
2021-05-01,08,Kalmar,GAS,company,17
2021-05-01,08,Kalmar,HEV,company,4
2021-05-01,08,Kalmar,HEV,dealer,5
2021-05-01,08,Kalmar,HEV,private,11
2021-05-01,08,Kalmar,PETROL,company,31
2021-05-01,08,Kalmar,PETROL,dealer,43
2021-05-01,08,Kalmar,PETROL,private,113
2021-05-01,08,Kalmar,PHEV,company,38
2021-05-01,08,Kalmar,PHEV,dealer,11
2021-05-01,08,Kalmar,PHEV,private,20
2021-05-01,09,Gotland,BEV,company,5
2021-05-01,09,Gotland,BEV,dealer,3
2021-05-01,09,Gotland,BEV,private,7
2021-05-01,09,Gotland,DIESEL,company,7
2021-05-01,09,Gotland,DIESEL,private,7
2021-05-01,09,Gotland,GAS,company,2
2021-05-01,09,Gotland,HEV,company,3
2021-05-01,09,Gotland,HEV,dealer,1
2021-05-01,09,Gotland,HEV,private,4
2021-05-01,09,Gotland,PETROL,company,13
2021-05-01,09,Gotland,PETROL,dealer,6
2021-05-01,09,Gotland,PETROL,private,20
2021-05-01,09,Gotland,PHEV,company,4
2021-05-01,09,Gotland,PHEV,dealer,3
2021-05-01,09,Gotland,PHEV,private,6
2021-05-01,10,Blekinge,BEV,company,9
2021-05-01,10,Blekinge,BEV,dealer,9
2021-05-01,10,Blekinge,BEV,private,21
2021-05-01,10,Blekinge,DIESEL,company,17
2021-05-01,10,Blekinge,DIESEL,dealer,4
2021-05-01,10,Blekinge,DIESEL,private,21
2021-05-01,10,Blekinge,ETHANOL,dealer,2
2021-05-01,10,Blekinge,GAS,company,17
2021-05-01,10,Blekinge,GAS,dealer,1
2021-05-01,10,Blekinge,HEV,company,1
2021-05-01,10,Blekinge,HEV,dealer,10
2021-05-01,10,Blekinge,HEV,private,17
2021-05-01,10,Blekinge,OTHER,private,1
2021-05-01,10,Blekinge,PETROL,company,36
2021-05-01,10,Blekinge,PETROL,dealer,19
2021-05-01,10,Blekinge,PETROL,private,75
2021-05-01,10,Blekinge,PHEV,company,18
2021-05-01,10,Blekinge,PHEV,dealer,4
2021-05-01,10,Blekinge,PHEV,private,21
2021-05-01,12,Skåne,BEV,company,293
2021-05-01,12,Skåne,BEV,dealer,48
2021-05-01,12,Skåne,BEV,private,224
2021-05-01,12,Skåne,DIESEL,company,452
2021-05-01,12,Skåne,DIESEL,dealer,157
2021-05-01,12,Skåne,DIESEL,private,175
2021-05-01,12,Skåne,ETHANOL,company,1
2021-05-01,12,Skåne,ETHANOL,dealer,7
2021-05-01,12,Skåne,GAS,company,28
2021-05-01,12,Skåne,HEV,company,47
2021-05-01,12,Skåne,HEV,dealer,66
2021-05-01,12,Skåne,HEV,private,123
2021-05-01,12,Skåne,PETROL,company,439
2021-05-01,12,Skåne,PETROL,dealer,338
2021-05-01,12,Skåne,PETROL,private,706
2021-05-01,12,Skåne,PHEV,company,468
2021-05-01,12,Skåne,PHEV,dealer,97
2021-05-01,12,Skåne,PHEV,private,163
2021-05-01,13,Halland,BEV,company,46
2021-05-01,13,Halland,BEV,dealer,7
2021-05-01,13,Halland,BEV,private,69
2021-05-01,13,Halland,DIESEL,company,55
2021-05-01,13,Halland,DIESEL,dealer,22
2021-05-01,13,Halland,DIESEL,private,50
2021-05-01,13,Halland,ETHANOL,dealer,6
2021-05-01,13,Halland,ETHANOL,private,2
2021-05-01,13,Halland,GAS,company,1
2021-05-01,13,Halland,HEV,company,9
2021-05-01,13,Halland,HEV,dealer,14
2021-05-01,13,Halland,HEV,private,26
2021-05-01,13,Halland,PETROL,company,59
2021-05-01,13,Halland,PETROL,dealer,106
2021-05-01,13,Halland,PETROL,private,187
2021-05-01,13,Halland,PHEV,company,56
2021-05-01,13,Halland,PHEV,dealer,17
2021-05-01,13,Halland,PHEV,private,45
2021-05-01,14,Västra Götaland,BEV,company,321
2021-05-01,14,Västra Götaland,BEV,dealer,49
2021-05-01,14,Västra Götaland,BEV,private,313
2021-05-01,14,Västra Götaland,DIESEL,company,227
2021-05-01,14,Västra Götaland,DIESEL,dealer,76
2021-05-01,14,Västra Götaland,DIESEL,private,208
2021-05-01,14,Västra Götaland,ETHANOL,dealer,12
2021-05-01,14,Västra Götaland,ETHANOL,private,2
2021-05-01,14,Västra Götaland,GAS,company,20
2021-05-01,14,Västra Götaland,HEV,company,58
2021-05-01,14,Västra Götaland,HEV,dealer,120
2021-05-01,14,Västra Götaland,HEV,private,196
2021-05-01,14,Västra Götaland,PETROL,company,251
2021-05-01,14,Västra Götaland,PETROL,dealer,291
2021-05-01,14,Västra Götaland,PETROL,private,1040
2021-05-01,14,Västra Götaland,PHEV,company,355
2021-05-01,14,Västra Götaland,PHEV,dealer,148
2021-05-01,14,Västra Götaland,PHEV,private,226
2021-05-01,17,Värmland,BEV,company,36
2021-05-01,17,Värmland,BEV,dealer,2
2021-05-01,17,Värmland,BEV,private,35
2021-05-01,17,Värmland,DIESEL,company,55
2021-05-01,17,Värmland,DIESEL,dealer,20
2021-05-01,17,Värmland,DIESEL,private,33
2021-05-01,17,Värmland,ETHANOL,company,2
2021-05-01,17,Värmland,ETHANOL,dealer,3
2021-05-01,17,Värmland,GAS,company,4
2021-05-01,17,Värmland,HEV,company,20
2021-05-01,17,Värmland,HEV,dealer,11
2021-05-01,17,Värmland,HEV,private,29
2021-05-01,17,Värmland,PETROL,company,62
2021-05-01,17,Värmland,PETROL,dealer,19
2021-05-01,17,Värmland,PETROL,private,119
2021-05-01,17,Värmland,PHEV,company,41
2021-05-01,17,Värmland,PHEV,dealer,14
2021-05-01,17,Värmland,PHEV,private,24
2021-05-01,18,Örebro,BEV,company,24
2021-05-01,18,Örebro,BEV,dealer,6
2021-05-01,18,Örebro,BEV,private,34
2021-05-01,18,Örebro,DIESEL,company,45
2021-05-01,18,Örebro,DIESEL,dealer,3
2021-05-01,18,Örebro,DIESEL,private,41
2021-05-01,18,Örebro,ETHANOL,dealer,2
2021-05-01,18,Örebro,ETHANOL,private,3
2021-05-01,18,Örebro,GAS,company,1
2021-05-01,18,Örebro,HEV,company,13
2021-05-01,18,Örebro,HEV,dealer,28
2021-05-01,18,Örebro,HEV,private,32
2021-05-01,18,Örebro,PETROL,company,38
2021-05-01,18,Örebro,PETROL,dealer,31
2021-05-01,18,Örebro,PETROL,private,136
2021-05-01,18,Örebro,PHEV,company,31
2021-05-01,18,Örebro,PHEV,dealer,8
2021-05-01,18,Örebro,PHEV,private,27
2021-05-01,19,Västmanland,BEV,company,23
2021-05-01,19,Västmanland,BEV,dealer,8
2021-05-01,19,Västmanland,BEV,private,36
2021-05-01,19,Västmanland,DIESEL,company,30
2021-05-01,19,Västmanland,DIESEL,dealer,7
2021-05-01,19,Västmanland,DIESEL,private,42
2021-05-01,19,Västmanland,ETHANOL,company,1
2021-05-01,19,Västmanland,GAS,company,9
2021-05-01,19,Västmanland,HEV,company,3
2021-05-01,19,Västmanland,HEV,dealer,3
2021-05-01,19,Västmanland,HEV,private,19
2021-05-01,19,Västmanland,PETROL,company,32
2021-05-01,19,Västmanland,PETROL,dealer,37
2021-05-01,19,Västmanland,PETROL,private,127
2021-05-01,19,Västmanland,PHEV,company,39
2021-05-01,19,Västmanland,PHEV,dealer,10
2021-05-01,19,Västmanland,PHEV,private,46
2021-05-01,20,Dalarna,BEV,company,16
2021-05-01,20,Dalarna,BEV,dealer,8
2021-05-01,20,Dalarna,BEV,private,28
2021-05-01,20,Dalarna,DIESEL,company,34
2021-05-01,20,Dalarna,DIESEL,dealer,23
2021-05-01,20,Dalarna,DIESEL,private,39
2021-05-01,20,Dalarna,ETHANOL,company,1
2021-05-01,20,Dalarna,ETHANOL,dealer,3
2021-05-01,20,Dalarna,ETHANOL,private,1
2021-05-01,20,Dalarna,HEV,company,2
2021-05-01,20,Dalarna,HEV,dealer,20
2021-05-01,20,Dalarna,HEV,private,21
2021-05-01,20,Dalarna,PETROL,company,35
2021-05-01,20,Dalarna,PETROL,dealer,36
2021-05-01,20,Dalarna,PETROL,private,82
2021-05-01,20,Dalarna,PHEV,company,21
2021-05-01,20,Dalarna,PHEV,dealer,14
2021-05-01,20,Dalarna,PHEV,private,21
2021-05-01,21,Gävleborg,BEV,company,21
2021-05-01,21,Gävleborg,BEV,dealer,5
2021-05-01,21,Gävleborg,BEV,private,24
2021-05-01,21,Gävleborg,DIESEL,company,55
2021-05-01,21,Gävleborg,DIESEL,dealer,37
2021-05-01,21,Gävleborg,DIESEL,private,46
2021-05-01,21,Gävleborg,ETHANOL,company,2
2021-05-01,21,Gävleborg,GAS,company,1
2021-05-01,21,Gävleborg,HEV,company,13
2021-05-01,21,Gävleborg,HEV,dealer,11
2021-05-01,21,Gävleborg,HEV,private,37
2021-05-01,21,Gävleborg,PETROL,company,26
2021-05-01,21,Gävleborg,PETROL,dealer,55
2021-05-01,21,Gävleborg,PETROL,private,102
2021-05-01,21,Gävleborg,PHEV,company,24
2021-05-01,21,Gävleborg,PHEV,dealer,14
2021-05-01,21,Gävleborg,PHEV,private,16
2021-05-01,22,Västernorrland,BEV,company,14
2021-05-01,22,Västernorrland,BEV,dealer,2
2021-05-01,22,Västernorrland,BEV,private,21
2021-05-01,22,Västernorrland,DIESEL,company,81
2021-05-01,22,Västernorrland,DIESEL,dealer,29
2021-05-01,22,Västernorrland,DIESEL,private,41
2021-05-01,22,Västernorrland,ETHANOL,dealer,2
2021-05-01,22,Västernorrland,ETHANOL,private,2
2021-05-01,22,Västernorrland,HEV,company,4
2021-05-01,22,Västernorrland,HEV,dealer,7
2021-05-01,22,Västernorrland,HEV,private,27
2021-05-01,22,Västernorrland,PETROL,company,25
2021-05-01,22,Västernorrland,PETROL,dealer,15
2021-05-01,22,Västernorrland,PETROL,private,75
2021-05-01,22,Västernorrland,PHEV,company,26
2021-05-01,22,Västernorrland,PHEV,dealer,10
2021-05-01,22,Västernorrland,PHEV,private,23
2021-05-01,23,Jämtland,BEV,company,20
2021-05-01,23,Jämtland,BEV,private,9
2021-05-01,23,Jämtland,DIESEL,company,35
2021-05-01,23,Jämtland,DIESEL,dealer,5
2021-05-01,23,Jämtland,DIESEL,private,14
2021-05-01,23,Jämtland,ETHANOL,company,1
2021-05-01,23,Jämtland,ETHANOL,dealer,3
2021-05-01,23,Jämtland,ETHANOL,private,1
2021-05-01,23,Jämtland,GAS,company,1
2021-05-01,23,Jämtland,HEV,company,2
2021-05-01,23,Jämtland,HEV,dealer,1
2021-05-01,23,Jämtland,HEV,private,3
2021-05-01,23,Jämtland,PETROL,company,11
2021-05-01,23,Jämtland,PETROL,dealer,5
2021-05-01,23,Jämtland,PETROL,private,18
2021-05-01,23,Jämtland,PHEV,company,12
2021-05-01,23,Jämtland,PHEV,dealer,3
2021-05-01,23,Jämtland,PHEV,private,8
2021-05-01,24,Västerbotten,BEV,company,22
2021-05-01,24,Västerbotten,BEV,dealer,6
2021-05-01,24,Västerbotten,BEV,private,31
2021-05-01,24,Västerbotten,DIESEL,company,46
2021-05-01,24,Västerbotten,DIESEL,dealer,13
2021-05-01,24,Västerbotten,DIESEL,private,34
2021-05-01,24,Västerbotten,ETHANOL,dealer,2
2021-05-01,24,Västerbotten,HEV,company,8
2021-05-01,24,Västerbotten,HEV,dealer,21
2021-05-01,24,Västerbotten,HEV,private,21
2021-05-01,24,Västerbotten,OTHER,private,1
2021-05-01,24,Västerbotten,PETROL,company,16
2021-05-01,24,Västerbotten,PETROL,dealer,23
2021-05-01,24,Västerbotten,PETROL,private,67
2021-05-01,24,Västerbotten,PHEV,company,25
2021-05-01,24,Västerbotten,PHEV,dealer,19
2021-05-01,24,Västerbotten,PHEV,private,25
2021-05-01,25,Norrbotten,BEV,company,15
2021-05-01,25,Norrbotten,BEV,dealer,2
2021-05-01,25,Norrbotten,BEV,private,21
2021-05-01,25,Norrbotten,DIESEL,company,38
2021-05-01,25,Norrbotten,DIESEL,dealer,4
2021-05-01,25,Norrbotten,DIESEL,private,50
2021-05-01,25,Norrbotten,ETHANOL,dealer,2
2021-05-01,25,Norrbotten,HEV,company,27
2021-05-01,25,Norrbotten,HEV,dealer,6
2021-05-01,25,Norrbotten,HEV,private,16
2021-05-01,25,Norrbotten,PETROL,company,16
2021-05-01,25,Norrbotten,PETROL,dealer,4
2021-05-01,25,Norrbotten,PETROL,private,37
2021-05-01,25,Norrbotten,PHEV,company,27
2021-05-01,25,Norrbotten,PHEV,dealer,7
2021-05-01,25,Norrbotten,PHEV,private,16
2021-05-01,99,Unknown,PHEV,company,1
2021-06-01,01,Stockholm,BEV,company,2134
2021-06-01,01,Stockholm,BEV,dealer,240
2021-06-01,01,Stockholm,BEV,private,787
2021-06-01,01,Stockholm,DIESEL,company,1517
2021-06-01,01,Stockholm,DIESEL,dealer,385
2021-06-01,01,Stockholm,DIESEL,private,249
2021-06-01,01,Stockholm,ETHANOL,company,14
2021-06-01,01,Stockholm,ETHANOL,dealer,6
2021-06-01,01,Stockholm,ETHANOL,private,13
2021-06-01,01,Stockholm,GAS,company,26
2021-06-01,01,Stockholm,GAS,dealer,1
2021-06-01,01,Stockholm,GAS,private,1
2021-06-01,01,Stockholm,HEV,company,357
2021-06-01,01,Stockholm,HEV,dealer,279
2021-06-01,01,Stockholm,HEV,private,310
2021-06-01,01,Stockholm,OTHER,dealer,1
2021-06-01,01,Stockholm,PETROL,company,1480
2021-06-01,01,Stockholm,PETROL,dealer,588
2021-06-01,01,Stockholm,PETROL,private,1126
2021-06-01,01,Stockholm,PHEV,company,4235
2021-06-01,01,Stockholm,PHEV,dealer,568
2021-06-01,01,Stockholm,PHEV,private,403
2021-06-01,03,Uppsala,BEV,company,63
2021-06-01,03,Uppsala,BEV,dealer,15
2021-06-01,03,Uppsala,BEV,private,86
2021-06-01,03,Uppsala,DIESEL,company,65
2021-06-01,03,Uppsala,DIESEL,dealer,42
2021-06-01,03,Uppsala,DIESEL,private,40
2021-06-01,03,Uppsala,ETHANOL,company,1
2021-06-01,03,Uppsala,ETHANOL,dealer,3
2021-06-01,03,Uppsala,ETHANOL,private,1
2021-06-01,03,Uppsala,HEV,company,12
2021-06-01,03,Uppsala,HEV,dealer,37
2021-06-01,03,Uppsala,HEV,private,50
2021-06-01,03,Uppsala,PETROL,company,77
2021-06-01,03,Uppsala,PETROL,dealer,25
2021-06-01,03,Uppsala,PETROL,private,144
2021-06-01,03,Uppsala,PHEV,company,63
2021-06-01,03,Uppsala,PHEV,dealer,9
2021-06-01,03,Uppsala,PHEV,private,59
2021-06-01,04,Södermanland,BEV,company,36
2021-06-01,04,Södermanland,BEV,dealer,17
2021-06-01,04,Södermanland,BEV,private,58
2021-06-01,04,Södermanland,DIESEL,company,43
2021-06-01,04,Södermanland,DIESEL,dealer,21
2021-06-01,04,Södermanland,DIESEL,private,45
2021-06-01,04,Södermanland,ETHANOL,company,2
2021-06-01,04,Södermanland,ETHANOL,private,2
2021-06-01,04,Södermanland,GAS,company,1
2021-06-01,04,Södermanland,GAS,private,1
2021-06-01,04,Södermanland,HEV,company,9
2021-06-01,04,Södermanland,HEV,dealer,19
2021-06-01,04,Södermanland,HEV,private,40
2021-06-01,04,Södermanland,PETROL,company,70
2021-06-01,04,Södermanland,PETROL,dealer,45
2021-06-01,04,Södermanland,PETROL,private,165
2021-06-01,04,Södermanland,PHEV,company,64
2021-06-01,04,Södermanland,PHEV,dealer,18
2021-06-01,04,Södermanland,PHEV,private,56
2021-06-01,05,Östergötland,BEV,company,92
2021-06-01,05,Östergötland,BEV,dealer,18
2021-06-01,05,Östergötland,BEV,private,123
2021-06-01,05,Östergötland,DIESEL,company,108
2021-06-01,05,Östergötland,DIESEL,dealer,21
2021-06-01,05,Östergötland,DIESEL,private,61
2021-06-01,05,Östergötland,ETHANOL,company,4
2021-06-01,05,Östergötland,ETHANOL,private,5
2021-06-01,05,Östergötland,GAS,company,1
2021-06-01,05,Östergötland,HEV,company,32
2021-06-01,05,Östergötland,HEV,dealer,43
2021-06-01,05,Östergötland,HEV,private,67
2021-06-01,05,Östergötland,OTHER,private,1
2021-06-01,05,Östergötland,PETROL,company,142
2021-06-01,05,Östergötland,PETROL,dealer,45
2021-06-01,05,Östergötland,PETROL,private,212
2021-06-01,05,Östergötland,PHEV,company,99
2021-06-01,05,Östergötland,PHEV,dealer,21
2021-06-01,05,Östergötland,PHEV,private,60
2021-06-01,06,Jönköping,BEV,company,98
2021-06-01,06,Jönköping,BEV,dealer,24
2021-06-01,06,Jönköping,BEV,private,88
2021-06-01,06,Jönköping,DIESEL,company,136
2021-06-01,06,Jönköping,DIESEL,dealer,62
2021-06-01,06,Jönköping,DIESEL,private,56
2021-06-01,06,Jönköping,ETHANOL,company,4
2021-06-01,06,Jönköping,ETHANOL,dealer,1
2021-06-01,06,Jönköping,ETHANOL,private,5
2021-06-01,06,Jönköping,GAS,company,7
2021-06-01,06,Jönköping,GAS,dealer,1
2021-06-01,06,Jönköping,HEV,company,22
2021-06-01,06,Jönköping,HEV,dealer,45
2021-06-01,06,Jönköping,HEV,private,47
2021-06-01,06,Jönköping,PETROL,company,74
2021-06-01,06,Jönköping,PETROL,dealer,80
2021-06-01,06,Jönköping,PETROL,private,234
2021-06-01,06,Jönköping,PHEV,company,116
2021-06-01,06,Jönköping,PHEV,dealer,37
2021-06-01,06,Jönköping,PHEV,private,37
2021-06-01,07,Kronoberg,BEV,company,32
2021-06-01,07,Kronoberg,BEV,dealer,4
2021-06-01,07,Kronoberg,BEV,private,45
2021-06-01,07,Kronoberg,DIESEL,company,60
2021-06-01,07,Kronoberg,DIESEL,dealer,7
2021-06-01,07,Kronoberg,DIESEL,private,42
2021-06-01,07,Kronoberg,ETHANOL,company,1
2021-06-01,07,Kronoberg,ETHANOL,dealer,1
2021-06-01,07,Kronoberg,GAS,company,1
2021-06-01,07,Kronoberg,GAS,dealer,1
2021-06-01,07,Kronoberg,HEV,company,9
2021-06-01,07,Kronoberg,HEV,dealer,24
2021-06-01,07,Kronoberg,HEV,private,10
2021-06-01,07,Kronoberg,PETROL,company,19
2021-06-01,07,Kronoberg,PETROL,dealer,25
2021-06-01,07,Kronoberg,PETROL,private,107
2021-06-01,07,Kronoberg,PHEV,company,46
2021-06-01,07,Kronoberg,PHEV,dealer,10
2021-06-01,07,Kronoberg,PHEV,private,30
2021-06-01,08,Kalmar,BEV,company,28
2021-06-01,08,Kalmar,BEV,dealer,11
2021-06-01,08,Kalmar,BEV,private,34
2021-06-01,08,Kalmar,DIESEL,company,37
2021-06-01,08,Kalmar,DIESEL,dealer,41
2021-06-01,08,Kalmar,DIESEL,private,34
2021-06-01,08,Kalmar,ETHANOL,private,2
2021-06-01,08,Kalmar,GAS,company,33
2021-06-01,08,Kalmar,GAS,private,2
2021-06-01,08,Kalmar,HEV,company,7
2021-06-01,08,Kalmar,HEV,dealer,3
2021-06-01,08,Kalmar,HEV,private,25
2021-06-01,08,Kalmar,PETROL,company,31
2021-06-01,08,Kalmar,PETROL,dealer,65
2021-06-01,08,Kalmar,PETROL,private,146
2021-06-01,08,Kalmar,PHEV,company,34
2021-06-01,08,Kalmar,PHEV,dealer,10
2021-06-01,08,Kalmar,PHEV,private,19
2021-06-01,09,Gotland,BEV,company,19
2021-06-01,09,Gotland,BEV,dealer,4
2021-06-01,09,Gotland,BEV,private,7
2021-06-01,09,Gotland,DIESEL,company,6
2021-06-01,09,Gotland,DIESEL,dealer,3
2021-06-01,09,Gotland,DIESEL,private,7
2021-06-01,09,Gotland,GAS,company,1
2021-06-01,09,Gotland,HEV,company,2
2021-06-01,09,Gotland,HEV,dealer,4
2021-06-01,09,Gotland,HEV,private,4
2021-06-01,09,Gotland,PETROL,company,25
2021-06-01,09,Gotland,PETROL,dealer,5
2021-06-01,09,Gotland,PETROL,private,21
2021-06-01,09,Gotland,PHEV,company,9
2021-06-01,09,Gotland,PHEV,dealer,4
2021-06-01,09,Gotland,PHEV,private,5
2021-06-01,10,Blekinge,BEV,company,21
2021-06-01,10,Blekinge,BEV,dealer,10
2021-06-01,10,Blekinge,BEV,private,28
2021-06-01,10,Blekinge,DIESEL,company,17
2021-06-01,10,Blekinge,DIESEL,dealer,9
2021-06-01,10,Blekinge,DIESEL,private,22
2021-06-01,10,Blekinge,ETHANOL,company,1
2021-06-01,10,Blekinge,ETHANOL,private,1
2021-06-01,10,Blekinge,GAS,company,3
2021-06-01,10,Blekinge,HEV,company,2
2021-06-01,10,Blekinge,HEV,dealer,14
2021-06-01,10,Blekinge,HEV,private,18
2021-06-01,10,Blekinge,PETROL,company,29
2021-06-01,10,Blekinge,PETROL,dealer,22
2021-06-01,10,Blekinge,PETROL,private,87
2021-06-01,10,Blekinge,PHEV,company,33
2021-06-01,10,Blekinge,PHEV,dealer,11
2021-06-01,10,Blekinge,PHEV,private,22
2021-06-01,12,Skåne,BEV,company,584
2021-06-01,12,Skåne,BEV,dealer,122
2021-06-01,12,Skåne,BEV,private,459
2021-06-01,12,Skåne,DIESEL,company,458
2021-06-01,12,Skåne,DIESEL,dealer,221
2021-06-01,12,Skåne,DIESEL,private,165
2021-06-01,12,Skåne,ETHANOL,company,3
2021-06-01,12,Skåne,ETHANOL,dealer,5
2021-06-01,12,Skåne,ETHANOL,private,7
2021-06-01,12,Skåne,GAS,company,26
2021-06-01,12,Skåne,GAS,private,1
2021-06-01,12,Skåne,HEV,company,110
2021-06-01,12,Skåne,HEV,dealer,87
2021-06-01,12,Skåne,HEV,private,152
2021-06-01,12,Skåne,OTHER,dealer,1
2021-06-01,12,Skåne,OTHER,private,1
2021-06-01,12,Skåne,PETROL,company,471
2021-06-01,12,Skåne,PETROL,dealer,380
2021-06-01,12,Skåne,PETROL,private,718
2021-06-01,12,Skåne,PHEV,company,792
2021-06-01,12,Skåne,PHEV,dealer,107
2021-06-01,12,Skåne,PHEV,private,163
2021-06-01,13,Halland,BEV,company,92
2021-06-01,13,Halland,BEV,dealer,23
2021-06-01,13,Halland,BEV,private,128
2021-06-01,13,Halland,DIESEL,company,56
2021-06-01,13,Halland,DIESEL,dealer,49
2021-06-01,13,Halland,DIESEL,private,56
2021-06-01,13,Halland,ETHANOL,company,3
2021-06-01,13,Halland,ETHANOL,private,1
2021-06-01,13,Halland,GAS,company,8
2021-06-01,13,Halland,GAS,private,1
2021-06-01,13,Halland,HEV,company,12
2021-06-01,13,Halland,HEV,dealer,22
2021-06-01,13,Halland,HEV,private,47
2021-06-01,13,Halland,PETROL,company,86
2021-06-01,13,Halland,PETROL,dealer,91
2021-06-01,13,Halland,PETROL,private,240
2021-06-01,13,Halland,PHEV,company,78
2021-06-01,13,Halland,PHEV,dealer,18
2021-06-01,13,Halland,PHEV,private,42
2021-06-01,14,Västra Götaland,BEV,company,583
2021-06-01,14,Västra Götaland,BEV,dealer,1313
2021-06-01,14,Västra Götaland,BEV,private,482
2021-06-01,14,Västra Götaland,DIESEL,company,357
2021-06-01,14,Västra Götaland,DIESEL,dealer,119
2021-06-01,14,Västra Götaland,DIESEL,private,266
2021-06-01,14,Västra Götaland,ETHANOL,company,1
2021-06-01,14,Västra Götaland,ETHANOL,private,24
2021-06-01,14,Västra Götaland,GAS,company,28
2021-06-01,14,Västra Götaland,GAS,private,1
2021-06-01,14,Västra Götaland,HEV,company,101
2021-06-01,14,Västra Götaland,HEV,dealer,190
2021-06-01,14,Västra Götaland,HEV,private,206
2021-06-01,14,Västra Götaland,PETROL,company,450
2021-06-01,14,Västra Götaland,PETROL,dealer,313
2021-06-01,14,Västra Götaland,PETROL,private,1092
2021-06-01,14,Västra Götaland,PHEV,company,523
2021-06-01,14,Västra Götaland,PHEV,dealer,261
2021-06-01,14,Västra Götaland,PHEV,private,281
2021-06-01,17,Värmland,BEV,company,51
2021-06-01,17,Värmland,BEV,dealer,8
2021-06-01,17,Värmland,BEV,private,51
2021-06-01,17,Värmland,DIESEL,company,63
2021-06-01,17,Värmland,DIESEL,dealer,46
2021-06-01,17,Värmland,DIESEL,private,39
2021-06-01,17,Värmland,ETHANOL,company,4
2021-06-01,17,Värmland,ETHANOL,dealer,1
2021-06-01,17,Värmland,ETHANOL,private,2
2021-06-01,17,Värmland,GAS,company,2
2021-06-01,17,Värmland,HEV,company,8
2021-06-01,17,Värmland,HEV,dealer,26
2021-06-01,17,Värmland,HEV,private,34
2021-06-01,17,Värmland,PETROL,company,75
2021-06-01,17,Värmland,PETROL,dealer,42
2021-06-01,17,Värmland,PETROL,private,122
2021-06-01,17,Värmland,PHEV,company,68
2021-06-01,17,Värmland,PHEV,dealer,9
2021-06-01,17,Värmland,PHEV,private,33
2021-06-01,18,Örebro,BEV,company,44
2021-06-01,18,Örebro,BEV,dealer,13
2021-06-01,18,Örebro,BEV,private,71
2021-06-01,18,Örebro,DIESEL,company,57
2021-06-01,18,Örebro,DIESEL,dealer,9
2021-06-01,18,Örebro,DIESEL,private,33
2021-06-01,18,Örebro,ETHANOL,company,4
2021-06-01,18,Örebro,ETHANOL,private,11
2021-06-01,18,Örebro,GAS,company,1
2021-06-01,18,Örebro,HEV,company,27
2021-06-01,18,Örebro,HEV,dealer,27
2021-06-01,18,Örebro,HEV,private,40
2021-06-01,18,Örebro,PETROL,company,42
2021-06-01,18,Örebro,PETROL,dealer,25
2021-06-01,18,Örebro,PETROL,private,150
2021-06-01,18,Örebro,PHEV,company,58
2021-06-01,18,Örebro,PHEV,dealer,13
2021-06-01,18,Örebro,PHEV,private,41
2021-06-01,19,Västmanland,BEV,company,52
2021-06-01,19,Västmanland,BEV,dealer,7
2021-06-01,19,Västmanland,BEV,private,64
2021-06-01,19,Västmanland,DIESEL,company,74
2021-06-01,19,Västmanland,DIESEL,dealer,23
2021-06-01,19,Västmanland,DIESEL,private,42
2021-06-01,19,Västmanland,ETHANOL,dealer,1
2021-06-01,19,Västmanland,ETHANOL,private,4
2021-06-01,19,Västmanland,GAS,company,3
2021-06-01,19,Västmanland,HEV,company,4
2021-06-01,19,Västmanland,HEV,dealer,17
2021-06-01,19,Västmanland,HEV,private,15
2021-06-01,19,Västmanland,PETROL,company,32
2021-06-01,19,Västmanland,PETROL,dealer,34
2021-06-01,19,Västmanland,PETROL,private,155
2021-06-01,19,Västmanland,PHEV,company,57
2021-06-01,19,Västmanland,PHEV,dealer,14
2021-06-01,19,Västmanland,PHEV,private,59
2021-06-01,20,Dalarna,BEV,company,30
2021-06-01,20,Dalarna,BEV,dealer,12
2021-06-01,20,Dalarna,BEV,private,37
2021-06-01,20,Dalarna,DIESEL,company,47
2021-06-01,20,Dalarna,DIESEL,dealer,57
2021-06-01,20,Dalarna,DIESEL,private,39
2021-06-01,20,Dalarna,ETHANOL,dealer,1
2021-06-01,20,Dalarna,ETHANOL,private,6
2021-06-01,20,Dalarna,HEV,company,8
2021-06-01,20,Dalarna,HEV,dealer,39
2021-06-01,20,Dalarna,HEV,private,20
2021-06-01,20,Dalarna,PETROL,company,42
2021-06-01,20,Dalarna,PETROL,dealer,31
2021-06-01,20,Dalarna,PETROL,private,93
2021-06-01,20,Dalarna,PHEV,company,44
2021-06-01,20,Dalarna,PHEV,dealer,21
2021-06-01,20,Dalarna,PHEV,private,35
2021-06-01,21,Gävleborg,BEV,company,27
2021-06-01,21,Gävleborg,BEV,dealer,13
2021-06-01,21,Gävleborg,BEV,private,33
2021-06-01,21,Gävleborg,DIESEL,company,63
2021-06-01,21,Gävleborg,DIESEL,dealer,91
2021-06-01,21,Gävleborg,DIESEL,private,52
2021-06-01,21,Gävleborg,ETHANOL,company,3
2021-06-01,21,Gävleborg,ETHANOL,dealer,2
2021-06-01,21,Gävleborg,ETHANOL,private,6
2021-06-01,21,Gävleborg,GAS,company,2
2021-06-01,21,Gävleborg,HEV,company,13
2021-06-01,21,Gävleborg,HEV,dealer,15
2021-06-01,21,Gävleborg,HEV,private,40
2021-06-01,21,Gävleborg,PETROL,company,43
2021-06-01,21,Gävleborg,PETROL,dealer,54
2021-06-01,21,Gävleborg,PETROL,private,86
2021-06-01,21,Gävleborg,PHEV,company,36
2021-06-01,21,Gävleborg,PHEV,dealer,8
2021-06-01,21,Gävleborg,PHEV,private,25
2021-06-01,22,Västernorrland,BEV,company,35
2021-06-01,22,Västernorrland,BEV,dealer,5
2021-06-01,22,Västernorrland,BEV,private,32
2021-06-01,22,Västernorrland,DIESEL,company,75
2021-06-01,22,Västernorrland,DIESEL,dealer,41
2021-06-01,22,Västernorrland,DIESEL,private,55
2021-06-01,22,Västernorrland,ETHANOL,company,3
2021-06-01,22,Västernorrland,ETHANOL,dealer,1
2021-06-01,22,Västernorrland,ETHANOL,private,3
2021-06-01,22,Västernorrland,GAS,company,2
2021-06-01,22,Västernorrland,HEV,company,3
2021-06-01,22,Västernorrland,HEV,dealer,20
2021-06-01,22,Västernorrland,HEV,private,17
2021-06-01,22,Västernorrland,OTHER,private,1
2021-06-01,22,Västernorrland,PETROL,company,29
2021-06-01,22,Västernorrland,PETROL,dealer,18
2021-06-01,22,Västernorrland,PETROL,private,76
2021-06-01,22,Västernorrland,PHEV,company,38
2021-06-01,22,Västernorrland,PHEV,dealer,15
2021-06-01,22,Västernorrland,PHEV,private,37
2021-06-01,23,Jämtland,BEV,company,16
2021-06-01,23,Jämtland,BEV,dealer,4
2021-06-01,23,Jämtland,BEV,private,12
2021-06-01,23,Jämtland,DIESEL,company,39
2021-06-01,23,Jämtland,DIESEL,dealer,22
2021-06-01,23,Jämtland,DIESEL,private,17
2021-06-01,23,Jämtland,ETHANOL,company,1
2021-06-01,23,Jämtland,ETHANOL,dealer,3
2021-06-01,23,Jämtland,GAS,company,9
2021-06-01,23,Jämtland,HEV,company,14
2021-06-01,23,Jämtland,HEV,dealer,4
2021-06-01,23,Jämtland,HEV,private,3
2021-06-01,23,Jämtland,PETROL,company,19
2021-06-01,23,Jämtland,PETROL,dealer,12
2021-06-01,23,Jämtland,PETROL,private,16
2021-06-01,23,Jämtland,PHEV,company,27
2021-06-01,23,Jämtland,PHEV,dealer,7
2021-06-01,23,Jämtland,PHEV,private,8
2021-06-01,24,Västerbotten,BEV,company,44
2021-06-01,24,Västerbotten,BEV,dealer,14
2021-06-01,24,Västerbotten,BEV,private,47
2021-06-01,24,Västerbotten,DIESEL,company,65
2021-06-01,24,Västerbotten,DIESEL,dealer,30
2021-06-01,24,Västerbotten,DIESEL,private,39
2021-06-01,24,Västerbotten,ETHANOL,company,2
2021-06-01,24,Västerbotten,ETHANOL,dealer,1
2021-06-01,24,Västerbotten,GAS,private,1
2021-06-01,24,Västerbotten,HEV,company,9
2021-06-01,24,Västerbotten,HEV,dealer,31
2021-06-01,24,Västerbotten,HEV,private,21
2021-06-01,24,Västerbotten,PETROL,company,39
2021-06-01,24,Västerbotten,PETROL,dealer,46
2021-06-01,24,Västerbotten,PETROL,private,61
2021-06-01,24,Västerbotten,PHEV,company,47
2021-06-01,24,Västerbotten,PHEV,dealer,14
2021-06-01,24,Västerbotten,PHEV,private,30
2021-06-01,25,Norrbotten,BEV,company,33
2021-06-01,25,Norrbotten,BEV,dealer,8
2021-06-01,25,Norrbotten,BEV,private,35
2021-06-01,25,Norrbotten,DIESEL,company,77
2021-06-01,25,Norrbotten,DIESEL,dealer,26
2021-06-01,25,Norrbotten,DIESEL,private,69
2021-06-01,25,Norrbotten,ETHANOL,private,7
2021-06-01,25,Norrbotten,GAS,company,1
2021-06-01,25,Norrbotten,HEV,company,24
2021-06-01,25,Norrbotten,HEV,dealer,7
2021-06-01,25,Norrbotten,HEV,private,18
2021-06-01,25,Norrbotten,PETROL,company,40
2021-06-01,25,Norrbotten,PETROL,dealer,3
2021-06-01,25,Norrbotten,PETROL,private,28
2021-06-01,25,Norrbotten,PHEV,company,36
2021-06-01,25,Norrbotten,PHEV,dealer,3
2021-06-01,25,Norrbotten,PHEV,private,20
2021-07-01,01,Stockholm,BEV,company,276
2021-07-01,01,Stockholm,BEV,dealer,59
2021-07-01,01,Stockholm,BEV,private,360
2021-07-01,01,Stockholm,DIESEL,company,416
2021-07-01,01,Stockholm,DIESEL,dealer,88
2021-07-01,01,Stockholm,DIESEL,private,209
2021-07-01,01,Stockholm,ETHANOL,company,16
2021-07-01,01,Stockholm,ETHANOL,private,29
2021-07-01,01,Stockholm,GAS,company,25
2021-07-01,01,Stockholm,GAS,private,1
2021-07-01,01,Stockholm,HEV,company,183
2021-07-01,01,Stockholm,HEV,dealer,52
2021-07-01,01,Stockholm,HEV,private,217
2021-07-01,01,Stockholm,PETROL,company,489
2021-07-01,01,Stockholm,PETROL,dealer,169
2021-07-01,01,Stockholm,PETROL,private,948
2021-07-01,01,Stockholm,PHEV,company,1269
2021-07-01,01,Stockholm,PHEV,dealer,160
2021-07-01,01,Stockholm,PHEV,private,425
2021-07-01,03,Uppsala,BEV,company,18
2021-07-01,03,Uppsala,BEV,dealer,5
2021-07-01,03,Uppsala,BEV,private,82
2021-07-01,03,Uppsala,DIESEL,company,21
2021-07-01,03,Uppsala,DIESEL,dealer,11
2021-07-01,03,Uppsala,DIESEL,private,38
2021-07-01,03,Uppsala,ETHANOL,company,2
2021-07-01,03,Uppsala,ETHANOL,dealer,1
2021-07-01,03,Uppsala,ETHANOL,private,1
2021-07-01,03,Uppsala,GAS,company,1
2021-07-01,03,Uppsala,HEV,company,5
2021-07-01,03,Uppsala,HEV,dealer,19
2021-07-01,03,Uppsala,HEV,private,49
2021-07-01,03,Uppsala,PETROL,company,31
2021-07-01,03,Uppsala,PETROL,dealer,28
2021-07-01,03,Uppsala,PETROL,private,111
2021-07-01,03,Uppsala,PHEV,company,20
2021-07-01,03,Uppsala,PHEV,dealer,9
2021-07-01,03,Uppsala,PHEV,private,58
2021-07-01,04,Södermanland,BEV,company,12
2021-07-01,04,Södermanland,BEV,dealer,4
2021-07-01,04,Södermanland,BEV,private,54
2021-07-01,04,Södermanland,DIESEL,company,13
2021-07-01,04,Södermanland,DIESEL,dealer,15
2021-07-01,04,Södermanland,DIESEL,private,41
2021-07-01,04,Södermanland,ETHANOL,company,1
2021-07-01,04,Södermanland,ETHANOL,private,5
2021-07-01,04,Södermanland,GAS,company,8
2021-07-01,04,Södermanland,HEV,company,7
2021-07-01,04,Södermanland,HEV,dealer,9
2021-07-01,04,Södermanland,HEV,private,22
2021-07-01,04,Södermanland,OTHER,private,1
2021-07-01,04,Södermanland,PETROL,company,36
2021-07-01,04,Södermanland,PETROL,dealer,29
2021-07-01,04,Södermanland,PETROL,private,107
2021-07-01,04,Södermanland,PHEV,company,41
2021-07-01,04,Södermanland,PHEV,dealer,8
2021-07-01,04,Södermanland,PHEV,private,40
2021-07-01,05,Östergötland,BEV,company,16
2021-07-01,05,Östergötland,BEV,dealer,8
2021-07-01,05,Östergötland,BEV,private,73
2021-07-01,05,Östergötland,DIESEL,company,68
2021-07-01,05,Östergötland,DIESEL,dealer,9
2021-07-01,05,Östergötland,DIESEL,private,49
2021-07-01,05,Östergötland,ETHANOL,company,2
2021-07-01,05,Östergötland,ETHANOL,dealer,3
2021-07-01,05,Östergötland,ETHANOL,private,7
2021-07-01,05,Östergötland,HEV,company,9
2021-07-01,05,Östergötland,HEV,dealer,30
2021-07-01,05,Östergötland,HEV,private,45
2021-07-01,05,Östergötland,PETROL,company,34
2021-07-01,05,Östergötland,PETROL,dealer,46
2021-07-01,05,Östergötland,PETROL,private,206
2021-07-01,05,Östergötland,PHEV,company,30
2021-07-01,05,Östergötland,PHEV,dealer,12
2021-07-01,05,Östergötland,PHEV,private,65
2021-07-01,06,Jönköping,BEV,company,13
2021-07-01,06,Jönköping,BEV,dealer,7
2021-07-01,06,Jönköping,BEV,private,67
2021-07-01,06,Jönköping,DIESEL,company,96
2021-07-01,06,Jönköping,DIESEL,dealer,16
2021-07-01,06,Jönköping,DIESEL,private,45
2021-07-01,06,Jönköping,ETHANOL,company,4
2021-07-01,06,Jönköping,ETHANOL,dealer,1
2021-07-01,06,Jönköping,ETHANOL,private,6
2021-07-01,06,Jönköping,GAS,company,4
2021-07-01,06,Jönköping,HEV,company,10
2021-07-01,06,Jönköping,HEV,dealer,26
2021-07-01,06,Jönköping,HEV,private,36
2021-07-01,06,Jönköping,OTHER,private,1
2021-07-01,06,Jönköping,PETROL,company,37
2021-07-01,06,Jönköping,PETROL,dealer,46
2021-07-01,06,Jönköping,PETROL,private,179
2021-07-01,06,Jönköping,PHEV,company,21
2021-07-01,06,Jönköping,PHEV,dealer,17
2021-07-01,06,Jönköping,PHEV,private,35
2021-07-01,07,Kronoberg,BEV,company,10
2021-07-01,07,Kronoberg,BEV,dealer,2
2021-07-01,07,Kronoberg,BEV,private,26
2021-07-01,07,Kronoberg,DIESEL,company,17
2021-07-01,07,Kronoberg,DIESEL,dealer,6
2021-07-01,07,Kronoberg,DIESEL,private,17
2021-07-01,07,Kronoberg,ETHANOL,company,1
2021-07-01,07,Kronoberg,ETHANOL,private,3
2021-07-01,07,Kronoberg,HEV,company,1
2021-07-01,07,Kronoberg,HEV,dealer,11
2021-07-01,07,Kronoberg,HEV,private,6
2021-07-01,07,Kronoberg,PETROL,company,17
2021-07-01,07,Kronoberg,PETROL,dealer,26
2021-07-01,07,Kronoberg,PETROL,private,91
2021-07-01,07,Kronoberg,PHEV,company,11
2021-07-01,07,Kronoberg,PHEV,dealer,13
2021-07-01,07,Kronoberg,PHEV,private,25
2021-07-01,08,Kalmar,BEV,company,9
2021-07-01,08,Kalmar,BEV,dealer,1
2021-07-01,08,Kalmar,BEV,private,25
2021-07-01,08,Kalmar,DIESEL,company,13
2021-07-01,08,Kalmar,DIESEL,dealer,11
2021-07-01,08,Kalmar,DIESEL,private,36
2021-07-01,08,Kalmar,ETHANOL,private,1
2021-07-01,08,Kalmar,GAS,company,23
2021-07-01,08,Kalmar,HEV,company,2
2021-07-01,08,Kalmar,HEV,dealer,5
2021-07-01,08,Kalmar,HEV,private,17
2021-07-01,08,Kalmar,PETROL,company,17
2021-07-01,08,Kalmar,PETROL,dealer,24
2021-07-01,08,Kalmar,PETROL,private,106
2021-07-01,08,Kalmar,PHEV,company,13
2021-07-01,08,Kalmar,PHEV,dealer,11
2021-07-01,08,Kalmar,PHEV,private,23
2021-07-01,09,Gotland,BEV,company,8
2021-07-01,09,Gotland,BEV,dealer,1
2021-07-01,09,Gotland,BEV,private,11
2021-07-01,09,Gotland,DIESEL,company,7
2021-07-01,09,Gotland,DIESEL,dealer,2
2021-07-01,09,Gotland,DIESEL,private,2
2021-07-01,09,Gotland,GAS,company,1
2021-07-01,09,Gotland,HEV,company,1
2021-07-01,09,Gotland,HEV,dealer,6
2021-07-01,09,Gotland,HEV,private,3
2021-07-01,09,Gotland,PETROL,company,18
2021-07-01,09,Gotland,PETROL,dealer,8
2021-07-01,09,Gotland,PETROL,private,15
2021-07-01,09,Gotland,PHEV,company,2
2021-07-01,09,Gotland,PHEV,dealer,3
2021-07-01,09,Gotland,PHEV,private,5
2021-07-01,10,Blekinge,BEV,company,2
2021-07-01,10,Blekinge,BEV,private,20
2021-07-01,10,Blekinge,DIESEL,company,21
2021-07-01,10,Blekinge,DIESEL,dealer,3
2021-07-01,10,Blekinge,DIESEL,private,21
2021-07-01,10,Blekinge,ETHANOL,company,1
2021-07-01,10,Blekinge,ETHANOL,private,1
2021-07-01,10,Blekinge,HEV,company,2
2021-07-01,10,Blekinge,HEV,dealer,4
2021-07-01,10,Blekinge,HEV,private,13
2021-07-01,10,Blekinge,PETROL,company,12
2021-07-01,10,Blekinge,PETROL,dealer,24
2021-07-01,10,Blekinge,PETROL,private,63
2021-07-01,10,Blekinge,PHEV,company,5
2021-07-01,10,Blekinge,PHEV,dealer,6
2021-07-01,10,Blekinge,PHEV,private,23
2021-07-01,12,Skåne,BEV,company,132
2021-07-01,12,Skåne,BEV,dealer,23
2021-07-01,12,Skåne,BEV,private,271
2021-07-01,12,Skåne,DIESEL,company,183
2021-07-01,12,Skåne,DIESEL,dealer,193
2021-07-01,12,Skåne,DIESEL,private,189
2021-07-01,12,Skåne,ETHANOL,company,2
2021-07-01,12,Skåne,ETHANOL,dealer,1
2021-07-01,12,Skåne,ETHANOL,private,7
2021-07-01,12,Skåne,GAS,company,11
2021-07-01,12,Skåne,HEV,company,70
2021-07-01,12,Skåne,HEV,dealer,72
2021-07-01,12,Skåne,HEV,private,150
2021-07-01,12,Skåne,OTHER,company,6
2021-07-01,12,Skåne,PETROL,company,242
2021-07-01,12,Skåne,PETROL,dealer,239
2021-07-01,12,Skåne,PETROL,private,706
2021-07-01,12,Skåne,PHEV,company,204
2021-07-01,12,Skåne,PHEV,dealer,73
2021-07-01,12,Skåne,PHEV,private,165
2021-07-01,13,Halland,BEV,company,24
2021-07-01,13,Halland,BEV,dealer,10
2021-07-01,13,Halland,BEV,private,99
2021-07-01,13,Halland,DIESEL,company,19
2021-07-01,13,Halland,DIESEL,dealer,14
2021-07-01,13,Halland,DIESEL,private,57
2021-07-01,13,Halland,ETHANOL,private,1
2021-07-01,13,Halland,HEV,company,6
2021-07-01,13,Halland,HEV,dealer,16
2021-07-01,13,Halland,HEV,private,23
2021-07-01,13,Halland,PETROL,company,32
2021-07-01,13,Halland,PETROL,dealer,62
2021-07-01,13,Halland,PETROL,private,173
2021-07-01,13,Halland,PHEV,company,11
2021-07-01,13,Halland,PHEV,dealer,18
2021-07-01,13,Halland,PHEV,private,49
2021-07-01,14,Västra Götaland,BEV,company,106
2021-07-01,14,Västra Götaland,BEV,dealer,50
2021-07-01,14,Västra Götaland,BEV,private,297
2021-07-01,14,Västra Götaland,DIESEL,company,118
2021-07-01,14,Västra Götaland,DIESEL,dealer,74
2021-07-01,14,Västra Götaland,DIESEL,private,260
2021-07-01,14,Västra Götaland,ETHANOL,company,7
2021-07-01,14,Västra Götaland,ETHANOL,private,15
2021-07-01,14,Västra Götaland,GAS,company,12
2021-07-01,14,Västra Götaland,HEV,company,32
2021-07-01,14,Västra Götaland,HEV,dealer,116
2021-07-01,14,Västra Götaland,HEV,private,150
2021-07-01,14,Västra Götaland,PETROL,company,206
2021-07-01,14,Västra Götaland,PETROL,dealer,153
2021-07-01,14,Västra Götaland,PETROL,private,836
2021-07-01,14,Västra Götaland,PHEV,company,166
2021-07-01,14,Västra Götaland,PHEV,dealer,73
2021-07-01,14,Västra Götaland,PHEV,private,243
2021-07-01,17,Värmland,BEV,company,3
2021-07-01,17,Värmland,BEV,dealer,7
2021-07-01,17,Värmland,BEV,private,38
2021-07-01,17,Värmland,DIESEL,company,40
2021-07-01,17,Värmland,DIESEL,dealer,13
2021-07-01,17,Värmland,DIESEL,private,34
2021-07-01,17,Värmland,ETHANOL,company,3
2021-07-01,17,Värmland,ETHANOL,private,6
2021-07-01,17,Värmland,HEV,company,3
2021-07-01,17,Värmland,HEV,dealer,11
2021-07-01,17,Värmland,HEV,private,25
2021-07-01,17,Värmland,PETROL,company,29
2021-07-01,17,Värmland,PETROL,dealer,30
2021-07-01,17,Värmland,PETROL,private,118
2021-07-01,17,Värmland,PHEV,company,23
2021-07-01,17,Värmland,PHEV,dealer,6
2021-07-01,17,Värmland,PHEV,private,30
2021-07-01,18,Örebro,BEV,company,8
2021-07-01,18,Örebro,BEV,dealer,3
2021-07-01,18,Örebro,BEV,private,40
2021-07-01,18,Örebro,DIESEL,company,16
2021-07-01,18,Örebro,DIESEL,dealer,11
2021-07-01,18,Örebro,DIESEL,private,71
2021-07-01,18,Örebro,ETHANOL,company,1
2021-07-01,18,Örebro,ETHANOL,private,10
2021-07-01,18,Örebro,HEV,company,2
2021-07-01,18,Örebro,HEV,dealer,20
2021-07-01,18,Örebro,HEV,private,34
2021-07-01,18,Örebro,PETROL,company,14
2021-07-01,18,Örebro,PETROL,dealer,28
2021-07-01,18,Örebro,PETROL,private,122
2021-07-01,18,Örebro,PHEV,company,16
2021-07-01,18,Örebro,PHEV,dealer,9
2021-07-01,18,Örebro,PHEV,private,33
2021-07-01,19,Västmanland,BEV,company,14
2021-07-01,19,Västmanland,BEV,dealer,1
2021-07-01,19,Västmanland,BEV,private,35
2021-07-01,19,Västmanland,DIESEL,company,11
2021-07-01,19,Västmanland,DIESEL,dealer,6
2021-07-01,19,Västmanland,DIESEL,private,37
2021-07-01,19,Västmanland,ETHANOL,private,3
2021-07-01,19,Västmanland,GAS,company,2
2021-07-01,19,Västmanland,HEV,dealer,4
2021-07-01,19,Västmanland,HEV,private,19
2021-07-01,19,Västmanland,PETROL,company,12
2021-07-01,19,Västmanland,PETROL,dealer,17
2021-07-01,19,Västmanland,PETROL,private,125
2021-07-01,19,Västmanland,PHEV,company,10
2021-07-01,19,Västmanland,PHEV,dealer,14
2021-07-01,19,Västmanland,PHEV,private,53
2021-07-01,20,Dalarna,BEV,company,11
2021-07-01,20,Dalarna,BEV,dealer,4
2021-07-01,20,Dalarna,BEV,private,30
2021-07-01,20,Dalarna,DIESEL,company,33
2021-07-01,20,Dalarna,DIESEL,dealer,20
2021-07-01,20,Dalarna,DIESEL,private,38
2021-07-01,20,Dalarna,ETHANOL,company,3
2021-07-01,20,Dalarna,ETHANOL,dealer,1
2021-07-01,20,Dalarna,ETHANOL,private,6
2021-07-01,20,Dalarna,GAS,private,1
2021-07-01,20,Dalarna,HEV,company,5
2021-07-01,20,Dalarna,HEV,dealer,17
2021-07-01,20,Dalarna,HEV,private,12
2021-07-01,20,Dalarna,PETROL,company,22
2021-07-01,20,Dalarna,PETROL,dealer,19
2021-07-01,20,Dalarna,PETROL,private,85
2021-07-01,20,Dalarna,PHEV,company,12
2021-07-01,20,Dalarna,PHEV,dealer,13
2021-07-01,20,Dalarna,PHEV,private,32
2021-07-01,21,Gävleborg,BEV,company,9
2021-07-01,21,Gävleborg,BEV,dealer,7
2021-07-01,21,Gävleborg,BEV,private,33
2021-07-01,21,Gävleborg,DIESEL,company,22
2021-07-01,21,Gävleborg,DIESEL,dealer,23
2021-07-01,21,Gävleborg,DIESEL,private,51
2021-07-01,21,Gävleborg,ETHANOL,company,8
2021-07-01,21,Gävleborg,ETHANOL,dealer,3
2021-07-01,21,Gävleborg,ETHANOL,private,12
2021-07-01,21,Gävleborg,HEV,company,6
2021-07-01,21,Gävleborg,HEV,dealer,15
2021-07-01,21,Gävleborg,HEV,private,31
2021-07-01,21,Gävleborg,PETROL,company,26
2021-07-01,21,Gävleborg,PETROL,dealer,22
2021-07-01,21,Gävleborg,PETROL,private,81
2021-07-01,21,Gävleborg,PHEV,company,13
2021-07-01,21,Gävleborg,PHEV,dealer,4
2021-07-01,21,Gävleborg,PHEV,private,30
2021-07-01,22,Västernorrland,BEV,company,2
2021-07-01,22,Västernorrland,BEV,dealer,7
2021-07-01,22,Västernorrland,BEV,private,27
2021-07-01,22,Västernorrland,DIESEL,company,19
2021-07-01,22,Västernorrland,DIESEL,dealer,23
2021-07-01,22,Västernorrland,DIESEL,private,39
2021-07-01,22,Västernorrland,ETHANOL,company,2
2021-07-01,22,Västernorrland,ETHANOL,dealer,1
2021-07-01,22,Västernorrland,ETHANOL,private,11
2021-07-01,22,Västernorrland,HEV,company,3
2021-07-01,22,Västernorrland,HEV,dealer,7
2021-07-01,22,Västernorrland,HEV,private,5
2021-07-01,22,Västernorrland,PETROL,company,18
2021-07-01,22,Västernorrland,PETROL,dealer,20
2021-07-01,22,Västernorrland,PETROL,private,60
2021-07-01,22,Västernorrland,PHEV,company,15
2021-07-01,22,Västernorrland,PHEV,dealer,13
2021-07-01,22,Västernorrland,PHEV,private,24
2021-07-01,23,Jämtland,BEV,company,4
2021-07-01,23,Jämtland,BEV,dealer,1
2021-07-01,23,Jämtland,BEV,private,7
2021-07-01,23,Jämtland,DIESEL,company,22
2021-07-01,23,Jämtland,DIESEL,dealer,11
2021-07-01,23,Jämtland,DIESEL,private,18
2021-07-01,23,Jämtland,ETHANOL,dealer,1
2021-07-01,23,Jämtland,ETHANOL,private,3
2021-07-01,23,Jämtland,HEV,company,6
2021-07-01,23,Jämtland,HEV,dealer,1
2021-07-01,23,Jämtland,HEV,private,6
2021-07-01,23,Jämtland,PETROL,company,21
2021-07-01,23,Jämtland,PETROL,dealer,8
2021-07-01,23,Jämtland,PETROL,private,14
2021-07-01,23,Jämtland,PHEV,company,8
2021-07-01,23,Jämtland,PHEV,dealer,2
2021-07-01,23,Jämtland,PHEV,private,9
2021-07-01,24,Västerbotten,BEV,company,11
2021-07-01,24,Västerbotten,BEV,dealer,10
2021-07-01,24,Västerbotten,BEV,private,26
2021-07-01,24,Västerbotten,DIESEL,company,28
2021-07-01,24,Västerbotten,DIESEL,dealer,12
2021-07-01,24,Västerbotten,DIESEL,private,34
2021-07-01,24,Västerbotten,ETHANOL,company,4
2021-07-01,24,Västerbotten,ETHANOL,private,2
2021-07-01,24,Västerbotten,HEV,company,2
2021-07-01,24,Västerbotten,HEV,dealer,15
2021-07-01,24,Västerbotten,HEV,private,18
2021-07-01,24,Västerbotten,PETROL,company,17
2021-07-01,24,Västerbotten,PETROL,dealer,25
2021-07-01,24,Västerbotten,PETROL,private,38
2021-07-01,24,Västerbotten,PHEV,company,17
2021-07-01,24,Västerbotten,PHEV,dealer,14
2021-07-01,24,Västerbotten,PHEV,private,27
2021-07-01,25,Norrbotten,BEV,company,11
2021-07-01,25,Norrbotten,BEV,dealer,1
2021-07-01,25,Norrbotten,BEV,private,25
2021-07-01,25,Norrbotten,DIESEL,company,27
2021-07-01,25,Norrbotten,DIESEL,dealer,8
2021-07-01,25,Norrbotten,DIESEL,private,57
2021-07-01,25,Norrbotten,ETHANOL,company,3
2021-07-01,25,Norrbotten,ETHANOL,private,8
2021-07-01,25,Norrbotten,HEV,company,23
2021-07-01,25,Norrbotten,HEV,dealer,6
2021-07-01,25,Norrbotten,HEV,private,9
2021-07-01,25,Norrbotten,PETROL,company,13
2021-07-01,25,Norrbotten,PETROL,dealer,9
2021-07-01,25,Norrbotten,PETROL,private,29
2021-07-01,25,Norrbotten,PHEV,company,15
2021-07-01,25,Norrbotten,PHEV,dealer,4
2021-07-01,25,Norrbotten,PHEV,private,10
2021-08-01,01,Stockholm,BEV,company,628
2021-08-01,01,Stockholm,BEV,dealer,73
2021-08-01,01,Stockholm,BEV,private,629
2021-08-01,01,Stockholm,DIESEL,company,676
2021-08-01,01,Stockholm,DIESEL,dealer,108
2021-08-01,01,Stockholm,DIESEL,private,191
2021-08-01,01,Stockholm,ETHANOL,company,21
2021-08-01,01,Stockholm,ETHANOL,dealer,5
2021-08-01,01,Stockholm,ETHANOL,private,17
2021-08-01,01,Stockholm,GAS,company,60
2021-08-01,01,Stockholm,HEV,company,188
2021-08-01,01,Stockholm,HEV,dealer,58
2021-08-01,01,Stockholm,HEV,private,200
2021-08-01,01,Stockholm,PETROL,company,462
2021-08-01,01,Stockholm,PETROL,dealer,229
2021-08-01,01,Stockholm,PETROL,private,874
2021-08-01,01,Stockholm,PHEV,company,1360
2021-08-01,01,Stockholm,PHEV,dealer,277
2021-08-01,01,Stockholm,PHEV,private,434
2021-08-01,03,Uppsala,BEV,company,36
2021-08-01,03,Uppsala,BEV,dealer,12
2021-08-01,03,Uppsala,BEV,private,115
2021-08-01,03,Uppsala,DIESEL,company,26
2021-08-01,03,Uppsala,DIESEL,dealer,3
2021-08-01,03,Uppsala,DIESEL,private,32
2021-08-01,03,Uppsala,ETHANOL,dealer,1
2021-08-01,03,Uppsala,ETHANOL,private,3
2021-08-01,03,Uppsala,GAS,company,5
2021-08-01,03,Uppsala,HEV,company,4
2021-08-01,03,Uppsala,HEV,dealer,34
2021-08-01,03,Uppsala,HEV,private,36
2021-08-01,03,Uppsala,OTHER,private,1
2021-08-01,03,Uppsala,PETROL,company,17
2021-08-01,03,Uppsala,PETROL,dealer,21
2021-08-01,03,Uppsala,PETROL,private,115
2021-08-01,03,Uppsala,PHEV,company,28
2021-08-01,03,Uppsala,PHEV,dealer,9
2021-08-01,03,Uppsala,PHEV,private,78
2021-08-01,04,Södermanland,BEV,company,40
2021-08-01,04,Södermanland,BEV,dealer,10
2021-08-01,04,Södermanland,BEV,private,78
2021-08-01,04,Södermanland,DIESEL,company,23
2021-08-01,04,Södermanland,DIESEL,dealer,12
2021-08-01,04,Södermanland,DIESEL,private,28
2021-08-01,04,Södermanland,ETHANOL,company,1
2021-08-01,04,Södermanland,GAS,company,11
2021-08-01,04,Södermanland,HEV,company,10
2021-08-01,04,Södermanland,HEV,dealer,21
2021-08-01,04,Södermanland,HEV,private,19
2021-08-01,04,Södermanland,PETROL,company,20
2021-08-01,04,Södermanland,PETROL,dealer,44
2021-08-01,04,Södermanland,PETROL,private,110
2021-08-01,04,Södermanland,PHEV,company,36
2021-08-01,04,Södermanland,PHEV,dealer,10
2021-08-01,04,Södermanland,PHEV,private,52
2021-08-01,05,Östergötland,BEV,company,52
2021-08-01,05,Östergötland,BEV,dealer,16
2021-08-01,05,Östergötland,BEV,private,105
2021-08-01,05,Östergötland,DIESEL,company,45
2021-08-01,05,Östergötland,DIESEL,dealer,20
2021-08-01,05,Östergötland,DIESEL,private,45
2021-08-01,05,Östergötland,ETHANOL,company,2
2021-08-01,05,Östergötland,ETHANOL,dealer,1
2021-08-01,05,Östergötland,ETHANOL,private,8
2021-08-01,05,Östergötland,HEV,company,19
2021-08-01,05,Östergötland,HEV,dealer,42
2021-08-01,05,Östergötland,HEV,private,37
2021-08-01,05,Östergötland,PETROL,company,59
2021-08-01,05,Östergötland,PETROL,dealer,31
2021-08-01,05,Östergötland,PETROL,private,148
2021-08-01,05,Östergötland,PHEV,company,47
2021-08-01,05,Östergötland,PHEV,dealer,11
2021-08-01,05,Östergötland,PHEV,private,60
2021-08-01,06,Jönköping,BEV,company,44
2021-08-01,06,Jönköping,BEV,dealer,17
2021-08-01,06,Jönköping,BEV,private,121
2021-08-01,06,Jönköping,DIESEL,company,40
2021-08-01,06,Jönköping,DIESEL,dealer,25
2021-08-01,06,Jönköping,DIESEL,private,37
2021-08-01,06,Jönköping,ETHANOL,company,1
2021-08-01,06,Jönköping,ETHANOL,private,2
2021-08-01,06,Jönköping,GAS,company,1
2021-08-01,06,Jönköping,HEV,company,11
2021-08-01,06,Jönköping,HEV,dealer,20
2021-08-01,06,Jönköping,HEV,private,40
2021-08-01,06,Jönköping,PETROL,company,40
2021-08-01,06,Jönköping,PETROL,dealer,77
2021-08-01,06,Jönköping,PETROL,private,164
2021-08-01,06,Jönköping,PHEV,company,51
2021-08-01,06,Jönköping,PHEV,dealer,21
2021-08-01,06,Jönköping,PHEV,private,42
2021-08-01,07,Kronoberg,BEV,company,24
2021-08-01,07,Kronoberg,BEV,dealer,6
2021-08-01,07,Kronoberg,BEV,private,61
2021-08-01,07,Kronoberg,DIESEL,company,10
2021-08-01,07,Kronoberg,DIESEL,dealer,5
2021-08-01,07,Kronoberg,DIESEL,private,15
2021-08-01,07,Kronoberg,ETHANOL,dealer,1
2021-08-01,07,Kronoberg,ETHANOL,private,1
2021-08-01,07,Kronoberg,HEV,company,5
2021-08-01,07,Kronoberg,HEV,dealer,13
2021-08-01,07,Kronoberg,HEV,private,12
2021-08-01,07,Kronoberg,PETROL,company,13
2021-08-01,07,Kronoberg,PETROL,dealer,28
2021-08-01,07,Kronoberg,PETROL,private,75
2021-08-01,07,Kronoberg,PHEV,company,18
2021-08-01,07,Kronoberg,PHEV,dealer,14
2021-08-01,07,Kronoberg,PHEV,private,38
2021-08-01,08,Kalmar,BEV,company,28
2021-08-01,08,Kalmar,BEV,dealer,7
2021-08-01,08,Kalmar,BEV,private,44
2021-08-01,08,Kalmar,DIESEL,company,22
2021-08-01,08,Kalmar,DIESEL,dealer,14
2021-08-01,08,Kalmar,DIESEL,private,34
2021-08-01,08,Kalmar,ETHANOL,company,1
2021-08-01,08,Kalmar,GAS,company,2
2021-08-01,08,Kalmar,GAS,dealer,1
2021-08-01,08,Kalmar,GAS,private,1
2021-08-01,08,Kalmar,HEV,company,6
2021-08-01,08,Kalmar,HEV,dealer,5
2021-08-01,08,Kalmar,HEV,private,17
2021-08-01,08,Kalmar,PETROL,company,22
2021-08-01,08,Kalmar,PETROL,dealer,37
2021-08-01,08,Kalmar,PETROL,private,86
2021-08-01,08,Kalmar,PHEV,company,10
2021-08-01,08,Kalmar,PHEV,dealer,12
2021-08-01,08,Kalmar,PHEV,private,28
2021-08-01,09,Gotland,BEV,company,4
2021-08-01,09,Gotland,BEV,dealer,2
2021-08-01,09,Gotland,BEV,private,11
2021-08-01,09,Gotland,DIESEL,company,6
2021-08-01,09,Gotland,DIESEL,private,6
2021-08-01,09,Gotland,ETHANOL,company,2
2021-08-01,09,Gotland,GAS,company,4
2021-08-01,09,Gotland,HEV,company,1
2021-08-01,09,Gotland,HEV,dealer,1
2021-08-01,09,Gotland,HEV,private,4
2021-08-01,09,Gotland,PETROL,company,2
2021-08-01,09,Gotland,PETROL,dealer,5
2021-08-01,09,Gotland,PETROL,private,22
2021-08-01,09,Gotland,PHEV,company,2
2021-08-01,09,Gotland,PHEV,dealer,3
2021-08-01,09,Gotland,PHEV,private,8
2021-08-01,10,Blekinge,BEV,company,9
2021-08-01,10,Blekinge,BEV,dealer,2
2021-08-01,10,Blekinge,BEV,private,27
2021-08-01,10,Blekinge,DIESEL,company,11
2021-08-01,10,Blekinge,DIESEL,dealer,5
2021-08-01,10,Blekinge,DIESEL,private,9
2021-08-01,10,Blekinge,ETHANOL,company,2
2021-08-01,10,Blekinge,ETHANOL,private,2
2021-08-01,10,Blekinge,GAS,company,3
2021-08-01,10,Blekinge,HEV,company,1
2021-08-01,10,Blekinge,HEV,dealer,10
2021-08-01,10,Blekinge,HEV,private,12
2021-08-01,10,Blekinge,PETROL,company,24
2021-08-01,10,Blekinge,PETROL,dealer,16
2021-08-01,10,Blekinge,PETROL,private,61
2021-08-01,10,Blekinge,PHEV,company,9
2021-08-01,10,Blekinge,PHEV,dealer,5
2021-08-01,10,Blekinge,PHEV,private,24
2021-08-01,12,Skåne,BEV,company,285
2021-08-01,12,Skåne,BEV,dealer,42
2021-08-01,12,Skåne,BEV,private,384
2021-08-01,12,Skåne,DIESEL,company,161
2021-08-01,12,Skåne,DIESEL,dealer,114
2021-08-01,12,Skåne,DIESEL,private,159
2021-08-01,12,Skåne,ETHANOL,dealer,2
2021-08-01,12,Skåne,ETHANOL,private,1
2021-08-01,12,Skåne,GAS,company,26
2021-08-01,12,Skåne,GAS,private,1
2021-08-01,12,Skåne,HEV,company,84
2021-08-01,12,Skåne,HEV,dealer,52
2021-08-01,12,Skåne,HEV,private,125
2021-08-01,12,Skåne,PETROL,company,215
2021-08-01,12,Skåne,PETROL,dealer,216
2021-08-01,12,Skåne,PETROL,private,591
2021-08-01,12,Skåne,PHEV,company,223
2021-08-01,12,Skåne,PHEV,dealer,70
2021-08-01,12,Skåne,PHEV,private,217
2021-08-01,13,Halland,BEV,company,45
2021-08-01,13,Halland,BEV,dealer,9
2021-08-01,13,Halland,BEV,private,171
2021-08-01,13,Halland,DIESEL,company,29
2021-08-01,13,Halland,DIESEL,dealer,17
2021-08-01,13,Halland,DIESEL,private,30
2021-08-01,13,Halland,ETHANOL,private,2
2021-08-01,13,Halland,GAS,company,3
2021-08-01,13,Halland,HEV,company,6
2021-08-01,13,Halland,HEV,dealer,11
2021-08-01,13,Halland,HEV,private,30
2021-08-01,13,Halland,OTHER,company,1
2021-08-01,13,Halland,PETROL,company,35
2021-08-01,13,Halland,PETROL,dealer,77
2021-08-01,13,Halland,PETROL,private,166
2021-08-01,13,Halland,PHEV,company,29
2021-08-01,13,Halland,PHEV,dealer,7
2021-08-01,13,Halland,PHEV,private,54
2021-08-01,14,Västra Götaland,BEV,company,314
2021-08-01,14,Västra Götaland,BEV,dealer,46
2021-08-01,14,Västra Götaland,BEV,private,608
2021-08-01,14,Västra Götaland,DIESEL,company,147
2021-08-01,14,Västra Götaland,DIESEL,dealer,78
2021-08-01,14,Västra Götaland,DIESEL,private,149
2021-08-01,14,Västra Götaland,ETHANOL,company,1
2021-08-01,14,Västra Götaland,ETHANOL,dealer,1
2021-08-01,14,Västra Götaland,ETHANOL,private,10
2021-08-01,14,Västra Götaland,GAS,company,27
2021-08-01,14,Västra Götaland,GAS,private,1
2021-08-01,14,Västra Götaland,HEV,company,66
2021-08-01,14,Västra Götaland,HEV,dealer,129
2021-08-01,14,Västra Götaland,HEV,private,155
2021-08-01,14,Västra Götaland,OTHER,private,2
2021-08-01,14,Västra Götaland,PETROL,company,208
2021-08-01,14,Västra Götaland,PETROL,dealer,234
2021-08-01,14,Västra Götaland,PETROL,private,761
2021-08-01,14,Västra Götaland,PHEV,company,209
2021-08-01,14,Västra Götaland,PHEV,dealer,149
2021-08-01,14,Västra Götaland,PHEV,private,280
2021-08-01,17,Värmland,BEV,company,36
2021-08-01,17,Värmland,BEV,dealer,9
2021-08-01,17,Värmland,BEV,private,44
2021-08-01,17,Värmland,DIESEL,company,37
2021-08-01,17,Värmland,DIESEL,dealer,16
2021-08-01,17,Värmland,DIESEL,private,37
2021-08-01,17,Värmland,ETHANOL,company,5
2021-08-01,17,Värmland,ETHANOL,private,1
2021-08-01,17,Värmland,GAS,company,1
2021-08-01,17,Värmland,HEV,company,9
2021-08-01,17,Värmland,HEV,dealer,24
2021-08-01,17,Värmland,HEV,private,24
2021-08-01,17,Värmland,OTHER,private,1
2021-08-01,17,Värmland,PETROL,company,58
2021-08-01,17,Värmland,PETROL,dealer,46
2021-08-01,17,Värmland,PETROL,private,94
2021-08-01,17,Värmland,PHEV,company,60
2021-08-01,17,Värmland,PHEV,dealer,12
2021-08-01,17,Värmland,PHEV,private,41
2021-08-01,18,Örebro,BEV,company,24
2021-08-01,18,Örebro,BEV,dealer,6
2021-08-01,18,Örebro,BEV,private,80
2021-08-01,18,Örebro,DIESEL,company,25
2021-08-01,18,Örebro,DIESEL,dealer,9
2021-08-01,18,Örebro,DIESEL,private,38
2021-08-01,18,Örebro,ETHANOL,private,5
2021-08-01,18,Örebro,GAS,company,3
2021-08-01,18,Örebro,HEV,company,15
2021-08-01,18,Örebro,HEV,dealer,20
2021-08-01,18,Örebro,HEV,private,21
2021-08-01,18,Örebro,PETROL,company,30
2021-08-01,18,Örebro,PETROL,dealer,20
2021-08-01,18,Örebro,PETROL,private,106
2021-08-01,18,Örebro,PHEV,company,30
2021-08-01,18,Örebro,PHEV,dealer,7
2021-08-01,18,Örebro,PHEV,private,51
2021-08-01,19,Västmanland,BEV,company,21
2021-08-01,19,Västmanland,BEV,dealer,2
2021-08-01,19,Västmanland,BEV,private,70
2021-08-01,19,Västmanland,DIESEL,company,19
2021-08-01,19,Västmanland,DIESEL,dealer,11
2021-08-01,19,Västmanland,DIESEL,private,28
2021-08-01,19,Västmanland,ETHANOL,private,6
2021-08-01,19,Västmanland,GAS,company,2
2021-08-01,19,Västmanland,HEV,company,6
2021-08-01,19,Västmanland,HEV,dealer,6
2021-08-01,19,Västmanland,HEV,private,9
2021-08-01,19,Västmanland,PETROL,company,21
2021-08-01,19,Västmanland,PETROL,dealer,26
2021-08-01,19,Västmanland,PETROL,private,84
2021-08-01,19,Västmanland,PHEV,company,18
2021-08-01,19,Västmanland,PHEV,dealer,10
2021-08-01,19,Västmanland,PHEV,private,73
2021-08-01,20,Dalarna,BEV,company,15
2021-08-01,20,Dalarna,BEV,dealer,5
2021-08-01,20,Dalarna,BEV,private,50
2021-08-01,20,Dalarna,DIESEL,company,28
2021-08-01,20,Dalarna,DIESEL,dealer,25
2021-08-01,20,Dalarna,DIESEL,private,36
2021-08-01,20,Dalarna,ETHANOL,company,2
2021-08-01,20,Dalarna,ETHANOL,private,3
2021-08-01,20,Dalarna,GAS,company,1
2021-08-01,20,Dalarna,HEV,company,1
2021-08-01,20,Dalarna,HEV,dealer,11
2021-08-01,20,Dalarna,HEV,private,27
2021-08-01,20,Dalarna,PETROL,company,25
2021-08-01,20,Dalarna,PETROL,dealer,51
2021-08-01,20,Dalarna,PETROL,private,93
2021-08-01,20,Dalarna,PHEV,company,20
2021-08-01,20,Dalarna,PHEV,dealer,13
2021-08-01,20,Dalarna,PHEV,private,45
2021-08-01,21,Gävleborg,BEV,company,22
2021-08-01,21,Gävleborg,BEV,dealer,5
2021-08-01,21,Gävleborg,BEV,private,37
2021-08-01,21,Gävleborg,DIESEL,company,28
2021-08-01,21,Gävleborg,DIESEL,dealer,40
2021-08-01,21,Gävleborg,DIESEL,private,43
2021-08-01,21,Gävleborg,ETHANOL,private,4
2021-08-01,21,Gävleborg,HEV,company,8
2021-08-01,21,Gävleborg,HEV,dealer,31
2021-08-01,21,Gävleborg,HEV,private,41
2021-08-01,21,Gävleborg,PETROL,company,17
2021-08-01,21,Gävleborg,PETROL,dealer,41
2021-08-01,21,Gävleborg,PETROL,private,65
2021-08-01,21,Gävleborg,PHEV,company,13
2021-08-01,21,Gävleborg,PHEV,dealer,11
2021-08-01,21,Gävleborg,PHEV,private,35
2021-08-01,22,Västernorrland,BEV,company,18
2021-08-01,22,Västernorrland,BEV,dealer,4
2021-08-01,22,Västernorrland,BEV,private,52
2021-08-01,22,Västernorrland,DIESEL,company,24
2021-08-01,22,Västernorrland,DIESEL,dealer,31
2021-08-01,22,Västernorrland,DIESEL,private,26
2021-08-01,22,Västernorrland,ETHANOL,private,1
2021-08-01,22,Västernorrland,GAS,company,2
2021-08-01,22,Västernorrland,HEV,company,3
2021-08-01,22,Västernorrland,HEV,dealer,20
2021-08-01,22,Västernorrland,HEV,private,13
2021-08-01,22,Västernorrland,PETROL,company,21
2021-08-01,22,Västernorrland,PETROL,dealer,19
2021-08-01,22,Västernorrland,PETROL,private,59
2021-08-01,22,Västernorrland,PHEV,company,19
2021-08-01,22,Västernorrland,PHEV,dealer,8
2021-08-01,22,Västernorrland,PHEV,private,38
2021-08-01,23,Jämtland,BEV,company,15
2021-08-01,23,Jämtland,BEV,dealer,4
2021-08-01,23,Jämtland,BEV,private,19
2021-08-01,23,Jämtland,DIESEL,company,11
2021-08-01,23,Jämtland,DIESEL,dealer,21
2021-08-01,23,Jämtland,DIESEL,private,12
2021-08-01,23,Jämtland,ETHANOL,company,1
2021-08-01,23,Jämtland,ETHANOL,private,1
2021-08-01,23,Jämtland,GAS,private,1
2021-08-01,23,Jämtland,HEV,company,5
2021-08-01,23,Jämtland,HEV,dealer,5
2021-08-01,23,Jämtland,HEV,private,3
2021-08-01,23,Jämtland,PETROL,company,12
2021-08-01,23,Jämtland,PETROL,dealer,10
2021-08-01,23,Jämtland,PETROL,private,7
2021-08-01,23,Jämtland,PHEV,company,16
2021-08-01,23,Jämtland,PHEV,dealer,2
2021-08-01,23,Jämtland,PHEV,private,7
2021-08-01,24,Västerbotten,BEV,company,24
2021-08-01,24,Västerbotten,BEV,dealer,7
2021-08-01,24,Västerbotten,BEV,private,63
2021-08-01,24,Västerbotten,DIESEL,company,40
2021-08-01,24,Västerbotten,DIESEL,dealer,19
2021-08-01,24,Västerbotten,DIESEL,private,32
2021-08-01,24,Västerbotten,ETHANOL,private,6
2021-08-01,24,Västerbotten,GAS,company,6
2021-08-01,24,Västerbotten,HEV,company,5
2021-08-01,24,Västerbotten,HEV,dealer,22
2021-08-01,24,Västerbotten,HEV,private,24
2021-08-01,24,Västerbotten,PETROL,company,20
2021-08-01,24,Västerbotten,PETROL,dealer,32
2021-08-01,24,Västerbotten,PETROL,private,40
2021-08-01,24,Västerbotten,PHEV,company,24
2021-08-01,24,Västerbotten,PHEV,dealer,6
2021-08-01,24,Västerbotten,PHEV,private,39
2021-08-01,25,Norrbotten,BEV,company,16
2021-08-01,25,Norrbotten,BEV,dealer,1
2021-08-01,25,Norrbotten,BEV,private,52
2021-08-01,25,Norrbotten,DIESEL,company,36
2021-08-01,25,Norrbotten,DIESEL,dealer,12
2021-08-01,25,Norrbotten,DIESEL,private,43
2021-08-01,25,Norrbotten,ETHANOL,company,3
2021-08-01,25,Norrbotten,ETHANOL,private,1
2021-08-01,25,Norrbotten,HEV,company,14
2021-08-01,25,Norrbotten,HEV,dealer,8
2021-08-01,25,Norrbotten,HEV,private,6
2021-08-01,25,Norrbotten,PETROL,company,9
2021-08-01,25,Norrbotten,PETROL,dealer,4
2021-08-01,25,Norrbotten,PETROL,private,25
2021-08-01,25,Norrbotten,PHEV,company,16
2021-08-01,25,Norrbotten,PHEV,dealer,5
2021-08-01,25,Norrbotten,PHEV,private,17
2021-09-01,01,Stockholm,BEV,company,1278
2021-09-01,01,Stockholm,BEV,dealer,116
2021-09-01,01,Stockholm,BEV,private,1021
2021-09-01,01,Stockholm,DIESEL,company,864
2021-09-01,01,Stockholm,DIESEL,dealer,123
2021-09-01,01,Stockholm,DIESEL,private,149
2021-09-01,01,Stockholm,ETHANOL,company,8
2021-09-01,01,Stockholm,ETHANOL,dealer,6
2021-09-01,01,Stockholm,ETHANOL,private,19
2021-09-01,01,Stockholm,GAS,company,53
2021-09-01,01,Stockholm,HEV,company,209
2021-09-01,01,Stockholm,HEV,dealer,45
2021-09-01,01,Stockholm,HEV,private,166
2021-09-01,01,Stockholm,PETROL,company,512
2021-09-01,01,Stockholm,PETROL,dealer,210
2021-09-01,01,Stockholm,PETROL,private,790
2021-09-01,01,Stockholm,PHEV,company,1287
2021-09-01,01,Stockholm,PHEV,dealer,220
2021-09-01,01,Stockholm,PHEV,private,455
2021-09-01,03,Uppsala,BEV,company,74
2021-09-01,03,Uppsala,BEV,dealer,11
2021-09-01,03,Uppsala,BEV,private,113
2021-09-01,03,Uppsala,DIESEL,company,29
2021-09-01,03,Uppsala,DIESEL,dealer,9
2021-09-01,03,Uppsala,DIESEL,private,31
2021-09-01,03,Uppsala,ETHANOL,company,2
2021-09-01,03,Uppsala,ETHANOL,private,2
2021-09-01,03,Uppsala,GAS,company,1
2021-09-01,03,Uppsala,HEV,company,8
2021-09-01,03,Uppsala,HEV,dealer,29
2021-09-01,03,Uppsala,HEV,private,25
2021-09-01,03,Uppsala,PETROL,company,34
2021-09-01,03,Uppsala,PETROL,dealer,30
2021-09-01,03,Uppsala,PETROL,private,120
2021-09-01,03,Uppsala,PHEV,company,35
2021-09-01,03,Uppsala,PHEV,dealer,9
2021-09-01,03,Uppsala,PHEV,private,86
2021-09-01,04,Södermanland,BEV,company,44
2021-09-01,04,Södermanland,BEV,dealer,11
2021-09-01,04,Södermanland,BEV,private,110
2021-09-01,04,Södermanland,DIESEL,company,34
2021-09-01,04,Södermanland,DIESEL,dealer,15
2021-09-01,04,Södermanland,DIESEL,private,17
2021-09-01,04,Södermanland,ETHANOL,private,2
2021-09-01,04,Södermanland,GAS,company,6
2021-09-01,04,Södermanland,HEV,company,7
2021-09-01,04,Södermanland,HEV,dealer,9
2021-09-01,04,Södermanland,HEV,private,21
2021-09-01,04,Södermanland,PETROL,company,24
2021-09-01,04,Södermanland,PETROL,dealer,74
2021-09-01,04,Södermanland,PETROL,private,106
2021-09-01,04,Södermanland,PHEV,company,34
2021-09-01,04,Södermanland,PHEV,dealer,10
2021-09-01,04,Södermanland,PHEV,private,47
2021-09-01,05,Östergötland,BEV,company,91
2021-09-01,05,Östergötland,BEV,dealer,47
2021-09-01,05,Östergötland,BEV,private,190
2021-09-01,05,Östergötland,DIESEL,company,54
2021-09-01,05,Östergötland,DIESEL,dealer,12
2021-09-01,05,Östergötland,DIESEL,private,20
2021-09-01,05,Östergötland,ETHANOL,company,1
2021-09-01,05,Östergötland,ETHANOL,dealer,1
2021-09-01,05,Östergötland,ETHANOL,private,7
2021-09-01,05,Östergötland,HEV,company,22
2021-09-01,05,Östergötland,HEV,dealer,41
2021-09-01,05,Östergötland,HEV,private,28
2021-09-01,05,Östergötland,PETROL,company,37
2021-09-01,05,Östergötland,PETROL,dealer,55
2021-09-01,05,Östergötland,PETROL,private,185
2021-09-01,05,Östergötland,PHEV,company,51
2021-09-01,05,Östergötland,PHEV,dealer,24
2021-09-01,05,Östergötland,PHEV,private,83
2021-09-01,06,Jönköping,BEV,company,85
2021-09-01,06,Jönköping,BEV,dealer,12
2021-09-01,06,Jönköping,BEV,private,179
2021-09-01,06,Jönköping,DIESEL,company,43
2021-09-01,06,Jönköping,DIESEL,dealer,23
2021-09-01,06,Jönköping,DIESEL,private,30
2021-09-01,06,Jönköping,ETHANOL,company,3
2021-09-01,06,Jönköping,ETHANOL,private,4
2021-09-01,06,Jönköping,GAS,company,2
2021-09-01,06,Jönköping,HEV,company,10
2021-09-01,06,Jönköping,HEV,dealer,42
2021-09-01,06,Jönköping,HEV,private,40
2021-09-01,06,Jönköping,PETROL,company,39
2021-09-01,06,Jönköping,PETROL,dealer,65
2021-09-01,06,Jönköping,PETROL,private,134
2021-09-01,06,Jönköping,PHEV,company,31
2021-09-01,06,Jönköping,PHEV,dealer,26
2021-09-01,06,Jönköping,PHEV,private,46
2021-09-01,07,Kronoberg,BEV,company,36
2021-09-01,07,Kronoberg,BEV,dealer,8
2021-09-01,07,Kronoberg,BEV,private,89
2021-09-01,07,Kronoberg,DIESEL,company,20
2021-09-01,07,Kronoberg,DIESEL,dealer,5
2021-09-01,07,Kronoberg,DIESEL,private,20
2021-09-01,07,Kronoberg,ETHANOL,company,2
2021-09-01,07,Kronoberg,HEV,company,5
2021-09-01,07,Kronoberg,HEV,dealer,14
2021-09-01,07,Kronoberg,HEV,private,7
2021-09-01,07,Kronoberg,PETROL,company,13
2021-09-01,07,Kronoberg,PETROL,dealer,41
2021-09-01,07,Kronoberg,PETROL,private,76
2021-09-01,07,Kronoberg,PHEV,company,15
2021-09-01,07,Kronoberg,PHEV,dealer,17
2021-09-01,07,Kronoberg,PHEV,private,23
2021-09-01,08,Kalmar,BEV,company,21
2021-09-01,08,Kalmar,BEV,dealer,6
2021-09-01,08,Kalmar,BEV,private,66
2021-09-01,08,Kalmar,DIESEL,company,16
2021-09-01,08,Kalmar,DIESEL,dealer,26
2021-09-01,08,Kalmar,DIESEL,private,13
2021-09-01,08,Kalmar,ETHANOL,company,1
2021-09-01,08,Kalmar,ETHANOL,private,1
2021-09-01,08,Kalmar,GAS,company,15
2021-09-01,08,Kalmar,GAS,private,1
2021-09-01,08,Kalmar,HEV,company,6
2021-09-01,08,Kalmar,HEV,dealer,5
2021-09-01,08,Kalmar,HEV,private,15
2021-09-01,08,Kalmar,PETROL,company,13
2021-09-01,08,Kalmar,PETROL,dealer,35
2021-09-01,08,Kalmar,PETROL,private,96
2021-09-01,08,Kalmar,PHEV,company,13
2021-09-01,08,Kalmar,PHEV,dealer,14
2021-09-01,08,Kalmar,PHEV,private,30
2021-09-01,09,Gotland,BEV,company,7
2021-09-01,09,Gotland,BEV,dealer,2
2021-09-01,09,Gotland,BEV,private,8
2021-09-01,09,Gotland,DIESEL,company,1
2021-09-01,09,Gotland,DIESEL,dealer,1
2021-09-01,09,Gotland,DIESEL,private,8
2021-09-01,09,Gotland,HEV,dealer,2
2021-09-01,09,Gotland,HEV,private,1
2021-09-01,09,Gotland,PETROL,company,3
2021-09-01,09,Gotland,PETROL,dealer,6
2021-09-01,09,Gotland,PETROL,private,23
2021-09-01,09,Gotland,PHEV,company,6
2021-09-01,09,Gotland,PHEV,dealer,1
2021-09-01,09,Gotland,PHEV,private,2
2021-09-01,10,Blekinge,BEV,company,18
2021-09-01,10,Blekinge,BEV,dealer,2
2021-09-01,10,Blekinge,BEV,private,49
2021-09-01,10,Blekinge,DIESEL,company,14
2021-09-01,10,Blekinge,DIESEL,dealer,8
2021-09-01,10,Blekinge,DIESEL,private,17
2021-09-01,10,Blekinge,ETHANOL,private,1
2021-09-01,10,Blekinge,HEV,company,7
2021-09-01,10,Blekinge,HEV,dealer,8
2021-09-01,10,Blekinge,HEV,private,10
2021-09-01,10,Blekinge,PETROL,company,8
2021-09-01,10,Blekinge,PETROL,dealer,30
2021-09-01,10,Blekinge,PETROL,private,71
2021-09-01,10,Blekinge,PHEV,company,11
2021-09-01,10,Blekinge,PHEV,dealer,8
2021-09-01,10,Blekinge,PHEV,private,27
2021-09-01,12,Skåne,BEV,company,458
2021-09-01,12,Skåne,BEV,dealer,53
2021-09-01,12,Skåne,BEV,private,555
2021-09-01,12,Skåne,DIESEL,company,180
2021-09-01,12,Skåne,DIESEL,dealer,72
2021-09-01,12,Skåne,DIESEL,private,136
2021-09-01,12,Skåne,ETHANOL,company,2
2021-09-01,12,Skåne,ETHANOL,dealer,7
2021-09-01,12,Skåne,ETHANOL,private,11
2021-09-01,12,Skåne,GAS,company,36
2021-09-01,12,Skåne,HEV,company,48
2021-09-01,12,Skåne,HEV,dealer,62
2021-09-01,12,Skåne,HEV,private,93
2021-09-01,12,Skåne,PETROL,company,251
2021-09-01,12,Skåne,PETROL,dealer,171
2021-09-01,12,Skåne,PETROL,private,530
2021-09-01,12,Skåne,PHEV,company,260
2021-09-01,12,Skåne,PHEV,dealer,68
2021-09-01,12,Skåne,PHEV,private,185
2021-09-01,13,Halland,BEV,company,87
2021-09-01,13,Halland,BEV,dealer,16
2021-09-01,13,Halland,BEV,private,205
2021-09-01,13,Halland,DIESEL,company,25
2021-09-01,13,Halland,DIESEL,dealer,14
2021-09-01,13,Halland,DIESEL,private,36
2021-09-01,13,Halland,ETHANOL,company,1
2021-09-01,13,Halland,GAS,company,3
2021-09-01,13,Halland,HEV,company,4
2021-09-01,13,Halland,HEV,dealer,25
2021-09-01,13,Halland,HEV,private,16
2021-09-01,13,Halland,PETROL,company,34
2021-09-01,13,Halland,PETROL,dealer,58
2021-09-01,13,Halland,PETROL,private,157
2021-09-01,13,Halland,PHEV,company,23
2021-09-01,13,Halland,PHEV,dealer,11
2021-09-01,13,Halland,PHEV,private,67
2021-09-01,14,Västra Götaland,BEV,company,498
2021-09-01,14,Västra Götaland,BEV,dealer,45
2021-09-01,14,Västra Götaland,BEV,private,868
2021-09-01,14,Västra Götaland,DIESEL,company,128
2021-09-01,14,Västra Götaland,DIESEL,dealer,117
2021-09-01,14,Västra Götaland,DIESEL,private,154
2021-09-01,14,Västra Götaland,ETHANOL,company,2
2021-09-01,14,Västra Götaland,ETHANOL,dealer,4
2021-09-01,14,Västra Götaland,ETHANOL,private,16
2021-09-01,14,Västra Götaland,GAS,company,14
2021-09-01,14,Västra Götaland,HEV,company,91
2021-09-01,14,Västra Götaland,HEV,dealer,143
2021-09-01,14,Västra Götaland,HEV,private,115
2021-09-01,14,Västra Götaland,OTHER,company,1
2021-09-01,14,Västra Götaland,PETROL,company,194
2021-09-01,14,Västra Götaland,PETROL,dealer,362
2021-09-01,14,Västra Götaland,PETROL,private,797
2021-09-01,14,Västra Götaland,PHEV,company,249
2021-09-01,14,Västra Götaland,PHEV,dealer,324
2021-09-01,14,Västra Götaland,PHEV,private,339
2021-09-01,17,Värmland,BEV,company,54
2021-09-01,17,Värmland,BEV,dealer,5
2021-09-01,17,Värmland,BEV,private,76
2021-09-01,17,Värmland,DIESEL,company,37
2021-09-01,17,Värmland,DIESEL,dealer,24
2021-09-01,17,Värmland,DIESEL,private,32
2021-09-01,17,Värmland,ETHANOL,company,7
2021-09-01,17,Värmland,ETHANOL,private,3
2021-09-01,17,Värmland,HEV,company,18
2021-09-01,17,Värmland,HEV,dealer,20
2021-09-01,17,Värmland,HEV,private,17
2021-09-01,17,Värmland,PETROL,company,40
2021-09-01,17,Värmland,PETROL,dealer,25
2021-09-01,17,Värmland,PETROL,private,94
2021-09-01,17,Värmland,PHEV,company,38
2021-09-01,17,Värmland,PHEV,dealer,8
2021-09-01,17,Värmland,PHEV,private,46
2021-09-01,18,Örebro,BEV,company,38
2021-09-01,18,Örebro,BEV,dealer,3
2021-09-01,18,Örebro,BEV,private,103
2021-09-01,18,Örebro,DIESEL,company,26
2021-09-01,18,Örebro,DIESEL,dealer,11
2021-09-01,18,Örebro,DIESEL,private,21
2021-09-01,18,Örebro,ETHANOL,company,1
2021-09-01,18,Örebro,ETHANOL,dealer,1
2021-09-01,18,Örebro,ETHANOL,private,4
2021-09-01,18,Örebro,GAS,company,5
2021-09-01,18,Örebro,HEV,company,11
2021-09-01,18,Örebro,HEV,dealer,26
2021-09-01,18,Örebro,HEV,private,15
2021-09-01,18,Örebro,PETROL,company,32
2021-09-01,18,Örebro,PETROL,dealer,21
2021-09-01,18,Örebro,PETROL,private,104
2021-09-01,18,Örebro,PHEV,company,12
2021-09-01,18,Örebro,PHEV,dealer,5
2021-09-01,18,Örebro,PHEV,private,45
2021-09-01,19,Västmanland,BEV,company,35
2021-09-01,19,Västmanland,BEV,dealer,6
2021-09-01,19,Västmanland,BEV,private,97
2021-09-01,19,Västmanland,DIESEL,company,20
2021-09-01,19,Västmanland,DIESEL,dealer,17
2021-09-01,19,Västmanland,DIESEL,private,26
2021-09-01,19,Västmanland,ETHANOL,company,1
2021-09-01,19,Västmanland,ETHANOL,dealer,2
2021-09-01,19,Västmanland,ETHANOL,private,2
2021-09-01,19,Västmanland,GAS,company,2
2021-09-01,19,Västmanland,HEV,company,5
2021-09-01,19,Västmanland,HEV,dealer,5
2021-09-01,19,Västmanland,HEV,private,11
2021-09-01,19,Västmanland,PETROL,company,22
2021-09-01,19,Västmanland,PETROL,dealer,28
2021-09-01,19,Västmanland,PETROL,private,91
2021-09-01,19,Västmanland,PHEV,company,15
2021-09-01,19,Västmanland,PHEV,dealer,8
2021-09-01,19,Västmanland,PHEV,private,67
2021-09-01,20,Dalarna,BEV,company,25
2021-09-01,20,Dalarna,BEV,dealer,8
2021-09-01,20,Dalarna,BEV,private,81
2021-09-01,20,Dalarna,DIESEL,company,28
2021-09-01,20,Dalarna,DIESEL,dealer,19
2021-09-01,20,Dalarna,DIESEL,private,14
2021-09-01,20,Dalarna,ETHANOL,company,3
2021-09-01,20,Dalarna,HEV,company,8
2021-09-01,20,Dalarna,HEV,dealer,17
2021-09-01,20,Dalarna,HEV,private,11
2021-09-01,20,Dalarna,PETROL,company,28
2021-09-01,20,Dalarna,PETROL,dealer,30
2021-09-01,20,Dalarna,PETROL,private,69
2021-09-01,20,Dalarna,PHEV,company,29
2021-09-01,20,Dalarna,PHEV,dealer,23
2021-09-01,20,Dalarna,PHEV,private,47
2021-09-01,21,Gävleborg,BEV,company,26
2021-09-01,21,Gävleborg,BEV,dealer,12
2021-09-01,21,Gävleborg,BEV,private,61
2021-09-01,21,Gävleborg,DIESEL,company,21
2021-09-01,21,Gävleborg,DIESEL,dealer,40
2021-09-01,21,Gävleborg,DIESEL,private,21
2021-09-01,21,Gävleborg,ETHANOL,company,1
2021-09-01,21,Gävleborg,ETHANOL,private,8
2021-09-01,21,Gävleborg,HEV,company,15
2021-09-01,21,Gävleborg,HEV,dealer,10
2021-09-01,21,Gävleborg,HEV,private,21
2021-09-01,21,Gävleborg,PETROL,company,30
2021-09-01,21,Gävleborg,PETROL,dealer,36
2021-09-01,21,Gävleborg,PETROL,private,64
2021-09-01,21,Gävleborg,PHEV,company,14
2021-09-01,21,Gävleborg,PHEV,dealer,8
2021-09-01,21,Gävleborg,PHEV,private,28
2021-09-01,22,Västernorrland,BEV,company,32
2021-09-01,22,Västernorrland,BEV,dealer,6
2021-09-01,22,Västernorrland,BEV,private,57
2021-09-01,22,Västernorrland,DIESEL,company,16
2021-09-01,22,Västernorrland,DIESEL,dealer,21
2021-09-01,22,Västernorrland,DIESEL,private,21
2021-09-01,22,Västernorrland,ETHANOL,dealer,5
2021-09-01,22,Västernorrland,ETHANOL,private,5
2021-09-01,22,Västernorrland,HEV,company,1
2021-09-01,22,Västernorrland,HEV,dealer,24
2021-09-01,22,Västernorrland,HEV,private,15
2021-09-01,22,Västernorrland,PETROL,company,22
2021-09-01,22,Västernorrland,PETROL,dealer,30
2021-09-01,22,Västernorrland,PETROL,private,64
2021-09-01,22,Västernorrland,PHEV,company,14
2021-09-01,22,Västernorrland,PHEV,dealer,6
2021-09-01,22,Västernorrland,PHEV,private,37
2021-09-01,23,Jämtland,BEV,company,19
2021-09-01,23,Jämtland,BEV,dealer,1
2021-09-01,23,Jämtland,BEV,private,20
2021-09-01,23,Jämtland,DIESEL,company,12
2021-09-01,23,Jämtland,DIESEL,private,9
2021-09-01,23,Jämtland,ETHANOL,company,1
2021-09-01,23,Jämtland,ETHANOL,dealer,1
2021-09-01,23,Jämtland,ETHANOL,private,1
2021-09-01,23,Jämtland,GAS,company,2
2021-09-01,23,Jämtland,HEV,company,8
2021-09-01,23,Jämtland,HEV,dealer,7
2021-09-01,23,Jämtland,HEV,private,5
2021-09-01,23,Jämtland,PETROL,company,6
2021-09-01,23,Jämtland,PETROL,dealer,4
2021-09-01,23,Jämtland,PETROL,private,16
2021-09-01,23,Jämtland,PHEV,company,15
2021-09-01,23,Jämtland,PHEV,dealer,12
2021-09-01,23,Jämtland,PHEV,private,18
2021-09-01,24,Västerbotten,BEV,company,43
2021-09-01,24,Västerbotten,BEV,dealer,9
2021-09-01,24,Västerbotten,BEV,private,87
2021-09-01,24,Västerbotten,DIESEL,company,23
2021-09-01,24,Västerbotten,DIESEL,dealer,9
2021-09-01,24,Västerbotten,DIESEL,private,20
2021-09-01,24,Västerbotten,ETHANOL,company,4
2021-09-01,24,Västerbotten,ETHANOL,dealer,2
2021-09-01,24,Västerbotten,ETHANOL,private,6
2021-09-01,24,Västerbotten,HEV,company,4
2021-09-01,24,Västerbotten,HEV,dealer,31
2021-09-01,24,Västerbotten,HEV,private,23
2021-09-01,24,Västerbotten,PETROL,company,28
2021-09-01,24,Västerbotten,PETROL,dealer,25
2021-09-01,24,Västerbotten,PETROL,private,52
2021-09-01,24,Västerbotten,PHEV,company,23
2021-09-01,24,Västerbotten,PHEV,dealer,14
2021-09-01,24,Västerbotten,PHEV,private,52
2021-09-01,25,Norrbotten,BEV,company,31
2021-09-01,25,Norrbotten,BEV,dealer,3
2021-09-01,25,Norrbotten,BEV,private,69
2021-09-01,25,Norrbotten,DIESEL,company,29
2021-09-01,25,Norrbotten,DIESEL,dealer,5
2021-09-01,25,Norrbotten,DIESEL,private,30
2021-09-01,25,Norrbotten,ETHANOL,company,1
2021-09-01,25,Norrbotten,ETHANOL,dealer,2
2021-09-01,25,Norrbotten,ETHANOL,private,3
2021-09-01,25,Norrbotten,HEV,company,25
2021-09-01,25,Norrbotten,HEV,dealer,7
2021-09-01,25,Norrbotten,HEV,private,3
2021-09-01,25,Norrbotten,PETROL,company,15
2021-09-01,25,Norrbotten,PETROL,dealer,13
2021-09-01,25,Norrbotten,PETROL,private,42
2021-09-01,25,Norrbotten,PHEV,company,29
2021-09-01,25,Norrbotten,PHEV,dealer,2
2021-09-01,25,Norrbotten,PHEV,private,26
2021-10-01,01,Stockholm,BEV,company,868
2021-10-01,01,Stockholm,BEV,dealer,202
2021-10-01,01,Stockholm,BEV,private,506
2021-10-01,01,Stockholm,DIESEL,company,479
2021-10-01,01,Stockholm,DIESEL,dealer,125
2021-10-01,01,Stockholm,DIESEL,private,151
2021-10-01,01,Stockholm,ETHANOL,company,10
2021-10-01,01,Stockholm,ETHANOL,dealer,3
2021-10-01,01,Stockholm,ETHANOL,private,24
2021-10-01,01,Stockholm,GAS,company,38
2021-10-01,01,Stockholm,GAS,dealer,1
2021-10-01,01,Stockholm,HEV,company,162
2021-10-01,01,Stockholm,HEV,dealer,81
2021-10-01,01,Stockholm,HEV,private,165
2021-10-01,01,Stockholm,OTHER,dealer,1
2021-10-01,01,Stockholm,PETROL,company,446
2021-10-01,01,Stockholm,PETROL,dealer,177
2021-10-01,01,Stockholm,PETROL,private,715
2021-10-01,01,Stockholm,PHEV,company,1343
2021-10-01,01,Stockholm,PHEV,dealer,203
2021-10-01,01,Stockholm,PHEV,private,539
2021-10-01,03,Uppsala,BEV,company,42
2021-10-01,03,Uppsala,BEV,dealer,5
2021-10-01,03,Uppsala,BEV,private,111
2021-10-01,03,Uppsala,DIESEL,company,22
2021-10-01,03,Uppsala,DIESEL,dealer,12
2021-10-01,03,Uppsala,DIESEL,private,19
2021-10-01,03,Uppsala,ETHANOL,company,2
2021-10-01,03,Uppsala,ETHANOL,dealer,1
2021-10-01,03,Uppsala,ETHANOL,private,1
2021-10-01,03,Uppsala,GAS,company,1
2021-10-01,03,Uppsala,HEV,company,4
2021-10-01,03,Uppsala,HEV,dealer,10
2021-10-01,03,Uppsala,HEV,private,25
2021-10-01,03,Uppsala,OTHER,private,1
2021-10-01,03,Uppsala,PETROL,company,22
2021-10-01,03,Uppsala,PETROL,dealer,17
2021-10-01,03,Uppsala,PETROL,private,93
2021-10-01,03,Uppsala,PHEV,company,55
2021-10-01,03,Uppsala,PHEV,dealer,26
2021-10-01,03,Uppsala,PHEV,private,85
2021-10-01,04,Södermanland,BEV,company,21
2021-10-01,04,Södermanland,BEV,dealer,10
2021-10-01,04,Södermanland,BEV,private,57
2021-10-01,04,Södermanland,DIESEL,company,25
2021-10-01,04,Södermanland,DIESEL,dealer,18
2021-10-01,04,Södermanland,DIESEL,private,29
2021-10-01,04,Södermanland,ETHANOL,dealer,2
2021-10-01,04,Södermanland,ETHANOL,private,1
2021-10-01,04,Södermanland,GAS,company,2
2021-10-01,04,Södermanland,HEV,company,6
2021-10-01,04,Södermanland,HEV,dealer,6
2021-10-01,04,Södermanland,HEV,private,20
2021-10-01,04,Södermanland,PETROL,company,26
2021-10-01,04,Södermanland,PETROL,dealer,35
2021-10-01,04,Södermanland,PETROL,private,103
2021-10-01,04,Södermanland,PHEV,company,37
2021-10-01,04,Södermanland,PHEV,dealer,21
2021-10-01,04,Södermanland,PHEV,private,76
2021-10-01,05,Östergötland,BEV,company,30
2021-10-01,05,Östergötland,BEV,dealer,12
2021-10-01,05,Östergötland,BEV,private,85
2021-10-01,05,Östergötland,DIESEL,company,63
2021-10-01,05,Östergötland,DIESEL,dealer,15
2021-10-01,05,Östergötland,DIESEL,private,35
2021-10-01,05,Östergötland,ETHANOL,company,3
2021-10-01,05,Östergötland,ETHANOL,dealer,2
2021-10-01,05,Östergötland,ETHANOL,private,3
2021-10-01,05,Östergötland,HEV,company,6
2021-10-01,05,Östergötland,HEV,dealer,38
2021-10-01,05,Östergötland,HEV,private,23
2021-10-01,05,Östergötland,PETROL,company,50
2021-10-01,05,Östergötland,PETROL,dealer,58
2021-10-01,05,Östergötland,PETROL,private,141
2021-10-01,05,Östergötland,PHEV,company,104
2021-10-01,05,Östergötland,PHEV,dealer,19
2021-10-01,05,Östergötland,PHEV,private,116
2021-10-01,06,Jönköping,BEV,company,38
2021-10-01,06,Jönköping,BEV,dealer,11
2021-10-01,06,Jönköping,BEV,private,79
2021-10-01,06,Jönköping,DIESEL,company,51
2021-10-01,06,Jönköping,DIESEL,dealer,47
2021-10-01,06,Jönköping,DIESEL,private,37
2021-10-01,06,Jönköping,ETHANOL,company,1
2021-10-01,06,Jönköping,ETHANOL,dealer,2
2021-10-01,06,Jönköping,ETHANOL,private,1
2021-10-01,06,Jönköping,GAS,company,1
2021-10-01,06,Jönköping,HEV,company,14
2021-10-01,06,Jönköping,HEV,dealer,28
2021-10-01,06,Jönköping,HEV,private,33
2021-10-01,06,Jönköping,PETROL,company,52
2021-10-01,06,Jönköping,PETROL,dealer,46
2021-10-01,06,Jönköping,PETROL,private,166
2021-10-01,06,Jönköping,PHEV,company,45
2021-10-01,06,Jönköping,PHEV,dealer,24
2021-10-01,06,Jönköping,PHEV,private,61
2021-10-01,07,Kronoberg,BEV,company,18
2021-10-01,07,Kronoberg,BEV,dealer,5
2021-10-01,07,Kronoberg,BEV,private,66
2021-10-01,07,Kronoberg,DIESEL,company,13
2021-10-01,07,Kronoberg,DIESEL,dealer,5
2021-10-01,07,Kronoberg,DIESEL,private,22
2021-10-01,07,Kronoberg,ETHANOL,private,2
2021-10-01,07,Kronoberg,GAS,private,1
2021-10-01,07,Kronoberg,HEV,company,8
2021-10-01,07,Kronoberg,HEV,dealer,16
2021-10-01,07,Kronoberg,HEV,private,12
2021-10-01,07,Kronoberg,PETROL,company,17
2021-10-01,07,Kronoberg,PETROL,dealer,29
2021-10-01,07,Kronoberg,PETROL,private,64
2021-10-01,07,Kronoberg,PHEV,company,21
2021-10-01,07,Kronoberg,PHEV,dealer,15
2021-10-01,07,Kronoberg,PHEV,private,43
2021-10-01,08,Kalmar,BEV,company,16
2021-10-01,08,Kalmar,BEV,dealer,6
2021-10-01,08,Kalmar,BEV,private,44
2021-10-01,08,Kalmar,DIESEL,company,13
2021-10-01,08,Kalmar,DIESEL,dealer,31
2021-10-01,08,Kalmar,DIESEL,private,20
2021-10-01,08,Kalmar,ETHANOL,company,2
2021-10-01,08,Kalmar,GAS,company,3
2021-10-01,08,Kalmar,HEV,company,5
2021-10-01,08,Kalmar,HEV,dealer,3
2021-10-01,08,Kalmar,HEV,private,10
2021-10-01,08,Kalmar,PETROL,company,14
2021-10-01,08,Kalmar,PETROL,dealer,32
2021-10-01,08,Kalmar,PETROL,private,71
2021-10-01,08,Kalmar,PHEV,company,25
2021-10-01,08,Kalmar,PHEV,dealer,20
2021-10-01,08,Kalmar,PHEV,private,44
2021-10-01,09,Gotland,BEV,company,4
2021-10-01,09,Gotland,BEV,dealer,3
2021-10-01,09,Gotland,BEV,private,10
2021-10-01,09,Gotland,DIESEL,company,3
2021-10-01,09,Gotland,DIESEL,dealer,4
2021-10-01,09,Gotland,DIESEL,private,3
2021-10-01,09,Gotland,HEV,company,1
2021-10-01,09,Gotland,HEV,dealer,1
2021-10-01,09,Gotland,HEV,private,3
2021-10-01,09,Gotland,PETROL,company,2
2021-10-01,09,Gotland,PETROL,dealer,7
2021-10-01,09,Gotland,PETROL,private,8
2021-10-01,09,Gotland,PHEV,company,2
2021-10-01,09,Gotland,PHEV,dealer,4
2021-10-01,09,Gotland,PHEV,private,5
2021-10-01,10,Blekinge,BEV,company,11
2021-10-01,10,Blekinge,BEV,dealer,3
2021-10-01,10,Blekinge,BEV,private,37
2021-10-01,10,Blekinge,DIESEL,company,13
2021-10-01,10,Blekinge,DIESEL,dealer,3
2021-10-01,10,Blekinge,DIESEL,private,13
2021-10-01,10,Blekinge,ETHANOL,private,1
2021-10-01,10,Blekinge,HEV,company,5
2021-10-01,10,Blekinge,HEV,dealer,3
2021-10-01,10,Blekinge,HEV,private,14
2021-10-01,10,Blekinge,PETROL,company,8
2021-10-01,10,Blekinge,PETROL,dealer,22
2021-10-01,10,Blekinge,PETROL,private,58
2021-10-01,10,Blekinge,PHEV,company,12
2021-10-01,10,Blekinge,PHEV,dealer,12
2021-10-01,10,Blekinge,PHEV,private,32
2021-10-01,12,Skåne,BEV,company,314
2021-10-01,12,Skåne,BEV,dealer,97
2021-10-01,12,Skåne,BEV,private,419
2021-10-01,12,Skåne,DIESEL,company,246
2021-10-01,12,Skåne,DIESEL,dealer,95
2021-10-01,12,Skåne,DIESEL,private,119
2021-10-01,12,Skåne,ETHANOL,company,2
2021-10-01,12,Skåne,ETHANOL,dealer,3
2021-10-01,12,Skåne,ETHANOL,private,13
2021-10-01,12,Skåne,GAS,company,36
2021-10-01,12,Skåne,HEV,company,32
2021-10-01,12,Skåne,HEV,dealer,44
2021-10-01,12,Skåne,HEV,private,110
2021-10-01,12,Skåne,PETROL,company,392
2021-10-01,12,Skåne,PETROL,dealer,204
2021-10-01,12,Skåne,PETROL,private,482
2021-10-01,12,Skåne,PHEV,company,314
2021-10-01,12,Skåne,PHEV,dealer,174
2021-10-01,12,Skåne,PHEV,private,242
2021-10-01,13,Halland,BEV,company,34
2021-10-01,13,Halland,BEV,dealer,19
2021-10-01,13,Halland,BEV,private,110
2021-10-01,13,Halland,DIESEL,company,22
2021-10-01,13,Halland,DIESEL,dealer,16
2021-10-01,13,Halland,DIESEL,private,28
2021-10-01,13,Halland,ETHANOL,private,3
2021-10-01,13,Halland,GAS,company,2
2021-10-01,13,Halland,GAS,private,1
2021-10-01,13,Halland,HEV,company,3
2021-10-01,13,Halland,HEV,dealer,11
2021-10-01,13,Halland,HEV,private,24
2021-10-01,13,Halland,PETROL,company,55
2021-10-01,13,Halland,PETROL,dealer,41
2021-10-01,13,Halland,PETROL,private,153
2021-10-01,13,Halland,PHEV,company,36
2021-10-01,13,Halland,PHEV,dealer,33
2021-10-01,13,Halland,PHEV,private,71
2021-10-01,14,Västra Götaland,BEV,company,246
2021-10-01,14,Västra Götaland,BEV,dealer,27
2021-10-01,14,Västra Götaland,BEV,private,450
2021-10-01,14,Västra Götaland,DIESEL,company,168
2021-10-01,14,Västra Götaland,DIESEL,dealer,100
2021-10-01,14,Västra Götaland,DIESEL,private,123
2021-10-01,14,Västra Götaland,ETHANOL,company,6
2021-10-01,14,Västra Götaland,ETHANOL,dealer,5
2021-10-01,14,Västra Götaland,ETHANOL,private,14
2021-10-01,14,Västra Götaland,GAS,company,10
2021-10-01,14,Västra Götaland,GAS,private,1
2021-10-01,14,Västra Götaland,HEV,company,54
2021-10-01,14,Västra Götaland,HEV,dealer,115
2021-10-01,14,Västra Götaland,HEV,private,104
2021-10-01,14,Västra Götaland,PETROL,company,179
2021-10-01,14,Västra Götaland,PETROL,dealer,459
2021-10-01,14,Västra Götaland,PETROL,private,703
2021-10-01,14,Västra Götaland,PHEV,company,293
2021-10-01,14,Västra Götaland,PHEV,dealer,302
2021-10-01,14,Västra Götaland,PHEV,private,367
2021-10-01,17,Värmland,BEV,company,38
2021-10-01,17,Värmland,BEV,dealer,11
2021-10-01,17,Värmland,BEV,private,45
2021-10-01,17,Värmland,DIESEL,company,20
2021-10-01,17,Värmland,DIESEL,dealer,20
2021-10-01,17,Värmland,DIESEL,private,31
2021-10-01,17,Värmland,ETHANOL,company,2
2021-10-01,17,Värmland,ETHANOL,dealer,3
2021-10-01,17,Värmland,ETHANOL,private,3
2021-10-01,17,Värmland,HEV,company,21
2021-10-01,17,Värmland,HEV,dealer,22
2021-10-01,17,Värmland,HEV,private,17
2021-10-01,17,Värmland,PETROL,company,52
2021-10-01,17,Värmland,PETROL,dealer,26
2021-10-01,17,Värmland,PETROL,private,77
2021-10-01,17,Värmland,PHEV,company,31
2021-10-01,17,Värmland,PHEV,dealer,19
2021-10-01,17,Värmland,PHEV,private,40
2021-10-01,18,Örebro,BEV,company,22
2021-10-01,18,Örebro,BEV,dealer,5
2021-10-01,18,Örebro,BEV,private,80
2021-10-01,18,Örebro,DIESEL,company,19
2021-10-01,18,Örebro,DIESEL,dealer,20
2021-10-01,18,Örebro,DIESEL,private,37
2021-10-01,18,Örebro,ETHANOL,dealer,3
2021-10-01,18,Örebro,ETHANOL,private,5
2021-10-01,18,Örebro,HEV,company,12
2021-10-01,18,Örebro,HEV,dealer,11
2021-10-01,18,Örebro,HEV,private,22
2021-10-01,18,Örebro,PETROL,company,15
2021-10-01,18,Örebro,PETROL,dealer,34
2021-10-01,18,Örebro,PETROL,private,101
2021-10-01,18,Örebro,PHEV,company,28
2021-10-01,18,Örebro,PHEV,dealer,13
2021-10-01,18,Örebro,PHEV,private,70
2021-10-01,19,Västmanland,BEV,company,20
2021-10-01,19,Västmanland,BEV,dealer,4
2021-10-01,19,Västmanland,BEV,private,56
2021-10-01,19,Västmanland,DIESEL,company,22
2021-10-01,19,Västmanland,DIESEL,dealer,21
2021-10-01,19,Västmanland,DIESEL,private,20
2021-10-01,19,Västmanland,ETHANOL,company,2
2021-10-01,19,Västmanland,ETHANOL,private,5
2021-10-01,19,Västmanland,GAS,company,4
2021-10-01,19,Västmanland,HEV,company,8
2021-10-01,19,Västmanland,HEV,dealer,7
2021-10-01,19,Västmanland,HEV,private,15
2021-10-01,19,Västmanland,PETROL,company,17
2021-10-01,19,Västmanland,PETROL,dealer,19
2021-10-01,19,Västmanland,PETROL,private,87
2021-10-01,19,Västmanland,PHEV,company,22
2021-10-01,19,Västmanland,PHEV,dealer,19
2021-10-01,19,Västmanland,PHEV,private,80
2021-10-01,20,Dalarna,BEV,company,18
2021-10-01,20,Dalarna,BEV,dealer,9
2021-10-01,20,Dalarna,BEV,private,55
2021-10-01,20,Dalarna,DIESEL,company,24
2021-10-01,20,Dalarna,DIESEL,dealer,44
2021-10-01,20,Dalarna,DIESEL,private,26
2021-10-01,20,Dalarna,ETHANOL,company,2
2021-10-01,20,Dalarna,ETHANOL,dealer,2
2021-10-01,20,Dalarna,ETHANOL,private,5
2021-10-01,20,Dalarna,HEV,company,2
2021-10-01,20,Dalarna,HEV,dealer,2
2021-10-01,20,Dalarna,HEV,private,16
2021-10-01,20,Dalarna,PETROL,company,29
2021-10-01,20,Dalarna,PETROL,dealer,32
2021-10-01,20,Dalarna,PETROL,private,49
2021-10-01,20,Dalarna,PHEV,company,19
2021-10-01,20,Dalarna,PHEV,dealer,42
2021-10-01,20,Dalarna,PHEV,private,49
2021-10-01,21,Gävleborg,BEV,company,29
2021-10-01,21,Gävleborg,BEV,dealer,5
2021-10-01,21,Gävleborg,BEV,private,36
2021-10-01,21,Gävleborg,DIESEL,company,17
2021-10-01,21,Gävleborg,DIESEL,dealer,51
2021-10-01,21,Gävleborg,DIESEL,private,20
2021-10-01,21,Gävleborg,ETHANOL,company,3
2021-10-01,21,Gävleborg,ETHANOL,dealer,2
2021-10-01,21,Gävleborg,ETHANOL,private,6
2021-10-01,21,Gävleborg,HEV,company,10
2021-10-01,21,Gävleborg,HEV,dealer,7
2021-10-01,21,Gävleborg,HEV,private,27
2021-10-01,21,Gävleborg,PETROL,company,30
2021-10-01,21,Gävleborg,PETROL,dealer,50
2021-10-01,21,Gävleborg,PETROL,private,72
2021-10-01,21,Gävleborg,PHEV,company,19
2021-10-01,21,Gävleborg,PHEV,dealer,21
2021-10-01,21,Gävleborg,PHEV,private,50
2021-10-01,22,Västernorrland,BEV,company,14
2021-10-01,22,Västernorrland,BEV,dealer,10
2021-10-01,22,Västernorrland,BEV,private,20
2021-10-01,22,Västernorrland,DIESEL,company,18
2021-10-01,22,Västernorrland,DIESEL,dealer,25
2021-10-01,22,Västernorrland,DIESEL,private,15
2021-10-01,22,Västernorrland,ETHANOL,company,2
2021-10-01,22,Västernorrland,ETHANOL,dealer,7
2021-10-01,22,Västernorrland,ETHANOL,private,6
2021-10-01,22,Västernorrland,HEV,company,2
2021-10-01,22,Västernorrland,HEV,dealer,11
2021-10-01,22,Västernorrland,HEV,private,11
2021-10-01,22,Västernorrland,PETROL,company,12
2021-10-01,22,Västernorrland,PETROL,dealer,30
2021-10-01,22,Västernorrland,PETROL,private,45
2021-10-01,22,Västernorrland,PHEV,company,20
2021-10-01,22,Västernorrland,PHEV,dealer,16
2021-10-01,22,Västernorrland,PHEV,private,74
2021-10-01,23,Jämtland,BEV,company,11
2021-10-01,23,Jämtland,BEV,dealer,4
2021-10-01,23,Jämtland,BEV,private,17
2021-10-01,23,Jämtland,DIESEL,company,17
2021-10-01,23,Jämtland,DIESEL,dealer,10
2021-10-01,23,Jämtland,DIESEL,private,11
2021-10-01,23,Jämtland,ETHANOL,dealer,3
2021-10-01,23,Jämtland,GAS,company,3
2021-10-01,23,Jämtland,HEV,company,1
2021-10-01,23,Jämtland,HEV,dealer,3
2021-10-01,23,Jämtland,HEV,private,3
2021-10-01,23,Jämtland,PETROL,company,22
2021-10-01,23,Jämtland,PETROL,dealer,4
2021-10-01,23,Jämtland,PETROL,private,10
2021-10-01,23,Jämtland,PHEV,company,10
2021-10-01,23,Jämtland,PHEV,dealer,5
2021-10-01,23,Jämtland,PHEV,private,13
2021-10-01,24,Västerbotten,BEV,company,18
2021-10-01,24,Västerbotten,BEV,dealer,10
2021-10-01,24,Västerbotten,BEV,private,35
2021-10-01,24,Västerbotten,DIESEL,company,30
2021-10-01,24,Västerbotten,DIESEL,dealer,17
2021-10-01,24,Västerbotten,DIESEL,private,18
2021-10-01,24,Västerbotten,ETHANOL,company,2
2021-10-01,24,Västerbotten,ETHANOL,dealer,3
2021-10-01,24,Västerbotten,ETHANOL,private,4
2021-10-01,24,Västerbotten,GAS,company,2
2021-10-01,24,Västerbotten,HEV,company,5
2021-10-01,24,Västerbotten,HEV,dealer,10
2021-10-01,24,Västerbotten,HEV,private,14
2021-10-01,24,Västerbotten,PETROL,company,9
2021-10-01,24,Västerbotten,PETROL,dealer,13
2021-10-01,24,Västerbotten,PETROL,private,36
2021-10-01,24,Västerbotten,PHEV,company,24
2021-10-01,24,Västerbotten,PHEV,dealer,14
2021-10-01,24,Västerbotten,PHEV,private,47
2021-10-01,25,Norrbotten,BEV,company,18
2021-10-01,25,Norrbotten,BEV,dealer,6
2021-10-01,25,Norrbotten,BEV,private,22
2021-10-01,25,Norrbotten,DIESEL,company,26
2021-10-01,25,Norrbotten,DIESEL,dealer,9
2021-10-01,25,Norrbotten,DIESEL,private,14
2021-10-01,25,Norrbotten,ETHANOL,company,1
2021-10-01,25,Norrbotten,ETHANOL,dealer,2
2021-10-01,25,Norrbotten,ETHANOL,private,2
2021-10-01,25,Norrbotten,HEV,company,14
2021-10-01,25,Norrbotten,HEV,dealer,7
2021-10-01,25,Norrbotten,HEV,private,12
2021-10-01,25,Norrbotten,PETROL,company,22
2021-10-01,25,Norrbotten,PETROL,dealer,11
2021-10-01,25,Norrbotten,PETROL,private,26
2021-10-01,25,Norrbotten,PHEV,company,38
2021-10-01,25,Norrbotten,PHEV,dealer,9
2021-10-01,25,Norrbotten,PHEV,private,21
2021-11-01,01,Stockholm,BEV,company,955
2021-11-01,01,Stockholm,BEV,dealer,356
2021-11-01,01,Stockholm,BEV,private,612
2021-11-01,01,Stockholm,DIESEL,company,533
2021-11-01,01,Stockholm,DIESEL,dealer,103
2021-11-01,01,Stockholm,DIESEL,private,153
2021-11-01,01,Stockholm,ETHANOL,company,5
2021-11-01,01,Stockholm,ETHANOL,dealer,4
2021-11-01,01,Stockholm,ETHANOL,private,13
2021-11-01,01,Stockholm,GAS,company,15
2021-11-01,01,Stockholm,GAS,private,1
2021-11-01,01,Stockholm,HEV,company,211
2021-11-01,01,Stockholm,HEV,dealer,67
2021-11-01,01,Stockholm,HEV,private,157
2021-11-01,01,Stockholm,PETROL,company,398
2021-11-01,01,Stockholm,PETROL,dealer,167
2021-11-01,01,Stockholm,PETROL,private,751
2021-11-01,01,Stockholm,PHEV,company,1740
2021-11-01,01,Stockholm,PHEV,dealer,178
2021-11-01,01,Stockholm,PHEV,private,652
2021-11-01,03,Uppsala,BEV,company,49
2021-11-01,03,Uppsala,BEV,dealer,11
2021-11-01,03,Uppsala,BEV,private,108
2021-11-01,03,Uppsala,DIESEL,company,38
2021-11-01,03,Uppsala,DIESEL,dealer,7
2021-11-01,03,Uppsala,DIESEL,private,22
2021-11-01,03,Uppsala,ETHANOL,company,1
2021-11-01,03,Uppsala,ETHANOL,private,3
2021-11-01,03,Uppsala,HEV,company,11
2021-11-01,03,Uppsala,HEV,dealer,14
2021-11-01,03,Uppsala,HEV,private,30
2021-11-01,03,Uppsala,PETROL,company,28
2021-11-01,03,Uppsala,PETROL,dealer,36
2021-11-01,03,Uppsala,PETROL,private,108
2021-11-01,03,Uppsala,PHEV,company,39
2021-11-01,03,Uppsala,PHEV,dealer,15
2021-11-01,03,Uppsala,PHEV,private,82
2021-11-01,04,Södermanland,BEV,company,33
2021-11-01,04,Södermanland,BEV,dealer,14
2021-11-01,04,Södermanland,BEV,private,69
2021-11-01,04,Södermanland,DIESEL,company,26
2021-11-01,04,Södermanland,DIESEL,dealer,16
2021-11-01,04,Södermanland,DIESEL,private,31
2021-11-01,04,Södermanland,ETHANOL,company,1
2021-11-01,04,Södermanland,ETHANOL,private,2
2021-11-01,04,Södermanland,HEV,company,15
2021-11-01,04,Södermanland,HEV,dealer,6
2021-11-01,04,Södermanland,HEV,private,23
2021-11-01,04,Södermanland,PETROL,company,28
2021-11-01,04,Södermanland,PETROL,dealer,32
2021-11-01,04,Södermanland,PETROL,private,97
2021-11-01,04,Södermanland,PHEV,company,48
2021-11-01,04,Södermanland,PHEV,dealer,15
2021-11-01,04,Södermanland,PHEV,private,67
2021-11-01,05,Östergötland,BEV,company,59
2021-11-01,05,Östergötland,BEV,dealer,19
2021-11-01,05,Östergötland,BEV,private,136
2021-11-01,05,Östergötland,DIESEL,company,76
2021-11-01,05,Östergötland,DIESEL,dealer,9
2021-11-01,05,Östergötland,DIESEL,private,27
2021-11-01,05,Östergötland,ETHANOL,dealer,1
2021-11-01,05,Östergötland,ETHANOL,private,3
2021-11-01,05,Östergötland,HEV,company,13
2021-11-01,05,Östergötland,HEV,dealer,29
2021-11-01,05,Östergötland,HEV,private,24
2021-11-01,05,Östergötland,PETROL,company,42
2021-11-01,05,Östergötland,PETROL,dealer,33
2021-11-01,05,Östergötland,PETROL,private,125
2021-11-01,05,Östergötland,PHEV,company,47
2021-11-01,05,Östergötland,PHEV,dealer,9
2021-11-01,05,Östergötland,PHEV,private,87
2021-11-01,06,Jönköping,BEV,company,42
2021-11-01,06,Jönköping,BEV,dealer,31
2021-11-01,06,Jönköping,BEV,private,87
2021-11-01,06,Jönköping,DIESEL,company,35
2021-11-01,06,Jönköping,DIESEL,dealer,39
2021-11-01,06,Jönköping,DIESEL,private,37
2021-11-01,06,Jönköping,ETHANOL,private,2
2021-11-01,06,Jönköping,GAS,company,1
2021-11-01,06,Jönköping,HEV,company,14
2021-11-01,06,Jönköping,HEV,dealer,20
2021-11-01,06,Jönköping,HEV,private,31
2021-11-01,06,Jönköping,PETROL,company,29
2021-11-01,06,Jönköping,PETROL,dealer,75
2021-11-01,06,Jönköping,PETROL,private,148
2021-11-01,06,Jönköping,PHEV,company,56
2021-11-01,06,Jönköping,PHEV,dealer,28
2021-11-01,06,Jönköping,PHEV,private,81
2021-11-01,07,Kronoberg,BEV,company,18
2021-11-01,07,Kronoberg,BEV,dealer,17
2021-11-01,07,Kronoberg,BEV,private,56
2021-11-01,07,Kronoberg,DIESEL,company,14
2021-11-01,07,Kronoberg,DIESEL,dealer,9
2021-11-01,07,Kronoberg,DIESEL,private,19
2021-11-01,07,Kronoberg,ETHANOL,company,1
2021-11-01,07,Kronoberg,ETHANOL,private,1
2021-11-01,07,Kronoberg,GAS,company,2
2021-11-01,07,Kronoberg,GAS,dealer,1
2021-11-01,07,Kronoberg,HEV,company,1
2021-11-01,07,Kronoberg,HEV,dealer,24
2021-11-01,07,Kronoberg,HEV,private,9
2021-11-01,07,Kronoberg,PETROL,company,9
2021-11-01,07,Kronoberg,PETROL,dealer,28
2021-11-01,07,Kronoberg,PETROL,private,70
2021-11-01,07,Kronoberg,PHEV,company,23
2021-11-01,07,Kronoberg,PHEV,dealer,6
2021-11-01,07,Kronoberg,PHEV,private,46
2021-11-01,08,Kalmar,BEV,company,15
2021-11-01,08,Kalmar,BEV,dealer,14
2021-11-01,08,Kalmar,BEV,private,33
2021-11-01,08,Kalmar,DIESEL,company,16
2021-11-01,08,Kalmar,DIESEL,dealer,20
2021-11-01,08,Kalmar,DIESEL,private,24
2021-11-01,08,Kalmar,ETHANOL,company,1
2021-11-01,08,Kalmar,ETHANOL,private,1
2021-11-01,08,Kalmar,GAS,company,3
2021-11-01,08,Kalmar,HEV,company,8
2021-11-01,08,Kalmar,HEV,dealer,5
2021-11-01,08,Kalmar,HEV,private,9
2021-11-01,08,Kalmar,PETROL,company,18
2021-11-01,08,Kalmar,PETROL,dealer,41
2021-11-01,08,Kalmar,PETROL,private,89
2021-11-01,08,Kalmar,PHEV,company,28
2021-11-01,08,Kalmar,PHEV,dealer,13
2021-11-01,08,Kalmar,PHEV,private,37
2021-11-01,09,Gotland,BEV,company,5
2021-11-01,09,Gotland,BEV,dealer,4
2021-11-01,09,Gotland,BEV,private,18
2021-11-01,09,Gotland,DIESEL,company,3
2021-11-01,09,Gotland,DIESEL,dealer,2
2021-11-01,09,Gotland,DIESEL,private,3
2021-11-01,09,Gotland,ETHANOL,private,1
2021-11-01,09,Gotland,HEV,company,1
2021-11-01,09,Gotland,HEV,dealer,3
2021-11-01,09,Gotland,HEV,private,5
2021-11-01,09,Gotland,PETROL,dealer,6
2021-11-01,09,Gotland,PETROL,private,10
2021-11-01,09,Gotland,PHEV,company,7
2021-11-01,09,Gotland,PHEV,dealer,3
2021-11-01,09,Gotland,PHEV,private,7
2021-11-01,10,Blekinge,BEV,company,18
2021-11-01,10,Blekinge,BEV,dealer,3
2021-11-01,10,Blekinge,BEV,private,35
2021-11-01,10,Blekinge,DIESEL,company,14
2021-11-01,10,Blekinge,DIESEL,dealer,6
2021-11-01,10,Blekinge,DIESEL,private,12
2021-11-01,10,Blekinge,ETHANOL,company,2
2021-11-01,10,Blekinge,ETHANOL,private,2
2021-11-01,10,Blekinge,GAS,company,1
2021-11-01,10,Blekinge,HEV,company,3
2021-11-01,10,Blekinge,HEV,dealer,5
2021-11-01,10,Blekinge,HEV,private,6
2021-11-01,10,Blekinge,PETROL,company,11
2021-11-01,10,Blekinge,PETROL,dealer,15
2021-11-01,10,Blekinge,PETROL,private,40
2021-11-01,10,Blekinge,PHEV,company,13
2021-11-01,10,Blekinge,PHEV,dealer,4
2021-11-01,10,Blekinge,PHEV,private,29
2021-11-01,12,Skåne,BEV,company,439
2021-11-01,12,Skåne,BEV,dealer,87
2021-11-01,12,Skåne,BEV,private,359
2021-11-01,12,Skåne,DIESEL,company,296
2021-11-01,12,Skåne,DIESEL,dealer,128
2021-11-01,12,Skåne,DIESEL,private,130
2021-11-01,12,Skåne,ETHANOL,company,2
2021-11-01,12,Skåne,ETHANOL,dealer,2
2021-11-01,12,Skåne,ETHANOL,private,8
2021-11-01,12,Skåne,GAS,company,15
2021-11-01,12,Skåne,HEV,company,35
2021-11-01,12,Skåne,HEV,dealer,33
2021-11-01,12,Skåne,HEV,private,79
2021-11-01,12,Skåne,PETROL,company,304
2021-11-01,12,Skåne,PETROL,dealer,178
2021-11-01,12,Skåne,PETROL,private,484
2021-11-01,12,Skåne,PHEV,company,373
2021-11-01,12,Skåne,PHEV,dealer,105
2021-11-01,12,Skåne,PHEV,private,272
2021-11-01,13,Halland,BEV,company,52
2021-11-01,13,Halland,BEV,dealer,17
2021-11-01,13,Halland,BEV,private,122
2021-11-01,13,Halland,DIESEL,company,26
2021-11-01,13,Halland,DIESEL,dealer,22
2021-11-01,13,Halland,DIESEL,private,30
2021-11-01,13,Halland,ETHANOL,company,1
2021-11-01,13,Halland,ETHANOL,private,1
2021-11-01,13,Halland,HEV,company,5
2021-11-01,13,Halland,HEV,dealer,15
2021-11-01,13,Halland,HEV,private,19
2021-11-01,13,Halland,PETROL,company,48
2021-11-01,13,Halland,PETROL,dealer,38
2021-11-01,13,Halland,PETROL,private,173
2021-11-01,13,Halland,PHEV,company,31
2021-11-01,13,Halland,PHEV,dealer,14
2021-11-01,13,Halland,PHEV,private,75
2021-11-01,14,Västra Götaland,BEV,company,325
2021-11-01,14,Västra Götaland,BEV,dealer,112
2021-11-01,14,Västra Götaland,BEV,private,531
2021-11-01,14,Västra Götaland,DIESEL,company,191
2021-11-01,14,Västra Götaland,DIESEL,dealer,82
2021-11-01,14,Västra Götaland,DIESEL,private,160
2021-11-01,14,Västra Götaland,ETHANOL,dealer,1
2021-11-01,14,Västra Götaland,ETHANOL,private,9
2021-11-01,14,Västra Götaland,GAS,company,15
2021-11-01,14,Västra Götaland,GAS,private,1
2021-11-01,14,Västra Götaland,HEV,company,56
2021-11-01,14,Västra Götaland,HEV,dealer,134
2021-11-01,14,Västra Götaland,HEV,private,112
2021-11-01,14,Västra Götaland,OTHER,private,1
2021-11-01,14,Västra Götaland,PETROL,company,189
2021-11-01,14,Västra Götaland,PETROL,dealer,192
2021-11-01,14,Västra Götaland,PETROL,private,757
2021-11-01,14,Västra Götaland,PHEV,company,288
2021-11-01,14,Västra Götaland,PHEV,dealer,263
2021-11-01,14,Västra Götaland,PHEV,private,415
2021-11-01,17,Värmland,BEV,company,27
2021-11-01,17,Värmland,BEV,dealer,13
2021-11-01,17,Värmland,BEV,private,43
2021-11-01,17,Värmland,DIESEL,company,42
2021-11-01,17,Värmland,DIESEL,dealer,20
2021-11-01,17,Värmland,DIESEL,private,33
2021-11-01,17,Värmland,ETHANOL,company,2
2021-11-01,17,Värmland,ETHANOL,private,2
2021-11-01,17,Värmland,HEV,company,7
2021-11-01,17,Värmland,HEV,dealer,16
2021-11-01,17,Värmland,HEV,private,19
2021-11-01,17,Värmland,PETROL,company,65
2021-11-01,17,Värmland,PETROL,dealer,23
2021-11-01,17,Värmland,PETROL,private,85
2021-11-01,17,Värmland,PHEV,company,36
2021-11-01,17,Värmland,PHEV,dealer,14
2021-11-01,17,Värmland,PHEV,private,53
2021-11-01,18,Örebro,BEV,company,18
2021-11-01,18,Örebro,BEV,dealer,14
2021-11-01,18,Örebro,BEV,private,66
2021-11-01,18,Örebro,DIESEL,company,35
2021-11-01,18,Örebro,DIESEL,dealer,23
2021-11-01,18,Örebro,DIESEL,private,29
2021-11-01,18,Örebro,ETHANOL,private,2
2021-11-01,18,Örebro,HEV,company,16
2021-11-01,18,Örebro,HEV,dealer,16
2021-11-01,18,Örebro,HEV,private,22
2021-11-01,18,Örebro,PETROL,company,20
2021-11-01,18,Örebro,PETROL,dealer,19
2021-11-01,18,Örebro,PETROL,private,90
2021-11-01,18,Örebro,PHEV,company,25
2021-11-01,18,Örebro,PHEV,dealer,9
2021-11-01,18,Örebro,PHEV,private,60
2021-11-01,19,Västmanland,BEV,company,19
2021-11-01,19,Västmanland,BEV,dealer,14
2021-11-01,19,Västmanland,BEV,private,58
2021-11-01,19,Västmanland,DIESEL,company,36
2021-11-01,19,Västmanland,DIESEL,dealer,10
2021-11-01,19,Västmanland,DIESEL,private,29
2021-11-01,19,Västmanland,ETHANOL,company,1
2021-11-01,19,Västmanland,ETHANOL,dealer,1
2021-11-01,19,Västmanland,ETHANOL,private,3
2021-11-01,19,Västmanland,HEV,company,5
2021-11-01,19,Västmanland,HEV,dealer,4
2021-11-01,19,Västmanland,HEV,private,6
2021-11-01,19,Västmanland,PETROL,company,21
2021-11-01,19,Västmanland,PETROL,dealer,17
2021-11-01,19,Västmanland,PETROL,private,111
2021-11-01,19,Västmanland,PHEV,company,22
2021-11-01,19,Västmanland,PHEV,dealer,15
2021-11-01,19,Västmanland,PHEV,private,73
2021-11-01,20,Dalarna,BEV,company,18
2021-11-01,20,Dalarna,BEV,dealer,18
2021-11-01,20,Dalarna,BEV,private,42
2021-11-01,20,Dalarna,DIESEL,company,41
2021-11-01,20,Dalarna,DIESEL,dealer,27
2021-11-01,20,Dalarna,DIESEL,private,27
2021-11-01,20,Dalarna,ETHANOL,company,2
2021-11-01,20,Dalarna,ETHANOL,private,1
2021-11-01,20,Dalarna,HEV,company,5
2021-11-01,20,Dalarna,HEV,dealer,10
2021-11-01,20,Dalarna,HEV,private,17
2021-11-01,20,Dalarna,PETROL,company,21
2021-11-01,20,Dalarna,PETROL,dealer,22
2021-11-01,20,Dalarna,PETROL,private,53
2021-11-01,20,Dalarna,PHEV,company,44
2021-11-01,20,Dalarna,PHEV,dealer,39
2021-11-01,20,Dalarna,PHEV,private,66
2021-11-01,21,Gävleborg,BEV,company,29
2021-11-01,21,Gävleborg,BEV,dealer,10
2021-11-01,21,Gävleborg,BEV,private,41
2021-11-01,21,Gävleborg,DIESEL,company,27
2021-11-01,21,Gävleborg,DIESEL,dealer,16
2021-11-01,21,Gävleborg,DIESEL,private,19
2021-11-01,21,Gävleborg,ETHANOL,company,3
2021-11-01,21,Gävleborg,ETHANOL,dealer,1
2021-11-01,21,Gävleborg,ETHANOL,private,2
2021-11-01,21,Gävleborg,HEV,company,15
2021-11-01,21,Gävleborg,HEV,dealer,12
2021-11-01,21,Gävleborg,HEV,private,23
2021-11-01,21,Gävleborg,PETROL,company,18
2021-11-01,21,Gävleborg,PETROL,dealer,41
2021-11-01,21,Gävleborg,PETROL,private,75
2021-11-01,21,Gävleborg,PHEV,company,14
2021-11-01,21,Gävleborg,PHEV,dealer,11
2021-11-01,21,Gävleborg,PHEV,private,40
2021-11-01,22,Västernorrland,BEV,company,19
2021-11-01,22,Västernorrland,BEV,dealer,8
2021-11-01,22,Västernorrland,BEV,private,36
2021-11-01,22,Västernorrland,DIESEL,company,40
2021-11-01,22,Västernorrland,DIESEL,dealer,33
2021-11-01,22,Västernorrland,DIESEL,private,16
2021-11-01,22,Västernorrland,ETHANOL,company,1
2021-11-01,22,Västernorrland,ETHANOL,dealer,1
2021-11-01,22,Västernorrland,ETHANOL,private,8
2021-11-01,22,Västernorrland,HEV,company,12
2021-11-01,22,Västernorrland,HEV,dealer,11
2021-11-01,22,Västernorrland,HEV,private,9
2021-11-01,22,Västernorrland,PETROL,company,22
2021-11-01,22,Västernorrland,PETROL,dealer,38
2021-11-01,22,Västernorrland,PETROL,private,43
2021-11-01,22,Västernorrland,PHEV,company,33
2021-11-01,22,Västernorrland,PHEV,dealer,7
2021-11-01,22,Västernorrland,PHEV,private,38
2021-11-01,23,Jämtland,BEV,company,19
2021-11-01,23,Jämtland,BEV,dealer,3
2021-11-01,23,Jämtland,BEV,private,20
2021-11-01,23,Jämtland,DIESEL,company,14
2021-11-01,23,Jämtland,DIESEL,dealer,76
2021-11-01,23,Jämtland,DIESEL,private,9
2021-11-01,23,Jämtland,ETHANOL,dealer,2
2021-11-01,23,Jämtland,ETHANOL,private,4
2021-11-01,23,Jämtland,HEV,company,1
2021-11-01,23,Jämtland,HEV,dealer,2
2021-11-01,23,Jämtland,HEV,private,3
2021-11-01,23,Jämtland,PETROL,company,17
2021-11-01,23,Jämtland,PETROL,dealer,46
2021-11-01,23,Jämtland,PETROL,private,19
2021-11-01,23,Jämtland,PHEV,company,24
2021-11-01,23,Jämtland,PHEV,dealer,3
2021-11-01,23,Jämtland,PHEV,private,11
2021-11-01,24,Västerbotten,BEV,company,25
2021-11-01,24,Västerbotten,BEV,dealer,6
2021-11-01,24,Västerbotten,BEV,private,50
2021-11-01,24,Västerbotten,DIESEL,company,26
2021-11-01,24,Västerbotten,DIESEL,dealer,15
2021-11-01,24,Västerbotten,DIESEL,private,13
2021-11-01,24,Västerbotten,ETHANOL,dealer,1
2021-11-01,24,Västerbotten,ETHANOL,private,2
2021-11-01,24,Västerbotten,GAS,private,1
2021-11-01,24,Västerbotten,HEV,company,11
2021-11-01,24,Västerbotten,HEV,dealer,4
2021-11-01,24,Västerbotten,HEV,private,16
2021-11-01,24,Västerbotten,PETROL,company,13
2021-11-01,24,Västerbotten,PETROL,dealer,18
2021-11-01,24,Västerbotten,PETROL,private,43
2021-11-01,24,Västerbotten,PHEV,company,33
2021-11-01,24,Västerbotten,PHEV,dealer,10
2021-11-01,24,Västerbotten,PHEV,private,50
2021-11-01,25,Norrbotten,BEV,company,24
2021-11-01,25,Norrbotten,BEV,dealer,9
2021-11-01,25,Norrbotten,BEV,private,39
2021-11-01,25,Norrbotten,DIESEL,company,39
2021-11-01,25,Norrbotten,DIESEL,dealer,8
2021-11-01,25,Norrbotten,DIESEL,private,27
2021-11-01,25,Norrbotten,ETHANOL,private,5
2021-11-01,25,Norrbotten,HEV,company,8
2021-11-01,25,Norrbotten,HEV,dealer,9
2021-11-01,25,Norrbotten,HEV,private,7
2021-11-01,25,Norrbotten,PETROL,company,21
2021-11-01,25,Norrbotten,PETROL,dealer,7
2021-11-01,25,Norrbotten,PETROL,private,24
2021-11-01,25,Norrbotten,PHEV,company,28
2021-11-01,25,Norrbotten,PHEV,dealer,8
2021-11-01,25,Norrbotten,PHEV,private,17
2021-12-01,01,Stockholm,BEV,company,1917
2021-12-01,01,Stockholm,BEV,dealer,287
2021-12-01,01,Stockholm,BEV,private,1102
2021-12-01,01,Stockholm,DIESEL,company,688
2021-12-01,01,Stockholm,DIESEL,dealer,152
2021-12-01,01,Stockholm,DIESEL,private,158
2021-12-01,01,Stockholm,ETHANOL,company,10
2021-12-01,01,Stockholm,ETHANOL,dealer,3
2021-12-01,01,Stockholm,ETHANOL,private,27
2021-12-01,01,Stockholm,GAS,company,23
2021-12-01,01,Stockholm,GAS,private,1
2021-12-01,01,Stockholm,HEV,company,247
2021-12-01,01,Stockholm,HEV,dealer,58
2021-12-01,01,Stockholm,HEV,private,201
2021-12-01,01,Stockholm,OTHER,private,2
2021-12-01,01,Stockholm,PETROL,company,384
2021-12-01,01,Stockholm,PETROL,dealer,221
2021-12-01,01,Stockholm,PETROL,private,825
2021-12-01,01,Stockholm,PHEV,company,1909
2021-12-01,01,Stockholm,PHEV,dealer,442
2021-12-01,01,Stockholm,PHEV,private,637
2021-12-01,03,Uppsala,BEV,company,110
2021-12-01,03,Uppsala,BEV,dealer,13
2021-12-01,03,Uppsala,BEV,private,202
2021-12-01,03,Uppsala,DIESEL,company,53
2021-12-01,03,Uppsala,DIESEL,dealer,15
2021-12-01,03,Uppsala,DIESEL,private,17
2021-12-01,03,Uppsala,ETHANOL,company,1
2021-12-01,03,Uppsala,ETHANOL,private,2
2021-12-01,03,Uppsala,HEV,company,25
2021-12-01,03,Uppsala,HEV,dealer,6
2021-12-01,03,Uppsala,HEV,private,37
2021-12-01,03,Uppsala,OTHER,company,1
2021-12-01,03,Uppsala,PETROL,company,38
2021-12-01,03,Uppsala,PETROL,dealer,32
2021-12-01,03,Uppsala,PETROL,private,101
2021-12-01,03,Uppsala,PHEV,company,54
2021-12-01,03,Uppsala,PHEV,dealer,15
2021-12-01,03,Uppsala,PHEV,private,80
2021-12-01,04,Södermanland,BEV,company,54
2021-12-01,04,Södermanland,BEV,dealer,13
2021-12-01,04,Södermanland,BEV,private,134
2021-12-01,04,Södermanland,DIESEL,company,22
2021-12-01,04,Södermanland,DIESEL,dealer,13
2021-12-01,04,Södermanland,DIESEL,private,21
2021-12-01,04,Södermanland,ETHANOL,dealer,1
2021-12-01,04,Södermanland,ETHANOL,private,3
2021-12-01,04,Södermanland,GAS,company,14
2021-12-01,04,Södermanland,HEV,company,10
2021-12-01,04,Södermanland,HEV,dealer,3
2021-12-01,04,Södermanland,HEV,private,35
2021-12-01,04,Södermanland,PETROL,company,21
2021-12-01,04,Södermanland,PETROL,dealer,50
2021-12-01,04,Södermanland,PETROL,private,105
2021-12-01,04,Södermanland,PHEV,company,37
2021-12-01,04,Södermanland,PHEV,dealer,13
2021-12-01,04,Södermanland,PHEV,private,53
2021-12-01,05,Östergötland,BEV,company,152
2021-12-01,05,Östergötland,BEV,dealer,23
2021-12-01,05,Östergötland,BEV,private,269
2021-12-01,05,Östergötland,DIESEL,company,54
2021-12-01,05,Östergötland,DIESEL,dealer,12
2021-12-01,05,Östergötland,DIESEL,private,32
2021-12-01,05,Östergötland,ETHANOL,company,2
2021-12-01,05,Östergötland,ETHANOL,dealer,1
2021-12-01,05,Östergötland,ETHANOL,private,6
2021-12-01,05,Östergötland,GAS,company,23
2021-12-01,05,Östergötland,HEV,company,14
2021-12-01,05,Östergötland,HEV,dealer,31
2021-12-01,05,Östergötland,HEV,private,42
2021-12-01,05,Östergötland,PETROL,company,43
2021-12-01,05,Östergötland,PETROL,dealer,52
2021-12-01,05,Östergötland,PETROL,private,120
2021-12-01,05,Östergötland,PHEV,company,66
2021-12-01,05,Östergötland,PHEV,dealer,19
2021-12-01,05,Östergötland,PHEV,private,105
2021-12-01,06,Jönköping,BEV,company,136
2021-12-01,06,Jönköping,BEV,dealer,23
2021-12-01,06,Jönköping,BEV,private,206
2021-12-01,06,Jönköping,DIESEL,company,50
2021-12-01,06,Jönköping,DIESEL,dealer,39
2021-12-01,06,Jönköping,DIESEL,private,23
2021-12-01,06,Jönköping,ETHANOL,company,2
2021-12-01,06,Jönköping,ETHANOL,dealer,1
2021-12-01,06,Jönköping,ETHANOL,private,8
2021-12-01,06,Jönköping,GAS,company,1
2021-12-01,06,Jönköping,HEV,company,13
2021-12-01,06,Jönköping,HEV,dealer,20
2021-12-01,06,Jönköping,HEV,private,40
2021-12-01,06,Jönköping,PETROL,company,44
2021-12-01,06,Jönköping,PETROL,dealer,62
2021-12-01,06,Jönköping,PETROL,private,149
2021-12-01,06,Jönköping,PHEV,company,74
2021-12-01,06,Jönköping,PHEV,dealer,34
2021-12-01,06,Jönköping,PHEV,private,74
2021-12-01,07,Kronoberg,BEV,company,43
2021-12-01,07,Kronoberg,BEV,dealer,7
2021-12-01,07,Kronoberg,BEV,private,89
2021-12-01,07,Kronoberg,DIESEL,company,40
2021-12-01,07,Kronoberg,DIESEL,dealer,6
2021-12-01,07,Kronoberg,DIESEL,private,12
2021-12-01,07,Kronoberg,ETHANOL,company,1
2021-12-01,07,Kronoberg,ETHANOL,private,3
2021-12-01,07,Kronoberg,GAS,company,7
2021-12-01,07,Kronoberg,GAS,dealer,2
2021-12-01,07,Kronoberg,HEV,company,4
2021-12-01,07,Kronoberg,HEV,dealer,40
2021-12-01,07,Kronoberg,HEV,private,11
2021-12-01,07,Kronoberg,PETROL,company,21
2021-12-01,07,Kronoberg,PETROL,dealer,35
2021-12-01,07,Kronoberg,PETROL,private,86
2021-12-01,07,Kronoberg,PHEV,company,26
2021-12-01,07,Kronoberg,PHEV,dealer,6
2021-12-01,07,Kronoberg,PHEV,private,37
2021-12-01,08,Kalmar,BEV,company,29
2021-12-01,08,Kalmar,BEV,dealer,18
2021-12-01,08,Kalmar,BEV,private,76
2021-12-01,08,Kalmar,DIESEL,company,35
2021-12-01,08,Kalmar,DIESEL,dealer,32
2021-12-01,08,Kalmar,DIESEL,private,22
2021-12-01,08,Kalmar,ETHANOL,company,1
2021-12-01,08,Kalmar,ETHANOL,dealer,1
2021-12-01,08,Kalmar,ETHANOL,private,1
2021-12-01,08,Kalmar,GAS,company,16
2021-12-01,08,Kalmar,HEV,company,4
2021-12-01,08,Kalmar,HEV,dealer,7
2021-12-01,08,Kalmar,HEV,private,20
2021-12-01,08,Kalmar,PETROL,company,21
2021-12-01,08,Kalmar,PETROL,dealer,23
2021-12-01,08,Kalmar,PETROL,private,75
2021-12-01,08,Kalmar,PHEV,company,40
2021-12-01,08,Kalmar,PHEV,dealer,22
2021-12-01,08,Kalmar,PHEV,private,29
2021-12-01,09,Gotland,BEV,company,25
2021-12-01,09,Gotland,BEV,dealer,1
2021-12-01,09,Gotland,BEV,private,29
2021-12-01,09,Gotland,DIESEL,company,1
2021-12-01,09,Gotland,DIESEL,dealer,4
2021-12-01,09,Gotland,DIESEL,private,2
2021-12-01,09,Gotland,ETHANOL,private,1
2021-12-01,09,Gotland,GAS,dealer,1
2021-12-01,09,Gotland,HEV,dealer,2
2021-12-01,09,Gotland,HEV,private,1
2021-12-01,09,Gotland,PETROL,company,2
2021-12-01,09,Gotland,PETROL,dealer,9
2021-12-01,09,Gotland,PETROL,private,15
2021-12-01,09,Gotland,PHEV,company,1
2021-12-01,09,Gotland,PHEV,dealer,2
2021-12-01,09,Gotland,PHEV,private,10
2021-12-01,10,Blekinge,BEV,company,22
2021-12-01,10,Blekinge,BEV,dealer,9
2021-12-01,10,Blekinge,BEV,private,76
2021-12-01,10,Blekinge,DIESEL,company,17
2021-12-01,10,Blekinge,DIESEL,dealer,11
2021-12-01,10,Blekinge,DIESEL,private,12
2021-12-01,10,Blekinge,ETHANOL,private,2
2021-12-01,10,Blekinge,GAS,company,2
2021-12-01,10,Blekinge,HEV,company,3
2021-12-01,10,Blekinge,HEV,dealer,10
2021-12-01,10,Blekinge,HEV,private,20
2021-12-01,10,Blekinge,PETROL,company,13
2021-12-01,10,Blekinge,PETROL,dealer,21
2021-12-01,10,Blekinge,PETROL,private,52
2021-12-01,10,Blekinge,PHEV,company,17
2021-12-01,10,Blekinge,PHEV,dealer,5
2021-12-01,10,Blekinge,PHEV,private,31
2021-12-01,12,Skåne,BEV,company,576
2021-12-01,12,Skåne,BEV,dealer,76
2021-12-01,12,Skåne,BEV,private,708
2021-12-01,12,Skåne,DIESEL,company,279
2021-12-01,12,Skåne,DIESEL,dealer,115
2021-12-01,12,Skåne,DIESEL,private,99
2021-12-01,12,Skåne,ETHANOL,company,3
2021-12-01,12,Skåne,ETHANOL,private,6
2021-12-01,12,Skåne,GAS,company,21
2021-12-01,12,Skåne,HEV,company,45
2021-12-01,12,Skåne,HEV,dealer,51
2021-12-01,12,Skåne,HEV,private,124
2021-12-01,12,Skåne,PETROL,company,215
2021-12-01,12,Skåne,PETROL,dealer,208
2021-12-01,12,Skåne,PETROL,private,499
2021-12-01,12,Skåne,PHEV,company,619
2021-12-01,12,Skåne,PHEV,dealer,153
2021-12-01,12,Skåne,PHEV,private,257
2021-12-01,13,Halland,BEV,company,103
2021-12-01,13,Halland,BEV,dealer,28
2021-12-01,13,Halland,BEV,private,242
2021-12-01,13,Halland,DIESEL,company,60
2021-12-01,13,Halland,DIESEL,dealer,10
2021-12-01,13,Halland,DIESEL,private,30
2021-12-01,13,Halland,ETHANOL,company,2
2021-12-01,13,Halland,ETHANOL,dealer,5
2021-12-01,13,Halland,ETHANOL,private,3
2021-12-01,13,Halland,GAS,company,1
2021-12-01,13,Halland,HEV,company,3
2021-12-01,13,Halland,HEV,dealer,15
2021-12-01,13,Halland,HEV,private,27
2021-12-01,13,Halland,OTHER,private,1
2021-12-01,13,Halland,PETROL,company,49
2021-12-01,13,Halland,PETROL,dealer,47
2021-12-01,13,Halland,PETROL,private,151
2021-12-01,13,Halland,PHEV,company,47
2021-12-01,13,Halland,PHEV,dealer,28
2021-12-01,13,Halland,PHEV,private,96
2021-12-01,14,Västra Götaland,BEV,company,586
2021-12-01,14,Västra Götaland,BEV,dealer,144
2021-12-01,14,Västra Götaland,BEV,private,991
2021-12-01,14,Västra Götaland,DIESEL,company,203
2021-12-01,14,Västra Götaland,DIESEL,dealer,131
2021-12-01,14,Västra Götaland,DIESEL,private,129
2021-12-01,14,Västra Götaland,ETHANOL,company,3
2021-12-01,14,Västra Götaland,ETHANOL,dealer,4
2021-12-01,14,Västra Götaland,ETHANOL,private,14
2021-12-01,14,Västra Götaland,GAS,company,9
2021-12-01,14,Västra Götaland,GAS,private,1
2021-12-01,14,Västra Götaland,HEV,company,56
2021-12-01,14,Västra Götaland,HEV,dealer,152
2021-12-01,14,Västra Götaland,HEV,private,156
2021-12-01,14,Västra Götaland,PETROL,company,176
2021-12-01,14,Västra Götaland,PETROL,dealer,320
2021-12-01,14,Västra Götaland,PETROL,private,726
2021-12-01,14,Västra Götaland,PHEV,company,315
2021-12-01,14,Västra Götaland,PHEV,dealer,210
2021-12-01,14,Västra Götaland,PHEV,private,400
2021-12-01,17,Värmland,BEV,company,77
2021-12-01,17,Värmland,BEV,dealer,13
2021-12-01,17,Värmland,BEV,private,84
2021-12-01,17,Värmland,DIESEL,company,65
2021-12-01,17,Värmland,DIESEL,dealer,60
2021-12-01,17,Värmland,DIESEL,private,14
2021-12-01,17,Värmland,ETHANOL,company,1
2021-12-01,17,Värmland,ETHANOL,dealer,1
2021-12-01,17,Värmland,ETHANOL,private,1
2021-12-01,17,Värmland,GAS,company,1
2021-12-01,17,Värmland,HEV,company,11
2021-12-01,17,Värmland,HEV,dealer,20
2021-12-01,17,Värmland,HEV,private,38
2021-12-01,17,Värmland,PETROL,company,39
2021-12-01,17,Värmland,PETROL,dealer,31
2021-12-01,17,Värmland,PETROL,private,77
2021-12-01,17,Värmland,PHEV,company,36
2021-12-01,17,Värmland,PHEV,dealer,8
2021-12-01,17,Värmland,PHEV,private,46
2021-12-01,18,Örebro,BEV,company,53
2021-12-01,18,Örebro,BEV,dealer,31
2021-12-01,18,Örebro,BEV,private,133
2021-12-01,18,Örebro,DIESEL,company,25
2021-12-01,18,Örebro,DIESEL,dealer,19
2021-12-01,18,Örebro,DIESEL,private,18
2021-12-01,18,Örebro,ETHANOL,dealer,2
2021-12-01,18,Örebro,ETHANOL,private,4
2021-12-01,18,Örebro,GAS,company,4
2021-12-01,18,Örebro,HEV,company,6
2021-12-01,18,Örebro,HEV,dealer,33
2021-12-01,18,Örebro,HEV,private,10
2021-12-01,18,Örebro,PETROL,company,17
2021-12-01,18,Örebro,PETROL,dealer,23
2021-12-01,18,Örebro,PETROL,private,82
2021-12-01,18,Örebro,PHEV,company,44
2021-12-01,18,Örebro,PHEV,dealer,13
2021-12-01,18,Örebro,PHEV,private,66
2021-12-01,19,Västmanland,BEV,company,51
2021-12-01,19,Västmanland,BEV,dealer,16
2021-12-01,19,Västmanland,BEV,private,134
2021-12-01,19,Västmanland,DIESEL,company,32
2021-12-01,19,Västmanland,DIESEL,dealer,14
2021-12-01,19,Västmanland,DIESEL,private,25
2021-12-01,19,Västmanland,ETHANOL,private,3
2021-12-01,19,Västmanland,GAS,company,3
2021-12-01,19,Västmanland,HEV,dealer,4
2021-12-01,19,Västmanland,HEV,private,12
2021-12-01,19,Västmanland,PETROL,company,10
2021-12-01,19,Västmanland,PETROL,dealer,36
2021-12-01,19,Västmanland,PETROL,private,95
2021-12-01,19,Västmanland,PHEV,company,56
2021-12-01,19,Västmanland,PHEV,dealer,18
2021-12-01,19,Västmanland,PHEV,private,61
2021-12-01,20,Dalarna,BEV,company,48
2021-12-01,20,Dalarna,BEV,dealer,22
2021-12-01,20,Dalarna,BEV,private,122
2021-12-01,20,Dalarna,DIESEL,company,22
2021-12-01,20,Dalarna,DIESEL,dealer,19
2021-12-01,20,Dalarna,DIESEL,private,14
2021-12-01,20,Dalarna,ETHANOL,dealer,2
2021-12-01,20,Dalarna,ETHANOL,private,3
2021-12-01,20,Dalarna,HEV,company,3
2021-12-01,20,Dalarna,HEV,dealer,10
2021-12-01,20,Dalarna,HEV,private,27
2021-12-01,20,Dalarna,PETROL,company,17
2021-12-01,20,Dalarna,PETROL,dealer,29
2021-12-01,20,Dalarna,PETROL,private,46
2021-12-01,20,Dalarna,PHEV,company,40
2021-12-01,20,Dalarna,PHEV,dealer,28
2021-12-01,20,Dalarna,PHEV,private,39
2021-12-01,21,Gävleborg,BEV,company,66
2021-12-01,21,Gävleborg,BEV,dealer,17
2021-12-01,21,Gävleborg,BEV,private,100
2021-12-01,21,Gävleborg,DIESEL,company,32
2021-12-01,21,Gävleborg,DIESEL,dealer,70
2021-12-01,21,Gävleborg,DIESEL,private,13
2021-12-01,21,Gävleborg,ETHANOL,company,1
2021-12-01,21,Gävleborg,ETHANOL,dealer,1
2021-12-01,21,Gävleborg,ETHANOL,private,5
2021-12-01,21,Gävleborg,HEV,company,8
2021-12-01,21,Gävleborg,HEV,dealer,8
2021-12-01,21,Gävleborg,HEV,private,41
2021-12-01,21,Gävleborg,PETROL,company,16
2021-12-01,21,Gävleborg,PETROL,dealer,47
2021-12-01,21,Gävleborg,PETROL,private,47
2021-12-01,21,Gävleborg,PHEV,company,29
2021-12-01,21,Gävleborg,PHEV,dealer,13
2021-12-01,21,Gävleborg,PHEV,private,36
2021-12-01,22,Västernorrland,BEV,company,46
2021-12-01,22,Västernorrland,BEV,dealer,13
2021-12-01,22,Västernorrland,BEV,private,100
2021-12-01,22,Västernorrland,DIESEL,company,36
2021-12-01,22,Västernorrland,DIESEL,dealer,39
2021-12-01,22,Västernorrland,DIESEL,private,13
2021-12-01,22,Västernorrland,ETHANOL,company,3
2021-12-01,22,Västernorrland,ETHANOL,private,7
2021-12-01,22,Västernorrland,HEV,company,13
2021-12-01,22,Västernorrland,HEV,dealer,16
2021-12-01,22,Västernorrland,HEV,private,16
2021-12-01,22,Västernorrland,PETROL,company,13
2021-12-01,22,Västernorrland,PETROL,dealer,30
2021-12-01,22,Västernorrland,PETROL,private,45
2021-12-01,22,Västernorrland,PHEV,company,21
2021-12-01,22,Västernorrland,PHEV,dealer,13
2021-12-01,22,Västernorrland,PHEV,private,31
2021-12-01,23,Jämtland,BEV,company,38
2021-12-01,23,Jämtland,BEV,dealer,10
2021-12-01,23,Jämtland,BEV,private,58
2021-12-01,23,Jämtland,DIESEL,company,20
2021-12-01,23,Jämtland,DIESEL,dealer,131
2021-12-01,23,Jämtland,DIESEL,private,5
2021-12-01,23,Jämtland,ETHANOL,company,2
2021-12-01,23,Jämtland,ETHANOL,dealer,2
2021-12-01,23,Jämtland,GAS,company,2
2021-12-01,23,Jämtland,HEV,company,8
2021-12-01,23,Jämtland,HEV,dealer,5
2021-12-01,23,Jämtland,HEV,private,5
2021-12-01,23,Jämtland,OTHER,private,1
2021-12-01,23,Jämtland,PETROL,company,14
2021-12-01,23,Jämtland,PETROL,dealer,15
2021-12-01,23,Jämtland,PETROL,private,16
2021-12-01,23,Jämtland,PHEV,company,11
2021-12-01,23,Jämtland,PHEV,dealer,2
2021-12-01,23,Jämtland,PHEV,private,10
2021-12-01,24,Västerbotten,BEV,company,73
2021-12-01,24,Västerbotten,BEV,dealer,13
2021-12-01,24,Västerbotten,BEV,private,108
2021-12-01,24,Västerbotten,DIESEL,company,34
2021-12-01,24,Västerbotten,DIESEL,dealer,15
2021-12-01,24,Västerbotten,DIESEL,private,17
2021-12-01,24,Västerbotten,ETHANOL,private,5
2021-12-01,24,Västerbotten,HEV,company,3
2021-12-01,24,Västerbotten,HEV,dealer,10
2021-12-01,24,Västerbotten,HEV,private,17
2021-12-01,24,Västerbotten,OTHER,company,1
2021-12-01,24,Västerbotten,PETROL,company,9
2021-12-01,24,Västerbotten,PETROL,dealer,24
2021-12-01,24,Västerbotten,PETROL,private,36
2021-12-01,24,Västerbotten,PHEV,company,19
2021-12-01,24,Västerbotten,PHEV,dealer,9
2021-12-01,24,Västerbotten,PHEV,private,50
2021-12-01,25,Norrbotten,BEV,company,48
2021-12-01,25,Norrbotten,BEV,dealer,12
2021-12-01,25,Norrbotten,BEV,private,77
2021-12-01,25,Norrbotten,DIESEL,company,31
2021-12-01,25,Norrbotten,DIESEL,dealer,15
2021-12-01,25,Norrbotten,DIESEL,private,15
2021-12-01,25,Norrbotten,ETHANOL,dealer,1
2021-12-01,25,Norrbotten,ETHANOL,private,4
2021-12-01,25,Norrbotten,HEV,company,12
2021-12-01,25,Norrbotten,HEV,dealer,11
2021-12-01,25,Norrbotten,HEV,private,14
2021-12-01,25,Norrbotten,PETROL,company,12
2021-12-01,25,Norrbotten,PETROL,dealer,9
2021-12-01,25,Norrbotten,PETROL,private,19
2021-12-01,25,Norrbotten,PHEV,company,17
2021-12-01,25,Norrbotten,PHEV,dealer,8
2021-12-01,25,Norrbotten,PHEV,private,12
2022-01-01,01,Stockholm,BEV,company,807
2022-01-01,01,Stockholm,BEV,dealer,116
2022-01-01,01,Stockholm,BEV,private,688
2022-01-01,01,Stockholm,DIESEL,company,635
2022-01-01,01,Stockholm,DIESEL,dealer,65
2022-01-01,01,Stockholm,DIESEL,private,119
2022-01-01,01,Stockholm,ETHANOL,company,9
2022-01-01,01,Stockholm,ETHANOL,dealer,1
2022-01-01,01,Stockholm,ETHANOL,private,12
2022-01-01,01,Stockholm,GAS,company,31
2022-01-01,01,Stockholm,GAS,private,1
2022-01-01,01,Stockholm,HEV,company,152
2022-01-01,01,Stockholm,HEV,dealer,108
2022-01-01,01,Stockholm,HEV,private,211
2022-01-01,01,Stockholm,OTHER,dealer,2
2022-01-01,01,Stockholm,PETROL,company,398
2022-01-01,01,Stockholm,PETROL,dealer,183
2022-01-01,01,Stockholm,PETROL,private,645
2022-01-01,01,Stockholm,PHEV,company,1404
2022-01-01,01,Stockholm,PHEV,dealer,276
2022-01-01,01,Stockholm,PHEV,private,490
2022-01-01,03,Uppsala,BEV,company,47
2022-01-01,03,Uppsala,BEV,dealer,14
2022-01-01,03,Uppsala,BEV,private,104
2022-01-01,03,Uppsala,DIESEL,company,41
2022-01-01,03,Uppsala,DIESEL,dealer,8
2022-01-01,03,Uppsala,DIESEL,private,15
2022-01-01,03,Uppsala,ETHANOL,private,2
2022-01-01,03,Uppsala,GAS,company,2
2022-01-01,03,Uppsala,HEV,company,8
2022-01-01,03,Uppsala,HEV,dealer,17
2022-01-01,03,Uppsala,HEV,private,40
2022-01-01,03,Uppsala,OTHER,private,1
2022-01-01,03,Uppsala,PETROL,company,74
2022-01-01,03,Uppsala,PETROL,dealer,30
2022-01-01,03,Uppsala,PETROL,private,69
2022-01-01,03,Uppsala,PHEV,company,55
2022-01-01,03,Uppsala,PHEV,dealer,11
2022-01-01,03,Uppsala,PHEV,private,71
2022-01-01,04,Södermanland,BEV,company,22
2022-01-01,04,Södermanland,BEV,dealer,7
2022-01-01,04,Södermanland,BEV,private,65
2022-01-01,04,Södermanland,DIESEL,company,26
2022-01-01,04,Södermanland,DIESEL,dealer,12
2022-01-01,04,Södermanland,DIESEL,private,27
2022-01-01,04,Södermanland,GAS,company,9
2022-01-01,04,Södermanland,GAS,private,1
2022-01-01,04,Södermanland,HEV,company,13
2022-01-01,04,Södermanland,HEV,dealer,12
2022-01-01,04,Södermanland,HEV,private,26
2022-01-01,04,Södermanland,PETROL,company,11
2022-01-01,04,Södermanland,PETROL,dealer,27
2022-01-01,04,Södermanland,PETROL,private,87
2022-01-01,04,Södermanland,PHEV,company,35
2022-01-01,04,Södermanland,PHEV,dealer,20
2022-01-01,04,Södermanland,PHEV,private,60
2022-01-01,05,Östergötland,BEV,company,46
2022-01-01,05,Östergötland,BEV,dealer,9
2022-01-01,05,Östergötland,BEV,private,161
2022-01-01,05,Östergötland,DIESEL,company,64
2022-01-01,05,Östergötland,DIESEL,dealer,4
2022-01-01,05,Östergötland,DIESEL,private,22
2022-01-01,05,Östergötland,ETHANOL,company,1
2022-01-01,05,Östergötland,ETHANOL,private,2
2022-01-01,05,Östergötland,GAS,company,1
2022-01-01,05,Östergötland,HEV,company,8
2022-01-01,05,Östergötland,HEV,dealer,34
2022-01-01,05,Östergötland,HEV,private,29
2022-01-01,05,Östergötland,PETROL,company,48
2022-01-01,05,Östergötland,PETROL,dealer,33
2022-01-01,05,Östergötland,PETROL,private,142
2022-01-01,05,Östergötland,PHEV,company,108
2022-01-01,05,Östergötland,PHEV,dealer,20
2022-01-01,05,Östergötland,PHEV,private,93
2022-01-01,06,Jönköping,BEV,company,45
2022-01-01,06,Jönköping,BEV,dealer,9
2022-01-01,06,Jönköping,BEV,private,112
2022-01-01,06,Jönköping,DIESEL,company,37
2022-01-01,06,Jönköping,DIESEL,dealer,20
2022-01-01,06,Jönköping,DIESEL,private,24
2022-01-01,06,Jönköping,ETHANOL,private,5
2022-01-01,06,Jönköping,GAS,company,3
2022-01-01,06,Jönköping,HEV,company,7
2022-01-01,06,Jönköping,HEV,dealer,29
2022-01-01,06,Jönköping,HEV,private,30
2022-01-01,06,Jönköping,PETROL,company,27
2022-01-01,06,Jönköping,PETROL,dealer,36
2022-01-01,06,Jönköping,PETROL,private,137
2022-01-01,06,Jönköping,PHEV,company,39
2022-01-01,06,Jönköping,PHEV,dealer,27
2022-01-01,06,Jönköping,PHEV,private,73
2022-01-01,07,Kronoberg,BEV,company,17
2022-01-01,07,Kronoberg,BEV,dealer,2
2022-01-01,07,Kronoberg,BEV,private,56
2022-01-01,07,Kronoberg,DIESEL,company,24
2022-01-01,07,Kronoberg,DIESEL,dealer,1
2022-01-01,07,Kronoberg,DIESEL,private,17
2022-01-01,07,Kronoberg,ETHANOL,private,2
2022-01-01,07,Kronoberg,GAS,dealer,1
2022-01-01,07,Kronoberg,GAS,private,1
2022-01-01,07,Kronoberg,HEV,company,2
2022-01-01,07,Kronoberg,HEV,dealer,9
2022-01-01,07,Kronoberg,HEV,private,19
2022-01-01,07,Kronoberg,PETROL,company,29
2022-01-01,07,Kronoberg,PETROL,dealer,24
2022-01-01,07,Kronoberg,PETROL,private,36
2022-01-01,07,Kronoberg,PHEV,company,22
2022-01-01,07,Kronoberg,PHEV,dealer,9
2022-01-01,07,Kronoberg,PHEV,private,36
2022-01-01,08,Kalmar,BEV,company,17
2022-01-01,08,Kalmar,BEV,dealer,5
2022-01-01,08,Kalmar,BEV,private,52
2022-01-01,08,Kalmar,DIESEL,company,19
2022-01-01,08,Kalmar,DIESEL,dealer,20
2022-01-01,08,Kalmar,DIESEL,private,25
2022-01-01,08,Kalmar,GAS,company,25
2022-01-01,08,Kalmar,HEV,company,3
2022-01-01,08,Kalmar,HEV,dealer,6
2022-01-01,08,Kalmar,HEV,private,14
2022-01-01,08,Kalmar,PETROL,company,14
2022-01-01,08,Kalmar,PETROL,dealer,19
2022-01-01,08,Kalmar,PETROL,private,76
2022-01-01,08,Kalmar,PHEV,company,24
2022-01-01,08,Kalmar,PHEV,dealer,14
2022-01-01,08,Kalmar,PHEV,private,34
2022-01-01,09,Gotland,BEV,company,5
2022-01-01,09,Gotland,BEV,dealer,2
2022-01-01,09,Gotland,BEV,private,19
2022-01-01,09,Gotland,DIESEL,company,1
2022-01-01,09,Gotland,DIESEL,dealer,1
2022-01-01,09,Gotland,DIESEL,private,3
2022-01-01,09,Gotland,HEV,dealer,4
2022-01-01,09,Gotland,HEV,private,6
2022-01-01,09,Gotland,PETROL,company,2
2022-01-01,09,Gotland,PETROL,dealer,6
2022-01-01,09,Gotland,PETROL,private,11
2022-01-01,09,Gotland,PHEV,company,2
2022-01-01,09,Gotland,PHEV,dealer,2
2022-01-01,09,Gotland,PHEV,private,11
2022-01-01,10,Blekinge,BEV,company,13
2022-01-01,10,Blekinge,BEV,dealer,5
2022-01-01,10,Blekinge,BEV,private,50
2022-01-01,10,Blekinge,DIESEL,company,9
2022-01-01,10,Blekinge,DIESEL,dealer,2
2022-01-01,10,Blekinge,DIESEL,private,7
2022-01-01,10,Blekinge,ETHANOL,company,2
2022-01-01,10,Blekinge,GAS,company,12
2022-01-01,10,Blekinge,HEV,company,2
2022-01-01,10,Blekinge,HEV,dealer,19
2022-01-01,10,Blekinge,HEV,private,10
2022-01-01,10,Blekinge,PETROL,company,15
2022-01-01,10,Blekinge,PETROL,dealer,27
2022-01-01,10,Blekinge,PETROL,private,49
2022-01-01,10,Blekinge,PHEV,company,7
2022-01-01,10,Blekinge,PHEV,dealer,6
2022-01-01,10,Blekinge,PHEV,private,33
2022-01-01,12,Skåne,BEV,company,226
2022-01-01,12,Skåne,BEV,dealer,132
2022-01-01,12,Skåne,BEV,private,426
2022-01-01,12,Skåne,DIESEL,company,290
2022-01-01,12,Skåne,DIESEL,dealer,140
2022-01-01,12,Skåne,DIESEL,private,96
2022-01-01,12,Skåne,ETHANOL,company,2
2022-01-01,12,Skåne,ETHANOL,dealer,4
2022-01-01,12,Skåne,ETHANOL,private,10
2022-01-01,12,Skåne,GAS,company,13
2022-01-01,12,Skåne,HEV,company,30
2022-01-01,12,Skåne,HEV,dealer,62
2022-01-01,12,Skåne,HEV,private,107
2022-01-01,12,Skåne,PETROL,company,190
2022-01-01,12,Skåne,PETROL,dealer,135
2022-01-01,12,Skåne,PETROL,private,465
2022-01-01,12,Skåne,PHEV,company,373
2022-01-01,12,Skåne,PHEV,dealer,110
2022-01-01,12,Skåne,PHEV,private,206
2022-01-01,13,Halland,BEV,company,38
2022-01-01,13,Halland,BEV,dealer,14
2022-01-01,13,Halland,BEV,private,142
2022-01-01,13,Halland,DIESEL,company,31
2022-01-01,13,Halland,DIESEL,dealer,18
2022-01-01,13,Halland,DIESEL,private,38
2022-01-01,13,Halland,ETHANOL,company,4
2022-01-01,13,Halland,ETHANOL,private,1
2022-01-01,13,Halland,GAS,company,3
2022-01-01,13,Halland,HEV,company,2
2022-01-01,13,Halland,HEV,dealer,15
2022-01-01,13,Halland,HEV,private,31
2022-01-01,13,Halland,PETROL,company,30
2022-01-01,13,Halland,PETROL,dealer,45
2022-01-01,13,Halland,PETROL,private,135
2022-01-01,13,Halland,PHEV,company,43
2022-01-01,13,Halland,PHEV,dealer,19
2022-01-01,13,Halland,PHEV,private,65
2022-01-01,14,Västra Götaland,BEV,company,261
2022-01-01,14,Västra Götaland,BEV,dealer,66
2022-01-01,14,Västra Götaland,BEV,private,571
2022-01-01,14,Västra Götaland,DIESEL,company,156
2022-01-01,14,Västra Götaland,DIESEL,dealer,61
2022-01-01,14,Västra Götaland,DIESEL,private,120
2022-01-01,14,Västra Götaland,ETHANOL,company,3
2022-01-01,14,Västra Götaland,ETHANOL,dealer,3
2022-01-01,14,Västra Götaland,ETHANOL,private,3
2022-01-01,14,Västra Götaland,GAS,company,24
2022-01-01,14,Västra Götaland,HEV,company,54
2022-01-01,14,Västra Götaland,HEV,dealer,127
2022-01-01,14,Västra Götaland,HEV,private,174
2022-01-01,14,Västra Götaland,PETROL,company,126
2022-01-01,14,Västra Götaland,PETROL,dealer,183
2022-01-01,14,Västra Götaland,PETROL,private,678
2022-01-01,14,Västra Götaland,PHEV,company,241
2022-01-01,14,Västra Götaland,PHEV,dealer,213
2022-01-01,14,Västra Götaland,PHEV,private,373
2022-01-01,17,Värmland,BEV,company,29
2022-01-01,17,Värmland,BEV,dealer,8
2022-01-01,17,Värmland,BEV,private,47
2022-01-01,17,Värmland,DIESEL,company,58
2022-01-01,17,Värmland,DIESEL,dealer,19
2022-01-01,17,Värmland,DIESEL,private,25
2022-01-01,17,Värmland,ETHANOL,dealer,1
2022-01-01,17,Värmland,GAS,company,1
2022-01-01,17,Värmland,HEV,company,19
2022-01-01,17,Värmland,HEV,dealer,8
2022-01-01,17,Värmland,HEV,private,27
2022-01-01,17,Värmland,PETROL,company,56
2022-01-01,17,Värmland,PETROL,dealer,40
2022-01-01,17,Värmland,PETROL,private,78
2022-01-01,17,Värmland,PHEV,company,38
2022-01-01,17,Värmland,PHEV,dealer,18
2022-01-01,17,Värmland,PHEV,private,51
2022-01-01,18,Örebro,BEV,company,23
2022-01-01,18,Örebro,BEV,dealer,6
2022-01-01,18,Örebro,BEV,private,84
2022-01-01,18,Örebro,DIESEL,company,25
2022-01-01,18,Örebro,DIESEL,dealer,17
2022-01-01,18,Örebro,DIESEL,private,22
2022-01-01,18,Örebro,ETHANOL,dealer,1
2022-01-01,18,Örebro,ETHANOL,private,4
2022-01-01,18,Örebro,GAS,company,1
2022-01-01,18,Örebro,GAS,private,1
2022-01-01,18,Örebro,HEV,company,8
2022-01-01,18,Örebro,HEV,dealer,36
2022-01-01,18,Örebro,HEV,private,23
2022-01-01,18,Örebro,PETROL,company,27
2022-01-01,18,Örebro,PETROL,dealer,24
2022-01-01,18,Örebro,PETROL,private,84
2022-01-01,18,Örebro,PHEV,company,27
2022-01-01,18,Örebro,PHEV,dealer,14
2022-01-01,18,Örebro,PHEV,private,56
2022-01-01,19,Västmanland,BEV,company,26
2022-01-01,19,Västmanland,BEV,dealer,8
2022-01-01,19,Västmanland,BEV,private,73
2022-01-01,19,Västmanland,DIESEL,company,30
2022-01-01,19,Västmanland,DIESEL,dealer,4
2022-01-01,19,Västmanland,DIESEL,private,20
2022-01-01,19,Västmanland,GAS,company,2
2022-01-01,19,Västmanland,HEV,company,8
2022-01-01,19,Västmanland,HEV,dealer,5
2022-01-01,19,Västmanland,HEV,private,11
2022-01-01,19,Västmanland,PETROL,company,17
2022-01-01,19,Västmanland,PETROL,dealer,31
2022-01-01,19,Västmanland,PETROL,private,101
2022-01-01,19,Västmanland,PHEV,company,22
2022-01-01,19,Västmanland,PHEV,dealer,13
2022-01-01,19,Västmanland,PHEV,private,80
2022-01-01,20,Dalarna,BEV,company,20
2022-01-01,20,Dalarna,BEV,dealer,6
2022-01-01,20,Dalarna,BEV,private,100
2022-01-01,20,Dalarna,DIESEL,company,32
2022-01-01,20,Dalarna,DIESEL,dealer,13
2022-01-01,20,Dalarna,DIESEL,private,12
2022-01-01,20,Dalarna,ETHANOL,company,1
2022-01-01,20,Dalarna,ETHANOL,private,2
2022-01-01,20,Dalarna,HEV,company,5
2022-01-01,20,Dalarna,HEV,dealer,9
2022-01-01,20,Dalarna,HEV,private,7
2022-01-01,20,Dalarna,PETROL,company,20
2022-01-01,20,Dalarna,PETROL,dealer,20
2022-01-01,20,Dalarna,PETROL,private,61
2022-01-01,20,Dalarna,PHEV,company,39
2022-01-01,20,Dalarna,PHEV,dealer,20
2022-01-01,20,Dalarna,PHEV,private,54
2022-01-01,21,Gävleborg,BEV,company,34
2022-01-01,21,Gävleborg,BEV,dealer,3
2022-01-01,21,Gävleborg,BEV,private,59
2022-01-01,21,Gävleborg,DIESEL,company,32
2022-01-01,21,Gävleborg,DIESEL,dealer,37
2022-01-01,21,Gävleborg,DIESEL,private,16
2022-01-01,21,Gävleborg,ETHANOL,dealer,3
2022-01-01,21,Gävleborg,ETHANOL,private,4
2022-01-01,21,Gävleborg,HEV,company,11
2022-01-01,21,Gävleborg,HEV,dealer,16
2022-01-01,21,Gävleborg,HEV,private,33
2022-01-01,21,Gävleborg,PETROL,company,17
2022-01-01,21,Gävleborg,PETROL,dealer,15
2022-01-01,21,Gävleborg,PETROL,private,53
2022-01-01,21,Gävleborg,PHEV,company,19
2022-01-01,21,Gävleborg,PHEV,dealer,16
2022-01-01,21,Gävleborg,PHEV,private,37
2022-01-01,22,Västernorrland,BEV,company,24
2022-01-01,22,Västernorrland,BEV,dealer,6
2022-01-01,22,Västernorrland,BEV,private,63
2022-01-01,22,Västernorrland,DIESEL,company,31
2022-01-01,22,Västernorrland,DIESEL,dealer,39
2022-01-01,22,Västernorrland,DIESEL,private,17
2022-01-01,22,Västernorrland,HEV,company,5
2022-01-01,22,Västernorrland,HEV,dealer,13
2022-01-01,22,Västernorrland,HEV,private,17
2022-01-01,22,Västernorrland,PETROL,company,6
2022-01-01,22,Västernorrland,PETROL,dealer,20
2022-01-01,22,Västernorrland,PETROL,private,36
2022-01-01,22,Västernorrland,PHEV,company,29
2022-01-01,22,Västernorrland,PHEV,dealer,15
2022-01-01,22,Västernorrland,PHEV,private,50
2022-01-01,23,Jämtland,BEV,company,16
2022-01-01,23,Jämtland,BEV,private,18
2022-01-01,23,Jämtland,DIESEL,company,15
2022-01-01,23,Jämtland,DIESEL,dealer,5
2022-01-01,23,Jämtland,DIESEL,private,8
2022-01-01,23,Jämtland,ETHANOL,dealer,1
2022-01-01,23,Jämtland,ETHANOL,private,1
2022-01-01,23,Jämtland,GAS,company,3
2022-01-01,23,Jämtland,HEV,company,2
2022-01-01,23,Jämtland,HEV,dealer,7
2022-01-01,23,Jämtland,HEV,private,4
2022-01-01,23,Jämtland,PETROL,company,11
2022-01-01,23,Jämtland,PETROL,dealer,4
2022-01-01,23,Jämtland,PETROL,private,13
2022-01-01,23,Jämtland,PHEV,company,17
2022-01-01,23,Jämtland,PHEV,dealer,3
2022-01-01,23,Jämtland,PHEV,private,6
2022-01-01,24,Västerbotten,BEV,company,36
2022-01-01,24,Västerbotten,BEV,dealer,8
2022-01-01,24,Västerbotten,BEV,private,71
2022-01-01,24,Västerbotten,DIESEL,company,32
2022-01-01,24,Västerbotten,DIESEL,dealer,9
2022-01-01,24,Västerbotten,DIESEL,private,16
2022-01-01,24,Västerbotten,ETHANOL,company,1
2022-01-01,24,Västerbotten,ETHANOL,dealer,1
2022-01-01,24,Västerbotten,ETHANOL,private,1
2022-01-01,24,Västerbotten,HEV,company,7
2022-01-01,24,Västerbotten,HEV,dealer,8
2022-01-01,24,Västerbotten,HEV,private,13
2022-01-01,24,Västerbotten,PETROL,company,13
2022-01-01,24,Västerbotten,PETROL,dealer,18
2022-01-01,24,Västerbotten,PETROL,private,41
2022-01-01,24,Västerbotten,PHEV,company,33
2022-01-01,24,Västerbotten,PHEV,dealer,21
2022-01-01,24,Västerbotten,PHEV,private,38
2022-01-01,25,Norrbotten,BEV,company,19
2022-01-01,25,Norrbotten,BEV,dealer,4
2022-01-01,25,Norrbotten,BEV,private,59
2022-01-01,25,Norrbotten,DIESEL,company,38
2022-01-01,25,Norrbotten,DIESEL,dealer,15
2022-01-01,25,Norrbotten,DIESEL,private,24
2022-01-01,25,Norrbotten,HEV,company,32
2022-01-01,25,Norrbotten,HEV,dealer,14
2022-01-01,25,Norrbotten,HEV,private,22
2022-01-01,25,Norrbotten,PETROL,company,19
2022-01-01,25,Norrbotten,PETROL,dealer,13
2022-01-01,25,Norrbotten,PETROL,private,24
2022-01-01,25,Norrbotten,PHEV,company,16
2022-01-01,25,Norrbotten,PHEV,dealer,3
2022-01-01,25,Norrbotten,PHEV,private,18
2022-02-01,01,Stockholm,BEV,company,949
2022-02-01,01,Stockholm,BEV,dealer,181
2022-02-01,01,Stockholm,BEV,private,749
2022-02-01,01,Stockholm,DIESEL,company,672
2022-02-01,01,Stockholm,DIESEL,dealer,111
2022-02-01,01,Stockholm,DIESEL,private,166
2022-02-01,01,Stockholm,ETHANOL,company,23
2022-02-01,01,Stockholm,ETHANOL,dealer,1
2022-02-01,01,Stockholm,ETHANOL,private,38
2022-02-01,01,Stockholm,GAS,company,34
2022-02-01,01,Stockholm,GAS,private,1
2022-02-01,01,Stockholm,HEV,company,195
2022-02-01,01,Stockholm,HEV,dealer,121
2022-02-01,01,Stockholm,HEV,private,207
2022-02-01,01,Stockholm,PETROL,company,457
2022-02-01,01,Stockholm,PETROL,dealer,169
2022-02-01,01,Stockholm,PETROL,private,638
2022-02-01,01,Stockholm,PHEV,company,1589
2022-02-01,01,Stockholm,PHEV,dealer,249
2022-02-01,01,Stockholm,PHEV,private,535
2022-02-01,03,Uppsala,BEV,company,40
2022-02-01,03,Uppsala,BEV,dealer,9
2022-02-01,03,Uppsala,BEV,private,100
2022-02-01,03,Uppsala,DIESEL,company,37
2022-02-01,03,Uppsala,DIESEL,dealer,8
2022-02-01,03,Uppsala,DIESEL,private,21
2022-02-01,03,Uppsala,ETHANOL,company,1
2022-02-01,03,Uppsala,ETHANOL,private,1
2022-02-01,03,Uppsala,GAS,company,1
2022-02-01,03,Uppsala,HEV,company,6
2022-02-01,03,Uppsala,HEV,dealer,19
2022-02-01,03,Uppsala,HEV,private,37
2022-02-01,03,Uppsala,PETROL,company,91
2022-02-01,03,Uppsala,PETROL,dealer,27
2022-02-01,03,Uppsala,PETROL,private,75
2022-02-01,03,Uppsala,PHEV,company,59
2022-02-01,03,Uppsala,PHEV,dealer,11
2022-02-01,03,Uppsala,PHEV,private,68
2022-02-01,04,Södermanland,BEV,company,36
2022-02-01,04,Södermanland,BEV,dealer,6
2022-02-01,04,Södermanland,BEV,private,73
2022-02-01,04,Södermanland,DIESEL,company,27
2022-02-01,04,Södermanland,DIESEL,dealer,9
2022-02-01,04,Södermanland,DIESEL,private,29
2022-02-01,04,Södermanland,ETHANOL,dealer,1
2022-02-01,04,Södermanland,ETHANOL,private,5
2022-02-01,04,Södermanland,GAS,company,5
2022-02-01,04,Södermanland,HEV,company,8
2022-02-01,04,Södermanland,HEV,dealer,15
2022-02-01,04,Södermanland,HEV,private,28
2022-02-01,04,Södermanland,PETROL,company,20
2022-02-01,04,Södermanland,PETROL,dealer,30
2022-02-01,04,Södermanland,PETROL,private,88
2022-02-01,04,Södermanland,PHEV,company,20
2022-02-01,04,Södermanland,PHEV,dealer,15
2022-02-01,04,Södermanland,PHEV,private,40
2022-02-01,05,Östergötland,BEV,company,61
2022-02-01,05,Östergötland,BEV,dealer,20
2022-02-01,05,Östergötland,BEV,private,130
2022-02-01,05,Östergötland,DIESEL,company,47
2022-02-01,05,Östergötland,DIESEL,dealer,20
2022-02-01,05,Östergötland,DIESEL,private,28
2022-02-01,05,Östergötland,ETHANOL,company,2
2022-02-01,05,Östergötland,ETHANOL,dealer,3
2022-02-01,05,Östergötland,ETHANOL,private,6
2022-02-01,05,Östergötland,HEV,company,6
2022-02-01,05,Östergötland,HEV,dealer,33
2022-02-01,05,Östergötland,HEV,private,36
2022-02-01,05,Östergötland,PETROL,company,24
2022-02-01,05,Östergötland,PETROL,dealer,43
2022-02-01,05,Östergötland,PETROL,private,129
2022-02-01,05,Östergötland,PHEV,company,77
2022-02-01,05,Östergötland,PHEV,dealer,12
2022-02-01,05,Östergötland,PHEV,private,95
2022-02-01,06,Jönköping,BEV,company,56
2022-02-01,06,Jönköping,BEV,dealer,15
2022-02-01,06,Jönköping,BEV,private,92
2022-02-01,06,Jönköping,DIESEL,company,57
2022-02-01,06,Jönköping,DIESEL,dealer,30
2022-02-01,06,Jönköping,DIESEL,private,11
2022-02-01,06,Jönköping,ETHANOL,company,4
2022-02-01,06,Jönköping,ETHANOL,dealer,1
2022-02-01,06,Jönköping,ETHANOL,private,4
2022-02-01,06,Jönköping,GAS,company,1
2022-02-01,06,Jönköping,HEV,company,12
2022-02-01,06,Jönköping,HEV,dealer,22
2022-02-01,06,Jönköping,HEV,private,82
2022-02-01,06,Jönköping,PETROL,company,31
2022-02-01,06,Jönköping,PETROL,dealer,30
2022-02-01,06,Jönköping,PETROL,private,94
2022-02-01,06,Jönköping,PHEV,company,46
2022-02-01,06,Jönköping,PHEV,dealer,34
2022-02-01,06,Jönköping,PHEV,private,48
2022-02-01,07,Kronoberg,BEV,company,12
2022-02-01,07,Kronoberg,BEV,dealer,9
2022-02-01,07,Kronoberg,BEV,private,59
2022-02-01,07,Kronoberg,DIESEL,company,30
2022-02-01,07,Kronoberg,DIESEL,dealer,6
2022-02-01,07,Kronoberg,DIESEL,private,16
2022-02-01,07,Kronoberg,ETHANOL,company,2
2022-02-01,07,Kronoberg,ETHANOL,private,2
2022-02-01,07,Kronoberg,GAS,company,1
2022-02-01,07,Kronoberg,HEV,company,4
2022-02-01,07,Kronoberg,HEV,dealer,22
2022-02-01,07,Kronoberg,HEV,private,19
2022-02-01,07,Kronoberg,PETROL,company,14
2022-02-01,07,Kronoberg,PETROL,dealer,22
2022-02-01,07,Kronoberg,PETROL,private,53
2022-02-01,07,Kronoberg,PHEV,company,32
2022-02-01,07,Kronoberg,PHEV,dealer,12
2022-02-01,07,Kronoberg,PHEV,private,36
2022-02-01,08,Kalmar,BEV,company,20
2022-02-01,08,Kalmar,BEV,dealer,5
2022-02-01,08,Kalmar,BEV,private,39
2022-02-01,08,Kalmar,DIESEL,company,22
2022-02-01,08,Kalmar,DIESEL,dealer,36
2022-02-01,08,Kalmar,DIESEL,private,20
2022-02-01,08,Kalmar,ETHANOL,company,1
2022-02-01,08,Kalmar,GAS,company,23
2022-02-01,08,Kalmar,HEV,company,3
2022-02-01,08,Kalmar,HEV,dealer,10
2022-02-01,08,Kalmar,HEV,private,15
2022-02-01,08,Kalmar,PETROL,company,26
2022-02-01,08,Kalmar,PETROL,dealer,41
2022-02-01,08,Kalmar,PETROL,private,85
2022-02-01,08,Kalmar,PHEV,company,15
2022-02-01,08,Kalmar,PHEV,dealer,10
2022-02-01,08,Kalmar,PHEV,private,34
2022-02-01,09,Gotland,BEV,company,6
2022-02-01,09,Gotland,BEV,dealer,2
2022-02-01,09,Gotland,BEV,private,20
2022-02-01,09,Gotland,DIESEL,company,3
2022-02-01,09,Gotland,DIESEL,dealer,1
2022-02-01,09,Gotland,DIESEL,private,1
2022-02-01,09,Gotland,ETHANOL,dealer,1
2022-02-01,09,Gotland,HEV,dealer,6
2022-02-01,09,Gotland,HEV,private,9
2022-02-01,09,Gotland,PETROL,company,1
2022-02-01,09,Gotland,PETROL,dealer,3
2022-02-01,09,Gotland,PETROL,private,20
2022-02-01,09,Gotland,PHEV,company,3
2022-02-01,09,Gotland,PHEV,dealer,4
2022-02-01,09,Gotland,PHEV,private,8
2022-02-01,10,Blekinge,BEV,company,9
2022-02-01,10,Blekinge,BEV,dealer,3
2022-02-01,10,Blekinge,BEV,private,40
2022-02-01,10,Blekinge,DIESEL,company,20
2022-02-01,10,Blekinge,DIESEL,dealer,6
2022-02-01,10,Blekinge,DIESEL,private,9
2022-02-01,10,Blekinge,ETHANOL,company,3
2022-02-01,10,Blekinge,ETHANOL,dealer,1
2022-02-01,10,Blekinge,ETHANOL,private,1
2022-02-01,10,Blekinge,GAS,company,24
2022-02-01,10,Blekinge,HEV,company,1
2022-02-01,10,Blekinge,HEV,dealer,23
2022-02-01,10,Blekinge,HEV,private,14
2022-02-01,10,Blekinge,PETROL,company,20
2022-02-01,10,Blekinge,PETROL,dealer,13
2022-02-01,10,Blekinge,PETROL,private,49
2022-02-01,10,Blekinge,PHEV,company,13
2022-02-01,10,Blekinge,PHEV,dealer,10
2022-02-01,10,Blekinge,PHEV,private,34
2022-02-01,12,Skåne,BEV,company,227
2022-02-01,12,Skåne,BEV,dealer,39
2022-02-01,12,Skåne,BEV,private,451
2022-02-01,12,Skåne,DIESEL,company,312
2022-02-01,12,Skåne,DIESEL,dealer,101
2022-02-01,12,Skåne,DIESEL,private,110
2022-02-01,12,Skåne,ETHANOL,company,2
2022-02-01,12,Skåne,ETHANOL,dealer,5
2022-02-01,12,Skåne,ETHANOL,private,12
2022-02-01,12,Skåne,GAS,company,12
2022-02-01,12,Skåne,HEV,company,68
2022-02-01,12,Skåne,HEV,dealer,61
2022-02-01,12,Skåne,HEV,private,122
2022-02-01,12,Skåne,PETROL,company,241
2022-02-01,12,Skåne,PETROL,dealer,156
2022-02-01,12,Skåne,PETROL,private,455
2022-02-01,12,Skåne,PHEV,company,362
2022-02-01,12,Skåne,PHEV,dealer,94
2022-02-01,12,Skåne,PHEV,private,255
2022-02-01,13,Halland,BEV,company,46
2022-02-01,13,Halland,BEV,dealer,13
2022-02-01,13,Halland,BEV,private,167
2022-02-01,13,Halland,DIESEL,company,31
2022-02-01,13,Halland,DIESEL,dealer,20
2022-02-01,13,Halland,DIESEL,private,26
2022-02-01,13,Halland,ETHANOL,company,3
2022-02-01,13,Halland,ETHANOL,dealer,1
2022-02-01,13,Halland,ETHANOL,private,6
2022-02-01,13,Halland,HEV,company,4
2022-02-01,13,Halland,HEV,dealer,17
2022-02-01,13,Halland,HEV,private,28
2022-02-01,13,Halland,PETROL,company,36
2022-02-01,13,Halland,PETROL,dealer,58
2022-02-01,13,Halland,PETROL,private,121
2022-02-01,13,Halland,PHEV,company,45
2022-02-01,13,Halland,PHEV,dealer,32
2022-02-01,13,Halland,PHEV,private,65
2022-02-01,14,Västra Götaland,BEV,company,297
2022-02-01,14,Västra Götaland,BEV,dealer,75
2022-02-01,14,Västra Götaland,BEV,private,586
2022-02-01,14,Västra Götaland,DIESEL,company,178
2022-02-01,14,Västra Götaland,DIESEL,dealer,92
2022-02-01,14,Västra Götaland,DIESEL,private,148
2022-02-01,14,Västra Götaland,ETHANOL,company,7
2022-02-01,14,Västra Götaland,ETHANOL,dealer,8
2022-02-01,14,Västra Götaland,ETHANOL,private,17
2022-02-01,14,Västra Götaland,GAS,company,14
2022-02-01,14,Västra Götaland,HEV,company,59
2022-02-01,14,Västra Götaland,HEV,dealer,131
2022-02-01,14,Västra Götaland,HEV,private,137
2022-02-01,14,Västra Götaland,PETROL,company,167
2022-02-01,14,Västra Götaland,PETROL,dealer,153
2022-02-01,14,Västra Götaland,PETROL,private,713
2022-02-01,14,Västra Götaland,PHEV,company,275
2022-02-01,14,Västra Götaland,PHEV,dealer,222
2022-02-01,14,Västra Götaland,PHEV,private,330
2022-02-01,17,Värmland,BEV,company,23
2022-02-01,17,Värmland,BEV,dealer,4
2022-02-01,17,Värmland,BEV,private,63
2022-02-01,17,Värmland,DIESEL,company,70
2022-02-01,17,Värmland,DIESEL,dealer,38
2022-02-01,17,Värmland,DIESEL,private,29
2022-02-01,17,Värmland,ETHANOL,dealer,3
2022-02-01,17,Värmland,ETHANOL,private,5
2022-02-01,17,Värmland,GAS,company,1
2022-02-01,17,Värmland,HEV,company,8
2022-02-01,17,Värmland,HEV,dealer,24
2022-02-01,17,Värmland,HEV,private,40
2022-02-01,17,Värmland,PETROL,company,112
2022-02-01,17,Värmland,PETROL,dealer,68
2022-02-01,17,Värmland,PETROL,private,97
2022-02-01,17,Värmland,PHEV,company,43
2022-02-01,17,Värmland,PHEV,dealer,7
2022-02-01,17,Värmland,PHEV,private,51
2022-02-01,18,Örebro,BEV,company,24
2022-02-01,18,Örebro,BEV,dealer,7
2022-02-01,18,Örebro,BEV,private,110
2022-02-01,18,Örebro,DIESEL,company,24
2022-02-01,18,Örebro,DIESEL,dealer,8
2022-02-01,18,Örebro,DIESEL,private,23
2022-02-01,18,Örebro,ETHANOL,company,2
2022-02-01,18,Örebro,ETHANOL,dealer,2
2022-02-01,18,Örebro,ETHANOL,private,5
2022-02-01,18,Örebro,GAS,company,1
2022-02-01,18,Örebro,HEV,company,8
2022-02-01,18,Örebro,HEV,dealer,28
2022-02-01,18,Örebro,HEV,private,27
2022-02-01,18,Örebro,PETROL,company,24
2022-02-01,18,Örebro,PETROL,dealer,31
2022-02-01,18,Örebro,PETROL,private,101
2022-02-01,18,Örebro,PHEV,company,39
2022-02-01,18,Örebro,PHEV,dealer,18
2022-02-01,18,Örebro,PHEV,private,53
2022-02-01,19,Västmanland,BEV,company,32
2022-02-01,19,Västmanland,BEV,dealer,10
2022-02-01,19,Västmanland,BEV,private,80
2022-02-01,19,Västmanland,DIESEL,company,19
2022-02-01,19,Västmanland,DIESEL,dealer,18
2022-02-01,19,Västmanland,DIESEL,private,17
2022-02-01,19,Västmanland,ETHANOL,company,1
2022-02-01,19,Västmanland,ETHANOL,dealer,1
2022-02-01,19,Västmanland,ETHANOL,private,8
2022-02-01,19,Västmanland,GAS,company,3
2022-02-01,19,Västmanland,HEV,company,2
2022-02-01,19,Västmanland,HEV,dealer,8
2022-02-01,19,Västmanland,HEV,private,13
2022-02-01,19,Västmanland,PETROL,company,21
2022-02-01,19,Västmanland,PETROL,dealer,22
2022-02-01,19,Västmanland,PETROL,private,88
2022-02-01,19,Västmanland,PHEV,company,19
2022-02-01,19,Västmanland,PHEV,dealer,14
2022-02-01,19,Västmanland,PHEV,private,41
2022-02-01,20,Dalarna,BEV,company,32
2022-02-01,20,Dalarna,BEV,dealer,6
2022-02-01,20,Dalarna,BEV,private,58
2022-02-01,20,Dalarna,DIESEL,company,24
2022-02-01,20,Dalarna,DIESEL,dealer,21
2022-02-01,20,Dalarna,DIESEL,private,28
2022-02-01,20,Dalarna,ETHANOL,company,1
2022-02-01,20,Dalarna,ETHANOL,dealer,2
2022-02-01,20,Dalarna,ETHANOL,private,5
2022-02-01,20,Dalarna,HEV,company,5
2022-02-01,20,Dalarna,HEV,dealer,21
2022-02-01,20,Dalarna,HEV,private,21
2022-02-01,20,Dalarna,PETROL,company,23
2022-02-01,20,Dalarna,PETROL,dealer,26
2022-02-01,20,Dalarna,PETROL,private,60
2022-02-01,20,Dalarna,PHEV,company,28
2022-02-01,20,Dalarna,PHEV,dealer,24
2022-02-01,20,Dalarna,PHEV,private,38
2022-02-01,21,Gävleborg,BEV,company,32
2022-02-01,21,Gävleborg,BEV,dealer,8
2022-02-01,21,Gävleborg,BEV,private,55
2022-02-01,21,Gävleborg,DIESEL,company,36
2022-02-01,21,Gävleborg,DIESEL,dealer,29
2022-02-01,21,Gävleborg,DIESEL,private,21
2022-02-01,21,Gävleborg,ETHANOL,company,3
2022-02-01,21,Gävleborg,ETHANOL,dealer,1
2022-02-01,21,Gävleborg,ETHANOL,private,4
2022-02-01,21,Gävleborg,HEV,company,35
2022-02-01,21,Gävleborg,HEV,dealer,20
2022-02-01,21,Gävleborg,HEV,private,30
2022-02-01,21,Gävleborg,PETROL,company,17
2022-02-01,21,Gävleborg,PETROL,dealer,20
2022-02-01,21,Gävleborg,PETROL,private,60
2022-02-01,21,Gävleborg,PHEV,company,27
2022-02-01,21,Gävleborg,PHEV,dealer,26
2022-02-01,21,Gävleborg,PHEV,private,29
2022-02-01,22,Västernorrland,BEV,company,32
2022-02-01,22,Västernorrland,BEV,dealer,4
2022-02-01,22,Västernorrland,BEV,private,61
2022-02-01,22,Västernorrland,DIESEL,company,27
2022-02-01,22,Västernorrland,DIESEL,dealer,33
2022-02-01,22,Västernorrland,DIESEL,private,17
2022-02-01,22,Västernorrland,ETHANOL,company,2
2022-02-01,22,Västernorrland,ETHANOL,dealer,8
2022-02-01,22,Västernorrland,ETHANOL,private,9
2022-02-01,22,Västernorrland,HEV,company,4
2022-02-01,22,Västernorrland,HEV,dealer,11
2022-02-01,22,Västernorrland,HEV,private,21
2022-02-01,22,Västernorrland,PETROL,company,12
2022-02-01,22,Västernorrland,PETROL,dealer,19
2022-02-01,22,Västernorrland,PETROL,private,41
2022-02-01,22,Västernorrland,PHEV,company,22
2022-02-01,22,Västernorrland,PHEV,dealer,17
2022-02-01,22,Västernorrland,PHEV,private,44
2022-02-01,23,Jämtland,BEV,company,21
2022-02-01,23,Jämtland,BEV,dealer,3
2022-02-01,23,Jämtland,BEV,private,12
2022-02-01,23,Jämtland,DIESEL,company,30
2022-02-01,23,Jämtland,DIESEL,dealer,13
2022-02-01,23,Jämtland,DIESEL,private,4
2022-02-01,23,Jämtland,ETHANOL,dealer,3
2022-02-01,23,Jämtland,ETHANOL,private,1
2022-02-01,23,Jämtland,HEV,company,10
2022-02-01,23,Jämtland,HEV,dealer,10
2022-02-01,23,Jämtland,HEV,private,5
2022-02-01,23,Jämtland,PETROL,company,7
2022-02-01,23,Jämtland,PETROL,dealer,5
2022-02-01,23,Jämtland,PETROL,private,6
2022-02-01,23,Jämtland,PHEV,company,12
2022-02-01,23,Jämtland,PHEV,dealer,5
2022-02-01,23,Jämtland,PHEV,private,10
2022-02-01,24,Västerbotten,BEV,company,28
2022-02-01,24,Västerbotten,BEV,dealer,7
2022-02-01,24,Västerbotten,BEV,private,61
2022-02-01,24,Västerbotten,DIESEL,company,30
2022-02-01,24,Västerbotten,DIESEL,dealer,27
2022-02-01,24,Västerbotten,DIESEL,private,12
2022-02-01,24,Västerbotten,ETHANOL,company,2
2022-02-01,24,Västerbotten,ETHANOL,dealer,5
2022-02-01,24,Västerbotten,ETHANOL,private,7
2022-02-01,24,Västerbotten,HEV,company,10
2022-02-01,24,Västerbotten,HEV,dealer,37
2022-02-01,24,Västerbotten,HEV,private,16
2022-02-01,24,Västerbotten,PETROL,company,8
2022-02-01,24,Västerbotten,PETROL,dealer,23
2022-02-01,24,Västerbotten,PETROL,private,34
2022-02-01,24,Västerbotten,PHEV,company,35
2022-02-01,24,Västerbotten,PHEV,dealer,15
2022-02-01,24,Västerbotten,PHEV,private,52
2022-02-01,25,Norrbotten,BEV,company,18
2022-02-01,25,Norrbotten,BEV,dealer,6
2022-02-01,25,Norrbotten,BEV,private,52
2022-02-01,25,Norrbotten,DIESEL,company,38
2022-02-01,25,Norrbotten,DIESEL,dealer,12
2022-02-01,25,Norrbotten,DIESEL,private,26
2022-02-01,25,Norrbotten,ETHANOL,company,1
2022-02-01,25,Norrbotten,ETHANOL,dealer,3
2022-02-01,25,Norrbotten,ETHANOL,private,1
2022-02-01,25,Norrbotten,GAS,company,1
2022-02-01,25,Norrbotten,HEV,company,21
2022-02-01,25,Norrbotten,HEV,dealer,15
2022-02-01,25,Norrbotten,HEV,private,15
2022-02-01,25,Norrbotten,PETROL,company,11
2022-02-01,25,Norrbotten,PETROL,dealer,13
2022-02-01,25,Norrbotten,PETROL,private,26
2022-02-01,25,Norrbotten,PHEV,company,31
2022-02-01,25,Norrbotten,PHEV,dealer,5
2022-02-01,25,Norrbotten,PHEV,private,15
2022-03-01,01,Stockholm,BEV,company,1901
2022-03-01,01,Stockholm,BEV,dealer,272
2022-03-01,01,Stockholm,BEV,private,1241
2022-03-01,01,Stockholm,DIESEL,company,838
2022-03-01,01,Stockholm,DIESEL,dealer,114
2022-03-01,01,Stockholm,DIESEL,private,167
2022-03-01,01,Stockholm,ETHANOL,company,17
2022-03-01,01,Stockholm,ETHANOL,dealer,6
2022-03-01,01,Stockholm,ETHANOL,private,35
2022-03-01,01,Stockholm,GAS,company,21
2022-03-01,01,Stockholm,GAS,private,2
2022-03-01,01,Stockholm,HEV,company,284
2022-03-01,01,Stockholm,HEV,dealer,81
2022-03-01,01,Stockholm,HEV,private,288
2022-03-01,01,Stockholm,PETROL,company,682
2022-03-01,01,Stockholm,PETROL,dealer,261
2022-03-01,01,Stockholm,PETROL,private,759
2022-03-01,01,Stockholm,PHEV,company,1952
2022-03-01,01,Stockholm,PHEV,dealer,225
2022-03-01,01,Stockholm,PHEV,private,659
2022-03-01,03,Uppsala,BEV,company,80
2022-03-01,03,Uppsala,BEV,dealer,20
2022-03-01,03,Uppsala,BEV,private,164
2022-03-01,03,Uppsala,DIESEL,company,39
2022-03-01,03,Uppsala,DIESEL,dealer,7
2022-03-01,03,Uppsala,DIESEL,private,37
2022-03-01,03,Uppsala,ETHANOL,company,4
2022-03-01,03,Uppsala,ETHANOL,dealer,1
2022-03-01,03,Uppsala,ETHANOL,private,2
2022-03-01,03,Uppsala,GAS,company,1
2022-03-01,03,Uppsala,HEV,company,39
2022-03-01,03,Uppsala,HEV,dealer,25
2022-03-01,03,Uppsala,HEV,private,61
2022-03-01,03,Uppsala,PETROL,company,96
2022-03-01,03,Uppsala,PETROL,dealer,23
2022-03-01,03,Uppsala,PETROL,private,87
2022-03-01,03,Uppsala,PHEV,company,68
2022-03-01,03,Uppsala,PHEV,dealer,9
2022-03-01,03,Uppsala,PHEV,private,76
2022-03-01,04,Södermanland,BEV,company,41
2022-03-01,04,Södermanland,BEV,dealer,7
2022-03-01,04,Södermanland,BEV,private,118
2022-03-01,04,Södermanland,DIESEL,company,37
2022-03-01,04,Södermanland,DIESEL,dealer,18
2022-03-01,04,Södermanland,DIESEL,private,28
2022-03-01,04,Södermanland,ETHANOL,company,1
2022-03-01,04,Södermanland,ETHANOL,dealer,1
2022-03-01,04,Södermanland,ETHANOL,private,6
2022-03-01,04,Södermanland,GAS,company,4
2022-03-01,04,Södermanland,GAS,private,1
2022-03-01,04,Södermanland,HEV,company,12
2022-03-01,04,Södermanland,HEV,dealer,22
2022-03-01,04,Södermanland,HEV,private,39
2022-03-01,04,Södermanland,PETROL,company,31
2022-03-01,04,Södermanland,PETROL,dealer,55
2022-03-01,04,Södermanland,PETROL,private,98
2022-03-01,04,Södermanland,PHEV,company,37
2022-03-01,04,Södermanland,PHEV,dealer,14
2022-03-01,04,Södermanland,PHEV,private,68
2022-03-01,05,Östergötland,BEV,company,101
2022-03-01,05,Östergötland,BEV,dealer,37
2022-03-01,05,Östergötland,BEV,private,237
2022-03-01,05,Östergötland,DIESEL,company,60
2022-03-01,05,Östergötland,DIESEL,dealer,21
2022-03-01,05,Östergötland,DIESEL,private,53
2022-03-01,05,Östergötland,ETHANOL,company,14
2022-03-01,05,Östergötland,ETHANOL,dealer,2
2022-03-01,05,Östergötland,ETHANOL,private,9
2022-03-01,05,Östergötland,HEV,company,26
2022-03-01,05,Östergötland,HEV,dealer,55
2022-03-01,05,Östergötland,HEV,private,52
2022-03-01,05,Östergötland,PETROL,company,49
2022-03-01,05,Östergötland,PETROL,dealer,57
2022-03-01,05,Östergötland,PETROL,private,140
2022-03-01,05,Östergötland,PHEV,company,84
2022-03-01,05,Östergötland,PHEV,dealer,22
2022-03-01,05,Östergötland,PHEV,private,115
2022-03-01,06,Jönköping,BEV,company,102
2022-03-01,06,Jönköping,BEV,dealer,29
2022-03-01,06,Jönköping,BEV,private,159
2022-03-01,06,Jönköping,DIESEL,company,61
2022-03-01,06,Jönköping,DIESEL,dealer,41
2022-03-01,06,Jönköping,DIESEL,private,60
2022-03-01,06,Jönköping,ETHANOL,company,1
2022-03-01,06,Jönköping,ETHANOL,dealer,2
2022-03-01,06,Jönköping,ETHANOL,private,4
2022-03-01,06,Jönköping,GAS,company,1
2022-03-01,06,Jönköping,HEV,company,17
2022-03-01,06,Jönköping,HEV,dealer,43
2022-03-01,06,Jönköping,HEV,private,66
2022-03-01,06,Jönköping,PETROL,company,39
2022-03-01,06,Jönköping,PETROL,dealer,60
2022-03-01,06,Jönköping,PETROL,private,175
2022-03-01,06,Jönköping,PHEV,company,57
2022-03-01,06,Jönköping,PHEV,dealer,39
2022-03-01,06,Jönköping,PHEV,private,68
2022-03-01,07,Kronoberg,BEV,company,34
2022-03-01,07,Kronoberg,BEV,dealer,10
2022-03-01,07,Kronoberg,BEV,private,74
2022-03-01,07,Kronoberg,DIESEL,company,18
2022-03-01,07,Kronoberg,DIESEL,dealer,9
2022-03-01,07,Kronoberg,DIESEL,private,15
2022-03-01,07,Kronoberg,ETHANOL,private,2
2022-03-01,07,Kronoberg,GAS,company,4
2022-03-01,07,Kronoberg,HEV,company,12
2022-03-01,07,Kronoberg,HEV,dealer,27
2022-03-01,07,Kronoberg,HEV,private,21
2022-03-01,07,Kronoberg,PETROL,company,21
2022-03-01,07,Kronoberg,PETROL,dealer,27
2022-03-01,07,Kronoberg,PETROL,private,62
2022-03-01,07,Kronoberg,PHEV,company,42
2022-03-01,07,Kronoberg,PHEV,dealer,19
2022-03-01,07,Kronoberg,PHEV,private,47
2022-03-01,08,Kalmar,BEV,company,41
2022-03-01,08,Kalmar,BEV,dealer,13
2022-03-01,08,Kalmar,BEV,private,83
2022-03-01,08,Kalmar,DIESEL,company,40
2022-03-01,08,Kalmar,DIESEL,dealer,23
2022-03-01,08,Kalmar,DIESEL,private,30
2022-03-01,08,Kalmar,ETHANOL,dealer,2
2022-03-01,08,Kalmar,ETHANOL,private,4
2022-03-01,08,Kalmar,GAS,company,23
2022-03-01,08,Kalmar,GAS,private,1
2022-03-01,08,Kalmar,HEV,company,9
2022-03-01,08,Kalmar,HEV,dealer,14
2022-03-01,08,Kalmar,HEV,private,21
2022-03-01,08,Kalmar,PETROL,company,21
2022-03-01,08,Kalmar,PETROL,dealer,63
2022-03-01,08,Kalmar,PETROL,private,86
2022-03-01,08,Kalmar,PHEV,company,36
2022-03-01,08,Kalmar,PHEV,dealer,14
2022-03-01,08,Kalmar,PHEV,private,41
2022-03-01,09,Gotland,BEV,company,13
2022-03-01,09,Gotland,BEV,dealer,1
2022-03-01,09,Gotland,BEV,private,15
2022-03-01,09,Gotland,DIESEL,company,6
2022-03-01,09,Gotland,DIESEL,dealer,1
2022-03-01,09,Gotland,DIESEL,private,3
2022-03-01,09,Gotland,HEV,company,3
2022-03-01,09,Gotland,HEV,dealer,2
2022-03-01,09,Gotland,HEV,private,3
2022-03-01,09,Gotland,PETROL,company,7
2022-03-01,09,Gotland,PETROL,dealer,7
2022-03-01,09,Gotland,PETROL,private,17
2022-03-01,09,Gotland,PHEV,company,4
2022-03-01,09,Gotland,PHEV,dealer,3
2022-03-01,09,Gotland,PHEV,private,12
2022-03-01,10,Blekinge,BEV,company,29
2022-03-01,10,Blekinge,BEV,dealer,10
2022-03-01,10,Blekinge,BEV,private,57
2022-03-01,10,Blekinge,DIESEL,company,17
2022-03-01,10,Blekinge,DIESEL,dealer,6
2022-03-01,10,Blekinge,DIESEL,private,17
2022-03-01,10,Blekinge,ETHANOL,private,1
2022-03-01,10,Blekinge,HEV,company,3
2022-03-01,10,Blekinge,HEV,dealer,7
2022-03-01,10,Blekinge,HEV,private,15
2022-03-01,10,Blekinge,PETROL,company,13
2022-03-01,10,Blekinge,PETROL,dealer,24
2022-03-01,10,Blekinge,PETROL,private,60
2022-03-01,10,Blekinge,PHEV,company,10
2022-03-01,10,Blekinge,PHEV,dealer,10
2022-03-01,10,Blekinge,PHEV,private,34
2022-03-01,12,Skåne,BEV,company,457
2022-03-01,12,Skåne,BEV,dealer,88
2022-03-01,12,Skåne,BEV,private,612
2022-03-01,12,Skåne,DIESEL,company,386
2022-03-01,12,Skåne,DIESEL,dealer,164
2022-03-01,12,Skåne,DIESEL,private,130
2022-03-01,12,Skåne,ETHANOL,company,4
2022-03-01,12,Skåne,ETHANOL,dealer,2
2022-03-01,12,Skåne,ETHANOL,private,15
2022-03-01,12,Skåne,GAS,company,17
2022-03-01,12,Skåne,GAS,private,1
2022-03-01,12,Skåne,HEV,company,43
2022-03-01,12,Skåne,HEV,dealer,104
2022-03-01,12,Skåne,HEV,private,205
2022-03-01,12,Skåne,OTHER,private,1
2022-03-01,12,Skåne,PETROL,company,373
2022-03-01,12,Skåne,PETROL,dealer,226
2022-03-01,12,Skåne,PETROL,private,507
2022-03-01,12,Skåne,PHEV,company,423
2022-03-01,12,Skåne,PHEV,dealer,168
2022-03-01,12,Skåne,PHEV,private,292
2022-03-01,13,Halland,BEV,company,92
2022-03-01,13,Halland,BEV,dealer,17
2022-03-01,13,Halland,BEV,private,234
2022-03-01,13,Halland,DIESEL,company,35
2022-03-01,13,Halland,DIESEL,dealer,24
2022-03-01,13,Halland,DIESEL,private,47
2022-03-01,13,Halland,ETHANOL,company,1
2022-03-01,13,Halland,ETHANOL,dealer,3
2022-03-01,13,Halland,ETHANOL,private,2
2022-03-01,13,Halland,GAS,company,11
2022-03-01,13,Halland,HEV,company,12
2022-03-01,13,Halland,HEV,dealer,29
2022-03-01,13,Halland,HEV,private,49
2022-03-01,13,Halland,PETROL,company,22
2022-03-01,13,Halland,PETROL,dealer,86
2022-03-01,13,Halland,PETROL,private,169
2022-03-01,13,Halland,PHEV,company,51
2022-03-01,13,Halland,PHEV,dealer,14
2022-03-01,13,Halland,PHEV,private,97
2022-03-01,14,Västra Götaland,BEV,company,540
2022-03-01,14,Västra Götaland,BEV,dealer,98
2022-03-01,14,Västra Götaland,BEV,private,887
2022-03-01,14,Västra Götaland,DIESEL,company,228
2022-03-01,14,Västra Götaland,DIESEL,dealer,136
2022-03-01,14,Västra Götaland,DIESEL,private,221
2022-03-01,14,Västra Götaland,ETHANOL,company,9
2022-03-01,14,Västra Götaland,ETHANOL,dealer,6
2022-03-01,14,Västra Götaland,ETHANOL,private,21
2022-03-01,14,Västra Götaland,GAS,company,14
2022-03-01,14,Västra Götaland,HEV,company,83
2022-03-01,14,Västra Götaland,HEV,dealer,209
2022-03-01,14,Västra Götaland,HEV,private,269
2022-03-01,14,Västra Götaland,PETROL,company,268
2022-03-01,14,Västra Götaland,PETROL,dealer,315
2022-03-01,14,Västra Götaland,PETROL,private,727
2022-03-01,14,Västra Götaland,PHEV,company,373
2022-03-01,14,Västra Götaland,PHEV,dealer,263
2022-03-01,14,Västra Götaland,PHEV,private,508
2022-03-01,17,Värmland,BEV,company,73
2022-03-01,17,Värmland,BEV,dealer,11
2022-03-01,17,Värmland,BEV,private,101
2022-03-01,17,Värmland,DIESEL,company,110
2022-03-01,17,Värmland,DIESEL,dealer,65
2022-03-01,17,Värmland,DIESEL,private,40
2022-03-01,17,Värmland,ETHANOL,company,1
2022-03-01,17,Värmland,ETHANOL,private,4
2022-03-01,17,Värmland,HEV,company,16
2022-03-01,17,Värmland,HEV,dealer,24
2022-03-01,17,Värmland,HEV,private,45
2022-03-01,17,Värmland,PETROL,company,77
2022-03-01,17,Värmland,PETROL,dealer,67
2022-03-01,17,Värmland,PETROL,private,76
2022-03-01,17,Värmland,PHEV,company,50
2022-03-01,17,Värmland,PHEV,dealer,18
2022-03-01,17,Värmland,PHEV,private,60
2022-03-01,18,Örebro,BEV,company,54
2022-03-01,18,Örebro,BEV,dealer,9
2022-03-01,18,Örebro,BEV,private,129
2022-03-01,18,Örebro,DIESEL,company,27
2022-03-01,18,Örebro,DIESEL,dealer,13
2022-03-01,18,Örebro,DIESEL,private,38
2022-03-01,18,Örebro,ETHANOL,company,1
2022-03-01,18,Örebro,ETHANOL,dealer,1
2022-03-01,18,Örebro,ETHANOL,private,13
2022-03-01,18,Örebro,HEV,company,17
2022-03-01,18,Örebro,HEV,dealer,26
2022-03-01,18,Örebro,HEV,private,41
2022-03-01,18,Örebro,PETROL,company,31
2022-03-01,18,Örebro,PETROL,dealer,43
2022-03-01,18,Örebro,PETROL,private,82
2022-03-01,18,Örebro,PHEV,company,36
2022-03-01,18,Örebro,PHEV,dealer,9
2022-03-01,18,Örebro,PHEV,private,65
2022-03-01,19,Västmanland,BEV,company,50
2022-03-01,19,Västmanland,BEV,dealer,6
2022-03-01,19,Västmanland,BEV,private,115
2022-03-01,19,Västmanland,DIESEL,company,21
2022-03-01,19,Västmanland,DIESEL,dealer,13
2022-03-01,19,Västmanland,DIESEL,private,27
2022-03-01,19,Västmanland,ETHANOL,company,1
2022-03-01,19,Västmanland,ETHANOL,dealer,2
2022-03-01,19,Västmanland,ETHANOL,private,7
2022-03-01,19,Västmanland,GAS,company,7
2022-03-01,19,Västmanland,HEV,company,4
2022-03-01,19,Västmanland,HEV,dealer,12
2022-03-01,19,Västmanland,HEV,private,30
2022-03-01,19,Västmanland,PETROL,company,12
2022-03-01,19,Västmanland,PETROL,dealer,34
2022-03-01,19,Västmanland,PETROL,private,96
2022-03-01,19,Västmanland,PHEV,company,50
2022-03-01,19,Västmanland,PHEV,dealer,22
2022-03-01,19,Västmanland,PHEV,private,73
2022-03-01,20,Dalarna,BEV,company,41
2022-03-01,20,Dalarna,BEV,dealer,3
2022-03-01,20,Dalarna,BEV,private,82
2022-03-01,20,Dalarna,DIESEL,company,50
2022-03-01,20,Dalarna,DIESEL,dealer,23
2022-03-01,20,Dalarna,DIESEL,private,24
2022-03-01,20,Dalarna,ETHANOL,company,4
2022-03-01,20,Dalarna,ETHANOL,dealer,1
2022-03-01,20,Dalarna,ETHANOL,private,8
2022-03-01,20,Dalarna,GAS,company,1
2022-03-01,20,Dalarna,HEV,company,5
2022-03-01,20,Dalarna,HEV,dealer,18
2022-03-01,20,Dalarna,HEV,private,28
2022-03-01,20,Dalarna,PETROL,company,20
2022-03-01,20,Dalarna,PETROL,dealer,33
2022-03-01,20,Dalarna,PETROL,private,55
2022-03-01,20,Dalarna,PHEV,company,34
2022-03-01,20,Dalarna,PHEV,dealer,24
2022-03-01,20,Dalarna,PHEV,private,58
2022-03-01,21,Gävleborg,BEV,company,59
2022-03-01,21,Gävleborg,BEV,dealer,4
2022-03-01,21,Gävleborg,BEV,private,74
2022-03-01,21,Gävleborg,DIESEL,company,27
2022-03-01,21,Gävleborg,DIESEL,dealer,53
2022-03-01,21,Gävleborg,DIESEL,private,22
2022-03-01,21,Gävleborg,ETHANOL,company,4
2022-03-01,21,Gävleborg,ETHANOL,dealer,4
2022-03-01,21,Gävleborg,ETHANOL,private,3
2022-03-01,21,Gävleborg,HEV,company,8
2022-03-01,21,Gävleborg,HEV,dealer,22
2022-03-01,21,Gävleborg,HEV,private,47
2022-03-01,21,Gävleborg,PETROL,company,19
2022-03-01,21,Gävleborg,PETROL,dealer,58
2022-03-01,21,Gävleborg,PETROL,private,64
2022-03-01,21,Gävleborg,PHEV,company,38
2022-03-01,21,Gävleborg,PHEV,dealer,14
2022-03-01,21,Gävleborg,PHEV,private,43
2022-03-01,22,Västernorrland,BEV,company,50
2022-03-01,22,Västernorrland,BEV,dealer,6
2022-03-01,22,Västernorrland,BEV,private,72
2022-03-01,22,Västernorrland,DIESEL,company,28
2022-03-01,22,Västernorrland,DIESEL,dealer,31
2022-03-01,22,Västernorrland,DIESEL,private,20
2022-03-01,22,Västernorrland,ETHANOL,company,4
2022-03-01,22,Västernorrland,ETHANOL,dealer,3
2022-03-01,22,Västernorrland,ETHANOL,private,6
2022-03-01,22,Västernorrland,HEV,company,5
2022-03-01,22,Västernorrland,HEV,dealer,9
2022-03-01,22,Västernorrland,HEV,private,32
2022-03-01,22,Västernorrland,PETROL,company,17
2022-03-01,22,Västernorrland,PETROL,dealer,21
2022-03-01,22,Västernorrland,PETROL,private,36
2022-03-01,22,Västernorrland,PHEV,company,35
2022-03-01,22,Västernorrland,PHEV,dealer,13
2022-03-01,22,Västernorrland,PHEV,private,44
2022-03-01,23,Jämtland,BEV,company,25
2022-03-01,23,Jämtland,BEV,dealer,1
2022-03-01,23,Jämtland,BEV,private,45
2022-03-01,23,Jämtland,DIESEL,company,22
2022-03-01,23,Jämtland,DIESEL,dealer,5
2022-03-01,23,Jämtland,DIESEL,private,8
2022-03-01,23,Jämtland,ETHANOL,company,1
2022-03-01,23,Jämtland,ETHANOL,dealer,2
2022-03-01,23,Jämtland,ETHANOL,private,3
2022-03-01,23,Jämtland,HEV,company,9
2022-03-01,23,Jämtland,HEV,dealer,6
2022-03-01,23,Jämtland,HEV,private,2
2022-03-01,23,Jämtland,PETROL,company,11
2022-03-01,23,Jämtland,PETROL,dealer,5
2022-03-01,23,Jämtland,PETROL,private,10
2022-03-01,23,Jämtland,PHEV,company,20
2022-03-01,23,Jämtland,PHEV,dealer,5
2022-03-01,23,Jämtland,PHEV,private,13
2022-03-01,24,Västerbotten,BEV,company,51
2022-03-01,24,Västerbotten,BEV,dealer,10
2022-03-01,24,Västerbotten,BEV,private,127
2022-03-01,24,Västerbotten,DIESEL,company,27
2022-03-01,24,Västerbotten,DIESEL,dealer,9
2022-03-01,24,Västerbotten,DIESEL,private,19
2022-03-01,24,Västerbotten,ETHANOL,dealer,1
2022-03-01,24,Västerbotten,ETHANOL,private,7
2022-03-01,24,Västerbotten,HEV,company,12
2022-03-01,24,Västerbotten,HEV,dealer,42
2022-03-01,24,Västerbotten,HEV,private,20
2022-03-01,24,Västerbotten,OTHER,private,1
2022-03-01,24,Västerbotten,PETROL,company,15
2022-03-01,24,Västerbotten,PETROL,dealer,32
2022-03-01,24,Västerbotten,PETROL,private,43
2022-03-01,24,Västerbotten,PHEV,company,32
2022-03-01,24,Västerbotten,PHEV,dealer,8
2022-03-01,24,Västerbotten,PHEV,private,54
2022-03-01,25,Norrbotten,BEV,company,55
2022-03-01,25,Norrbotten,BEV,dealer,1
2022-03-01,25,Norrbotten,BEV,private,86
2022-03-01,25,Norrbotten,DIESEL,company,34
2022-03-01,25,Norrbotten,DIESEL,dealer,5
2022-03-01,25,Norrbotten,DIESEL,private,15
2022-03-01,25,Norrbotten,ETHANOL,company,4
2022-03-01,25,Norrbotten,ETHANOL,private,4
2022-03-01,25,Norrbotten,HEV,company,25
2022-03-01,25,Norrbotten,HEV,dealer,16
2022-03-01,25,Norrbotten,HEV,private,15
2022-03-01,25,Norrbotten,PETROL,company,21
2022-03-01,25,Norrbotten,PETROL,dealer,10
2022-03-01,25,Norrbotten,PETROL,private,36
2022-03-01,25,Norrbotten,PHEV,company,29
2022-03-01,25,Norrbotten,PHEV,dealer,8
2022-03-01,25,Norrbotten,PHEV,private,17
2022-04-01,01,Stockholm,BEV,company,905
2022-04-01,01,Stockholm,BEV,dealer,233
2022-04-01,01,Stockholm,BEV,private,665
2022-04-01,01,Stockholm,DIESEL,company,672
2022-04-01,01,Stockholm,DIESEL,dealer,93
2022-04-01,01,Stockholm,DIESEL,private,158
2022-04-01,01,Stockholm,ETHANOL,company,9
2022-04-01,01,Stockholm,ETHANOL,dealer,6
2022-04-01,01,Stockholm,ETHANOL,private,17
2022-04-01,01,Stockholm,GAS,company,15
2022-04-01,01,Stockholm,HEV,company,301
2022-04-01,01,Stockholm,HEV,dealer,79
2022-04-01,01,Stockholm,HEV,private,348
2022-04-01,01,Stockholm,OTHER,company,1
2022-04-01,01,Stockholm,PETROL,company,516
2022-04-01,01,Stockholm,PETROL,dealer,194
2022-04-01,01,Stockholm,PETROL,private,781
2022-04-01,01,Stockholm,PHEV,company,1489
2022-04-01,01,Stockholm,PHEV,dealer,128
2022-04-01,01,Stockholm,PHEV,private,502
2022-04-01,03,Uppsala,BEV,company,43
2022-04-01,03,Uppsala,BEV,dealer,9
2022-04-01,03,Uppsala,BEV,private,150
2022-04-01,03,Uppsala,DIESEL,company,28
2022-04-01,03,Uppsala,DIESEL,dealer,6
2022-04-01,03,Uppsala,DIESEL,private,40
2022-04-01,03,Uppsala,ETHANOL,company,1
2022-04-01,03,Uppsala,ETHANOL,private,4
2022-04-01,03,Uppsala,HEV,company,14
2022-04-01,03,Uppsala,HEV,dealer,16
2022-04-01,03,Uppsala,HEV,private,63
2022-04-01,03,Uppsala,PETROL,company,98
2022-04-01,03,Uppsala,PETROL,dealer,28
2022-04-01,03,Uppsala,PETROL,private,99
2022-04-01,03,Uppsala,PHEV,company,61
2022-04-01,03,Uppsala,PHEV,dealer,5
2022-04-01,03,Uppsala,PHEV,private,79
2022-04-01,04,Södermanland,BEV,company,23
2022-04-01,04,Södermanland,BEV,dealer,7
2022-04-01,04,Södermanland,BEV,private,77
2022-04-01,04,Södermanland,DIESEL,company,35
2022-04-01,04,Södermanland,DIESEL,dealer,11
2022-04-01,04,Södermanland,DIESEL,private,34
2022-04-01,04,Södermanland,ETHANOL,dealer,1
2022-04-01,04,Södermanland,GAS,company,1
2022-04-01,04,Södermanland,HEV,company,3
2022-04-01,04,Södermanland,HEV,dealer,13
2022-04-01,04,Södermanland,HEV,private,44
2022-04-01,04,Södermanland,PETROL,company,21
2022-04-01,04,Södermanland,PETROL,dealer,37
2022-04-01,04,Södermanland,PETROL,private,72
2022-04-01,04,Södermanland,PHEV,company,74
2022-04-01,04,Södermanland,PHEV,dealer,9
2022-04-01,04,Södermanland,PHEV,private,55
2022-04-01,05,Östergötland,BEV,company,61
2022-04-01,05,Östergötland,BEV,dealer,26
2022-04-01,05,Östergötland,BEV,private,136
2022-04-01,05,Östergötland,DIESEL,company,61
2022-04-01,05,Östergötland,DIESEL,dealer,7
2022-04-01,05,Östergötland,DIESEL,private,56
2022-04-01,05,Östergötland,ETHANOL,company,6
2022-04-01,05,Östergötland,ETHANOL,dealer,2
2022-04-01,05,Östergötland,ETHANOL,private,4
2022-04-01,05,Östergötland,HEV,company,15
2022-04-01,05,Östergötland,HEV,dealer,37
2022-04-01,05,Östergötland,HEV,private,71
2022-04-01,05,Östergötland,PETROL,company,46
2022-04-01,05,Östergötland,PETROL,dealer,54
2022-04-01,05,Östergötland,PETROL,private,141
2022-04-01,05,Östergötland,PHEV,company,85
2022-04-01,05,Östergötland,PHEV,dealer,9
2022-04-01,05,Östergötland,PHEV,private,91
2022-04-01,06,Jönköping,BEV,company,39
2022-04-01,06,Jönköping,BEV,dealer,12
2022-04-01,06,Jönköping,BEV,private,125
2022-04-01,06,Jönköping,DIESEL,company,79
2022-04-01,06,Jönköping,DIESEL,dealer,30
2022-04-01,06,Jönköping,DIESEL,private,43
2022-04-01,06,Jönköping,ETHANOL,company,1
2022-04-01,06,Jönköping,ETHANOL,private,4
2022-04-01,06,Jönköping,GAS,company,13
2022-04-01,06,Jönköping,HEV,company,31
2022-04-01,06,Jönköping,HEV,dealer,35
2022-04-01,06,Jönköping,HEV,private,71
2022-04-01,06,Jönköping,OTHER,private,1
2022-04-01,06,Jönköping,PETROL,company,30
2022-04-01,06,Jönköping,PETROL,dealer,33
2022-04-01,06,Jönköping,PETROL,private,143
2022-04-01,06,Jönköping,PHEV,company,57
2022-04-01,06,Jönköping,PHEV,dealer,10
2022-04-01,06,Jönköping,PHEV,private,42
2022-04-01,07,Kronoberg,BEV,company,23
2022-04-01,07,Kronoberg,BEV,dealer,3
2022-04-01,07,Kronoberg,BEV,private,47
2022-04-01,07,Kronoberg,DIESEL,company,29
2022-04-01,07,Kronoberg,DIESEL,dealer,5
2022-04-01,07,Kronoberg,DIESEL,private,13
2022-04-01,07,Kronoberg,ETHANOL,private,1
2022-04-01,07,Kronoberg,GAS,company,1
2022-04-01,07,Kronoberg,GAS,private,1
2022-04-01,07,Kronoberg,HEV,company,4
2022-04-01,07,Kronoberg,HEV,dealer,14
2022-04-01,07,Kronoberg,HEV,private,26
2022-04-01,07,Kronoberg,OTHER,private,1
2022-04-01,07,Kronoberg,PETROL,company,27
2022-04-01,07,Kronoberg,PETROL,dealer,17
2022-04-01,07,Kronoberg,PETROL,private,54
2022-04-01,07,Kronoberg,PHEV,company,24
2022-04-01,07,Kronoberg,PHEV,dealer,12
2022-04-01,07,Kronoberg,PHEV,private,46
2022-04-01,08,Kalmar,BEV,company,20
2022-04-01,08,Kalmar,BEV,dealer,5
2022-04-01,08,Kalmar,BEV,private,56
2022-04-01,08,Kalmar,DIESEL,company,35
2022-04-01,08,Kalmar,DIESEL,dealer,20
2022-04-01,08,Kalmar,DIESEL,private,33
2022-04-01,08,Kalmar,ETHANOL,private,1
2022-04-01,08,Kalmar,GAS,company,1
2022-04-01,08,Kalmar,HEV,company,15
2022-04-01,08,Kalmar,HEV,dealer,10
2022-04-01,08,Kalmar,HEV,private,28
2022-04-01,08,Kalmar,OTHER,private,1
2022-04-01,08,Kalmar,PETROL,company,22
2022-04-01,08,Kalmar,PETROL,dealer,48
2022-04-01,08,Kalmar,PETROL,private,82
2022-04-01,08,Kalmar,PHEV,company,24
2022-04-01,08,Kalmar,PHEV,dealer,9
2022-04-01,08,Kalmar,PHEV,private,23
2022-04-01,09,Gotland,BEV,company,9
2022-04-01,09,Gotland,BEV,private,10
2022-04-01,09,Gotland,DIESEL,company,8
2022-04-01,09,Gotland,DIESEL,private,5
2022-04-01,09,Gotland,ETHANOL,private,1
2022-04-01,09,Gotland,HEV,company,1
2022-04-01,09,Gotland,HEV,dealer,4
2022-04-01,09,Gotland,HEV,private,6
2022-04-01,09,Gotland,PETROL,company,3
2022-04-01,09,Gotland,PETROL,dealer,4
2022-04-01,09,Gotland,PETROL,private,16
2022-04-01,09,Gotland,PHEV,company,8
2022-04-01,09,Gotland,PHEV,dealer,1
2022-04-01,09,Gotland,PHEV,private,8
2022-04-01,10,Blekinge,BEV,company,21
2022-04-01,10,Blekinge,BEV,dealer,3
2022-04-01,10,Blekinge,BEV,private,45
2022-04-01,10,Blekinge,DIESEL,company,19
2022-04-01,10,Blekinge,DIESEL,dealer,12
2022-04-01,10,Blekinge,DIESEL,private,12
2022-04-01,10,Blekinge,ETHANOL,company,1
2022-04-01,10,Blekinge,ETHANOL,dealer,1
2022-04-01,10,Blekinge,ETHANOL,private,3
2022-04-01,10,Blekinge,HEV,company,7
2022-04-01,10,Blekinge,HEV,dealer,9
2022-04-01,10,Blekinge,HEV,private,10
2022-04-01,10,Blekinge,PETROL,company,12
2022-04-01,10,Blekinge,PETROL,dealer,10
2022-04-01,10,Blekinge,PETROL,private,47
2022-04-01,10,Blekinge,PHEV,company,9
2022-04-01,10,Blekinge,PHEV,dealer,7
2022-04-01,10,Blekinge,PHEV,private,26
2022-04-01,12,Skåne,BEV,company,195
2022-04-01,12,Skåne,BEV,dealer,88
2022-04-01,12,Skåne,BEV,private,399
2022-04-01,12,Skåne,DIESEL,company,280
2022-04-01,12,Skåne,DIESEL,dealer,84
2022-04-01,12,Skåne,DIESEL,private,125
2022-04-01,12,Skåne,ETHANOL,company,4
2022-04-01,12,Skåne,ETHANOL,dealer,6
2022-04-01,12,Skåne,ETHANOL,private,3
2022-04-01,12,Skåne,GAS,company,3
2022-04-01,12,Skåne,HEV,company,53
2022-04-01,12,Skåne,HEV,dealer,106
2022-04-01,12,Skåne,HEV,private,200
2022-04-01,12,Skåne,OTHER,private,1
2022-04-01,12,Skåne,PETROL,company,383
2022-04-01,12,Skåne,PETROL,dealer,162
2022-04-01,12,Skåne,PETROL,private,499
2022-04-01,12,Skåne,PHEV,company,371
2022-04-01,12,Skåne,PHEV,dealer,77
2022-04-01,12,Skåne,PHEV,private,171
2022-04-01,13,Halland,BEV,company,47
2022-04-01,13,Halland,BEV,dealer,6
2022-04-01,13,Halland,BEV,private,128
2022-04-01,13,Halland,DIESEL,company,31
2022-04-01,13,Halland,DIESEL,dealer,42
2022-04-01,13,Halland,DIESEL,private,43
2022-04-01,13,Halland,ETHANOL,company,3
2022-04-01,13,Halland,ETHANOL,private,2
2022-04-01,13,Halland,GAS,company,1
2022-04-01,13,Halland,HEV,company,22
2022-04-01,13,Halland,HEV,dealer,14
2022-04-01,13,Halland,HEV,private,45
2022-04-01,13,Halland,PETROL,company,47
2022-04-01,13,Halland,PETROL,dealer,45
2022-04-01,13,Halland,PETROL,private,138
2022-04-01,13,Halland,PHEV,company,45
2022-04-01,13,Halland,PHEV,dealer,12
2022-04-01,13,Halland,PHEV,private,57
2022-04-01,14,Västra Götaland,BEV,company,328
2022-04-01,14,Västra Götaland,BEV,dealer,42
2022-04-01,14,Västra Götaland,BEV,private,637
2022-04-01,14,Västra Götaland,DIESEL,company,197
2022-04-01,14,Västra Götaland,DIESEL,dealer,82
2022-04-01,14,Västra Götaland,DIESEL,private,204
2022-04-01,14,Västra Götaland,ETHANOL,company,5
2022-04-01,14,Västra Götaland,ETHANOL,dealer,8
2022-04-01,14,Västra Götaland,ETHANOL,private,14
2022-04-01,14,Västra Götaland,GAS,company,13
2022-04-01,14,Västra Götaland,HEV,company,105
2022-04-01,14,Västra Götaland,HEV,dealer,112
2022-04-01,14,Västra Götaland,HEV,private,322
2022-04-01,14,Västra Götaland,PETROL,company,236
2022-04-01,14,Västra Götaland,PETROL,dealer,239
2022-04-01,14,Västra Götaland,PETROL,private,650
2022-04-01,14,Västra Götaland,PHEV,company,261
2022-04-01,14,Västra Götaland,PHEV,dealer,293
2022-04-01,14,Västra Götaland,PHEV,private,343
2022-04-01,17,Värmland,BEV,company,43
2022-04-01,17,Värmland,BEV,dealer,3
2022-04-01,17,Värmland,BEV,private,55
2022-04-01,17,Värmland,DIESEL,company,133
2022-04-01,17,Värmland,DIESEL,dealer,54
2022-04-01,17,Värmland,DIESEL,private,37
2022-04-01,17,Värmland,ETHANOL,private,1
2022-04-01,17,Värmland,GAS,private,1
2022-04-01,17,Värmland,HEV,company,35
2022-04-01,17,Värmland,HEV,dealer,3
2022-04-01,17,Värmland,HEV,private,45
2022-04-01,17,Värmland,OTHER,private,1
2022-04-01,17,Värmland,PETROL,company,53
2022-04-01,17,Värmland,PETROL,dealer,22
2022-04-01,17,Värmland,PETROL,private,93
2022-04-01,17,Värmland,PHEV,company,29
2022-04-01,17,Värmland,PHEV,dealer,8
2022-04-01,17,Värmland,PHEV,private,33
2022-04-01,18,Örebro,BEV,company,22
2022-04-01,18,Örebro,BEV,dealer,4
2022-04-01,18,Örebro,BEV,private,89
2022-04-01,18,Örebro,DIESEL,company,27
2022-04-01,18,Örebro,DIESEL,dealer,20
2022-04-01,18,Örebro,DIESEL,private,32
2022-04-01,18,Örebro,ETHANOL,company,1
2022-04-01,18,Örebro,ETHANOL,private,2
2022-04-01,18,Örebro,GAS,private,1
2022-04-01,18,Örebro,HEV,company,14
2022-04-01,18,Örebro,HEV,dealer,32
2022-04-01,18,Örebro,HEV,private,31
2022-04-01,18,Örebro,PETROL,company,31
2022-04-01,18,Örebro,PETROL,dealer,39
2022-04-01,18,Örebro,PETROL,private,83
2022-04-01,18,Örebro,PHEV,company,33
2022-04-01,18,Örebro,PHEV,private,53
2022-04-01,19,Västmanland,BEV,company,40
2022-04-01,19,Västmanland,BEV,dealer,3
2022-04-01,19,Västmanland,BEV,private,72
2022-04-01,19,Västmanland,DIESEL,company,30
2022-04-01,19,Västmanland,DIESEL,dealer,21
2022-04-01,19,Västmanland,DIESEL,private,29
2022-04-01,19,Västmanland,ETHANOL,company,3
2022-04-01,19,Västmanland,ETHANOL,private,4
2022-04-01,19,Västmanland,HEV,company,3
2022-04-01,19,Västmanland,HEV,dealer,14
2022-04-01,19,Västmanland,HEV,private,20
2022-04-01,19,Västmanland,PETROL,company,22
2022-04-01,19,Västmanland,PETROL,dealer,28
2022-04-01,19,Västmanland,PETROL,private,87
2022-04-01,19,Västmanland,PHEV,company,28
2022-04-01,19,Västmanland,PHEV,dealer,11
2022-04-01,19,Västmanland,PHEV,private,62
2022-04-01,20,Dalarna,BEV,company,24
2022-04-01,20,Dalarna,BEV,dealer,2
2022-04-01,20,Dalarna,BEV,private,75
2022-04-01,20,Dalarna,DIESEL,company,53
2022-04-01,20,Dalarna,DIESEL,dealer,13
2022-04-01,20,Dalarna,DIESEL,private,30
2022-04-01,20,Dalarna,ETHANOL,company,5
2022-04-01,20,Dalarna,ETHANOL,private,3
2022-04-01,20,Dalarna,HEV,company,5
2022-04-01,20,Dalarna,HEV,dealer,9
2022-04-01,20,Dalarna,HEV,private,25
2022-04-01,20,Dalarna,PETROL,company,42
2022-04-01,20,Dalarna,PETROL,dealer,15
2022-04-01,20,Dalarna,PETROL,private,73
2022-04-01,20,Dalarna,PHEV,company,24
2022-04-01,20,Dalarna,PHEV,dealer,10
2022-04-01,20,Dalarna,PHEV,private,56
2022-04-01,21,Gävleborg,BEV,company,31
2022-04-01,21,Gävleborg,BEV,dealer,3
2022-04-01,21,Gävleborg,BEV,private,58
2022-04-01,21,Gävleborg,DIESEL,company,36
2022-04-01,21,Gävleborg,DIESEL,dealer,28
2022-04-01,21,Gävleborg,DIESEL,private,31
2022-04-01,21,Gävleborg,ETHANOL,private,3
2022-04-01,21,Gävleborg,HEV,company,43
2022-04-01,21,Gävleborg,HEV,dealer,16
2022-04-01,21,Gävleborg,HEV,private,36
2022-04-01,21,Gävleborg,PETROL,company,13
2022-04-01,21,Gävleborg,PETROL,dealer,20
2022-04-01,21,Gävleborg,PETROL,private,72
2022-04-01,21,Gävleborg,PHEV,company,23
2022-04-01,21,Gävleborg,PHEV,dealer,6
2022-04-01,21,Gävleborg,PHEV,private,46
2022-04-01,22,Västernorrland,BEV,company,21
2022-04-01,22,Västernorrland,BEV,dealer,3
2022-04-01,22,Västernorrland,BEV,private,71
2022-04-01,22,Västernorrland,DIESEL,company,54
2022-04-01,22,Västernorrland,DIESEL,dealer,33
2022-04-01,22,Västernorrland,DIESEL,private,20
2022-04-01,22,Västernorrland,ETHANOL,dealer,2
2022-04-01,22,Västernorrland,ETHANOL,private,5
2022-04-01,22,Västernorrland,HEV,company,4
2022-04-01,22,Västernorrland,HEV,dealer,4
2022-04-01,22,Västernorrland,HEV,private,15
2022-04-01,22,Västernorrland,PETROL,company,14
2022-04-01,22,Västernorrland,PETROL,dealer,31
2022-04-01,22,Västernorrland,PETROL,private,49
2022-04-01,22,Västernorrland,PHEV,company,17
2022-04-01,22,Västernorrland,PHEV,dealer,11
2022-04-01,22,Västernorrland,PHEV,private,41
2022-04-01,23,Jämtland,BEV,company,34
2022-04-01,23,Jämtland,BEV,private,23
2022-04-01,23,Jämtland,DIESEL,company,16
2022-04-01,23,Jämtland,DIESEL,dealer,4
2022-04-01,23,Jämtland,DIESEL,private,11
2022-04-01,23,Jämtland,ETHANOL,dealer,3
2022-04-01,23,Jämtland,HEV,company,9
2022-04-01,23,Jämtland,HEV,dealer,2
2022-04-01,23,Jämtland,HEV,private,4
2022-04-01,23,Jämtland,OTHER,private,1
2022-04-01,23,Jämtland,PETROL,company,10
2022-04-01,23,Jämtland,PETROL,dealer,7
2022-04-01,23,Jämtland,PETROL,private,11
2022-04-01,23,Jämtland,PHEV,company,16
2022-04-01,23,Jämtland,PHEV,dealer,1
2022-04-01,23,Jämtland,PHEV,private,11
2022-04-01,24,Västerbotten,BEV,company,26
2022-04-01,24,Västerbotten,BEV,dealer,6
2022-04-01,24,Västerbotten,BEV,private,89
2022-04-01,24,Västerbotten,DIESEL,company,18
2022-04-01,24,Västerbotten,DIESEL,dealer,20
2022-04-01,24,Västerbotten,DIESEL,private,24
2022-04-01,24,Västerbotten,ETHANOL,company,1
2022-04-01,24,Västerbotten,HEV,company,3
2022-04-01,24,Västerbotten,HEV,dealer,14
2022-04-01,24,Västerbotten,HEV,private,24
2022-04-01,24,Västerbotten,PETROL,company,16
2022-04-01,24,Västerbotten,PETROL,dealer,17
2022-04-01,24,Västerbotten,PETROL,private,33
2022-04-01,24,Västerbotten,PHEV,company,24
2022-04-01,24,Västerbotten,PHEV,dealer,8
2022-04-01,24,Västerbotten,PHEV,private,43
2022-04-01,25,Norrbotten,BEV,company,26
2022-04-01,25,Norrbotten,BEV,dealer,1
2022-04-01,25,Norrbotten,BEV,private,53
2022-04-01,25,Norrbotten,DIESEL,company,53
2022-04-01,25,Norrbotten,DIESEL,dealer,7
2022-04-01,25,Norrbotten,DIESEL,private,26
2022-04-01,25,Norrbotten,ETHANOL,dealer,1
2022-04-01,25,Norrbotten,ETHANOL,private,1
2022-04-01,25,Norrbotten,HEV,company,36
2022-04-01,25,Norrbotten,HEV,dealer,15
2022-04-01,25,Norrbotten,HEV,private,20
2022-04-01,25,Norrbotten,PETROL,company,14
2022-04-01,25,Norrbotten,PETROL,dealer,10
2022-04-01,25,Norrbotten,PETROL,private,29
2022-04-01,25,Norrbotten,PHEV,company,11
2022-04-01,25,Norrbotten,PHEV,dealer,4
2022-04-01,25,Norrbotten,PHEV,private,22
2022-05-01,01,Stockholm,BEV,company,1186
2022-05-01,01,Stockholm,BEV,dealer,184
2022-05-01,01,Stockholm,BEV,private,715
2022-05-01,01,Stockholm,DIESEL,company,934
2022-05-01,01,Stockholm,DIESEL,dealer,139
2022-05-01,01,Stockholm,DIESEL,private,180
2022-05-01,01,Stockholm,ETHANOL,company,9
2022-05-01,01,Stockholm,ETHANOL,dealer,17
2022-05-01,01,Stockholm,ETHANOL,private,34
2022-05-01,01,Stockholm,GAS,company,23
2022-05-01,01,Stockholm,HEV,company,160
2022-05-01,01,Stockholm,HEV,dealer,170
2022-05-01,01,Stockholm,HEV,private,290
2022-05-01,01,Stockholm,PETROL,company,816
2022-05-01,01,Stockholm,PETROL,dealer,258
2022-05-01,01,Stockholm,PETROL,private,907
2022-05-01,01,Stockholm,PHEV,company,1889
2022-05-01,01,Stockholm,PHEV,dealer,123
2022-05-01,01,Stockholm,PHEV,private,553
2022-05-01,03,Uppsala,BEV,company,60
2022-05-01,03,Uppsala,BEV,dealer,11
2022-05-01,03,Uppsala,BEV,private,111
2022-05-01,03,Uppsala,DIESEL,company,69
2022-05-01,03,Uppsala,DIESEL,dealer,8
2022-05-01,03,Uppsala,DIESEL,private,25
2022-05-01,03,Uppsala,ETHANOL,company,2
2022-05-01,03,Uppsala,ETHANOL,dealer,1
2022-05-01,03,Uppsala,ETHANOL,private,6
2022-05-01,03,Uppsala,HEV,company,24
2022-05-01,03,Uppsala,HEV,dealer,19
2022-05-01,03,Uppsala,HEV,private,57
2022-05-01,03,Uppsala,PETROL,company,213
2022-05-01,03,Uppsala,PETROL,dealer,30
2022-05-01,03,Uppsala,PETROL,private,89
2022-05-01,03,Uppsala,PHEV,company,57
2022-05-01,03,Uppsala,PHEV,dealer,10
2022-05-01,03,Uppsala,PHEV,private,116
2022-05-01,04,Södermanland,BEV,company,31
2022-05-01,04,Södermanland,BEV,dealer,10
2022-05-01,04,Södermanland,BEV,private,61
2022-05-01,04,Södermanland,DIESEL,company,48
2022-05-01,04,Södermanland,DIESEL,dealer,14
2022-05-01,04,Södermanland,DIESEL,private,35
2022-05-01,04,Södermanland,ETHANOL,company,2
2022-05-01,04,Södermanland,ETHANOL,dealer,2
2022-05-01,04,Södermanland,ETHANOL,private,2
2022-05-01,04,Södermanland,GAS,company,7
2022-05-01,04,Södermanland,HEV,company,9
2022-05-01,04,Södermanland,HEV,dealer,16
2022-05-01,04,Södermanland,HEV,private,41
2022-05-01,04,Södermanland,PETROL,company,45
2022-05-01,04,Södermanland,PETROL,dealer,46
2022-05-01,04,Södermanland,PETROL,private,73
2022-05-01,04,Södermanland,PHEV,company,32
2022-05-01,04,Södermanland,PHEV,dealer,10
2022-05-01,04,Södermanland,PHEV,private,79
2022-05-01,05,Östergötland,BEV,company,69
2022-05-01,05,Östergötland,BEV,dealer,17
2022-05-01,05,Östergötland,BEV,private,156
2022-05-01,05,Östergötland,DIESEL,company,47
2022-05-01,05,Östergötland,DIESEL,dealer,8
2022-05-01,05,Östergötland,DIESEL,private,39
2022-05-01,05,Östergötland,ETHANOL,company,7
2022-05-01,05,Östergötland,ETHANOL,private,6
2022-05-01,05,Östergötland,HEV,company,18
2022-05-01,05,Östergötland,HEV,dealer,57
2022-05-01,05,Östergötland,HEV,private,50
2022-05-01,05,Östergötland,PETROL,company,66
2022-05-01,05,Östergötland,PETROL,dealer,57
2022-05-01,05,Östergötland,PETROL,private,147
2022-05-01,05,Östergötland,PHEV,company,85
2022-05-01,05,Östergötland,PHEV,dealer,18
2022-05-01,05,Östergötland,PHEV,private,139
2022-05-01,06,Jönköping,BEV,company,77
2022-05-01,06,Jönköping,BEV,dealer,14
2022-05-01,06,Jönköping,BEV,private,149
2022-05-01,06,Jönköping,DIESEL,company,75
2022-05-01,06,Jönköping,DIESEL,dealer,19
2022-05-01,06,Jönköping,DIESEL,private,55
2022-05-01,06,Jönköping,ETHANOL,company,3
2022-05-01,06,Jönköping,ETHANOL,dealer,1
2022-05-01,06,Jönköping,ETHANOL,private,3
2022-05-01,06,Jönköping,GAS,company,2
2022-05-01,06,Jönköping,GAS,private,3
2022-05-01,06,Jönköping,HEV,company,32
2022-05-01,06,Jönköping,HEV,dealer,48
2022-05-01,06,Jönköping,HEV,private,59
2022-05-01,06,Jönköping,PETROL,company,56
2022-05-01,06,Jönköping,PETROL,dealer,118
2022-05-01,06,Jönköping,PETROL,private,140
2022-05-01,06,Jönköping,PHEV,company,57
2022-05-01,06,Jönköping,PHEV,dealer,15
2022-05-01,06,Jönköping,PHEV,private,76
2022-05-01,07,Kronoberg,BEV,company,25
2022-05-01,07,Kronoberg,BEV,dealer,8
2022-05-01,07,Kronoberg,BEV,private,56
2022-05-01,07,Kronoberg,DIESEL,company,42
2022-05-01,07,Kronoberg,DIESEL,dealer,10
2022-05-01,07,Kronoberg,DIESEL,private,29
2022-05-01,07,Kronoberg,ETHANOL,private,5
2022-05-01,07,Kronoberg,GAS,company,1
2022-05-01,07,Kronoberg,HEV,company,8
2022-05-01,07,Kronoberg,HEV,dealer,48
2022-05-01,07,Kronoberg,HEV,private,17
2022-05-01,07,Kronoberg,PETROL,company,24
2022-05-01,07,Kronoberg,PETROL,dealer,53
2022-05-01,07,Kronoberg,PETROL,private,69
2022-05-01,07,Kronoberg,PHEV,company,37
2022-05-01,07,Kronoberg,PHEV,dealer,16
2022-05-01,07,Kronoberg,PHEV,private,44
2022-05-01,08,Kalmar,BEV,company,23
2022-05-01,08,Kalmar,BEV,dealer,5
2022-05-01,08,Kalmar,BEV,private,70
2022-05-01,08,Kalmar,DIESEL,company,63
2022-05-01,08,Kalmar,DIESEL,dealer,25
2022-05-01,08,Kalmar,DIESEL,private,24
2022-05-01,08,Kalmar,ETHANOL,private,1
2022-05-01,08,Kalmar,GAS,company,2
2022-05-01,08,Kalmar,HEV,company,4
2022-05-01,08,Kalmar,HEV,dealer,3
2022-05-01,08,Kalmar,HEV,private,23
2022-05-01,08,Kalmar,PETROL,company,21
2022-05-01,08,Kalmar,PETROL,dealer,68
2022-05-01,08,Kalmar,PETROL,private,90
2022-05-01,08,Kalmar,PHEV,company,23
2022-05-01,08,Kalmar,PHEV,dealer,12
2022-05-01,08,Kalmar,PHEV,private,54
2022-05-01,09,Gotland,BEV,company,8
2022-05-01,09,Gotland,BEV,dealer,3
2022-05-01,09,Gotland,BEV,private,15
2022-05-01,09,Gotland,DIESEL,company,6
2022-05-01,09,Gotland,DIESEL,dealer,3
2022-05-01,09,Gotland,DIESEL,private,6
2022-05-01,09,Gotland,ETHANOL,company,2
2022-05-01,09,Gotland,GAS,company,3
2022-05-01,09,Gotland,HEV,company,3
2022-05-01,09,Gotland,HEV,dealer,2
2022-05-01,09,Gotland,HEV,private,6
2022-05-01,09,Gotland,PETROL,company,18
2022-05-01,09,Gotland,PETROL,dealer,10
2022-05-01,09,Gotland,PETROL,private,10
2022-05-01,09,Gotland,PHEV,company,3
2022-05-01,09,Gotland,PHEV,private,4
2022-05-01,10,Blekinge,BEV,company,19
2022-05-01,10,Blekinge,BEV,dealer,3
2022-05-01,10,Blekinge,BEV,private,44
2022-05-01,10,Blekinge,DIESEL,company,30
2022-05-01,10,Blekinge,DIESEL,dealer,5
2022-05-01,10,Blekinge,DIESEL,private,13
2022-05-01,10,Blekinge,ETHANOL,company,1
2022-05-01,10,Blekinge,ETHANOL,dealer,3
2022-05-01,10,Blekinge,ETHANOL,private,4
2022-05-01,10,Blekinge,HEV,company,8
2022-05-01,10,Blekinge,HEV,dealer,14
2022-05-01,10,Blekinge,HEV,private,16
2022-05-01,10,Blekinge,PETROL,company,23
2022-05-01,10,Blekinge,PETROL,dealer,33
2022-05-01,10,Blekinge,PETROL,private,64
2022-05-01,10,Blekinge,PHEV,company,20
2022-05-01,10,Blekinge,PHEV,dealer,5
2022-05-01,10,Blekinge,PHEV,private,52
2022-05-01,12,Skåne,BEV,company,296
2022-05-01,12,Skåne,BEV,dealer,60
2022-05-01,12,Skåne,BEV,private,506
2022-05-01,12,Skåne,DIESEL,company,388
2022-05-01,12,Skåne,DIESEL,dealer,131
2022-05-01,12,Skåne,DIESEL,private,128
2022-05-01,12,Skåne,ETHANOL,company,1
2022-05-01,12,Skåne,ETHANOL,dealer,7
2022-05-01,12,Skåne,ETHANOL,private,9
2022-05-01,12,Skåne,GAS,company,19
2022-05-01,12,Skåne,HEV,company,44
2022-05-01,12,Skåne,HEV,dealer,104
2022-05-01,12,Skåne,HEV,private,177
2022-05-01,12,Skåne,PETROL,company,357
2022-05-01,12,Skåne,PETROL,dealer,226
2022-05-01,12,Skåne,PETROL,private,534
2022-05-01,12,Skåne,PHEV,company,323
2022-05-01,12,Skåne,PHEV,dealer,90
2022-05-01,12,Skåne,PHEV,private,232
2022-05-01,13,Halland,BEV,company,66
2022-05-01,13,Halland,BEV,dealer,15
2022-05-01,13,Halland,BEV,private,175
2022-05-01,13,Halland,DIESEL,company,43
2022-05-01,13,Halland,DIESEL,dealer,20
2022-05-01,13,Halland,DIESEL,private,45
2022-05-01,13,Halland,ETHANOL,private,5
2022-05-01,13,Halland,GAS,company,5
2022-05-01,13,Halland,HEV,company,16
2022-05-01,13,Halland,HEV,dealer,11
2022-05-01,13,Halland,HEV,private,39
2022-05-01,13,Halland,PETROL,company,60
2022-05-01,13,Halland,PETROL,dealer,119
2022-05-01,13,Halland,PETROL,private,181
2022-05-01,13,Halland,PHEV,company,55
2022-05-01,13,Halland,PHEV,dealer,19
2022-05-01,13,Halland,PHEV,private,73
2022-05-01,14,Västra Götaland,BEV,company,512
2022-05-01,14,Västra Götaland,BEV,dealer,76
2022-05-01,14,Västra Götaland,BEV,private,655
2022-05-01,14,Västra Götaland,DIESEL,company,329
2022-05-01,14,Västra Götaland,DIESEL,dealer,199
2022-05-01,14,Västra Götaland,DIESEL,private,195
2022-05-01,14,Västra Götaland,ETHANOL,company,6
2022-05-01,14,Västra Götaland,ETHANOL,dealer,8
2022-05-01,14,Västra Götaland,ETHANOL,private,18
2022-05-01,14,Västra Götaland,GAS,company,17
2022-05-01,14,Västra Götaland,HEV,company,87
2022-05-01,14,Västra Götaland,HEV,dealer,163
2022-05-01,14,Västra Götaland,HEV,private,240
2022-05-01,14,Västra Götaland,PETROL,company,365
2022-05-01,14,Västra Götaland,PETROL,dealer,412
2022-05-01,14,Västra Götaland,PETROL,private,810
2022-05-01,14,Västra Götaland,PHEV,company,285
2022-05-01,14,Västra Götaland,PHEV,dealer,410
2022-05-01,14,Västra Götaland,PHEV,private,418
2022-05-01,17,Värmland,BEV,company,34
2022-05-01,17,Värmland,BEV,dealer,9
2022-05-01,17,Värmland,BEV,private,65
2022-05-01,17,Värmland,DIESEL,company,103
2022-05-01,17,Värmland,DIESEL,dealer,39
2022-05-01,17,Värmland,DIESEL,private,37
2022-05-01,17,Värmland,ETHANOL,company,4
2022-05-01,17,Värmland,ETHANOL,dealer,3
2022-05-01,17,Värmland,ETHANOL,private,1
2022-05-01,17,Värmland,HEV,company,26
2022-05-01,17,Värmland,HEV,dealer,17
2022-05-01,17,Värmland,HEV,private,43
2022-05-01,17,Värmland,PETROL,company,84
2022-05-01,17,Värmland,PETROL,dealer,43
2022-05-01,17,Värmland,PETROL,private,93
2022-05-01,17,Värmland,PHEV,company,37
2022-05-01,17,Värmland,PHEV,dealer,10
2022-05-01,17,Värmland,PHEV,private,60
2022-05-01,18,Örebro,BEV,company,41
2022-05-01,18,Örebro,BEV,dealer,3
2022-05-01,18,Örebro,BEV,private,81
2022-05-01,18,Örebro,DIESEL,company,32
2022-05-01,18,Örebro,DIESEL,dealer,29
2022-05-01,18,Örebro,DIESEL,private,35
2022-05-01,18,Örebro,ETHANOL,company,1
2022-05-01,18,Örebro,ETHANOL,dealer,3
2022-05-01,18,Örebro,ETHANOL,private,4
2022-05-01,18,Örebro,HEV,company,5
2022-05-01,18,Örebro,HEV,dealer,22
2022-05-01,18,Örebro,HEV,private,20
2022-05-01,18,Örebro,PETROL,company,27
2022-05-01,18,Örebro,PETROL,dealer,26
2022-05-01,18,Örebro,PETROL,private,93
2022-05-01,18,Örebro,PHEV,company,29
2022-05-01,18,Örebro,PHEV,dealer,5
2022-05-01,18,Örebro,PHEV,private,42
2022-05-01,19,Västmanland,BEV,company,39
2022-05-01,19,Västmanland,BEV,dealer,11
2022-05-01,19,Västmanland,BEV,private,88
2022-05-01,19,Västmanland,DIESEL,company,40
2022-05-01,19,Västmanland,DIESEL,dealer,8
2022-05-01,19,Västmanland,DIESEL,private,42
2022-05-01,19,Västmanland,ETHANOL,dealer,3
2022-05-01,19,Västmanland,ETHANOL,private,5
2022-05-01,19,Västmanland,GAS,company,4
2022-05-01,19,Västmanland,HEV,company,5
2022-05-01,19,Västmanland,HEV,dealer,20
2022-05-01,19,Västmanland,HEV,private,25
2022-05-01,19,Västmanland,PETROL,company,30
2022-05-01,19,Västmanland,PETROL,dealer,35
2022-05-01,19,Västmanland,PETROL,private,108
2022-05-01,19,Västmanland,PHEV,company,44
2022-05-01,19,Västmanland,PHEV,dealer,11
2022-05-01,19,Västmanland,PHEV,private,59
2022-05-01,20,Dalarna,BEV,company,46
2022-05-01,20,Dalarna,BEV,dealer,8
2022-05-01,20,Dalarna,BEV,private,66
2022-05-01,20,Dalarna,DIESEL,company,43
2022-05-01,20,Dalarna,DIESEL,dealer,16
2022-05-01,20,Dalarna,DIESEL,private,33
2022-05-01,20,Dalarna,ETHANOL,company,2
2022-05-01,20,Dalarna,ETHANOL,dealer,1
2022-05-01,20,Dalarna,ETHANOL,private,4
2022-05-01,20,Dalarna,HEV,company,8
2022-05-01,20,Dalarna,HEV,dealer,25
2022-05-01,20,Dalarna,HEV,private,35
2022-05-01,20,Dalarna,PETROL,company,31
2022-05-01,20,Dalarna,PETROL,dealer,23
2022-05-01,20,Dalarna,PETROL,private,68
2022-05-01,20,Dalarna,PHEV,company,19
2022-05-01,20,Dalarna,PHEV,dealer,14
2022-05-01,20,Dalarna,PHEV,private,57
2022-05-01,21,Gävleborg,BEV,company,60
2022-05-01,21,Gävleborg,BEV,dealer,2
2022-05-01,21,Gävleborg,BEV,private,82
2022-05-01,21,Gävleborg,DIESEL,company,39
2022-05-01,21,Gävleborg,DIESEL,dealer,38
2022-05-01,21,Gävleborg,DIESEL,private,24
2022-05-01,21,Gävleborg,ETHANOL,company,2
2022-05-01,21,Gävleborg,ETHANOL,dealer,2
2022-05-01,21,Gävleborg,ETHANOL,private,5
2022-05-01,21,Gävleborg,HEV,company,9
2022-05-01,21,Gävleborg,HEV,dealer,27
2022-05-01,21,Gävleborg,HEV,private,38
2022-05-01,21,Gävleborg,PETROL,company,28
2022-05-01,21,Gävleborg,PETROL,dealer,35
2022-05-01,21,Gävleborg,PETROL,private,105
2022-05-01,21,Gävleborg,PHEV,company,23
2022-05-01,21,Gävleborg,PHEV,dealer,5
2022-05-01,21,Gävleborg,PHEV,private,51
2022-05-01,22,Västernorrland,BEV,company,29
2022-05-01,22,Västernorrland,BEV,dealer,2
2022-05-01,22,Västernorrland,BEV,private,65
2022-05-01,22,Västernorrland,DIESEL,company,62
2022-05-01,22,Västernorrland,DIESEL,dealer,41
2022-05-01,22,Västernorrland,DIESEL,private,22
2022-05-01,22,Västernorrland,ETHANOL,company,1
2022-05-01,22,Västernorrland,ETHANOL,dealer,2
2022-05-01,22,Västernorrland,ETHANOL,private,9
2022-05-01,22,Västernorrland,HEV,company,2
2022-05-01,22,Västernorrland,HEV,dealer,30
2022-05-01,22,Västernorrland,HEV,private,23
2022-05-01,22,Västernorrland,PETROL,company,38
2022-05-01,22,Västernorrland,PETROL,dealer,33
2022-05-01,22,Västernorrland,PETROL,private,49
2022-05-01,22,Västernorrland,PHEV,company,24
2022-05-01,22,Västernorrland,PHEV,dealer,6
2022-05-01,22,Västernorrland,PHEV,private,56
2022-05-01,23,Jämtland,BEV,company,30
2022-05-01,23,Jämtland,BEV,dealer,2
2022-05-01,23,Jämtland,BEV,private,34
2022-05-01,23,Jämtland,DIESEL,company,26
2022-05-01,23,Jämtland,DIESEL,dealer,17
2022-05-01,23,Jämtland,DIESEL,private,18
2022-05-01,23,Jämtland,ETHANOL,company,1
2022-05-01,23,Jämtland,ETHANOL,dealer,3
2022-05-01,23,Jämtland,ETHANOL,private,1
2022-05-01,23,Jämtland,HEV,company,7
2022-05-01,23,Jämtland,HEV,dealer,2
2022-05-01,23,Jämtland,HEV,private,2
2022-05-01,23,Jämtland,PETROL,company,17
2022-05-01,23,Jämtland,PETROL,dealer,3
2022-05-01,23,Jämtland,PETROL,private,15
2022-05-01,23,Jämtland,PHEV,company,17
2022-05-01,23,Jämtland,PHEV,dealer,3
2022-05-01,23,Jämtland,PHEV,private,12
2022-05-01,24,Västerbotten,BEV,company,40
2022-05-01,24,Västerbotten,BEV,dealer,11
2022-05-01,24,Västerbotten,BEV,private,84
2022-05-01,24,Västerbotten,DIESEL,company,59
2022-05-01,24,Västerbotten,DIESEL,dealer,18
2022-05-01,24,Västerbotten,DIESEL,private,28
2022-05-01,24,Västerbotten,ETHANOL,company,2
2022-05-01,24,Västerbotten,ETHANOL,dealer,2
2022-05-01,24,Västerbotten,ETHANOL,private,3
2022-05-01,24,Västerbotten,HEV,company,10
2022-05-01,24,Västerbotten,HEV,dealer,38
2022-05-01,24,Västerbotten,HEV,private,13
2022-05-01,24,Västerbotten,PETROL,company,34
2022-05-01,24,Västerbotten,PETROL,dealer,36
2022-05-01,24,Västerbotten,PETROL,private,43
2022-05-01,24,Västerbotten,PHEV,company,25
2022-05-01,24,Västerbotten,PHEV,dealer,6
2022-05-01,24,Västerbotten,PHEV,private,53
2022-05-01,25,Norrbotten,BEV,company,36
2022-05-01,25,Norrbotten,BEV,dealer,6
2022-05-01,25,Norrbotten,BEV,private,64
2022-05-01,25,Norrbotten,DIESEL,company,50
2022-05-01,25,Norrbotten,DIESEL,dealer,8
2022-05-01,25,Norrbotten,DIESEL,private,33
2022-05-01,25,Norrbotten,ETHANOL,company,3
2022-05-01,25,Norrbotten,ETHANOL,private,6
2022-05-01,25,Norrbotten,HEV,company,8
2022-05-01,25,Norrbotten,HEV,dealer,18
2022-05-01,25,Norrbotten,HEV,private,21
2022-05-01,25,Norrbotten,PETROL,company,31
2022-05-01,25,Norrbotten,PETROL,dealer,19
2022-05-01,25,Norrbotten,PETROL,private,31
2022-05-01,25,Norrbotten,PHEV,company,20
2022-05-01,25,Norrbotten,PHEV,dealer,3
2022-05-01,25,Norrbotten,PHEV,private,21
2022-06-01,01,Stockholm,BEV,company,1794
2022-06-01,01,Stockholm,BEV,dealer,182
2022-06-01,01,Stockholm,BEV,private,910
2022-06-01,01,Stockholm,DIESEL,company,794
2022-06-01,01,Stockholm,DIESEL,dealer,167
2022-06-01,01,Stockholm,DIESEL,private,157
2022-06-01,01,Stockholm,ETHANOL,company,16
2022-06-01,01,Stockholm,ETHANOL,dealer,7
2022-06-01,01,Stockholm,ETHANOL,private,26
2022-06-01,01,Stockholm,GAS,company,48
2022-06-01,01,Stockholm,GAS,private,1
2022-06-01,01,Stockholm,HEV,company,237
2022-06-01,01,Stockholm,HEV,dealer,62
2022-06-01,01,Stockholm,HEV,private,239
2022-06-01,01,Stockholm,PETROL,company,1634
2022-06-01,01,Stockholm,PETROL,dealer,236
2022-06-01,01,Stockholm,PETROL,private,670
2022-06-01,01,Stockholm,PHEV,company,1621
2022-06-01,01,Stockholm,PHEV,dealer,153
2022-06-01,01,Stockholm,PHEV,private,573
2022-06-01,03,Uppsala,BEV,company,103
2022-06-01,03,Uppsala,BEV,dealer,12
2022-06-01,03,Uppsala,BEV,private,160
2022-06-01,03,Uppsala,DIESEL,company,45
2022-06-01,03,Uppsala,DIESEL,dealer,14
2022-06-01,03,Uppsala,DIESEL,private,32
2022-06-01,03,Uppsala,ETHANOL,private,4
2022-06-01,03,Uppsala,GAS,company,1
2022-06-01,03,Uppsala,HEV,company,26
2022-06-01,03,Uppsala,HEV,dealer,16
2022-06-01,03,Uppsala,HEV,private,44
2022-06-01,03,Uppsala,PETROL,company,82
2022-06-01,03,Uppsala,PETROL,dealer,9
2022-06-01,03,Uppsala,PETROL,private,89
2022-06-01,03,Uppsala,PHEV,company,56
2022-06-01,03,Uppsala,PHEV,dealer,15
2022-06-01,03,Uppsala,PHEV,private,90
2022-06-01,04,Södermanland,BEV,company,63
2022-06-01,04,Södermanland,BEV,dealer,7
2022-06-01,04,Södermanland,BEV,private,79
2022-06-01,04,Södermanland,DIESEL,company,26
2022-06-01,04,Södermanland,DIESEL,dealer,9
2022-06-01,04,Södermanland,DIESEL,private,28
2022-06-01,04,Södermanland,ETHANOL,dealer,1
2022-06-01,04,Södermanland,GAS,company,2
2022-06-01,04,Södermanland,HEV,company,5
2022-06-01,04,Södermanland,HEV,dealer,13
2022-06-01,04,Södermanland,HEV,private,30
2022-06-01,04,Södermanland,PETROL,company,27
2022-06-01,04,Södermanland,PETROL,dealer,28
2022-06-01,04,Södermanland,PETROL,private,68
2022-06-01,04,Södermanland,PHEV,company,69
2022-06-01,04,Södermanland,PHEV,dealer,15
2022-06-01,04,Södermanland,PHEV,private,58
2022-06-01,05,Östergötland,BEV,company,83
2022-06-01,05,Östergötland,BEV,dealer,14
2022-06-01,05,Östergötland,BEV,private,192
2022-06-01,05,Östergötland,DIESEL,company,59
2022-06-01,05,Östergötland,DIESEL,dealer,20
2022-06-01,05,Östergötland,DIESEL,private,48
2022-06-01,05,Östergötland,ETHANOL,company,3
2022-06-01,05,Östergötland,ETHANOL,private,4
2022-06-01,05,Östergötland,GAS,company,3
2022-06-01,05,Östergötland,HEV,company,13
2022-06-01,05,Östergötland,HEV,dealer,24
2022-06-01,05,Östergötland,HEV,private,35
2022-06-01,05,Östergötland,PETROL,company,30
2022-06-01,05,Östergötland,PETROL,dealer,38
2022-06-01,05,Östergötland,PETROL,private,109
2022-06-01,05,Östergötland,PHEV,company,90
2022-06-01,05,Östergötland,PHEV,dealer,18
2022-06-01,05,Östergötland,PHEV,private,112
2022-06-01,06,Jönköping,BEV,company,104
2022-06-01,06,Jönköping,BEV,dealer,16
2022-06-01,06,Jönköping,BEV,private,155
2022-06-01,06,Jönköping,DIESEL,company,66
2022-06-01,06,Jönköping,DIESEL,dealer,14
2022-06-01,06,Jönköping,DIESEL,private,36
2022-06-01,06,Jönköping,ETHANOL,company,2
2022-06-01,06,Jönköping,ETHANOL,private,6
2022-06-01,06,Jönköping,GAS,company,11
2022-06-01,06,Jönköping,GAS,private,1
2022-06-01,06,Jönköping,HEV,company,15
2022-06-01,06,Jönköping,HEV,dealer,10
2022-06-01,06,Jönköping,HEV,private,28
2022-06-01,06,Jönköping,PETROL,company,28
2022-06-01,06,Jönköping,PETROL,dealer,40
2022-06-01,06,Jönköping,PETROL,private,127
2022-06-01,06,Jönköping,PHEV,company,64
2022-06-01,06,Jönköping,PHEV,dealer,31
2022-06-01,06,Jönköping,PHEV,private,94
2022-06-01,07,Kronoberg,BEV,company,39
2022-06-01,07,Kronoberg,BEV,dealer,3
2022-06-01,07,Kronoberg,BEV,private,64
2022-06-01,07,Kronoberg,DIESEL,company,22
2022-06-01,07,Kronoberg,DIESEL,dealer,9
2022-06-01,07,Kronoberg,DIESEL,private,26
2022-06-01,07,Kronoberg,ETHANOL,company,1
2022-06-01,07,Kronoberg,HEV,dealer,16
2022-06-01,07,Kronoberg,HEV,private,13
2022-06-01,07,Kronoberg,PETROL,company,20
2022-06-01,07,Kronoberg,PETROL,dealer,52
2022-06-01,07,Kronoberg,PETROL,private,62
2022-06-01,07,Kronoberg,PHEV,company,16
2022-06-01,07,Kronoberg,PHEV,dealer,14
2022-06-01,07,Kronoberg,PHEV,private,50
2022-06-01,08,Kalmar,BEV,company,38
2022-06-01,08,Kalmar,BEV,dealer,8
2022-06-01,08,Kalmar,BEV,private,69
2022-06-01,08,Kalmar,DIESEL,company,16
2022-06-01,08,Kalmar,DIESEL,dealer,29
2022-06-01,08,Kalmar,DIESEL,private,28
2022-06-01,08,Kalmar,ETHANOL,dealer,1
2022-06-01,08,Kalmar,ETHANOL,private,3
2022-06-01,08,Kalmar,GAS,company,5
2022-06-01,08,Kalmar,HEV,company,3
2022-06-01,08,Kalmar,HEV,dealer,8
2022-06-01,08,Kalmar,HEV,private,20
2022-06-01,08,Kalmar,PETROL,company,22
2022-06-01,08,Kalmar,PETROL,dealer,28
2022-06-01,08,Kalmar,PETROL,private,70
2022-06-01,08,Kalmar,PHEV,company,19
2022-06-01,08,Kalmar,PHEV,dealer,13
2022-06-01,08,Kalmar,PHEV,private,49
2022-06-01,09,Gotland,BEV,company,5
2022-06-01,09,Gotland,BEV,dealer,2
2022-06-01,09,Gotland,BEV,private,13
2022-06-01,09,Gotland,DIESEL,company,5
2022-06-01,09,Gotland,DIESEL,dealer,5
2022-06-01,09,Gotland,DIESEL,private,1
2022-06-01,09,Gotland,ETHANOL,company,2
2022-06-01,09,Gotland,HEV,dealer,1
2022-06-01,09,Gotland,HEV,private,2
2022-06-01,09,Gotland,PETROL,company,33
2022-06-01,09,Gotland,PETROL,dealer,6
2022-06-01,09,Gotland,PETROL,private,11
2022-06-01,09,Gotland,PHEV,company,4
2022-06-01,09,Gotland,PHEV,dealer,1
2022-06-01,09,Gotland,PHEV,private,6
2022-06-01,10,Blekinge,BEV,company,15
2022-06-01,10,Blekinge,BEV,dealer,4
2022-06-01,10,Blekinge,BEV,private,57
2022-06-01,10,Blekinge,DIESEL,company,9
2022-06-01,10,Blekinge,DIESEL,dealer,2
2022-06-01,10,Blekinge,DIESEL,private,13
2022-06-01,10,Blekinge,ETHANOL,dealer,1
2022-06-01,10,Blekinge,ETHANOL,private,1
2022-06-01,10,Blekinge,GAS,company,2
2022-06-01,10,Blekinge,HEV,company,6
2022-06-01,10,Blekinge,HEV,dealer,8
2022-06-01,10,Blekinge,HEV,private,9
2022-06-01,10,Blekinge,PETROL,company,13
2022-06-01,10,Blekinge,PETROL,dealer,15
2022-06-01,10,Blekinge,PETROL,private,36
2022-06-01,10,Blekinge,PHEV,company,10
2022-06-01,10,Blekinge,PHEV,dealer,7
2022-06-01,10,Blekinge,PHEV,private,42
2022-06-01,12,Skåne,BEV,company,446
2022-06-01,12,Skåne,BEV,dealer,60
2022-06-01,12,Skåne,BEV,private,559
2022-06-01,12,Skåne,DIESEL,company,423
2022-06-01,12,Skåne,DIESEL,dealer,174
2022-06-01,12,Skåne,DIESEL,private,115
2022-06-01,12,Skåne,ETHANOL,company,3
2022-06-01,12,Skåne,ETHANOL,dealer,7
2022-06-01,12,Skåne,ETHANOL,private,8
2022-06-01,12,Skåne,GAS,company,15
2022-06-01,12,Skåne,HEV,company,61
2022-06-01,12,Skåne,HEV,dealer,50
2022-06-01,12,Skåne,HEV,private,139
2022-06-01,12,Skåne,OTHER,private,1
2022-06-01,12,Skåne,PETROL,company,219
2022-06-01,12,Skåne,PETROL,dealer,127
2022-06-01,12,Skåne,PETROL,private,445
2022-06-01,12,Skåne,PHEV,company,371
2022-06-01,12,Skåne,PHEV,dealer,91
2022-06-01,12,Skåne,PHEV,private,220
2022-06-01,13,Halland,BEV,company,88
2022-06-01,13,Halland,BEV,dealer,16
2022-06-01,13,Halland,BEV,private,159
2022-06-01,13,Halland,DIESEL,company,43
2022-06-01,13,Halland,DIESEL,dealer,9
2022-06-01,13,Halland,DIESEL,private,36
2022-06-01,13,Halland,ETHANOL,dealer,2
2022-06-01,13,Halland,ETHANOL,private,5
2022-06-01,13,Halland,GAS,company,16
2022-06-01,13,Halland,HEV,company,8
2022-06-01,13,Halland,HEV,dealer,9
2022-06-01,13,Halland,HEV,private,38
2022-06-01,13,Halland,PETROL,company,32
2022-06-01,13,Halland,PETROL,dealer,52
2022-06-01,13,Halland,PETROL,private,84
2022-06-01,13,Halland,PHEV,company,59
2022-06-01,13,Halland,PHEV,dealer,26
2022-06-01,13,Halland,PHEV,private,89
2022-06-01,14,Västra Götaland,BEV,company,652
2022-06-01,14,Västra Götaland,BEV,dealer,79
2022-06-01,14,Västra Götaland,BEV,private,773
2022-06-01,14,Västra Götaland,DIESEL,company,228
2022-06-01,14,Västra Götaland,DIESEL,dealer,127
2022-06-01,14,Västra Götaland,DIESEL,private,168
2022-06-01,14,Västra Götaland,ETHANOL,company,1
2022-06-01,14,Västra Götaland,ETHANOL,dealer,8
2022-06-01,14,Västra Götaland,ETHANOL,private,20
2022-06-01,14,Västra Götaland,GAS,company,41
2022-06-01,14,Västra Götaland,HEV,company,89
2022-06-01,14,Västra Götaland,HEV,dealer,196
2022-06-01,14,Västra Götaland,HEV,private,164
2022-06-01,14,Västra Götaland,PETROL,company,166
2022-06-01,14,Västra Götaland,PETROL,dealer,237
2022-06-01,14,Västra Götaland,PETROL,private,588
2022-06-01,14,Västra Götaland,PHEV,company,392
2022-06-01,14,Västra Götaland,PHEV,dealer,284
2022-06-01,14,Västra Götaland,PHEV,private,464
2022-06-01,17,Värmland,BEV,company,56
2022-06-01,17,Värmland,BEV,dealer,13
2022-06-01,17,Värmland,BEV,private,100
2022-06-01,17,Värmland,DIESEL,company,126
2022-06-01,17,Värmland,DIESEL,dealer,133
2022-06-01,17,Värmland,DIESEL,private,38
2022-06-01,17,Värmland,ETHANOL,private,3
2022-06-01,17,Värmland,GAS,company,1
2022-06-01,17,Värmland,HEV,company,11
2022-06-01,17,Värmland,HEV,dealer,13
2022-06-01,17,Värmland,HEV,private,16
2022-06-01,17,Värmland,OTHER,private,1
2022-06-01,17,Värmland,PETROL,company,69
2022-06-01,17,Värmland,PETROL,dealer,74
2022-06-01,17,Värmland,PETROL,private,61
2022-06-01,17,Värmland,PHEV,company,33
2022-06-01,17,Värmland,PHEV,dealer,17
2022-06-01,17,Värmland,PHEV,private,55
2022-06-01,18,Örebro,BEV,company,59
2022-06-01,18,Örebro,BEV,dealer,8
2022-06-01,18,Örebro,BEV,private,95
2022-06-01,18,Örebro,DIESEL,company,39
2022-06-01,18,Örebro,DIESEL,dealer,11
2022-06-01,18,Örebro,DIESEL,private,35
2022-06-01,18,Örebro,ETHANOL,dealer,1
2022-06-01,18,Örebro,ETHANOL,private,5
2022-06-01,18,Örebro,GAS,company,2
2022-06-01,18,Örebro,HEV,company,12
2022-06-01,18,Örebro,HEV,dealer,13
2022-06-01,18,Örebro,HEV,private,20
2022-06-01,18,Örebro,PETROL,company,24
2022-06-01,18,Örebro,PETROL,dealer,15
2022-06-01,18,Örebro,PETROL,private,86
2022-06-01,18,Örebro,PHEV,company,33
2022-06-01,18,Örebro,PHEV,dealer,17
2022-06-01,18,Örebro,PHEV,private,62
2022-06-01,19,Västmanland,BEV,company,66
2022-06-01,19,Västmanland,BEV,dealer,8
2022-06-01,19,Västmanland,BEV,private,136
2022-06-01,19,Västmanland,DIESEL,company,26
2022-06-01,19,Västmanland,DIESEL,dealer,13
2022-06-01,19,Västmanland,DIESEL,private,23
2022-06-01,19,Västmanland,ETHANOL,private,1
2022-06-01,19,Västmanland,GAS,company,5
2022-06-01,19,Västmanland,HEV,company,1
2022-06-01,19,Västmanland,HEV,dealer,14
2022-06-01,19,Västmanland,HEV,private,21
2022-06-01,19,Västmanland,PETROL,company,27
2022-06-01,19,Västmanland,PETROL,dealer,17
2022-06-01,19,Västmanland,PETROL,private,71
2022-06-01,19,Västmanland,PHEV,company,44
2022-06-01,19,Västmanland,PHEV,dealer,13
2022-06-01,19,Västmanland,PHEV,private,75
2022-06-01,20,Dalarna,BEV,company,55
2022-06-01,20,Dalarna,BEV,dealer,11
2022-06-01,20,Dalarna,BEV,private,87
2022-06-01,20,Dalarna,DIESEL,company,33
2022-06-01,20,Dalarna,DIESEL,dealer,16
2022-06-01,20,Dalarna,DIESEL,private,36
2022-06-01,20,Dalarna,ETHANOL,company,4
2022-06-01,20,Dalarna,ETHANOL,dealer,1
2022-06-01,20,Dalarna,ETHANOL,private,1
2022-06-01,20,Dalarna,HEV,company,5
2022-06-01,20,Dalarna,HEV,dealer,7
2022-06-01,20,Dalarna,HEV,private,21
2022-06-01,20,Dalarna,PETROL,company,33
2022-06-01,20,Dalarna,PETROL,dealer,25
2022-06-01,20,Dalarna,PETROL,private,78
2022-06-01,20,Dalarna,PHEV,company,44
2022-06-01,20,Dalarna,PHEV,dealer,9
2022-06-01,20,Dalarna,PHEV,private,92
2022-06-01,21,Gävleborg,BEV,company,52
2022-06-01,21,Gävleborg,BEV,dealer,13
2022-06-01,21,Gävleborg,BEV,private,72
2022-06-01,21,Gävleborg,DIESEL,company,45
2022-06-01,21,Gävleborg,DIESEL,dealer,28
2022-06-01,21,Gävleborg,DIESEL,private,36
2022-06-01,21,Gävleborg,ETHANOL,company,2
2022-06-01,21,Gävleborg,ETHANOL,private,2
2022-06-01,21,Gävleborg,HEV,company,6
2022-06-01,21,Gävleborg,HEV,dealer,7
2022-06-01,21,Gävleborg,HEV,private,24
2022-06-01,21,Gävleborg,PETROL,company,11
2022-06-01,21,Gävleborg,PETROL,dealer,20
2022-06-01,21,Gävleborg,PETROL,private,75
2022-06-01,21,Gävleborg,PHEV,company,26
2022-06-01,21,Gävleborg,PHEV,dealer,8
2022-06-01,21,Gävleborg,PHEV,private,49
2022-06-01,22,Västernorrland,BEV,company,49
2022-06-01,22,Västernorrland,BEV,dealer,4
2022-06-01,22,Västernorrland,BEV,private,72
2022-06-01,22,Västernorrland,DIESEL,company,44
2022-06-01,22,Västernorrland,DIESEL,dealer,35
2022-06-01,22,Västernorrland,DIESEL,private,19
2022-06-01,22,Västernorrland,ETHANOL,company,2
2022-06-01,22,Västernorrland,ETHANOL,private,2
2022-06-01,22,Västernorrland,HEV,company,1
2022-06-01,22,Västernorrland,HEV,dealer,17
2022-06-01,22,Västernorrland,HEV,private,25
2022-06-01,22,Västernorrland,OTHER,private,1
2022-06-01,22,Västernorrland,PETROL,company,17
2022-06-01,22,Västernorrland,PETROL,dealer,17
2022-06-01,22,Västernorrland,PETROL,private,46
2022-06-01,22,Västernorrland,PHEV,company,22
2022-06-01,22,Västernorrland,PHEV,dealer,6
2022-06-01,22,Västernorrland,PHEV,private,76
2022-06-01,23,Jämtland,BEV,company,57
2022-06-01,23,Jämtland,BEV,dealer,1
2022-06-01,23,Jämtland,BEV,private,34
2022-06-01,23,Jämtland,DIESEL,company,32
2022-06-01,23,Jämtland,DIESEL,dealer,12
2022-06-01,23,Jämtland,DIESEL,private,5
2022-06-01,23,Jämtland,ETHANOL,company,1
2022-06-01,23,Jämtland,ETHANOL,dealer,4
2022-06-01,23,Jämtland,ETHANOL,private,1
2022-06-01,23,Jämtland,GAS,company,1
2022-06-01,23,Jämtland,HEV,company,11
2022-06-01,23,Jämtland,HEV,dealer,20
2022-06-01,23,Jämtland,HEV,private,13
2022-06-01,23,Jämtland,PETROL,company,16
2022-06-01,23,Jämtland,PETROL,private,20
2022-06-01,23,Jämtland,PHEV,company,7
2022-06-01,23,Jämtland,PHEV,dealer,2
2022-06-01,23,Jämtland,PHEV,private,10
2022-06-01,24,Västerbotten,BEV,company,54
2022-06-01,24,Västerbotten,BEV,dealer,6
2022-06-01,24,Västerbotten,BEV,private,100
2022-06-01,24,Västerbotten,DIESEL,company,31
2022-06-01,24,Västerbotten,DIESEL,dealer,67
2022-06-01,24,Västerbotten,DIESEL,private,14
2022-06-01,24,Västerbotten,ETHANOL,company,6
2022-06-01,24,Västerbotten,ETHANOL,dealer,3
2022-06-01,24,Västerbotten,ETHANOL,private,9
2022-06-01,24,Västerbotten,HEV,company,4
2022-06-01,24,Västerbotten,HEV,dealer,18
2022-06-01,24,Västerbotten,HEV,private,13
2022-06-01,24,Västerbotten,PETROL,company,24
2022-06-01,24,Västerbotten,PETROL,dealer,22
2022-06-01,24,Västerbotten,PETROL,private,49
2022-06-01,24,Västerbotten,PHEV,company,28
2022-06-01,24,Västerbotten,PHEV,dealer,7
2022-06-01,24,Västerbotten,PHEV,private,77
2022-06-01,25,Norrbotten,BEV,company,62
2022-06-01,25,Norrbotten,BEV,dealer,9
2022-06-01,25,Norrbotten,BEV,private,63
2022-06-01,25,Norrbotten,DIESEL,company,51
2022-06-01,25,Norrbotten,DIESEL,dealer,17
2022-06-01,25,Norrbotten,DIESEL,private,30
2022-06-01,25,Norrbotten,HEV,company,13
2022-06-01,25,Norrbotten,HEV,dealer,43
2022-06-01,25,Norrbotten,HEV,private,18
2022-06-01,25,Norrbotten,PETROL,company,18
2022-06-01,25,Norrbotten,PETROL,dealer,6
2022-06-01,25,Norrbotten,PETROL,private,36
2022-06-01,25,Norrbotten,PHEV,company,25
2022-06-01,25,Norrbotten,PHEV,dealer,1
2022-06-01,25,Norrbotten,PHEV,private,35
2022-07-01,01,Stockholm,BEV,company,782
2022-07-01,01,Stockholm,BEV,dealer,119
2022-07-01,01,Stockholm,BEV,private,501
2022-07-01,01,Stockholm,DIESEL,company,423
2022-07-01,01,Stockholm,DIESEL,dealer,70
2022-07-01,01,Stockholm,DIESEL,private,105
2022-07-01,01,Stockholm,ETHANOL,company,4
2022-07-01,01,Stockholm,ETHANOL,dealer,10
2022-07-01,01,Stockholm,ETHANOL,private,19
2022-07-01,01,Stockholm,GAS,company,17
2022-07-01,01,Stockholm,HEV,company,158
2022-07-01,01,Stockholm,HEV,dealer,36
2022-07-01,01,Stockholm,HEV,private,187
2022-07-01,01,Stockholm,PETROL,company,1392
2022-07-01,01,Stockholm,PETROL,dealer,274
2022-07-01,01,Stockholm,PETROL,private,523
2022-07-01,01,Stockholm,PHEV,company,1088
2022-07-01,01,Stockholm,PHEV,dealer,261
2022-07-01,01,Stockholm,PHEV,private,302
2022-07-01,03,Uppsala,BEV,company,66
2022-07-01,03,Uppsala,BEV,dealer,7
2022-07-01,03,Uppsala,BEV,private,105
2022-07-01,03,Uppsala,DIESEL,company,31
2022-07-01,03,Uppsala,DIESEL,dealer,5
2022-07-01,03,Uppsala,DIESEL,private,31
2022-07-01,03,Uppsala,ETHANOL,dealer,1
2022-07-01,03,Uppsala,ETHANOL,private,3
2022-07-01,03,Uppsala,GAS,company,4
2022-07-01,03,Uppsala,HEV,company,12
2022-07-01,03,Uppsala,HEV,dealer,14
2022-07-01,03,Uppsala,HEV,private,29
2022-07-01,03,Uppsala,OTHER,private,1
2022-07-01,03,Uppsala,PETROL,company,110
2022-07-01,03,Uppsala,PETROL,dealer,14
2022-07-01,03,Uppsala,PETROL,private,67
2022-07-01,03,Uppsala,PHEV,company,31
2022-07-01,03,Uppsala,PHEV,dealer,12
2022-07-01,03,Uppsala,PHEV,private,46
2022-07-01,04,Södermanland,BEV,company,32
2022-07-01,04,Södermanland,BEV,dealer,12
2022-07-01,04,Södermanland,BEV,private,52
2022-07-01,04,Södermanland,DIESEL,company,19
2022-07-01,04,Södermanland,DIESEL,dealer,3
2022-07-01,04,Södermanland,DIESEL,private,17
2022-07-01,04,Södermanland,ETHANOL,company,2
2022-07-01,04,Södermanland,ETHANOL,private,3
2022-07-01,04,Södermanland,HEV,company,2
2022-07-01,04,Södermanland,HEV,dealer,10
2022-07-01,04,Södermanland,HEV,private,28
2022-07-01,04,Södermanland,OTHER,dealer,1
2022-07-01,04,Södermanland,PETROL,company,27
2022-07-01,04,Södermanland,PETROL,dealer,13
2022-07-01,04,Södermanland,PETROL,private,67
2022-07-01,04,Södermanland,PHEV,company,21
2022-07-01,04,Södermanland,PHEV,dealer,10
2022-07-01,04,Södermanland,PHEV,private,46
2022-07-01,05,Östergötland,BEV,company,57
2022-07-01,05,Östergötland,BEV,dealer,13
2022-07-01,05,Östergötland,BEV,private,115
2022-07-01,05,Östergötland,DIESEL,company,38
2022-07-01,05,Östergötland,DIESEL,dealer,7
2022-07-01,05,Östergötland,DIESEL,private,29
2022-07-01,05,Östergötland,ETHANOL,dealer,2
2022-07-01,05,Östergötland,ETHANOL,private,5
2022-07-01,05,Östergötland,HEV,company,11
2022-07-01,05,Östergötland,HEV,dealer,30
2022-07-01,05,Östergötland,HEV,private,52
2022-07-01,05,Östergötland,PETROL,company,24
2022-07-01,05,Östergötland,PETROL,dealer,33
2022-07-01,05,Östergötland,PETROL,private,95
2022-07-01,05,Östergötland,PHEV,company,42
2022-07-01,05,Östergötland,PHEV,dealer,20
2022-07-01,05,Östergötland,PHEV,private,57
2022-07-01,06,Jönköping,BEV,company,49
2022-07-01,06,Jönköping,BEV,dealer,19
2022-07-01,06,Jönköping,BEV,private,115
2022-07-01,06,Jönköping,DIESEL,company,27
2022-07-01,06,Jönköping,DIESEL,dealer,6
2022-07-01,06,Jönköping,DIESEL,private,29
2022-07-01,06,Jönköping,ETHANOL,company,1
2022-07-01,06,Jönköping,ETHANOL,dealer,3
2022-07-01,06,Jönköping,ETHANOL,private,3
2022-07-01,06,Jönköping,GAS,company,1
2022-07-01,06,Jönköping,HEV,company,7
2022-07-01,06,Jönköping,HEV,dealer,19
2022-07-01,06,Jönköping,HEV,private,35
2022-07-01,06,Jönköping,PETROL,company,26
2022-07-01,06,Jönköping,PETROL,dealer,24
2022-07-01,06,Jönköping,PETROL,private,98
2022-07-01,06,Jönköping,PHEV,company,40
2022-07-01,06,Jönköping,PHEV,dealer,18
2022-07-01,06,Jönköping,PHEV,private,37
2022-07-01,07,Kronoberg,BEV,company,23
2022-07-01,07,Kronoberg,BEV,private,41
2022-07-01,07,Kronoberg,DIESEL,company,10
2022-07-01,07,Kronoberg,DIESEL,dealer,2
2022-07-01,07,Kronoberg,DIESEL,private,19
2022-07-01,07,Kronoberg,ETHANOL,private,1
2022-07-01,07,Kronoberg,HEV,company,3
2022-07-01,07,Kronoberg,HEV,dealer,7
2022-07-01,07,Kronoberg,HEV,private,12
2022-07-01,07,Kronoberg,PETROL,company,28
2022-07-01,07,Kronoberg,PETROL,dealer,17
2022-07-01,07,Kronoberg,PETROL,private,50
2022-07-01,07,Kronoberg,PHEV,company,14
2022-07-01,07,Kronoberg,PHEV,dealer,11
2022-07-01,07,Kronoberg,PHEV,private,29
2022-07-01,08,Kalmar,BEV,company,37
2022-07-01,08,Kalmar,BEV,dealer,6
2022-07-01,08,Kalmar,BEV,private,48
2022-07-01,08,Kalmar,DIESEL,company,17
2022-07-01,08,Kalmar,DIESEL,dealer,22
2022-07-01,08,Kalmar,DIESEL,private,14
2022-07-01,08,Kalmar,ETHANOL,company,1
2022-07-01,08,Kalmar,ETHANOL,dealer,1
2022-07-01,08,Kalmar,GAS,company,1
2022-07-01,08,Kalmar,HEV,company,3
2022-07-01,08,Kalmar,HEV,dealer,9
2022-07-01,08,Kalmar,HEV,private,19
2022-07-01,08,Kalmar,PETROL,company,22
2022-07-01,08,Kalmar,PETROL,dealer,30
2022-07-01,08,Kalmar,PETROL,private,80
2022-07-01,08,Kalmar,PHEV,company,32
2022-07-01,08,Kalmar,PHEV,dealer,11
2022-07-01,08,Kalmar,PHEV,private,38
2022-07-01,09,Gotland,BEV,company,1
2022-07-01,09,Gotland,BEV,dealer,2
2022-07-01,09,Gotland,BEV,private,13
2022-07-01,09,Gotland,DIESEL,dealer,2
2022-07-01,09,Gotland,DIESEL,private,2
2022-07-01,09,Gotland,HEV,company,2
2022-07-01,09,Gotland,HEV,dealer,3
2022-07-01,09,Gotland,HEV,private,4
2022-07-01,09,Gotland,PETROL,company,3
2022-07-01,09,Gotland,PETROL,dealer,2
2022-07-01,09,Gotland,PETROL,private,15
2022-07-01,09,Gotland,PHEV,company,2
2022-07-01,09,Gotland,PHEV,dealer,3
2022-07-01,09,Gotland,PHEV,private,4
2022-07-01,10,Blekinge,BEV,company,13
2022-07-01,10,Blekinge,BEV,dealer,1
2022-07-01,10,Blekinge,BEV,private,46
2022-07-01,10,Blekinge,DIESEL,company,8
2022-07-01,10,Blekinge,DIESEL,dealer,14
2022-07-01,10,Blekinge,DIESEL,private,14
2022-07-01,10,Blekinge,ETHANOL,company,15
2022-07-01,10,Blekinge,ETHANOL,private,3
2022-07-01,10,Blekinge,GAS,company,3
2022-07-01,10,Blekinge,HEV,company,1
2022-07-01,10,Blekinge,HEV,dealer,7
2022-07-01,10,Blekinge,HEV,private,16
2022-07-01,10,Blekinge,PETROL,company,15
2022-07-01,10,Blekinge,PETROL,dealer,6
2022-07-01,10,Blekinge,PETROL,private,30
2022-07-01,10,Blekinge,PHEV,company,11
2022-07-01,10,Blekinge,PHEV,dealer,6
2022-07-01,10,Blekinge,PHEV,private,24
2022-07-01,12,Skåne,BEV,company,250
2022-07-01,12,Skåne,BEV,dealer,60
2022-07-01,12,Skåne,BEV,private,414
2022-07-01,12,Skåne,DIESEL,company,234
2022-07-01,12,Skåne,DIESEL,dealer,86
2022-07-01,12,Skåne,DIESEL,private,104
2022-07-01,12,Skåne,ETHANOL,company,5
2022-07-01,12,Skåne,ETHANOL,dealer,4
2022-07-01,12,Skåne,ETHANOL,private,7
2022-07-01,12,Skåne,GAS,company,9
2022-07-01,12,Skåne,HEV,company,49
2022-07-01,12,Skåne,HEV,dealer,60
2022-07-01,12,Skåne,HEV,private,119
2022-07-01,12,Skåne,PETROL,company,190
2022-07-01,12,Skåne,PETROL,dealer,126
2022-07-01,12,Skåne,PETROL,private,376
2022-07-01,12,Skåne,PHEV,company,393
2022-07-01,12,Skåne,PHEV,dealer,74
2022-07-01,12,Skåne,PHEV,private,143
2022-07-01,13,Halland,BEV,company,48
2022-07-01,13,Halland,BEV,dealer,13
2022-07-01,13,Halland,BEV,private,138
2022-07-01,13,Halland,DIESEL,company,18
2022-07-01,13,Halland,DIESEL,dealer,10
2022-07-01,13,Halland,DIESEL,private,22
2022-07-01,13,Halland,ETHANOL,company,1
2022-07-01,13,Halland,ETHANOL,private,3
2022-07-01,13,Halland,HEV,company,10
2022-07-01,13,Halland,HEV,dealer,8
2022-07-01,13,Halland,HEV,private,21
2022-07-01,13,Halland,PETROL,company,31
2022-07-01,13,Halland,PETROL,dealer,52
2022-07-01,13,Halland,PETROL,private,119
2022-07-01,13,Halland,PHEV,company,43
2022-07-01,13,Halland,PHEV,dealer,29
2022-07-01,13,Halland,PHEV,private,85
2022-07-01,14,Västra Götaland,BEV,company,311
2022-07-01,14,Västra Götaland,BEV,dealer,67
2022-07-01,14,Västra Götaland,BEV,private,494
2022-07-01,14,Västra Götaland,DIESEL,company,115
2022-07-01,14,Västra Götaland,DIESEL,dealer,77
2022-07-01,14,Västra Götaland,DIESEL,private,108
2022-07-01,14,Västra Götaland,ETHANOL,company,1
2022-07-01,14,Västra Götaland,ETHANOL,dealer,7
2022-07-01,14,Västra Götaland,ETHANOL,private,23
2022-07-01,14,Västra Götaland,GAS,company,3
2022-07-01,14,Västra Götaland,HEV,company,48
2022-07-01,14,Västra Götaland,HEV,dealer,130
2022-07-01,14,Västra Götaland,HEV,private,144
2022-07-01,14,Västra Götaland,PETROL,company,239
2022-07-01,14,Västra Götaland,PETROL,dealer,268
2022-07-01,14,Västra Götaland,PETROL,private,449
2022-07-01,14,Västra Götaland,PHEV,company,285
2022-07-01,14,Västra Götaland,PHEV,dealer,116
2022-07-01,14,Västra Götaland,PHEV,private,288
2022-07-01,17,Värmland,BEV,company,17
2022-07-01,17,Värmland,BEV,dealer,10
2022-07-01,17,Värmland,BEV,private,66
2022-07-01,17,Värmland,DIESEL,company,31
2022-07-01,17,Värmland,DIESEL,dealer,47
2022-07-01,17,Värmland,DIESEL,private,17
2022-07-01,17,Värmland,ETHANOL,company,3
2022-07-01,17,Värmland,ETHANOL,dealer,1
2022-07-01,17,Värmland,ETHANOL,private,1
2022-07-01,17,Värmland,HEV,company,3
2022-07-01,17,Värmland,HEV,dealer,11
2022-07-01,17,Värmland,HEV,private,19
2022-07-01,17,Värmland,OTHER,private,1
2022-07-01,17,Värmland,PETROL,company,37
2022-07-01,17,Värmland,PETROL,dealer,36
2022-07-01,17,Värmland,PETROL,private,70
2022-07-01,17,Värmland,PHEV,company,29
2022-07-01,17,Värmland,PHEV,dealer,7
2022-07-01,17,Värmland,PHEV,private,31
2022-07-01,18,Örebro,BEV,company,16
2022-07-01,18,Örebro,BEV,dealer,9
2022-07-01,18,Örebro,BEV,private,72
2022-07-01,18,Örebro,DIESEL,company,17
2022-07-01,18,Örebro,DIESEL,dealer,22
2022-07-01,18,Örebro,DIESEL,private,30
2022-07-01,18,Örebro,ETHANOL,dealer,1
2022-07-01,18,Örebro,ETHANOL,private,4
2022-07-01,18,Örebro,GAS,company,1
2022-07-01,18,Örebro,HEV,company,6
2022-07-01,18,Örebro,HEV,dealer,24
2022-07-01,18,Örebro,HEV,private,23
2022-07-01,18,Örebro,PETROL,company,21
2022-07-01,18,Örebro,PETROL,dealer,20
2022-07-01,18,Örebro,PETROL,private,70
2022-07-01,18,Örebro,PHEV,company,23
2022-07-01,18,Örebro,PHEV,dealer,3
2022-07-01,18,Örebro,PHEV,private,27
2022-07-01,19,Västmanland,BEV,company,22
2022-07-01,19,Västmanland,BEV,dealer,12
2022-07-01,19,Västmanland,BEV,private,57
2022-07-01,19,Västmanland,DIESEL,company,10
2022-07-01,19,Västmanland,DIESEL,dealer,7
2022-07-01,19,Västmanland,DIESEL,private,33
2022-07-01,19,Västmanland,ETHANOL,dealer,2
2022-07-01,19,Västmanland,ETHANOL,private,4
2022-07-01,19,Västmanland,HEV,company,2
2022-07-01,19,Västmanland,HEV,dealer,4
2022-07-01,19,Västmanland,HEV,private,22
2022-07-01,19,Västmanland,PETROL,company,27
2022-07-01,19,Västmanland,PETROL,dealer,8
2022-07-01,19,Västmanland,PETROL,private,55
2022-07-01,19,Västmanland,PHEV,company,26
2022-07-01,19,Västmanland,PHEV,dealer,10
2022-07-01,19,Västmanland,PHEV,private,42
2022-07-01,20,Dalarna,BEV,company,25
2022-07-01,20,Dalarna,BEV,dealer,6
2022-07-01,20,Dalarna,BEV,private,46
2022-07-01,20,Dalarna,DIESEL,company,31
2022-07-01,20,Dalarna,DIESEL,dealer,5
2022-07-01,20,Dalarna,DIESEL,private,16
2022-07-01,20,Dalarna,ETHANOL,company,2
2022-07-01,20,Dalarna,HEV,company,8
2022-07-01,20,Dalarna,HEV,dealer,15
2022-07-01,20,Dalarna,HEV,private,12
2022-07-01,20,Dalarna,PETROL,company,32
2022-07-01,20,Dalarna,PETROL,dealer,16
2022-07-01,20,Dalarna,PETROL,private,52
2022-07-01,20,Dalarna,PHEV,company,32
2022-07-01,20,Dalarna,PHEV,dealer,14
2022-07-01,20,Dalarna,PHEV,private,41
2022-07-01,21,Gävleborg,BEV,company,23
2022-07-01,21,Gävleborg,BEV,dealer,6
2022-07-01,21,Gävleborg,BEV,private,45
2022-07-01,21,Gävleborg,DIESEL,company,24
2022-07-01,21,Gävleborg,DIESEL,dealer,13
2022-07-01,21,Gävleborg,DIESEL,private,19
2022-07-01,21,Gävleborg,ETHANOL,company,1
2022-07-01,21,Gävleborg,ETHANOL,dealer,3
2022-07-01,21,Gävleborg,ETHANOL,private,7
2022-07-01,21,Gävleborg,HEV,company,4
2022-07-01,21,Gävleborg,HEV,dealer,16
2022-07-01,21,Gävleborg,HEV,private,38
2022-07-01,21,Gävleborg,PETROL,company,13
2022-07-01,21,Gävleborg,PETROL,dealer,17
2022-07-01,21,Gävleborg,PETROL,private,49
2022-07-01,21,Gävleborg,PHEV,company,21
2022-07-01,21,Gävleborg,PHEV,dealer,8
2022-07-01,21,Gävleborg,PHEV,private,43
2022-07-01,22,Västernorrland,BEV,company,26
2022-07-01,22,Västernorrland,BEV,dealer,17
2022-07-01,22,Västernorrland,BEV,private,36
2022-07-01,22,Västernorrland,DIESEL,company,36
2022-07-01,22,Västernorrland,DIESEL,dealer,18
2022-07-01,22,Västernorrland,DIESEL,private,18
2022-07-01,22,Västernorrland,ETHANOL,company,1
2022-07-01,22,Västernorrland,ETHANOL,dealer,3
2022-07-01,22,Västernorrland,ETHANOL,private,3
2022-07-01,22,Västernorrland,HEV,company,1
2022-07-01,22,Västernorrland,HEV,dealer,9
2022-07-01,22,Västernorrland,HEV,private,9
2022-07-01,22,Västernorrland,PETROL,company,8
2022-07-01,22,Västernorrland,PETROL,dealer,11
2022-07-01,22,Västernorrland,PETROL,private,52
2022-07-01,22,Västernorrland,PHEV,company,19
2022-07-01,22,Västernorrland,PHEV,dealer,8
2022-07-01,22,Västernorrland,PHEV,private,66
2022-07-01,23,Jämtland,BEV,company,25
2022-07-01,23,Jämtland,BEV,dealer,7
2022-07-01,23,Jämtland,BEV,private,17
2022-07-01,23,Jämtland,DIESEL,company,9
2022-07-01,23,Jämtland,DIESEL,dealer,2
2022-07-01,23,Jämtland,DIESEL,private,12
2022-07-01,23,Jämtland,ETHANOL,dealer,2
2022-07-01,23,Jämtland,HEV,company,1
2022-07-01,23,Jämtland,HEV,dealer,3
2022-07-01,23,Jämtland,HEV,private,5
2022-07-01,23,Jämtland,PETROL,company,3
2022-07-01,23,Jämtland,PETROL,dealer,1
2022-07-01,23,Jämtland,PETROL,private,18
2022-07-01,23,Jämtland,PHEV,company,9
2022-07-01,23,Jämtland,PHEV,dealer,4
2022-07-01,23,Jämtland,PHEV,private,5
2022-07-01,24,Västerbotten,BEV,company,28
2022-07-01,24,Västerbotten,BEV,dealer,9
2022-07-01,24,Västerbotten,BEV,private,63
2022-07-01,24,Västerbotten,DIESEL,company,17
2022-07-01,24,Västerbotten,DIESEL,dealer,21
2022-07-01,24,Västerbotten,DIESEL,private,14
2022-07-01,24,Västerbotten,ETHANOL,company,2
2022-07-01,24,Västerbotten,ETHANOL,dealer,1
2022-07-01,24,Västerbotten,ETHANOL,private,4
2022-07-01,24,Västerbotten,HEV,company,1
2022-07-01,24,Västerbotten,HEV,dealer,15
2022-07-01,24,Västerbotten,HEV,private,12
2022-07-01,24,Västerbotten,PETROL,company,22
2022-07-01,24,Västerbotten,PETROL,dealer,24
2022-07-01,24,Västerbotten,PETROL,private,33
2022-07-01,24,Västerbotten,PHEV,company,26
2022-07-01,24,Västerbotten,PHEV,dealer,12
2022-07-01,24,Västerbotten,PHEV,private,40
2022-07-01,25,Norrbotten,BEV,company,23
2022-07-01,25,Norrbotten,BEV,dealer,4
2022-07-01,25,Norrbotten,BEV,private,35
2022-07-01,25,Norrbotten,DIESEL,company,17
2022-07-01,25,Norrbotten,DIESEL,dealer,5
2022-07-01,25,Norrbotten,DIESEL,private,20
2022-07-01,25,Norrbotten,ETHANOL,company,1
2022-07-01,25,Norrbotten,ETHANOL,private,1
2022-07-01,25,Norrbotten,HEV,company,13
2022-07-01,25,Norrbotten,HEV,dealer,4
2022-07-01,25,Norrbotten,HEV,private,15
2022-07-01,25,Norrbotten,PETROL,company,13
2022-07-01,25,Norrbotten,PETROL,dealer,7
2022-07-01,25,Norrbotten,PETROL,private,22
2022-07-01,25,Norrbotten,PHEV,company,14
2022-07-01,25,Norrbotten,PHEV,dealer,11
2022-07-01,25,Norrbotten,PHEV,private,16
2022-08-01,01,Stockholm,BEV,company,960
2022-08-01,01,Stockholm,BEV,dealer,93
2022-08-01,01,Stockholm,BEV,private,687
2022-08-01,01,Stockholm,DIESEL,company,533
2022-08-01,01,Stockholm,DIESEL,dealer,107
2022-08-01,01,Stockholm,DIESEL,private,100
2022-08-01,01,Stockholm,ETHANOL,company,12
2022-08-01,01,Stockholm,ETHANOL,dealer,7
2022-08-01,01,Stockholm,ETHANOL,private,35
2022-08-01,01,Stockholm,GAS,company,90
2022-08-01,01,Stockholm,HEV,company,186
2022-08-01,01,Stockholm,HEV,dealer,116
2022-08-01,01,Stockholm,HEV,private,343
2022-08-01,01,Stockholm,PETROL,company,898
2022-08-01,01,Stockholm,PETROL,dealer,157
2022-08-01,01,Stockholm,PETROL,private,646
2022-08-01,01,Stockholm,PHEV,company,1092
2022-08-01,01,Stockholm,PHEV,dealer,94
2022-08-01,01,Stockholm,PHEV,private,290
2022-08-01,03,Uppsala,BEV,company,47
2022-08-01,03,Uppsala,BEV,dealer,16
2022-08-01,03,Uppsala,BEV,private,125
2022-08-01,03,Uppsala,DIESEL,company,25
2022-08-01,03,Uppsala,DIESEL,dealer,8
2022-08-01,03,Uppsala,DIESEL,private,23
2022-08-01,03,Uppsala,ETHANOL,company,21
2022-08-01,03,Uppsala,ETHANOL,dealer,2
2022-08-01,03,Uppsala,ETHANOL,private,4
2022-08-01,03,Uppsala,GAS,company,6
2022-08-01,03,Uppsala,HEV,company,12
2022-08-01,03,Uppsala,HEV,dealer,23
2022-08-01,03,Uppsala,HEV,private,48
2022-08-01,03,Uppsala,PETROL,company,138
2022-08-01,03,Uppsala,PETROL,dealer,28
2022-08-01,03,Uppsala,PETROL,private,102
2022-08-01,03,Uppsala,PHEV,company,24
2022-08-01,03,Uppsala,PHEV,dealer,10
2022-08-01,03,Uppsala,PHEV,private,57
2022-08-01,04,Södermanland,BEV,company,26
2022-08-01,04,Södermanland,BEV,dealer,8
2022-08-01,04,Södermanland,BEV,private,90
2022-08-01,04,Södermanland,DIESEL,company,16
2022-08-01,04,Södermanland,DIESEL,dealer,10
2022-08-01,04,Södermanland,DIESEL,private,16
2022-08-01,04,Södermanland,ETHANOL,company,1
2022-08-01,04,Södermanland,ETHANOL,private,4
2022-08-01,04,Södermanland,HEV,company,12
2022-08-01,04,Södermanland,HEV,dealer,19
2022-08-01,04,Södermanland,HEV,private,46
2022-08-01,04,Södermanland,PETROL,company,38
2022-08-01,04,Södermanland,PETROL,dealer,32
2022-08-01,04,Södermanland,PETROL,private,92
2022-08-01,04,Södermanland,PHEV,company,29
2022-08-01,04,Södermanland,PHEV,dealer,12
2022-08-01,04,Södermanland,PHEV,private,24
2022-08-01,05,Östergötland,BEV,company,71
2022-08-01,05,Östergötland,BEV,dealer,18
2022-08-01,05,Östergötland,BEV,private,196
2022-08-01,05,Östergötland,DIESEL,company,47
2022-08-01,05,Östergötland,DIESEL,dealer,19
2022-08-01,05,Östergötland,DIESEL,private,28
2022-08-01,05,Östergötland,ETHANOL,company,2
2022-08-01,05,Östergötland,ETHANOL,private,8
2022-08-01,05,Östergötland,GAS,private,1
2022-08-01,05,Östergötland,HEV,company,26
2022-08-01,05,Östergötland,HEV,dealer,67
2022-08-01,05,Östergötland,HEV,private,63
2022-08-01,05,Östergötland,PETROL,company,47
2022-08-01,05,Östergötland,PETROL,dealer,42
2022-08-01,05,Östergötland,PETROL,private,117
2022-08-01,05,Östergötland,PHEV,company,47
2022-08-01,05,Östergötland,PHEV,dealer,7
2022-08-01,05,Östergötland,PHEV,private,38
2022-08-01,06,Jönköping,BEV,company,62
2022-08-01,06,Jönköping,BEV,dealer,12
2022-08-01,06,Jönköping,BEV,private,161
2022-08-01,06,Jönköping,DIESEL,company,30
2022-08-01,06,Jönköping,DIESEL,dealer,37
2022-08-01,06,Jönköping,DIESEL,private,24
2022-08-01,06,Jönköping,ETHANOL,company,2
2022-08-01,06,Jönköping,ETHANOL,dealer,2
2022-08-01,06,Jönköping,ETHANOL,private,7
2022-08-01,06,Jönköping,GAS,company,35
2022-08-01,06,Jönköping,GAS,dealer,1
2022-08-01,06,Jönköping,HEV,company,21
2022-08-01,06,Jönköping,HEV,dealer,43
2022-08-01,06,Jönköping,HEV,private,75
2022-08-01,06,Jönköping,OTHER,private,1
2022-08-01,06,Jönköping,PETROL,company,52
2022-08-01,06,Jönköping,PETROL,dealer,36
2022-08-01,06,Jönköping,PETROL,private,129
2022-08-01,06,Jönköping,PHEV,company,38
2022-08-01,06,Jönköping,PHEV,dealer,15
2022-08-01,06,Jönköping,PHEV,private,27
2022-08-01,07,Kronoberg,BEV,company,25
2022-08-01,07,Kronoberg,BEV,dealer,9
2022-08-01,07,Kronoberg,BEV,private,76
2022-08-01,07,Kronoberg,DIESEL,company,17
2022-08-01,07,Kronoberg,DIESEL,dealer,2
2022-08-01,07,Kronoberg,DIESEL,private,16
2022-08-01,07,Kronoberg,ETHANOL,dealer,1
2022-08-01,07,Kronoberg,ETHANOL,private,2
2022-08-01,07,Kronoberg,GAS,company,6
2022-08-01,07,Kronoberg,HEV,company,1
2022-08-01,07,Kronoberg,HEV,dealer,21
2022-08-01,07,Kronoberg,HEV,private,24
2022-08-01,07,Kronoberg,PETROL,company,28
2022-08-01,07,Kronoberg,PETROL,dealer,23
2022-08-01,07,Kronoberg,PETROL,private,42
2022-08-01,07,Kronoberg,PHEV,company,14
2022-08-01,07,Kronoberg,PHEV,dealer,12
2022-08-01,07,Kronoberg,PHEV,private,18
2022-08-01,08,Kalmar,BEV,company,40
2022-08-01,08,Kalmar,BEV,dealer,10
2022-08-01,08,Kalmar,BEV,private,53
2022-08-01,08,Kalmar,DIESEL,company,8
2022-08-01,08,Kalmar,DIESEL,dealer,5
2022-08-01,08,Kalmar,DIESEL,private,17
2022-08-01,08,Kalmar,ETHANOL,dealer,2
2022-08-01,08,Kalmar,ETHANOL,private,2
2022-08-01,08,Kalmar,GAS,company,24
2022-08-01,08,Kalmar,GAS,private,2
2022-08-01,08,Kalmar,HEV,company,16
2022-08-01,08,Kalmar,HEV,dealer,9
2022-08-01,08,Kalmar,HEV,private,24
2022-08-01,08,Kalmar,PETROL,company,20
2022-08-01,08,Kalmar,PETROL,dealer,28
2022-08-01,08,Kalmar,PETROL,private,70
2022-08-01,08,Kalmar,PHEV,company,15
2022-08-01,08,Kalmar,PHEV,dealer,5
2022-08-01,08,Kalmar,PHEV,private,16
2022-08-01,09,Gotland,BEV,company,5
2022-08-01,09,Gotland,BEV,dealer,6
2022-08-01,09,Gotland,BEV,private,9
2022-08-01,09,Gotland,DIESEL,company,3
2022-08-01,09,Gotland,DIESEL,dealer,1
2022-08-01,09,Gotland,DIESEL,private,3
2022-08-01,09,Gotland,HEV,dealer,1
2022-08-01,09,Gotland,HEV,private,11
2022-08-01,09,Gotland,PETROL,company,5
2022-08-01,09,Gotland,PETROL,dealer,6
2022-08-01,09,Gotland,PETROL,private,11
2022-08-01,09,Gotland,PHEV,company,5
2022-08-01,09,Gotland,PHEV,private,5
2022-08-01,10,Blekinge,BEV,company,13
2022-08-01,10,Blekinge,BEV,dealer,4
2022-08-01,10,Blekinge,BEV,private,38
2022-08-01,10,Blekinge,DIESEL,company,13
2022-08-01,10,Blekinge,DIESEL,dealer,2
2022-08-01,10,Blekinge,DIESEL,private,8
2022-08-01,10,Blekinge,ETHANOL,company,2
2022-08-01,10,Blekinge,ETHANOL,private,8
2022-08-01,10,Blekinge,GAS,company,6
2022-08-01,10,Blekinge,GAS,private,2
2022-08-01,10,Blekinge,HEV,company,20
2022-08-01,10,Blekinge,HEV,dealer,10
2022-08-01,10,Blekinge,HEV,private,11
2022-08-01,10,Blekinge,PETROL,company,19
2022-08-01,10,Blekinge,PETROL,dealer,12
2022-08-01,10,Blekinge,PETROL,private,40
2022-08-01,10,Blekinge,PHEV,company,7
2022-08-01,10,Blekinge,PHEV,dealer,2
2022-08-01,10,Blekinge,PHEV,private,23
2022-08-01,12,Skåne,BEV,company,249
2022-08-01,12,Skåne,BEV,dealer,63
2022-08-01,12,Skåne,BEV,private,431
2022-08-01,12,Skåne,DIESEL,company,235
2022-08-01,12,Skåne,DIESEL,dealer,63
2022-08-01,12,Skåne,DIESEL,private,85
2022-08-01,12,Skåne,ETHANOL,company,10
2022-08-01,12,Skåne,ETHANOL,dealer,6
2022-08-01,12,Skåne,ETHANOL,private,22
2022-08-01,12,Skåne,GAS,company,16
2022-08-01,12,Skåne,HEV,company,67
2022-08-01,12,Skåne,HEV,dealer,97
2022-08-01,12,Skåne,HEV,private,177
2022-08-01,12,Skåne,PETROL,company,329
2022-08-01,12,Skåne,PETROL,dealer,150
2022-08-01,12,Skåne,PETROL,private,399
2022-08-01,12,Skåne,PHEV,company,347
2022-08-01,12,Skåne,PHEV,dealer,78
2022-08-01,12,Skåne,PHEV,private,120
2022-08-01,13,Halland,BEV,company,55
2022-08-01,13,Halland,BEV,dealer,11
2022-08-01,13,Halland,BEV,private,187
2022-08-01,13,Halland,DIESEL,company,18
2022-08-01,13,Halland,DIESEL,dealer,15
2022-08-01,13,Halland,DIESEL,private,24
2022-08-01,13,Halland,ETHANOL,company,2
2022-08-01,13,Halland,ETHANOL,dealer,2
2022-08-01,13,Halland,ETHANOL,private,4
2022-08-01,13,Halland,GAS,company,1
2022-08-01,13,Halland,HEV,company,12
2022-08-01,13,Halland,HEV,dealer,20
2022-08-01,13,Halland,HEV,private,53
2022-08-01,13,Halland,PETROL,company,53
2022-08-01,13,Halland,PETROL,dealer,53
2022-08-01,13,Halland,PETROL,private,124
2022-08-01,13,Halland,PHEV,company,23
2022-08-01,13,Halland,PHEV,dealer,5
2022-08-01,13,Halland,PHEV,private,43
2022-08-01,14,Västra Götaland,BEV,company,322
2022-08-01,14,Västra Götaland,BEV,dealer,48
2022-08-01,14,Västra Götaland,BEV,private,702
2022-08-01,14,Västra Götaland,DIESEL,company,155
2022-08-01,14,Västra Götaland,DIESEL,dealer,137
2022-08-01,14,Västra Götaland,DIESEL,private,98
2022-08-01,14,Västra Götaland,ETHANOL,company,7
2022-08-01,14,Västra Götaland,ETHANOL,dealer,26
2022-08-01,14,Västra Götaland,ETHANOL,private,23
2022-08-01,14,Västra Götaland,GAS,company,118
2022-08-01,14,Västra Götaland,GAS,dealer,1
2022-08-01,14,Västra Götaland,HEV,company,123
2022-08-01,14,Västra Götaland,HEV,dealer,141
2022-08-01,14,Västra Götaland,HEV,private,250
2022-08-01,14,Västra Götaland,OTHER,private,1
2022-08-01,14,Västra Götaland,PETROL,company,276
2022-08-01,14,Västra Götaland,PETROL,dealer,276
2022-08-01,14,Västra Götaland,PETROL,private,524
2022-08-01,14,Västra Götaland,PHEV,company,241
2022-08-01,14,Västra Götaland,PHEV,dealer,191
2022-08-01,14,Västra Götaland,PHEV,private,149
2022-08-01,17,Värmland,BEV,company,29
2022-08-01,17,Värmland,BEV,dealer,7
2022-08-01,17,Värmland,BEV,private,70
2022-08-01,17,Värmland,DIESEL,company,63
2022-08-01,17,Värmland,DIESEL,dealer,29
2022-08-01,17,Värmland,DIESEL,private,18
2022-08-01,17,Värmland,ETHANOL,company,5
2022-08-01,17,Värmland,ETHANOL,private,3
2022-08-01,17,Värmland,GAS,company,5
2022-08-01,17,Värmland,HEV,company,15
2022-08-01,17,Värmland,HEV,dealer,17
2022-08-01,17,Värmland,HEV,private,47
2022-08-01,17,Värmland,PETROL,company,49
2022-08-01,17,Värmland,PETROL,dealer,39
2022-08-01,17,Värmland,PETROL,private,78
2022-08-01,17,Värmland,PHEV,company,23
2022-08-01,17,Värmland,PHEV,dealer,7
2022-08-01,17,Värmland,PHEV,private,22
2022-08-01,18,Örebro,BEV,company,33
2022-08-01,18,Örebro,BEV,dealer,10
2022-08-01,18,Örebro,BEV,private,108
2022-08-01,18,Örebro,DIESEL,company,30
2022-08-01,18,Örebro,DIESEL,dealer,9
2022-08-01,18,Örebro,DIESEL,private,27
2022-08-01,18,Örebro,ETHANOL,dealer,2
2022-08-01,18,Örebro,ETHANOL,private,5
2022-08-01,18,Örebro,GAS,company,3
2022-08-01,18,Örebro,HEV,company,15
2022-08-01,18,Örebro,HEV,dealer,27
2022-08-01,18,Örebro,HEV,private,41
2022-08-01,18,Örebro,PETROL,company,37
2022-08-01,18,Örebro,PETROL,dealer,24
2022-08-01,18,Örebro,PETROL,private,74
2022-08-01,18,Örebro,PHEV,company,46
2022-08-01,18,Örebro,PHEV,dealer,15
2022-08-01,18,Örebro,PHEV,private,53
2022-08-01,19,Västmanland,BEV,company,29
2022-08-01,19,Västmanland,BEV,dealer,8
2022-08-01,19,Västmanland,BEV,private,98
2022-08-01,19,Västmanland,DIESEL,company,18
2022-08-01,19,Västmanland,DIESEL,dealer,5
2022-08-01,19,Västmanland,DIESEL,private,12
2022-08-01,19,Västmanland,ETHANOL,company,6
2022-08-01,19,Västmanland,ETHANOL,private,6
2022-08-01,19,Västmanland,GAS,company,22
2022-08-01,19,Västmanland,HEV,company,6
2022-08-01,19,Västmanland,HEV,dealer,13
2022-08-01,19,Västmanland,HEV,private,30
2022-08-01,19,Västmanland,PETROL,company,20
2022-08-01,19,Västmanland,PETROL,dealer,21
2022-08-01,19,Västmanland,PETROL,private,72
2022-08-01,19,Västmanland,PHEV,company,19
2022-08-01,19,Västmanland,PHEV,dealer,17
2022-08-01,19,Västmanland,PHEV,private,47
2022-08-01,20,Dalarna,BEV,company,38
2022-08-01,20,Dalarna,BEV,dealer,7
2022-08-01,20,Dalarna,BEV,private,55
2022-08-01,20,Dalarna,DIESEL,company,36
2022-08-01,20,Dalarna,DIESEL,dealer,10
2022-08-01,20,Dalarna,DIESEL,private,19
2022-08-01,20,Dalarna,ETHANOL,company,2
2022-08-01,20,Dalarna,ETHANOL,private,1
2022-08-01,20,Dalarna,HEV,company,13
2022-08-01,20,Dalarna,HEV,dealer,23
2022-08-01,20,Dalarna,HEV,private,35
2022-08-01,20,Dalarna,PETROL,company,30
2022-08-01,20,Dalarna,PETROL,dealer,44
2022-08-01,20,Dalarna,PETROL,private,56
2022-08-01,20,Dalarna,PHEV,company,41
2022-08-01,20,Dalarna,PHEV,dealer,12
2022-08-01,20,Dalarna,PHEV,private,28
2022-08-01,21,Gävleborg,BEV,company,21
2022-08-01,21,Gävleborg,BEV,dealer,4
2022-08-01,21,Gävleborg,BEV,private,71
2022-08-01,21,Gävleborg,DIESEL,company,23
2022-08-01,21,Gävleborg,DIESEL,dealer,19
2022-08-01,21,Gävleborg,DIESEL,private,14
2022-08-01,21,Gävleborg,ETHANOL,company,2
2022-08-01,21,Gävleborg,ETHANOL,dealer,1
2022-08-01,21,Gävleborg,ETHANOL,private,2
2022-08-01,21,Gävleborg,HEV,company,19
2022-08-01,21,Gävleborg,HEV,dealer,24
2022-08-01,21,Gävleborg,HEV,private,43
2022-08-01,21,Gävleborg,PETROL,company,17
2022-08-01,21,Gävleborg,PETROL,dealer,19
2022-08-01,21,Gävleborg,PETROL,private,51
2022-08-01,21,Gävleborg,PHEV,company,11
2022-08-01,21,Gävleborg,PHEV,dealer,7
2022-08-01,21,Gävleborg,PHEV,private,18
2022-08-01,22,Västernorrland,BEV,company,36
2022-08-01,22,Västernorrland,BEV,dealer,25
2022-08-01,22,Västernorrland,BEV,private,68
2022-08-01,22,Västernorrland,DIESEL,company,66
2022-08-01,22,Västernorrland,DIESEL,dealer,12
2022-08-01,22,Västernorrland,DIESEL,private,9
2022-08-01,22,Västernorrland,ETHANOL,dealer,2
2022-08-01,22,Västernorrland,ETHANOL,private,6
2022-08-01,22,Västernorrland,HEV,company,7
2022-08-01,22,Västernorrland,HEV,dealer,18
2022-08-01,22,Västernorrland,HEV,private,27
2022-08-01,22,Västernorrland,PETROL,company,22
2022-08-01,22,Västernorrland,PETROL,dealer,29
2022-08-01,22,Västernorrland,PETROL,private,47
2022-08-01,22,Västernorrland,PHEV,company,16
2022-08-01,22,Västernorrland,PHEV,dealer,11
2022-08-01,22,Västernorrland,PHEV,private,31
2022-08-01,23,Jämtland,BEV,company,24
2022-08-01,23,Jämtland,BEV,dealer,2
2022-08-01,23,Jämtland,BEV,private,28
2022-08-01,23,Jämtland,DIESEL,company,21
2022-08-01,23,Jämtland,DIESEL,dealer,14
2022-08-01,23,Jämtland,DIESEL,private,11
2022-08-01,23,Jämtland,ETHANOL,dealer,3
2022-08-01,23,Jämtland,GAS,company,1
2022-08-01,23,Jämtland,HEV,company,1
2022-08-01,23,Jämtland,HEV,dealer,4
2022-08-01,23,Jämtland,HEV,private,4
2022-08-01,23,Jämtland,OTHER,private,1
2022-08-01,23,Jämtland,PETROL,company,8
2022-08-01,23,Jämtland,PETROL,dealer,5
2022-08-01,23,Jämtland,PETROL,private,11
2022-08-01,23,Jämtland,PHEV,company,6
2022-08-01,23,Jämtland,PHEV,dealer,5
2022-08-01,23,Jämtland,PHEV,private,6
2022-08-01,24,Västerbotten,BEV,company,31
2022-08-01,24,Västerbotten,BEV,dealer,9
2022-08-01,24,Västerbotten,BEV,private,87
2022-08-01,24,Västerbotten,DIESEL,company,40
2022-08-01,24,Västerbotten,DIESEL,dealer,37
2022-08-01,24,Västerbotten,DIESEL,private,15
2022-08-01,24,Västerbotten,ETHANOL,company,2
2022-08-01,24,Västerbotten,ETHANOL,dealer,6
2022-08-01,24,Västerbotten,ETHANOL,private,3
2022-08-01,24,Västerbotten,HEV,company,6
2022-08-01,24,Västerbotten,HEV,dealer,17
2022-08-01,24,Västerbotten,HEV,private,15
2022-08-01,24,Västerbotten,OTHER,company,1
2022-08-01,24,Västerbotten,PETROL,company,39
2022-08-01,24,Västerbotten,PETROL,dealer,34
2022-08-01,24,Västerbotten,PETROL,private,40
2022-08-01,24,Västerbotten,PHEV,company,30
2022-08-01,24,Västerbotten,PHEV,dealer,8
2022-08-01,24,Västerbotten,PHEV,private,30
2022-08-01,25,Norrbotten,BEV,company,31
2022-08-01,25,Norrbotten,BEV,dealer,4
2022-08-01,25,Norrbotten,BEV,private,66
2022-08-01,25,Norrbotten,DIESEL,company,32
2022-08-01,25,Norrbotten,DIESEL,dealer,20
2022-08-01,25,Norrbotten,DIESEL,private,21
2022-08-01,25,Norrbotten,ETHANOL,company,4
2022-08-01,25,Norrbotten,ETHANOL,private,1
2022-08-01,25,Norrbotten,GAS,company,6
2022-08-01,25,Norrbotten,HEV,company,13
2022-08-01,25,Norrbotten,HEV,dealer,13
2022-08-01,25,Norrbotten,HEV,private,26
2022-08-01,25,Norrbotten,PETROL,company,23
2022-08-01,25,Norrbotten,PETROL,dealer,16
2022-08-01,25,Norrbotten,PETROL,private,28
2022-08-01,25,Norrbotten,PHEV,company,18
2022-08-01,25,Norrbotten,PHEV,dealer,4
2022-08-01,25,Norrbotten,PHEV,private,14
2022-09-01,01,Stockholm,BEV,company,1591
2022-09-01,01,Stockholm,BEV,dealer,172
2022-09-01,01,Stockholm,BEV,private,826
2022-09-01,01,Stockholm,DIESEL,company,551
2022-09-01,01,Stockholm,DIESEL,dealer,96
2022-09-01,01,Stockholm,DIESEL,private,87
2022-09-01,01,Stockholm,ETHANOL,company,45
2022-09-01,01,Stockholm,ETHANOL,dealer,8
2022-09-01,01,Stockholm,ETHANOL,private,33
2022-09-01,01,Stockholm,GAS,company,86
2022-09-01,01,Stockholm,GAS,private,1
2022-09-01,01,Stockholm,HEV,company,270
2022-09-01,01,Stockholm,HEV,dealer,118
2022-09-01,01,Stockholm,HEV,private,239
2022-09-01,01,Stockholm,OTHER,private,2
2022-09-01,01,Stockholm,PETROL,company,496
2022-09-01,01,Stockholm,PETROL,dealer,210
2022-09-01,01,Stockholm,PETROL,private,590
2022-09-01,01,Stockholm,PHEV,company,1443
2022-09-01,01,Stockholm,PHEV,dealer,90
2022-09-01,01,Stockholm,PHEV,private,270
2022-09-01,03,Uppsala,BEV,company,109
2022-09-01,03,Uppsala,BEV,dealer,19
2022-09-01,03,Uppsala,BEV,private,139
2022-09-01,03,Uppsala,DIESEL,company,28
2022-09-01,03,Uppsala,DIESEL,dealer,7
2022-09-01,03,Uppsala,DIESEL,private,19
2022-09-01,03,Uppsala,ETHANOL,company,2
2022-09-01,03,Uppsala,ETHANOL,dealer,1
2022-09-01,03,Uppsala,ETHANOL,private,5
2022-09-01,03,Uppsala,GAS,company,5
2022-09-01,03,Uppsala,HEV,company,26
2022-09-01,03,Uppsala,HEV,dealer,16
2022-09-01,03,Uppsala,HEV,private,35
2022-09-01,03,Uppsala,PETROL,company,95
2022-09-01,03,Uppsala,PETROL,dealer,19
2022-09-01,03,Uppsala,PETROL,private,72
2022-09-01,03,Uppsala,PHEV,company,46
2022-09-01,03,Uppsala,PHEV,dealer,3
2022-09-01,03,Uppsala,PHEV,private,46
2022-09-01,04,Södermanland,BEV,company,43
2022-09-01,04,Södermanland,BEV,dealer,10
2022-09-01,04,Södermanland,BEV,private,106
2022-09-01,04,Södermanland,DIESEL,company,14
2022-09-01,04,Södermanland,DIESEL,dealer,15
2022-09-01,04,Södermanland,DIESEL,private,21
2022-09-01,04,Södermanland,ETHANOL,company,1
2022-09-01,04,Södermanland,ETHANOL,dealer,2
2022-09-01,04,Södermanland,ETHANOL,private,4
2022-09-01,04,Södermanland,GAS,company,9
2022-09-01,04,Södermanland,HEV,company,28
2022-09-01,04,Södermanland,HEV,dealer,17
2022-09-01,04,Södermanland,HEV,private,33
2022-09-01,04,Södermanland,PETROL,company,20
2022-09-01,04,Södermanland,PETROL,dealer,17
2022-09-01,04,Södermanland,PETROL,private,86
2022-09-01,04,Södermanland,PHEV,company,27
2022-09-01,04,Södermanland,PHEV,dealer,6
2022-09-01,04,Södermanland,PHEV,private,24
2022-09-01,05,Östergötland,BEV,company,72
2022-09-01,05,Östergötland,BEV,dealer,31
2022-09-01,05,Östergötland,BEV,private,157
2022-09-01,05,Östergötland,DIESEL,company,40
2022-09-01,05,Östergötland,DIESEL,dealer,8
2022-09-01,05,Östergötland,DIESEL,private,24
2022-09-01,05,Östergötland,ETHANOL,company,3
2022-09-01,05,Östergötland,ETHANOL,dealer,2
2022-09-01,05,Östergötland,ETHANOL,private,10
2022-09-01,05,Östergötland,GAS,company,5
2022-09-01,05,Östergötland,HEV,company,13
2022-09-01,05,Östergötland,HEV,dealer,33
2022-09-01,05,Östergötland,HEV,private,42
2022-09-01,05,Östergötland,PETROL,company,18
2022-09-01,05,Östergötland,PETROL,dealer,68
2022-09-01,05,Östergötland,PETROL,private,134
2022-09-01,05,Östergötland,PHEV,company,75
2022-09-01,05,Östergötland,PHEV,dealer,7
2022-09-01,05,Östergötland,PHEV,private,49
2022-09-01,06,Jönköping,BEV,company,87
2022-09-01,06,Jönköping,BEV,dealer,27
2022-09-01,06,Jönköping,BEV,private,153
2022-09-01,06,Jönköping,DIESEL,company,26
2022-09-01,06,Jönköping,DIESEL,dealer,34
2022-09-01,06,Jönköping,DIESEL,private,27
2022-09-01,06,Jönköping,ETHANOL,company,1
2022-09-01,06,Jönköping,ETHANOL,dealer,6
2022-09-01,06,Jönköping,ETHANOL,private,8
2022-09-01,06,Jönköping,GAS,company,7
2022-09-01,06,Jönköping,HEV,company,32
2022-09-01,06,Jönköping,HEV,dealer,41
2022-09-01,06,Jönköping,HEV,private,38
2022-09-01,06,Jönköping,PETROL,company,21
2022-09-01,06,Jönköping,PETROL,dealer,45
2022-09-01,06,Jönköping,PETROL,private,99
2022-09-01,06,Jönköping,PHEV,company,49
2022-09-01,06,Jönköping,PHEV,dealer,18
2022-09-01,06,Jönköping,PHEV,private,28
2022-09-01,07,Kronoberg,BEV,company,23
2022-09-01,07,Kronoberg,BEV,dealer,12
2022-09-01,07,Kronoberg,BEV,private,61
2022-09-01,07,Kronoberg,DIESEL,company,27
2022-09-01,07,Kronoberg,DIESEL,dealer,4
2022-09-01,07,Kronoberg,DIESEL,private,26
2022-09-01,07,Kronoberg,ETHANOL,company,1
2022-09-01,07,Kronoberg,ETHANOL,dealer,1
2022-09-01,07,Kronoberg,ETHANOL,private,2
2022-09-01,07,Kronoberg,HEV,company,9
2022-09-01,07,Kronoberg,HEV,dealer,26
2022-09-01,07,Kronoberg,HEV,private,16
2022-09-01,07,Kronoberg,PETROL,company,21
2022-09-01,07,Kronoberg,PETROL,dealer,33
2022-09-01,07,Kronoberg,PETROL,private,55
2022-09-01,07,Kronoberg,PHEV,company,25
2022-09-01,07,Kronoberg,PHEV,dealer,10
2022-09-01,07,Kronoberg,PHEV,private,26
2022-09-01,08,Kalmar,BEV,company,22
2022-09-01,08,Kalmar,BEV,dealer,15
2022-09-01,08,Kalmar,BEV,private,85
2022-09-01,08,Kalmar,DIESEL,company,23
2022-09-01,08,Kalmar,DIESEL,dealer,8
2022-09-01,08,Kalmar,DIESEL,private,17
2022-09-01,08,Kalmar,ETHANOL,dealer,2
2022-09-01,08,Kalmar,ETHANOL,private,9
2022-09-01,08,Kalmar,GAS,company,9
2022-09-01,08,Kalmar,HEV,company,16
2022-09-01,08,Kalmar,HEV,dealer,13
2022-09-01,08,Kalmar,HEV,private,15
2022-09-01,08,Kalmar,PETROL,company,33
2022-09-01,08,Kalmar,PETROL,dealer,45
2022-09-01,08,Kalmar,PETROL,private,63
2022-09-01,08,Kalmar,PHEV,company,24
2022-09-01,08,Kalmar,PHEV,dealer,9
2022-09-01,08,Kalmar,PHEV,private,20
2022-09-01,09,Gotland,BEV,company,9
2022-09-01,09,Gotland,BEV,dealer,2
2022-09-01,09,Gotland,BEV,private,7
2022-09-01,09,Gotland,DIESEL,company,2
2022-09-01,09,Gotland,DIESEL,private,5
2022-09-01,09,Gotland,ETHANOL,company,10
2022-09-01,09,Gotland,ETHANOL,dealer,1
2022-09-01,09,Gotland,ETHANOL,private,2
2022-09-01,09,Gotland,GAS,company,7
2022-09-01,09,Gotland,HEV,dealer,4
2022-09-01,09,Gotland,HEV,private,3
2022-09-01,09,Gotland,PETROL,company,1
2022-09-01,09,Gotland,PETROL,dealer,5
2022-09-01,09,Gotland,PETROL,private,7
2022-09-01,09,Gotland,PHEV,company,6
2022-09-01,09,Gotland,PHEV,private,2
2022-09-01,10,Blekinge,BEV,company,26
2022-09-01,10,Blekinge,BEV,dealer,17
2022-09-01,10,Blekinge,BEV,private,44
2022-09-01,10,Blekinge,DIESEL,company,12
2022-09-01,10,Blekinge,DIESEL,dealer,5
2022-09-01,10,Blekinge,DIESEL,private,8
2022-09-01,10,Blekinge,ETHANOL,company,14
2022-09-01,10,Blekinge,ETHANOL,dealer,2
2022-09-01,10,Blekinge,ETHANOL,private,11
2022-09-01,10,Blekinge,GAS,company,12
2022-09-01,10,Blekinge,HEV,company,9
2022-09-01,10,Blekinge,HEV,dealer,4
2022-09-01,10,Blekinge,HEV,private,12
2022-09-01,10,Blekinge,OTHER,private,1
2022-09-01,10,Blekinge,PETROL,company,7
2022-09-01,10,Blekinge,PETROL,dealer,29
2022-09-01,10,Blekinge,PETROL,private,44
2022-09-01,10,Blekinge,PHEV,company,9
2022-09-01,10,Blekinge,PHEV,dealer,8
2022-09-01,10,Blekinge,PHEV,private,23
2022-09-01,12,Skåne,BEV,company,532
2022-09-01,12,Skåne,BEV,dealer,82
2022-09-01,12,Skåne,BEV,private,492
2022-09-01,12,Skåne,DIESEL,company,225
2022-09-01,12,Skåne,DIESEL,dealer,161
2022-09-01,12,Skåne,DIESEL,private,98
2022-09-01,12,Skåne,ETHANOL,company,10
2022-09-01,12,Skåne,ETHANOL,dealer,21
2022-09-01,12,Skåne,ETHANOL,private,35
2022-09-01,12,Skåne,GAS,company,32
2022-09-01,12,Skåne,GAS,private,1
2022-09-01,12,Skåne,HEV,company,73
2022-09-01,12,Skåne,HEV,dealer,70
2022-09-01,12,Skåne,HEV,private,105
2022-09-01,12,Skåne,PETROL,company,231
2022-09-01,12,Skåne,PETROL,dealer,138
2022-09-01,12,Skåne,PETROL,private,342
2022-09-01,12,Skåne,PHEV,company,289
2022-09-01,12,Skåne,PHEV,dealer,89
2022-09-01,12,Skåne,PHEV,private,142
2022-09-01,13,Halland,BEV,company,87
2022-09-01,13,Halland,BEV,dealer,24
2022-09-01,13,Halland,BEV,private,183
2022-09-01,13,Halland,DIESEL,company,23
2022-09-01,13,Halland,DIESEL,dealer,8
2022-09-01,13,Halland,DIESEL,private,19
2022-09-01,13,Halland,ETHANOL,company,3
2022-09-01,13,Halland,ETHANOL,dealer,2
2022-09-01,13,Halland,ETHANOL,private,12
2022-09-01,13,Halland,GAS,company,12
2022-09-01,13,Halland,HEV,company,11
2022-09-01,13,Halland,HEV,dealer,13
2022-09-01,13,Halland,HEV,private,23
2022-09-01,13,Halland,PETROL,company,55
2022-09-01,13,Halland,PETROL,dealer,123
2022-09-01,13,Halland,PETROL,private,104
2022-09-01,13,Halland,PHEV,company,43
2022-09-01,13,Halland,PHEV,dealer,17
2022-09-01,13,Halland,PHEV,private,43
2022-09-01,14,Västra Götaland,BEV,company,462
2022-09-01,14,Västra Götaland,BEV,dealer,120
2022-09-01,14,Västra Götaland,BEV,private,786
2022-09-01,14,Västra Götaland,DIESEL,company,190
2022-09-01,14,Västra Götaland,DIESEL,dealer,77
2022-09-01,14,Västra Götaland,DIESEL,private,122
2022-09-01,14,Västra Götaland,ETHANOL,company,5
2022-09-01,14,Västra Götaland,ETHANOL,dealer,33
2022-09-01,14,Västra Götaland,ETHANOL,private,27
2022-09-01,14,Västra Götaland,GAS,company,74
2022-09-01,14,Västra Götaland,HEV,company,114
2022-09-01,14,Västra Götaland,HEV,dealer,181
2022-09-01,14,Västra Götaland,HEV,private,188
2022-09-01,14,Västra Götaland,OTHER,private,1
2022-09-01,14,Västra Götaland,PETROL,company,166
2022-09-01,14,Västra Götaland,PETROL,dealer,277
2022-09-01,14,Västra Götaland,PETROL,private,503
2022-09-01,14,Västra Götaland,PHEV,company,285
2022-09-01,14,Västra Götaland,PHEV,dealer,275
2022-09-01,14,Västra Götaland,PHEV,private,216
2022-09-01,17,Värmland,BEV,company,45
2022-09-01,17,Värmland,BEV,dealer,17
2022-09-01,17,Värmland,BEV,private,85
2022-09-01,17,Värmland,DIESEL,company,56
2022-09-01,17,Värmland,DIESEL,dealer,35
2022-09-01,17,Värmland,DIESEL,private,23
2022-09-01,17,Värmland,ETHANOL,dealer,3
2022-09-01,17,Värmland,ETHANOL,private,5
2022-09-01,17,Värmland,HEV,company,8
2022-09-01,17,Värmland,HEV,dealer,20
2022-09-01,17,Värmland,HEV,private,28
2022-09-01,17,Värmland,PETROL,company,34
2022-09-01,17,Värmland,PETROL,dealer,21
2022-09-01,17,Värmland,PETROL,private,49
2022-09-01,17,Värmland,PHEV,company,36
2022-09-01,17,Värmland,PHEV,dealer,10
2022-09-01,17,Värmland,PHEV,private,28
2022-09-01,18,Örebro,BEV,company,39
2022-09-01,18,Örebro,BEV,dealer,10
2022-09-01,18,Örebro,BEV,private,121
2022-09-01,18,Örebro,DIESEL,company,33
2022-09-01,18,Örebro,DIESEL,dealer,8
2022-09-01,18,Örebro,DIESEL,private,19
2022-09-01,18,Örebro,ETHANOL,company,1
2022-09-01,18,Örebro,ETHANOL,dealer,2
2022-09-01,18,Örebro,ETHANOL,private,2
2022-09-01,18,Örebro,GAS,company,6
2022-09-01,18,Örebro,HEV,company,12
2022-09-01,18,Örebro,HEV,dealer,16
2022-09-01,18,Örebro,HEV,private,27
2022-09-01,18,Örebro,PETROL,company,24
2022-09-01,18,Örebro,PETROL,dealer,11
2022-09-01,18,Örebro,PETROL,private,78
2022-09-01,18,Örebro,PHEV,company,63
2022-09-01,18,Örebro,PHEV,dealer,7
2022-09-01,18,Örebro,PHEV,private,50
2022-09-01,19,Västmanland,BEV,company,41
2022-09-01,19,Västmanland,BEV,dealer,13
2022-09-01,19,Västmanland,BEV,private,107
2022-09-01,19,Västmanland,DIESEL,company,8
2022-09-01,19,Västmanland,DIESEL,dealer,6
2022-09-01,19,Västmanland,DIESEL,private,24
2022-09-01,19,Västmanland,ETHANOL,company,3
2022-09-01,19,Västmanland,ETHANOL,dealer,2
2022-09-01,19,Västmanland,ETHANOL,private,3
2022-09-01,19,Västmanland,GAS,company,15
2022-09-01,19,Västmanland,HEV,company,4
2022-09-01,19,Västmanland,HEV,dealer,6
2022-09-01,19,Västmanland,HEV,private,16
2022-09-01,19,Västmanland,PETROL,company,20
2022-09-01,19,Västmanland,PETROL,dealer,16
2022-09-01,19,Västmanland,PETROL,private,80
2022-09-01,19,Västmanland,PHEV,company,29
2022-09-01,19,Västmanland,PHEV,dealer,11
2022-09-01,19,Västmanland,PHEV,private,49
2022-09-01,20,Dalarna,BEV,company,38
2022-09-01,20,Dalarna,BEV,dealer,14
2022-09-01,20,Dalarna,BEV,private,104
2022-09-01,20,Dalarna,DIESEL,company,31
2022-09-01,20,Dalarna,DIESEL,dealer,15
2022-09-01,20,Dalarna,DIESEL,private,19
2022-09-01,20,Dalarna,ETHANOL,company,5
2022-09-01,20,Dalarna,ETHANOL,private,1
2022-09-01,20,Dalarna,GAS,company,1
2022-09-01,20,Dalarna,HEV,company,60
2022-09-01,20,Dalarna,HEV,dealer,16
2022-09-01,20,Dalarna,HEV,private,20
2022-09-01,20,Dalarna,PETROL,company,21
2022-09-01,20,Dalarna,PETROL,dealer,29
2022-09-01,20,Dalarna,PETROL,private,44
2022-09-01,20,Dalarna,PHEV,company,31
2022-09-01,20,Dalarna,PHEV,dealer,10
2022-09-01,20,Dalarna,PHEV,private,27
2022-09-01,21,Gävleborg,BEV,company,32
2022-09-01,21,Gävleborg,BEV,dealer,13
2022-09-01,21,Gävleborg,BEV,private,83
2022-09-01,21,Gävleborg,DIESEL,company,27
2022-09-01,21,Gävleborg,DIESEL,dealer,22
2022-09-01,21,Gävleborg,DIESEL,private,16
2022-09-01,21,Gävleborg,ETHANOL,company,1
2022-09-01,21,Gävleborg,ETHANOL,private,6
2022-09-01,21,Gävleborg,GAS,company,1
2022-09-01,21,Gävleborg,HEV,company,17
2022-09-01,21,Gävleborg,HEV,dealer,17
2022-09-01,21,Gävleborg,HEV,private,41
2022-09-01,21,Gävleborg,PETROL,company,15
2022-09-01,21,Gävleborg,PETROL,dealer,33
2022-09-01,21,Gävleborg,PETROL,private,60
2022-09-01,21,Gävleborg,PHEV,company,20
2022-09-01,21,Gävleborg,PHEV,dealer,10
2022-09-01,21,Gävleborg,PHEV,private,22
2022-09-01,22,Västernorrland,BEV,company,30
2022-09-01,22,Västernorrland,BEV,dealer,7
2022-09-01,22,Västernorrland,BEV,private,86
2022-09-01,22,Västernorrland,DIESEL,company,55
2022-09-01,22,Västernorrland,DIESEL,dealer,33
2022-09-01,22,Västernorrland,DIESEL,private,7
2022-09-01,22,Västernorrland,ETHANOL,company,4
2022-09-01,22,Västernorrland,ETHANOL,dealer,4
2022-09-01,22,Västernorrland,ETHANOL,private,5
2022-09-01,22,Västernorrland,HEV,company,12
2022-09-01,22,Västernorrland,HEV,dealer,17
2022-09-01,22,Västernorrland,HEV,private,18
2022-09-01,22,Västernorrland,PETROL,company,13
2022-09-01,22,Västernorrland,PETROL,dealer,17
2022-09-01,22,Västernorrland,PETROL,private,29
2022-09-01,22,Västernorrland,PHEV,company,20
2022-09-01,22,Västernorrland,PHEV,dealer,9
2022-09-01,22,Västernorrland,PHEV,private,39
2022-09-01,23,Jämtland,BEV,company,33
2022-09-01,23,Jämtland,BEV,dealer,5
2022-09-01,23,Jämtland,BEV,private,41
2022-09-01,23,Jämtland,DIESEL,company,15
2022-09-01,23,Jämtland,DIESEL,dealer,20
2022-09-01,23,Jämtland,DIESEL,private,9
2022-09-01,23,Jämtland,ETHANOL,dealer,1
2022-09-01,23,Jämtland,GAS,company,1
2022-09-01,23,Jämtland,HEV,company,4
2022-09-01,23,Jämtland,HEV,dealer,11
2022-09-01,23,Jämtland,HEV,private,5
2022-09-01,23,Jämtland,PETROL,company,8
2022-09-01,23,Jämtland,PETROL,private,20
2022-09-01,23,Jämtland,PHEV,company,12
2022-09-01,23,Jämtland,PHEV,dealer,10
2022-09-01,23,Jämtland,PHEV,private,6
2022-09-01,24,Västerbotten,BEV,company,36
2022-09-01,24,Västerbotten,BEV,dealer,15
2022-09-01,24,Västerbotten,BEV,private,97
2022-09-01,24,Västerbotten,DIESEL,company,42
2022-09-01,24,Västerbotten,DIESEL,dealer,10
2022-09-01,24,Västerbotten,DIESEL,private,19
2022-09-01,24,Västerbotten,ETHANOL,company,1
2022-09-01,24,Västerbotten,ETHANOL,dealer,7
2022-09-01,24,Västerbotten,ETHANOL,private,5
2022-09-01,24,Västerbotten,HEV,company,6
2022-09-01,24,Västerbotten,HEV,dealer,37
2022-09-01,24,Västerbotten,HEV,private,17
2022-09-01,24,Västerbotten,PETROL,company,20
2022-09-01,24,Västerbotten,PETROL,dealer,26
2022-09-01,24,Västerbotten,PETROL,private,29
2022-09-01,24,Västerbotten,PHEV,company,18
2022-09-01,24,Västerbotten,PHEV,dealer,14
2022-09-01,24,Västerbotten,PHEV,private,35
2022-09-01,25,Norrbotten,BEV,company,34
2022-09-01,25,Norrbotten,BEV,dealer,7
2022-09-01,25,Norrbotten,BEV,private,85
2022-09-01,25,Norrbotten,DIESEL,company,44
2022-09-01,25,Norrbotten,DIESEL,dealer,29
2022-09-01,25,Norrbotten,DIESEL,private,16
2022-09-01,25,Norrbotten,ETHANOL,company,4
2022-09-01,25,Norrbotten,ETHANOL,private,3
2022-09-01,25,Norrbotten,GAS,company,2
2022-09-01,25,Norrbotten,HEV,company,26
2022-09-01,25,Norrbotten,HEV,dealer,25
2022-09-01,25,Norrbotten,HEV,private,10
2022-09-01,25,Norrbotten,OTHER,private,1
2022-09-01,25,Norrbotten,PETROL,company,11
2022-09-01,25,Norrbotten,PETROL,dealer,6
2022-09-01,25,Norrbotten,PETROL,private,30
2022-09-01,25,Norrbotten,PHEV,company,30
2022-09-01,25,Norrbotten,PHEV,dealer,6
2022-09-01,25,Norrbotten,PHEV,private,43
2022-10-01,01,Stockholm,BEV,company,1385
2022-10-01,01,Stockholm,BEV,dealer,141
2022-10-01,01,Stockholm,BEV,private,760
2022-10-01,01,Stockholm,DIESEL,company,651
2022-10-01,01,Stockholm,DIESEL,dealer,70
2022-10-01,01,Stockholm,DIESEL,private,93
2022-10-01,01,Stockholm,ETHANOL,company,16
2022-10-01,01,Stockholm,ETHANOL,dealer,9
2022-10-01,01,Stockholm,ETHANOL,private,21
2022-10-01,01,Stockholm,GAS,company,73
2022-10-01,01,Stockholm,HEV,company,212
2022-10-01,01,Stockholm,HEV,dealer,85
2022-10-01,01,Stockholm,HEV,private,230
2022-10-01,01,Stockholm,PETROL,company,521
2022-10-01,01,Stockholm,PETROL,dealer,160
2022-10-01,01,Stockholm,PETROL,private,431
2022-10-01,01,Stockholm,PHEV,company,1911
2022-10-01,01,Stockholm,PHEV,dealer,126
2022-10-01,01,Stockholm,PHEV,private,305
2022-10-01,03,Uppsala,BEV,company,100
2022-10-01,03,Uppsala,BEV,dealer,11
2022-10-01,03,Uppsala,BEV,private,141
2022-10-01,03,Uppsala,DIESEL,company,40
2022-10-01,03,Uppsala,DIESEL,dealer,8
2022-10-01,03,Uppsala,DIESEL,private,17
2022-10-01,03,Uppsala,ETHANOL,company,2
2022-10-01,03,Uppsala,ETHANOL,private,9
2022-10-01,03,Uppsala,GAS,company,5
2022-10-01,03,Uppsala,HEV,company,11
2022-10-01,03,Uppsala,HEV,dealer,20
2022-10-01,03,Uppsala,HEV,private,39
2022-10-01,03,Uppsala,PETROL,company,36
2022-10-01,03,Uppsala,PETROL,dealer,27
2022-10-01,03,Uppsala,PETROL,private,44
2022-10-01,03,Uppsala,PHEV,company,55
2022-10-01,03,Uppsala,PHEV,dealer,7
2022-10-01,03,Uppsala,PHEV,private,49
2022-10-01,04,Södermanland,BEV,company,45
2022-10-01,04,Södermanland,BEV,dealer,5
2022-10-01,04,Södermanland,BEV,private,91
2022-10-01,04,Södermanland,DIESEL,company,18
2022-10-01,04,Södermanland,DIESEL,dealer,8
2022-10-01,04,Södermanland,DIESEL,private,17
2022-10-01,04,Södermanland,ETHANOL,company,1
2022-10-01,04,Södermanland,ETHANOL,dealer,5
2022-10-01,04,Södermanland,ETHANOL,private,2
2022-10-01,04,Södermanland,GAS,company,1
2022-10-01,04,Södermanland,HEV,company,16
2022-10-01,04,Södermanland,HEV,dealer,11
2022-10-01,04,Södermanland,HEV,private,25
2022-10-01,04,Södermanland,PETROL,company,15
2022-10-01,04,Södermanland,PETROL,dealer,36
2022-10-01,04,Södermanland,PETROL,private,66
2022-10-01,04,Södermanland,PHEV,company,35
2022-10-01,04,Södermanland,PHEV,dealer,10
2022-10-01,04,Södermanland,PHEV,private,48
2022-10-01,05,Östergötland,BEV,company,67
2022-10-01,05,Östergötland,BEV,dealer,22
2022-10-01,05,Östergötland,BEV,private,192
2022-10-01,05,Östergötland,DIESEL,company,38
2022-10-01,05,Östergötland,DIESEL,dealer,6
2022-10-01,05,Östergötland,DIESEL,private,17
2022-10-01,05,Östergötland,ETHANOL,dealer,2
2022-10-01,05,Östergötland,ETHANOL,private,11
2022-10-01,05,Östergötland,GAS,company,16
2022-10-01,05,Östergötland,HEV,company,12
2022-10-01,05,Östergötland,HEV,dealer,64
2022-10-01,05,Östergötland,HEV,private,57
2022-10-01,05,Östergötland,PETROL,company,23
2022-10-01,05,Östergötland,PETROL,dealer,49
2022-10-01,05,Östergötland,PETROL,private,95
2022-10-01,05,Östergötland,PHEV,company,92
2022-10-01,05,Östergötland,PHEV,dealer,14
2022-10-01,05,Östergötland,PHEV,private,39
2022-10-01,06,Jönköping,BEV,company,80
2022-10-01,06,Jönköping,BEV,dealer,23
2022-10-01,06,Jönköping,BEV,private,196
2022-10-01,06,Jönköping,DIESEL,company,21
2022-10-01,06,Jönköping,DIESEL,dealer,17
2022-10-01,06,Jönköping,DIESEL,private,20
2022-10-01,06,Jönköping,ETHANOL,dealer,4
2022-10-01,06,Jönköping,ETHANOL,private,6
2022-10-01,06,Jönköping,GAS,company,25
2022-10-01,06,Jönköping,GAS,dealer,1
2022-10-01,06,Jönköping,HEV,company,16
2022-10-01,06,Jönköping,HEV,dealer,32
2022-10-01,06,Jönköping,HEV,private,46
2022-10-01,06,Jönköping,PETROL,company,37
2022-10-01,06,Jönköping,PETROL,dealer,47
2022-10-01,06,Jönköping,PETROL,private,89
2022-10-01,06,Jönköping,PHEV,company,70
2022-10-01,06,Jönköping,PHEV,dealer,18
2022-10-01,06,Jönköping,PHEV,private,26
2022-10-01,07,Kronoberg,BEV,company,39
2022-10-01,07,Kronoberg,BEV,dealer,13
2022-10-01,07,Kronoberg,BEV,private,113
2022-10-01,07,Kronoberg,DIESEL,company,14
2022-10-01,07,Kronoberg,DIESEL,dealer,5
2022-10-01,07,Kronoberg,DIESEL,private,13
2022-10-01,07,Kronoberg,GAS,company,1
2022-10-01,07,Kronoberg,GAS,private,1
2022-10-01,07,Kronoberg,HEV,company,10
2022-10-01,07,Kronoberg,HEV,dealer,26
2022-10-01,07,Kronoberg,HEV,private,25
2022-10-01,07,Kronoberg,PETROL,company,11
2022-10-01,07,Kronoberg,PETROL,dealer,20
2022-10-01,07,Kronoberg,PETROL,private,55
2022-10-01,07,Kronoberg,PHEV,company,32
2022-10-01,07,Kronoberg,PHEV,dealer,8
2022-10-01,07,Kronoberg,PHEV,private,28
2022-10-01,08,Kalmar,BEV,company,38
2022-10-01,08,Kalmar,BEV,dealer,17
2022-10-01,08,Kalmar,BEV,private,124
2022-10-01,08,Kalmar,DIESEL,company,14
2022-10-01,08,Kalmar,DIESEL,dealer,21
2022-10-01,08,Kalmar,DIESEL,private,20
2022-10-01,08,Kalmar,ETHANOL,dealer,2
2022-10-01,08,Kalmar,ETHANOL,private,1
2022-10-01,08,Kalmar,GAS,company,22
2022-10-01,08,Kalmar,HEV,company,3
2022-10-01,08,Kalmar,HEV,dealer,10
2022-10-01,08,Kalmar,HEV,private,19
2022-10-01,08,Kalmar,OTHER,private,1
2022-10-01,08,Kalmar,PETROL,company,28
2022-10-01,08,Kalmar,PETROL,dealer,48
2022-10-01,08,Kalmar,PETROL,private,59
2022-10-01,08,Kalmar,PHEV,company,14
2022-10-01,08,Kalmar,PHEV,dealer,9
2022-10-01,08,Kalmar,PHEV,private,26
2022-10-01,09,Gotland,BEV,company,8
2022-10-01,09,Gotland,BEV,dealer,4
2022-10-01,09,Gotland,BEV,private,13
2022-10-01,09,Gotland,DIESEL,company,2
2022-10-01,09,Gotland,HEV,company,1
2022-10-01,09,Gotland,HEV,dealer,6
2022-10-01,09,Gotland,HEV,private,4
2022-10-01,09,Gotland,PETROL,company,5
2022-10-01,09,Gotland,PETROL,dealer,8
2022-10-01,09,Gotland,PETROL,private,11
2022-10-01,09,Gotland,PHEV,company,2
2022-10-01,09,Gotland,PHEV,dealer,2
2022-10-01,09,Gotland,PHEV,private,5
2022-10-01,10,Blekinge,BEV,company,23
2022-10-01,10,Blekinge,BEV,dealer,7
2022-10-01,10,Blekinge,BEV,private,70
2022-10-01,10,Blekinge,DIESEL,company,18
2022-10-01,10,Blekinge,DIESEL,dealer,2
2022-10-01,10,Blekinge,DIESEL,private,14
2022-10-01,10,Blekinge,ETHANOL,company,1
2022-10-01,10,Blekinge,ETHANOL,dealer,3
2022-10-01,10,Blekinge,ETHANOL,private,5
2022-10-01,10,Blekinge,GAS,company,16
2022-10-01,10,Blekinge,HEV,company,4
2022-10-01,10,Blekinge,HEV,dealer,13
2022-10-01,10,Blekinge,HEV,private,9
2022-10-01,10,Blekinge,PETROL,company,13
2022-10-01,10,Blekinge,PETROL,dealer,24
2022-10-01,10,Blekinge,PETROL,private,41
2022-10-01,10,Blekinge,PHEV,company,6
2022-10-01,10,Blekinge,PHEV,dealer,10
2022-10-01,10,Blekinge,PHEV,private,20
2022-10-01,12,Skåne,BEV,company,474
2022-10-01,12,Skåne,BEV,dealer,74
2022-10-01,12,Skåne,BEV,private,586
2022-10-01,12,Skåne,DIESEL,company,187
2022-10-01,12,Skåne,DIESEL,dealer,204
2022-10-01,12,Skåne,DIESEL,private,84
2022-10-01,12,Skåne,ETHANOL,company,5
2022-10-01,12,Skåne,ETHANOL,dealer,2
2022-10-01,12,Skåne,ETHANOL,private,18
2022-10-01,12,Skåne,GAS,company,27
2022-10-01,12,Skåne,HEV,company,77
2022-10-01,12,Skåne,HEV,dealer,106
2022-10-01,12,Skåne,HEV,private,122
2022-10-01,12,Skåne,OTHER,private,2
2022-10-01,12,Skåne,PETROL,company,166
2022-10-01,12,Skåne,PETROL,dealer,178
2022-10-01,12,Skåne,PETROL,private,323
2022-10-01,12,Skåne,PHEV,company,521
2022-10-01,12,Skåne,PHEV,dealer,76
2022-10-01,12,Skåne,PHEV,private,142
2022-10-01,13,Halland,BEV,company,87
2022-10-01,13,Halland,BEV,dealer,16
2022-10-01,13,Halland,BEV,private,232
2022-10-01,13,Halland,DIESEL,company,17
2022-10-01,13,Halland,DIESEL,dealer,10
2022-10-01,13,Halland,DIESEL,private,17
2022-10-01,13,Halland,ETHANOL,company,2
2022-10-01,13,Halland,ETHANOL,dealer,1
2022-10-01,13,Halland,ETHANOL,private,6
2022-10-01,13,Halland,GAS,company,1
2022-10-01,13,Halland,GAS,private,1
2022-10-01,13,Halland,HEV,company,6
2022-10-01,13,Halland,HEV,dealer,9
2022-10-01,13,Halland,HEV,private,41
2022-10-01,13,Halland,PETROL,company,55
2022-10-01,13,Halland,PETROL,dealer,54
2022-10-01,13,Halland,PETROL,private,110
2022-10-01,13,Halland,PHEV,company,71
2022-10-01,13,Halland,PHEV,dealer,13
2022-10-01,13,Halland,PHEV,private,43
2022-10-01,14,Västra Götaland,BEV,company,519
2022-10-01,14,Västra Götaland,BEV,dealer,88
2022-10-01,14,Västra Götaland,BEV,private,970
2022-10-01,14,Västra Götaland,DIESEL,company,104
2022-10-01,14,Västra Götaland,DIESEL,dealer,74
2022-10-01,14,Västra Götaland,DIESEL,private,85
2022-10-01,14,Västra Götaland,ETHANOL,company,3
2022-10-01,14,Västra Götaland,ETHANOL,dealer,17
2022-10-01,14,Västra Götaland,ETHANOL,private,43
2022-10-01,14,Västra Götaland,GAS,company,60
2022-10-01,14,Västra Götaland,GAS,dealer,1
2022-10-01,14,Västra Götaland,GAS,private,1
2022-10-01,14,Västra Götaland,HEV,company,68
2022-10-01,14,Västra Götaland,HEV,dealer,101
2022-10-01,14,Västra Götaland,HEV,private,190
2022-10-01,14,Västra Götaland,OTHER,private,1
2022-10-01,14,Västra Götaland,PETROL,company,188
2022-10-01,14,Västra Götaland,PETROL,dealer,193
2022-10-01,14,Västra Götaland,PETROL,private,456
2022-10-01,14,Västra Götaland,PHEV,company,348
2022-10-01,14,Västra Götaland,PHEV,dealer,230
2022-10-01,14,Västra Götaland,PHEV,private,222
2022-10-01,17,Värmland,BEV,company,64
2022-10-01,17,Värmland,BEV,dealer,16
2022-10-01,17,Värmland,BEV,private,81
2022-10-01,17,Värmland,DIESEL,company,61
2022-10-01,17,Värmland,DIESEL,dealer,24
2022-10-01,17,Värmland,DIESEL,private,30
2022-10-01,17,Värmland,ETHANOL,company,2
2022-10-01,17,Värmland,ETHANOL,private,3
2022-10-01,17,Värmland,GAS,company,1
2022-10-01,17,Värmland,HEV,company,26
2022-10-01,17,Värmland,HEV,dealer,15
2022-10-01,17,Värmland,HEV,private,25
2022-10-01,17,Värmland,PETROL,company,49
2022-10-01,17,Värmland,PETROL,dealer,40
2022-10-01,17,Värmland,PETROL,private,57
2022-10-01,17,Värmland,PHEV,company,56
2022-10-01,17,Värmland,PHEV,dealer,16
2022-10-01,17,Värmland,PHEV,private,30
2022-10-01,18,Örebro,BEV,company,37
2022-10-01,18,Örebro,BEV,dealer,20
2022-10-01,18,Örebro,BEV,private,100
2022-10-01,18,Örebro,DIESEL,company,20
2022-10-01,18,Örebro,DIESEL,dealer,10
2022-10-01,18,Örebro,DIESEL,private,10
2022-10-01,18,Örebro,ETHANOL,dealer,1
2022-10-01,18,Örebro,ETHANOL,private,2
2022-10-01,18,Örebro,GAS,company,11
2022-10-01,18,Örebro,HEV,company,8
2022-10-01,18,Örebro,HEV,dealer,37
2022-10-01,18,Örebro,HEV,private,37
2022-10-01,18,Örebro,PETROL,company,18
2022-10-01,18,Örebro,PETROL,dealer,23
2022-10-01,18,Örebro,PETROL,private,64
2022-10-01,18,Örebro,PHEV,company,47
2022-10-01,18,Örebro,PHEV,dealer,22
2022-10-01,18,Örebro,PHEV,private,37
2022-10-01,19,Västmanland,BEV,company,34
2022-10-01,19,Västmanland,BEV,dealer,10
2022-10-01,19,Västmanland,BEV,private,109
2022-10-01,19,Västmanland,DIESEL,company,20
2022-10-01,19,Västmanland,DIESEL,dealer,7
2022-10-01,19,Västmanland,DIESEL,private,14
2022-10-01,19,Västmanland,ETHANOL,company,1
2022-10-01,19,Västmanland,ETHANOL,dealer,2
2022-10-01,19,Västmanland,ETHANOL,private,4
2022-10-01,19,Västmanland,GAS,company,31
2022-10-01,19,Västmanland,GAS,private,1
2022-10-01,19,Västmanland,HEV,dealer,10
2022-10-01,19,Västmanland,HEV,private,24
2022-10-01,19,Västmanland,PETROL,company,12
2022-10-01,19,Västmanland,PETROL,dealer,30
2022-10-01,19,Västmanland,PETROL,private,70
2022-10-01,19,Västmanland,PHEV,company,38
2022-10-01,19,Västmanland,PHEV,dealer,10
2022-10-01,19,Västmanland,PHEV,private,34
2022-10-01,20,Dalarna,BEV,company,38
2022-10-01,20,Dalarna,BEV,dealer,22
2022-10-01,20,Dalarna,BEV,private,82
2022-10-01,20,Dalarna,DIESEL,company,27
2022-10-01,20,Dalarna,DIESEL,dealer,15
2022-10-01,20,Dalarna,DIESEL,private,13
2022-10-01,20,Dalarna,ETHANOL,private,2
2022-10-01,20,Dalarna,GAS,company,1
2022-10-01,20,Dalarna,GAS,private,1
2022-10-01,20,Dalarna,HEV,company,10
2022-10-01,20,Dalarna,HEV,dealer,15
2022-10-01,20,Dalarna,HEV,private,12
2022-10-01,20,Dalarna,PETROL,company,26
2022-10-01,20,Dalarna,PETROL,dealer,29
2022-10-01,20,Dalarna,PETROL,private,39
2022-10-01,20,Dalarna,PHEV,company,46
2022-10-01,20,Dalarna,PHEV,dealer,24
2022-10-01,20,Dalarna,PHEV,private,29
2022-10-01,21,Gävleborg,BEV,company,29
2022-10-01,21,Gävleborg,BEV,dealer,12
2022-10-01,21,Gävleborg,BEV,private,87
2022-10-01,21,Gävleborg,DIESEL,company,27
2022-10-01,21,Gävleborg,DIESEL,dealer,21
2022-10-01,21,Gävleborg,DIESEL,private,13
2022-10-01,21,Gävleborg,ETHANOL,company,5
2022-10-01,21,Gävleborg,ETHANOL,dealer,1
2022-10-01,21,Gävleborg,ETHANOL,private,2
2022-10-01,21,Gävleborg,HEV,company,16
2022-10-01,21,Gävleborg,HEV,dealer,14
2022-10-01,21,Gävleborg,HEV,private,35
2022-10-01,21,Gävleborg,PETROL,company,12
2022-10-01,21,Gävleborg,PETROL,dealer,37
2022-10-01,21,Gävleborg,PETROL,private,56
2022-10-01,21,Gävleborg,PHEV,company,46
2022-10-01,21,Gävleborg,PHEV,dealer,11
2022-10-01,21,Gävleborg,PHEV,private,25
2022-10-01,22,Västernorrland,BEV,company,42
2022-10-01,22,Västernorrland,BEV,dealer,12
2022-10-01,22,Västernorrland,BEV,private,89
2022-10-01,22,Västernorrland,DIESEL,company,42
2022-10-01,22,Västernorrland,DIESEL,dealer,6
2022-10-01,22,Västernorrland,DIESEL,private,15
2022-10-01,22,Västernorrland,ETHANOL,dealer,1
2022-10-01,22,Västernorrland,ETHANOL,private,3
2022-10-01,22,Västernorrland,GAS,company,2
2022-10-01,22,Västernorrland,HEV,company,9
2022-10-01,22,Västernorrland,HEV,dealer,5
2022-10-01,22,Västernorrland,HEV,private,24
2022-10-01,22,Västernorrland,PETROL,company,18
2022-10-01,22,Västernorrland,PETROL,dealer,25
2022-10-01,22,Västernorrland,PETROL,private,32
2022-10-01,22,Västernorrland,PHEV,company,35
2022-10-01,22,Västernorrland,PHEV,dealer,13
2022-10-01,22,Västernorrland,PHEV,private,31
2022-10-01,23,Jämtland,BEV,company,30
2022-10-01,23,Jämtland,BEV,dealer,2
2022-10-01,23,Jämtland,BEV,private,42
2022-10-01,23,Jämtland,DIESEL,company,18
2022-10-01,23,Jämtland,DIESEL,dealer,11
2022-10-01,23,Jämtland,DIESEL,private,8
2022-10-01,23,Jämtland,ETHANOL,dealer,3
2022-10-01,23,Jämtland,GAS,company,6
2022-10-01,23,Jämtland,HEV,company,2
2022-10-01,23,Jämtland,HEV,dealer,79
2022-10-01,23,Jämtland,HEV,private,10
2022-10-01,23,Jämtland,PETROL,company,6
2022-10-01,23,Jämtland,PETROL,dealer,14
2022-10-01,23,Jämtland,PETROL,private,9
2022-10-01,23,Jämtland,PHEV,company,24
2022-10-01,23,Jämtland,PHEV,dealer,1
2022-10-01,23,Jämtland,PHEV,private,11
2022-10-01,24,Västerbotten,BEV,company,36
2022-10-01,24,Västerbotten,BEV,dealer,8
2022-10-01,24,Västerbotten,BEV,private,97
2022-10-01,24,Västerbotten,DIESEL,company,18
2022-10-01,24,Västerbotten,DIESEL,dealer,16
2022-10-01,24,Västerbotten,DIESEL,private,9
2022-10-01,24,Västerbotten,ETHANOL,dealer,3
2022-10-01,24,Västerbotten,HEV,company,8
2022-10-01,24,Västerbotten,HEV,dealer,34
2022-10-01,24,Västerbotten,HEV,private,17
2022-10-01,24,Västerbotten,PETROL,company,19
2022-10-01,24,Västerbotten,PETROL,dealer,36
2022-10-01,24,Västerbotten,PETROL,private,30
2022-10-01,24,Västerbotten,PHEV,company,44
2022-10-01,24,Västerbotten,PHEV,dealer,9
2022-10-01,24,Västerbotten,PHEV,private,34
2022-10-01,25,Norrbotten,BEV,company,46
2022-10-01,25,Norrbotten,BEV,dealer,16
2022-10-01,25,Norrbotten,BEV,private,101
2022-10-01,25,Norrbotten,DIESEL,company,45
2022-10-01,25,Norrbotten,DIESEL,dealer,4
2022-10-01,25,Norrbotten,DIESEL,private,21
2022-10-01,25,Norrbotten,ETHANOL,dealer,1
2022-10-01,25,Norrbotten,HEV,company,30
2022-10-01,25,Norrbotten,HEV,dealer,20
2022-10-01,25,Norrbotten,HEV,private,18
2022-10-01,25,Norrbotten,PETROL,company,16
2022-10-01,25,Norrbotten,PETROL,dealer,8
2022-10-01,25,Norrbotten,PETROL,private,26
2022-10-01,25,Norrbotten,PHEV,company,23
2022-10-01,25,Norrbotten,PHEV,dealer,9
2022-10-01,25,Norrbotten,PHEV,private,43
2022-11-01,01,Stockholm,BEV,company,1988
2022-11-01,01,Stockholm,BEV,dealer,258
2022-11-01,01,Stockholm,BEV,private,959
2022-11-01,01,Stockholm,DIESEL,company,592
2022-11-01,01,Stockholm,DIESEL,dealer,77
2022-11-01,01,Stockholm,DIESEL,private,129
2022-11-01,01,Stockholm,ETHANOL,company,39
2022-11-01,01,Stockholm,ETHANOL,dealer,9
2022-11-01,01,Stockholm,ETHANOL,private,23
2022-11-01,01,Stockholm,GAS,company,31
2022-11-01,01,Stockholm,HEV,company,319
2022-11-01,01,Stockholm,HEV,dealer,112
2022-11-01,01,Stockholm,HEV,private,249
2022-11-01,01,Stockholm,OTHER,private,1
2022-11-01,01,Stockholm,PETROL,company,471
2022-11-01,01,Stockholm,PETROL,dealer,189
2022-11-01,01,Stockholm,PETROL,private,461
2022-11-01,01,Stockholm,PHEV,company,1949
2022-11-01,01,Stockholm,PHEV,dealer,194
2022-11-01,01,Stockholm,PHEV,private,269
2022-11-01,03,Uppsala,BEV,company,133
2022-11-01,03,Uppsala,BEV,dealer,29
2022-11-01,03,Uppsala,BEV,private,195
2022-11-01,03,Uppsala,DIESEL,company,34
2022-11-01,03,Uppsala,DIESEL,dealer,12
2022-11-01,03,Uppsala,DIESEL,private,12
2022-11-01,03,Uppsala,ETHANOL,company,5
2022-11-01,03,Uppsala,ETHANOL,private,9
2022-11-01,03,Uppsala,GAS,company,13
2022-11-01,03,Uppsala,HEV,company,19
2022-11-01,03,Uppsala,HEV,dealer,20
2022-11-01,03,Uppsala,HEV,private,51
2022-11-01,03,Uppsala,PETROL,company,49
2022-11-01,03,Uppsala,PETROL,dealer,20
2022-11-01,03,Uppsala,PETROL,private,55
2022-11-01,03,Uppsala,PHEV,company,55
2022-11-01,03,Uppsala,PHEV,dealer,7
2022-11-01,03,Uppsala,PHEV,private,54
2022-11-01,04,Södermanland,BEV,company,57
2022-11-01,04,Södermanland,BEV,dealer,19
2022-11-01,04,Södermanland,BEV,private,116
2022-11-01,04,Södermanland,DIESEL,company,21
2022-11-01,04,Södermanland,DIESEL,dealer,6
2022-11-01,04,Södermanland,DIESEL,private,24
2022-11-01,04,Södermanland,ETHANOL,private,2
2022-11-01,04,Södermanland,GAS,company,2
2022-11-01,04,Södermanland,HEV,company,13
2022-11-01,04,Södermanland,HEV,dealer,17
2022-11-01,04,Södermanland,HEV,private,33
2022-11-01,04,Södermanland,OTHER,company,1
2022-11-01,04,Södermanland,PETROL,company,24
2022-11-01,04,Södermanland,PETROL,dealer,23
2022-11-01,04,Södermanland,PETROL,private,56
2022-11-01,04,Södermanland,PHEV,company,38
2022-11-01,04,Södermanland,PHEV,dealer,16
2022-11-01,04,Södermanland,PHEV,private,38
2022-11-01,05,Östergötland,BEV,company,117
2022-11-01,05,Östergötland,BEV,dealer,45
2022-11-01,05,Östergötland,BEV,private,213
2022-11-01,05,Östergötland,DIESEL,company,61
2022-11-01,05,Östergötland,DIESEL,dealer,13
2022-11-01,05,Östergötland,DIESEL,private,18
2022-11-01,05,Östergötland,ETHANOL,company,4
2022-11-01,05,Östergötland,ETHANOL,dealer,1
2022-11-01,05,Östergötland,ETHANOL,private,9
2022-11-01,05,Östergötland,GAS,company,1
2022-11-01,05,Östergötland,HEV,company,20
2022-11-01,05,Östergötland,HEV,dealer,60
2022-11-01,05,Östergötland,HEV,private,53
2022-11-01,05,Östergötland,PETROL,company,58
2022-11-01,05,Östergötland,PETROL,dealer,60
2022-11-01,05,Östergötland,PETROL,private,69
2022-11-01,05,Östergötland,PHEV,company,146
2022-11-01,05,Östergötland,PHEV,dealer,18
2022-11-01,05,Östergötland,PHEV,private,57
2022-11-01,06,Jönköping,BEV,company,134
2022-11-01,06,Jönköping,BEV,dealer,79
2022-11-01,06,Jönköping,BEV,private,226
2022-11-01,06,Jönköping,DIESEL,company,30
2022-11-01,06,Jönköping,DIESEL,dealer,24
2022-11-01,06,Jönköping,DIESEL,private,17
2022-11-01,06,Jönköping,ETHANOL,company,3
2022-11-01,06,Jönköping,ETHANOL,dealer,4
2022-11-01,06,Jönköping,ETHANOL,private,3
2022-11-01,06,Jönköping,GAS,company,10
2022-11-01,06,Jönköping,HEV,company,7
2022-11-01,06,Jönköping,HEV,dealer,36
2022-11-01,06,Jönköping,HEV,private,35
2022-11-01,06,Jönköping,PETROL,company,29
2022-11-01,06,Jönköping,PETROL,dealer,41
2022-11-01,06,Jönköping,PETROL,private,93
2022-11-01,06,Jönköping,PHEV,company,65
2022-11-01,06,Jönköping,PHEV,dealer,27
2022-11-01,06,Jönköping,PHEV,private,41
2022-11-01,07,Kronoberg,BEV,company,32
2022-11-01,07,Kronoberg,BEV,dealer,17
2022-11-01,07,Kronoberg,BEV,private,91
2022-11-01,07,Kronoberg,DIESEL,company,14
2022-11-01,07,Kronoberg,DIESEL,dealer,4
2022-11-01,07,Kronoberg,DIESEL,private,14
2022-11-01,07,Kronoberg,ETHANOL,company,1
2022-11-01,07,Kronoberg,ETHANOL,private,3
2022-11-01,07,Kronoberg,HEV,company,5
2022-11-01,07,Kronoberg,HEV,dealer,20
2022-11-01,07,Kronoberg,HEV,private,17
2022-11-01,07,Kronoberg,PETROL,company,9
2022-11-01,07,Kronoberg,PETROL,dealer,25
2022-11-01,07,Kronoberg,PETROL,private,47
2022-11-01,07,Kronoberg,PHEV,company,32
2022-11-01,07,Kronoberg,PHEV,dealer,6
2022-11-01,07,Kronoberg,PHEV,private,20
2022-11-01,08,Kalmar,BEV,company,34
2022-11-01,08,Kalmar,BEV,dealer,43
2022-11-01,08,Kalmar,BEV,private,126
2022-11-01,08,Kalmar,DIESEL,company,22
2022-11-01,08,Kalmar,DIESEL,dealer,8
2022-11-01,08,Kalmar,DIESEL,private,14
2022-11-01,08,Kalmar,ETHANOL,dealer,3
2022-11-01,08,Kalmar,GAS,company,12
2022-11-01,08,Kalmar,GAS,dealer,1
2022-11-01,08,Kalmar,HEV,company,4
2022-11-01,08,Kalmar,HEV,dealer,10
2022-11-01,08,Kalmar,HEV,private,16
2022-11-01,08,Kalmar,PETROL,company,14
2022-11-01,08,Kalmar,PETROL,dealer,51
2022-11-01,08,Kalmar,PETROL,private,62
2022-11-01,08,Kalmar,PHEV,company,13
2022-11-01,08,Kalmar,PHEV,dealer,10
2022-11-01,08,Kalmar,PHEV,private,16
2022-11-01,09,Gotland,BEV,company,16
2022-11-01,09,Gotland,BEV,dealer,3
2022-11-01,09,Gotland,BEV,private,20
2022-11-01,09,Gotland,DIESEL,company,2
2022-11-01,09,Gotland,DIESEL,dealer,2
2022-11-01,09,Gotland,DIESEL,private,2
2022-11-01,09,Gotland,ETHANOL,company,2
2022-11-01,09,Gotland,HEV,company,1
2022-11-01,09,Gotland,HEV,dealer,3
2022-11-01,09,Gotland,HEV,private,2
2022-11-01,09,Gotland,PETROL,company,2
2022-11-01,09,Gotland,PETROL,dealer,6
2022-11-01,09,Gotland,PETROL,private,3
2022-11-01,09,Gotland,PHEV,company,4
2022-11-01,09,Gotland,PHEV,dealer,5
2022-11-01,09,Gotland,PHEV,private,4
2022-11-01,10,Blekinge,BEV,company,32
2022-11-01,10,Blekinge,BEV,dealer,17
2022-11-01,10,Blekinge,BEV,private,93
2022-11-01,10,Blekinge,DIESEL,company,20
2022-11-01,10,Blekinge,DIESEL,dealer,4
2022-11-01,10,Blekinge,DIESEL,private,8
2022-11-01,10,Blekinge,ETHANOL,company,1
2022-11-01,10,Blekinge,ETHANOL,dealer,3
2022-11-01,10,Blekinge,ETHANOL,private,2
2022-11-01,10,Blekinge,GAS,company,12
2022-11-01,10,Blekinge,HEV,company,9
2022-11-01,10,Blekinge,HEV,dealer,8
2022-11-01,10,Blekinge,HEV,private,16
2022-11-01,10,Blekinge,PETROL,company,2
2022-11-01,10,Blekinge,PETROL,dealer,13
2022-11-01,10,Blekinge,PETROL,private,30
2022-11-01,10,Blekinge,PHEV,company,14
2022-11-01,10,Blekinge,PHEV,dealer,7
2022-11-01,10,Blekinge,PHEV,private,8
2022-11-01,12,Skåne,BEV,company,552
2022-11-01,12,Skåne,BEV,dealer,230
2022-11-01,12,Skåne,BEV,private,703
2022-11-01,12,Skåne,DIESEL,company,254
2022-11-01,12,Skåne,DIESEL,dealer,105
2022-11-01,12,Skåne,DIESEL,private,66
2022-11-01,12,Skåne,ETHANOL,company,2
2022-11-01,12,Skåne,ETHANOL,dealer,3
2022-11-01,12,Skåne,ETHANOL,private,13
2022-11-01,12,Skåne,GAS,company,11
2022-11-01,12,Skåne,HEV,company,59
2022-11-01,12,Skåne,HEV,dealer,75
2022-11-01,12,Skåne,HEV,private,114
2022-11-01,12,Skåne,PETROL,company,187
2022-11-01,12,Skåne,PETROL,dealer,125
2022-11-01,12,Skåne,PETROL,private,323
2022-11-01,12,Skåne,PHEV,company,504
2022-11-01,12,Skåne,PHEV,dealer,144
2022-11-01,12,Skåne,PHEV,private,150
2022-11-01,13,Halland,BEV,company,98
2022-11-01,13,Halland,BEV,dealer,43
2022-11-01,13,Halland,BEV,private,254
2022-11-01,13,Halland,DIESEL,company,20
2022-11-01,13,Halland,DIESEL,dealer,17
2022-11-01,13,Halland,DIESEL,private,23
2022-11-01,13,Halland,ETHANOL,company,2
2022-11-01,13,Halland,ETHANOL,dealer,1
2022-11-01,13,Halland,ETHANOL,private,8
2022-11-01,13,Halland,GAS,company,1
2022-11-01,13,Halland,HEV,company,5
2022-11-01,13,Halland,HEV,dealer,24
2022-11-01,13,Halland,HEV,private,35
2022-11-01,13,Halland,PETROL,company,27
2022-11-01,13,Halland,PETROL,dealer,64
2022-11-01,13,Halland,PETROL,private,111
2022-11-01,13,Halland,PHEV,company,61
2022-11-01,13,Halland,PHEV,dealer,20
2022-11-01,13,Halland,PHEV,private,37
2022-11-01,14,Västra Götaland,BEV,company,658
2022-11-01,14,Västra Götaland,BEV,dealer,506
2022-11-01,14,Västra Götaland,BEV,private,1141
2022-11-01,14,Västra Götaland,DIESEL,company,131
2022-11-01,14,Västra Götaland,DIESEL,dealer,49
2022-11-01,14,Västra Götaland,DIESEL,private,98
2022-11-01,14,Västra Götaland,ETHANOL,company,4
2022-11-01,14,Västra Götaland,ETHANOL,dealer,5
2022-11-01,14,Västra Götaland,ETHANOL,private,18
2022-11-01,14,Västra Götaland,GAS,company,33
2022-11-01,14,Västra Götaland,HEV,company,65
2022-11-01,14,Västra Götaland,HEV,dealer,150
2022-11-01,14,Västra Götaland,HEV,private,228
2022-11-01,14,Västra Götaland,OTHER,private,1
2022-11-01,14,Västra Götaland,PETROL,company,125
2022-11-01,14,Västra Götaland,PETROL,dealer,184
2022-11-01,14,Västra Götaland,PETROL,private,438
2022-11-01,14,Västra Götaland,PHEV,company,360
2022-11-01,14,Västra Götaland,PHEV,dealer,252
2022-11-01,14,Västra Götaland,PHEV,private,213
2022-11-01,17,Värmland,BEV,company,112
2022-11-01,17,Värmland,BEV,dealer,32
2022-11-01,17,Värmland,BEV,private,113
2022-11-01,17,Värmland,DIESEL,company,88
2022-11-01,17,Värmland,DIESEL,dealer,30
2022-11-01,17,Värmland,DIESEL,private,29
2022-11-01,17,Värmland,ETHANOL,company,2
2022-11-01,17,Värmland,ETHANOL,dealer,1
2022-11-01,17,Värmland,ETHANOL,private,1
2022-11-01,17,Värmland,GAS,company,4
2022-11-01,17,Värmland,HEV,company,55
2022-11-01,17,Värmland,HEV,dealer,24
2022-11-01,17,Värmland,HEV,private,37
2022-11-01,17,Värmland,PETROL,company,19
2022-11-01,17,Värmland,PETROL,dealer,31
2022-11-01,17,Värmland,PETROL,private,56
2022-11-01,17,Värmland,PHEV,company,34
2022-11-01,17,Värmland,PHEV,dealer,11
2022-11-01,17,Värmland,PHEV,private,36
2022-11-01,18,Örebro,BEV,company,48
2022-11-01,18,Örebro,BEV,dealer,64
2022-11-01,18,Örebro,BEV,private,138
2022-11-01,18,Örebro,DIESEL,company,18
2022-11-01,18,Örebro,DIESEL,dealer,4
2022-11-01,18,Örebro,DIESEL,private,17
2022-11-01,18,Örebro,ETHANOL,company,3
2022-11-01,18,Örebro,ETHANOL,dealer,2
2022-11-01,18,Örebro,GAS,company,1
2022-11-01,18,Örebro,HEV,company,14
2022-11-01,18,Örebro,HEV,dealer,39
2022-11-01,18,Örebro,HEV,private,30
2022-11-01,18,Örebro,PETROL,company,17
2022-11-01,18,Örebro,PETROL,dealer,16
2022-11-01,18,Örebro,PETROL,private,49
2022-11-01,18,Örebro,PHEV,company,29
2022-11-01,18,Örebro,PHEV,dealer,66
2022-11-01,18,Örebro,PHEV,private,41
2022-11-01,19,Västmanland,BEV,company,52
2022-11-01,19,Västmanland,BEV,dealer,28
2022-11-01,19,Västmanland,BEV,private,124
2022-11-01,19,Västmanland,DIESEL,company,32
2022-11-01,19,Västmanland,DIESEL,dealer,9
2022-11-01,19,Västmanland,DIESEL,private,14
2022-11-01,19,Västmanland,ETHANOL,company,11
2022-11-01,19,Västmanland,ETHANOL,private,2
2022-11-01,19,Västmanland,GAS,company,13
2022-11-01,19,Västmanland,GAS,private,1
2022-11-01,19,Västmanland,HEV,company,3
2022-11-01,19,Västmanland,HEV,dealer,15
2022-11-01,19,Västmanland,HEV,private,18
2022-11-01,19,Västmanland,PETROL,company,24
2022-11-01,19,Västmanland,PETROL,dealer,20
2022-11-01,19,Västmanland,PETROL,private,50
2022-11-01,19,Västmanland,PHEV,company,29
2022-11-01,19,Västmanland,PHEV,dealer,22
2022-11-01,19,Västmanland,PHEV,private,44
2022-11-01,20,Dalarna,BEV,company,58
2022-11-01,20,Dalarna,BEV,dealer,14
2022-11-01,20,Dalarna,BEV,private,97
2022-11-01,20,Dalarna,DIESEL,company,19
2022-11-01,20,Dalarna,DIESEL,dealer,14
2022-11-01,20,Dalarna,DIESEL,private,19
2022-11-01,20,Dalarna,ETHANOL,private,1
2022-11-01,20,Dalarna,HEV,company,16
2022-11-01,20,Dalarna,HEV,dealer,21
2022-11-01,20,Dalarna,HEV,private,17
2022-11-01,20,Dalarna,PETROL,company,25
2022-11-01,20,Dalarna,PETROL,dealer,75
2022-11-01,20,Dalarna,PETROL,private,40
2022-11-01,20,Dalarna,PHEV,company,43
2022-11-01,20,Dalarna,PHEV,dealer,48
2022-11-01,20,Dalarna,PHEV,private,45
2022-11-01,21,Gävleborg,BEV,company,54
2022-11-01,21,Gävleborg,BEV,dealer,19
2022-11-01,21,Gävleborg,BEV,private,101
2022-11-01,21,Gävleborg,DIESEL,company,28
2022-11-01,21,Gävleborg,DIESEL,dealer,25
2022-11-01,21,Gävleborg,DIESEL,private,12
2022-11-01,21,Gävleborg,ETHANOL,company,4
2022-11-01,21,Gävleborg,ETHANOL,dealer,2
2022-11-01,21,Gävleborg,ETHANOL,private,2
2022-11-01,21,Gävleborg,HEV,company,21
2022-11-01,21,Gävleborg,HEV,dealer,15
2022-11-01,21,Gävleborg,HEV,private,40
2022-11-01,21,Gävleborg,PETROL,company,48
2022-11-01,21,Gävleborg,PETROL,dealer,24
2022-11-01,21,Gävleborg,PETROL,private,54
2022-11-01,21,Gävleborg,PHEV,company,36
2022-11-01,21,Gävleborg,PHEV,dealer,19
2022-11-01,21,Gävleborg,PHEV,private,22
2022-11-01,22,Västernorrland,BEV,company,52
2022-11-01,22,Västernorrland,BEV,dealer,17
2022-11-01,22,Västernorrland,BEV,private,95
2022-11-01,22,Västernorrland,DIESEL,company,45
2022-11-01,22,Västernorrland,DIESEL,dealer,11
2022-11-01,22,Västernorrland,DIESEL,private,12
2022-11-01,22,Västernorrland,ETHANOL,dealer,4
2022-11-01,22,Västernorrland,ETHANOL,private,2
2022-11-01,22,Västernorrland,HEV,company,7
2022-11-01,22,Västernorrland,HEV,dealer,15
2022-11-01,22,Västernorrland,HEV,private,27
2022-11-01,22,Västernorrland,OTHER,company,1
2022-11-01,22,Västernorrland,PETROL,company,9
2022-11-01,22,Västernorrland,PETROL,dealer,14
2022-11-01,22,Västernorrland,PETROL,private,19
2022-11-01,22,Västernorrland,PHEV,company,48
2022-11-01,22,Västernorrland,PHEV,dealer,16
2022-11-01,22,Västernorrland,PHEV,private,43
2022-11-01,23,Jämtland,BEV,company,46
2022-11-01,23,Jämtland,BEV,dealer,9
2022-11-01,23,Jämtland,BEV,private,26
2022-11-01,23,Jämtland,DIESEL,company,17
2022-11-01,23,Jämtland,DIESEL,dealer,15
2022-11-01,23,Jämtland,DIESEL,private,10
2022-11-01,23,Jämtland,ETHANOL,dealer,1
2022-11-01,23,Jämtland,ETHANOL,private,3
2022-11-01,23,Jämtland,GAS,company,3
2022-11-01,23,Jämtland,HEV,company,2
2022-11-01,23,Jämtland,HEV,dealer,35
2022-11-01,23,Jämtland,HEV,private,8
2022-11-01,23,Jämtland,PETROL,company,6
2022-11-01,23,Jämtland,PETROL,dealer,8
2022-11-01,23,Jämtland,PETROL,private,9
2022-11-01,23,Jämtland,PHEV,company,16
2022-11-01,23,Jämtland,PHEV,dealer,5
2022-11-01,23,Jämtland,PHEV,private,7
2022-11-01,24,Västerbotten,BEV,company,71
2022-11-01,24,Västerbotten,BEV,dealer,23
2022-11-01,24,Västerbotten,BEV,private,126
2022-11-01,24,Västerbotten,DIESEL,company,33
2022-11-01,24,Västerbotten,DIESEL,dealer,14
2022-11-01,24,Västerbotten,DIESEL,private,9
2022-11-01,24,Västerbotten,ETHANOL,company,1
2022-11-01,24,Västerbotten,ETHANOL,dealer,5
2022-11-01,24,Västerbotten,ETHANOL,private,1
2022-11-01,24,Västerbotten,HEV,company,9
2022-11-01,24,Västerbotten,HEV,dealer,41
2022-11-01,24,Västerbotten,HEV,private,19
2022-11-01,24,Västerbotten,PETROL,company,12
2022-11-01,24,Västerbotten,PETROL,dealer,17
2022-11-01,24,Västerbotten,PETROL,private,17
2022-11-01,24,Västerbotten,PHEV,company,35
2022-11-01,24,Västerbotten,PHEV,dealer,15
2022-11-01,24,Västerbotten,PHEV,private,33
2022-11-01,25,Norrbotten,BEV,company,60
2022-11-01,25,Norrbotten,BEV,dealer,9
2022-11-01,25,Norrbotten,BEV,private,105
2022-11-01,25,Norrbotten,DIESEL,company,34
2022-11-01,25,Norrbotten,DIESEL,dealer,11
2022-11-01,25,Norrbotten,DIESEL,private,14
2022-11-01,25,Norrbotten,ETHANOL,company,1
2022-11-01,25,Norrbotten,ETHANOL,dealer,2
2022-11-01,25,Norrbotten,ETHANOL,private,4
2022-11-01,25,Norrbotten,HEV,company,45
2022-11-01,25,Norrbotten,HEV,dealer,8
2022-11-01,25,Norrbotten,HEV,private,15
2022-11-01,25,Norrbotten,OTHER,private,1
2022-11-01,25,Norrbotten,PETROL,company,10
2022-11-01,25,Norrbotten,PETROL,dealer,4
2022-11-01,25,Norrbotten,PETROL,private,19
2022-11-01,25,Norrbotten,PHEV,company,26
2022-11-01,25,Norrbotten,PHEV,dealer,8
2022-11-01,25,Norrbotten,PHEV,private,29
2022-12-01,01,Stockholm,BEV,company,3809
2022-12-01,01,Stockholm,BEV,dealer,393
2022-12-01,01,Stockholm,BEV,private,1694
2022-12-01,01,Stockholm,DIESEL,company,497
2022-12-01,01,Stockholm,DIESEL,dealer,106
2022-12-01,01,Stockholm,DIESEL,private,112
2022-12-01,01,Stockholm,ETHANOL,company,20
2022-12-01,01,Stockholm,ETHANOL,dealer,7
2022-12-01,01,Stockholm,ETHANOL,private,19
2022-12-01,01,Stockholm,GAS,company,38
2022-12-01,01,Stockholm,GAS,dealer,1
2022-12-01,01,Stockholm,HEV,company,167
2022-12-01,01,Stockholm,HEV,dealer,186
2022-12-01,01,Stockholm,HEV,private,150
2022-12-01,01,Stockholm,PETROL,company,574
2022-12-01,01,Stockholm,PETROL,dealer,149
2022-12-01,01,Stockholm,PETROL,private,393
2022-12-01,01,Stockholm,PHEV,company,3039
2022-12-01,01,Stockholm,PHEV,dealer,288
2022-12-01,01,Stockholm,PHEV,private,365
2022-12-01,03,Uppsala,BEV,company,228
2022-12-01,03,Uppsala,BEV,dealer,41
2022-12-01,03,Uppsala,BEV,private,330
2022-12-01,03,Uppsala,DIESEL,company,71
2022-12-01,03,Uppsala,DIESEL,dealer,20
2022-12-01,03,Uppsala,DIESEL,private,15
2022-12-01,03,Uppsala,ETHANOL,company,5
2022-12-01,03,Uppsala,ETHANOL,dealer,1
2022-12-01,03,Uppsala,ETHANOL,private,2
2022-12-01,03,Uppsala,GAS,company,5
2022-12-01,03,Uppsala,HEV,company,19
2022-12-01,03,Uppsala,HEV,dealer,20
2022-12-01,03,Uppsala,HEV,private,47
2022-12-01,03,Uppsala,PETROL,company,26
2022-12-01,03,Uppsala,PETROL,dealer,24
2022-12-01,03,Uppsala,PETROL,private,50
2022-12-01,03,Uppsala,PHEV,company,58
2022-12-01,03,Uppsala,PHEV,dealer,13
2022-12-01,03,Uppsala,PHEV,private,59
2022-12-01,04,Södermanland,BEV,company,137
2022-12-01,04,Södermanland,BEV,dealer,33
2022-12-01,04,Södermanland,BEV,private,208
2022-12-01,04,Södermanland,DIESEL,company,23
2022-12-01,04,Södermanland,DIESEL,dealer,13
2022-12-01,04,Södermanland,DIESEL,private,12
2022-12-01,04,Södermanland,HEV,company,5
2022-12-01,04,Södermanland,HEV,dealer,14
2022-12-01,04,Södermanland,HEV,private,46
2022-12-01,04,Södermanland,PETROL,company,23
2022-12-01,04,Södermanland,PETROL,dealer,26
2022-12-01,04,Södermanland,PETROL,private,72
2022-12-01,04,Södermanland,PHEV,company,44
2022-12-01,04,Södermanland,PHEV,dealer,23
2022-12-01,04,Södermanland,PHEV,private,70
2022-12-01,05,Östergötland,BEV,company,248
2022-12-01,05,Östergötland,BEV,dealer,35
2022-12-01,05,Östergötland,BEV,private,392
2022-12-01,05,Östergötland,DIESEL,company,49
2022-12-01,05,Östergötland,DIESEL,dealer,8
2022-12-01,05,Östergötland,DIESEL,private,18
2022-12-01,05,Östergötland,ETHANOL,dealer,1
2022-12-01,05,Östergötland,ETHANOL,private,5
2022-12-01,05,Östergötland,GAS,company,2
2022-12-01,05,Östergötland,HEV,company,22
2022-12-01,05,Östergötland,HEV,dealer,47
2022-12-01,05,Östergötland,HEV,private,35
2022-12-01,05,Östergötland,PETROL,company,29
2022-12-01,05,Östergötland,PETROL,dealer,45
2022-12-01,05,Östergötland,PETROL,private,102
2022-12-01,05,Östergötland,PHEV,company,149
2022-12-01,05,Östergötland,PHEV,dealer,24
2022-12-01,05,Östergötland,PHEV,private,78
2022-12-01,06,Jönköping,BEV,company,226
2022-12-01,06,Jönköping,BEV,dealer,81
2022-12-01,06,Jönköping,BEV,private,431
2022-12-01,06,Jönköping,DIESEL,company,22
2022-12-01,06,Jönköping,DIESEL,dealer,17
2022-12-01,06,Jönköping,DIESEL,private,14
2022-12-01,06,Jönköping,ETHANOL,company,35
2022-12-01,06,Jönköping,ETHANOL,private,2
2022-12-01,06,Jönköping,GAS,company,10
2022-12-01,06,Jönköping,GAS,private,2
2022-12-01,06,Jönköping,HEV,company,21
2022-12-01,06,Jönköping,HEV,dealer,52
2022-12-01,06,Jönköping,HEV,private,33
2022-12-01,06,Jönköping,PETROL,company,34
2022-12-01,06,Jönköping,PETROL,dealer,36
2022-12-01,06,Jönköping,PETROL,private,95
2022-12-01,06,Jönköping,PHEV,company,77
2022-12-01,06,Jönköping,PHEV,dealer,44
2022-12-01,06,Jönköping,PHEV,private,47
2022-12-01,07,Kronoberg,BEV,company,104
2022-12-01,07,Kronoberg,BEV,dealer,21
2022-12-01,07,Kronoberg,BEV,private,217
2022-12-01,07,Kronoberg,DIESEL,company,26
2022-12-01,07,Kronoberg,DIESEL,dealer,5
2022-12-01,07,Kronoberg,DIESEL,private,13
2022-12-01,07,Kronoberg,ETHANOL,company,1
2022-12-01,07,Kronoberg,GAS,company,1
2022-12-01,07,Kronoberg,HEV,company,6
2022-12-01,07,Kronoberg,HEV,dealer,32
2022-12-01,07,Kronoberg,HEV,private,12
2022-12-01,07,Kronoberg,PETROL,company,11
2022-12-01,07,Kronoberg,PETROL,dealer,31
2022-12-01,07,Kronoberg,PETROL,private,42
2022-12-01,07,Kronoberg,PHEV,company,40
2022-12-01,07,Kronoberg,PHEV,dealer,15
2022-12-01,07,Kronoberg,PHEV,private,24
2022-12-01,08,Kalmar,BEV,company,79
2022-12-01,08,Kalmar,BEV,dealer,55
2022-12-01,08,Kalmar,BEV,private,243
2022-12-01,08,Kalmar,DIESEL,company,23
2022-12-01,08,Kalmar,DIESEL,dealer,13
2022-12-01,08,Kalmar,DIESEL,private,14
2022-12-01,08,Kalmar,GAS,company,12
2022-12-01,08,Kalmar,HEV,company,3
2022-12-01,08,Kalmar,HEV,dealer,9
2022-12-01,08,Kalmar,HEV,private,12
2022-12-01,08,Kalmar,PETROL,company,11
2022-12-01,08,Kalmar,PETROL,dealer,38
2022-12-01,08,Kalmar,PETROL,private,43
2022-12-01,08,Kalmar,PHEV,company,53
2022-12-01,08,Kalmar,PHEV,dealer,21
2022-12-01,08,Kalmar,PHEV,private,25
2022-12-01,09,Gotland,BEV,company,20
2022-12-01,09,Gotland,BEV,dealer,6
2022-12-01,09,Gotland,BEV,private,32
2022-12-01,09,Gotland,DIESEL,company,1
2022-12-01,09,Gotland,DIESEL,dealer,1
2022-12-01,09,Gotland,ETHANOL,dealer,1
2022-12-01,09,Gotland,HEV,company,1
2022-12-01,09,Gotland,HEV,dealer,2
2022-12-01,09,Gotland,HEV,private,1
2022-12-01,09,Gotland,PETROL,company,2
2022-12-01,09,Gotland,PETROL,dealer,6
2022-12-01,09,Gotland,PETROL,private,4
2022-12-01,09,Gotland,PHEV,company,6
2022-12-01,09,Gotland,PHEV,dealer,3
2022-12-01,09,Gotland,PHEV,private,8
2022-12-01,10,Blekinge,BEV,company,26
2022-12-01,10,Blekinge,BEV,dealer,11
2022-12-01,10,Blekinge,BEV,private,114
2022-12-01,10,Blekinge,DIESEL,company,12
2022-12-01,10,Blekinge,DIESEL,dealer,7
2022-12-01,10,Blekinge,DIESEL,private,6
2022-12-01,10,Blekinge,ETHANOL,company,6
2022-12-01,10,Blekinge,ETHANOL,dealer,3
2022-12-01,10,Blekinge,ETHANOL,private,1
2022-12-01,10,Blekinge,GAS,company,4
2022-12-01,10,Blekinge,HEV,company,5
2022-12-01,10,Blekinge,HEV,dealer,5
2022-12-01,10,Blekinge,HEV,private,14
2022-12-01,10,Blekinge,PETROL,company,7
2022-12-01,10,Blekinge,PETROL,dealer,16
2022-12-01,10,Blekinge,PETROL,private,28
2022-12-01,10,Blekinge,PHEV,company,17
2022-12-01,10,Blekinge,PHEV,dealer,15
2022-12-01,10,Blekinge,PHEV,private,25
2022-12-01,12,Skåne,BEV,company,1094
2022-12-01,12,Skåne,BEV,dealer,145
2022-12-01,12,Skåne,BEV,private,1069
2022-12-01,12,Skåne,DIESEL,company,219
2022-12-01,12,Skåne,DIESEL,dealer,108
2022-12-01,12,Skåne,DIESEL,private,54
2022-12-01,12,Skåne,ETHANOL,company,5
2022-12-01,12,Skåne,ETHANOL,dealer,11
2022-12-01,12,Skåne,ETHANOL,private,15
2022-12-01,12,Skåne,GAS,company,11
2022-12-01,12,Skåne,HEV,company,49
2022-12-01,12,Skåne,HEV,dealer,87
2022-12-01,12,Skåne,HEV,private,116
2022-12-01,12,Skåne,PETROL,company,164
2022-12-01,12,Skåne,PETROL,dealer,201
2022-12-01,12,Skåne,PETROL,private,320
2022-12-01,12,Skåne,PHEV,company,777
2022-12-01,12,Skåne,PHEV,dealer,149
2022-12-01,12,Skåne,PHEV,private,183
2022-12-01,13,Halland,BEV,company,171
2022-12-01,13,Halland,BEV,dealer,39
2022-12-01,13,Halland,BEV,private,361
2022-12-01,13,Halland,DIESEL,company,19
2022-12-01,13,Halland,DIESEL,dealer,5
2022-12-01,13,Halland,DIESEL,private,22
2022-12-01,13,Halland,ETHANOL,private,4
2022-12-01,13,Halland,GAS,company,2
2022-12-01,13,Halland,HEV,company,2
2022-12-01,13,Halland,HEV,dealer,16
2022-12-01,13,Halland,HEV,private,35
2022-12-01,13,Halland,PETROL,company,33
2022-12-01,13,Halland,PETROL,dealer,23
2022-12-01,13,Halland,PETROL,private,107
2022-12-01,13,Halland,PHEV,company,75
2022-12-01,13,Halland,PHEV,dealer,35
2022-12-01,13,Halland,PHEV,private,56
2022-12-01,14,Västra Götaland,BEV,company,1156
2022-12-01,14,Västra Götaland,BEV,dealer,331
2022-12-01,14,Västra Götaland,BEV,private,1974
2022-12-01,14,Västra Götaland,DIESEL,company,243
2022-12-01,14,Västra Götaland,DIESEL,dealer,101
2022-12-01,14,Västra Götaland,DIESEL,private,64
2022-12-01,14,Västra Götaland,ETHANOL,company,4
2022-12-01,14,Västra Götaland,ETHANOL,dealer,16
2022-12-01,14,Västra Götaland,ETHANOL,private,19
2022-12-01,14,Västra Götaland,GAS,company,28
2022-12-01,14,Västra Götaland,HEV,company,66
2022-12-01,14,Västra Götaland,HEV,dealer,235
2022-12-01,14,Västra Götaland,HEV,private,160
2022-12-01,14,Västra Götaland,PETROL,company,148
2022-12-01,14,Västra Götaland,PETROL,dealer,206
2022-12-01,14,Västra Götaland,PETROL,private,478
2022-12-01,14,Västra Götaland,PHEV,company,459
2022-12-01,14,Västra Götaland,PHEV,dealer,321
2022-12-01,14,Västra Götaland,PHEV,private,306
2022-12-01,17,Värmland,BEV,company,133
2022-12-01,17,Värmland,BEV,dealer,49
2022-12-01,17,Värmland,BEV,private,168
2022-12-01,17,Värmland,DIESEL,company,17
2022-12-01,17,Värmland,DIESEL,dealer,89
2022-12-01,17,Värmland,DIESEL,private,17
2022-12-01,17,Värmland,ETHANOL,company,1
2022-12-01,17,Värmland,ETHANOL,dealer,1
2022-12-01,17,Värmland,HEV,company,11
2022-12-01,17,Värmland,HEV,dealer,24
2022-12-01,17,Värmland,HEV,private,24
2022-12-01,17,Värmland,PETROL,company,33
2022-12-01,17,Värmland,PETROL,dealer,70
2022-12-01,17,Värmland,PETROL,private,63
2022-12-01,17,Värmland,PHEV,company,108
2022-12-01,17,Värmland,PHEV,dealer,20
2022-12-01,17,Värmland,PHEV,private,25
2022-12-01,18,Örebro,BEV,company,93
2022-12-01,18,Örebro,BEV,dealer,70
2022-12-01,18,Örebro,BEV,private,248
2022-12-01,18,Örebro,DIESEL,company,38
2022-12-01,18,Örebro,DIESEL,dealer,11
2022-12-01,18,Örebro,DIESEL,private,9
2022-12-01,18,Örebro,ETHANOL,company,1
2022-12-01,18,Örebro,ETHANOL,dealer,1
2022-12-01,18,Örebro,ETHANOL,private,5
2022-12-01,18,Örebro,HEV,company,14
2022-12-01,18,Örebro,HEV,dealer,23
2022-12-01,18,Örebro,HEV,private,20
2022-12-01,18,Örebro,PETROL,company,31
2022-12-01,18,Örebro,PETROL,dealer,48
2022-12-01,18,Örebro,PETROL,private,67
2022-12-01,18,Örebro,PHEV,company,75
2022-12-01,18,Örebro,PHEV,dealer,27
2022-12-01,18,Örebro,PHEV,private,39
2022-12-01,19,Västmanland,BEV,company,91
2022-12-01,19,Västmanland,BEV,dealer,32
2022-12-01,19,Västmanland,BEV,private,197
2022-12-01,19,Västmanland,DIESEL,company,27
2022-12-01,19,Västmanland,DIESEL,dealer,15
2022-12-01,19,Västmanland,DIESEL,private,10
2022-12-01,19,Västmanland,ETHANOL,company,1
2022-12-01,19,Västmanland,ETHANOL,dealer,1
2022-12-01,19,Västmanland,GAS,company,6
2022-12-01,19,Västmanland,HEV,company,3
2022-12-01,19,Västmanland,HEV,dealer,11
2022-12-01,19,Västmanland,HEV,private,14
2022-12-01,19,Västmanland,PETROL,company,14
2022-12-01,19,Västmanland,PETROL,dealer,22
2022-12-01,19,Västmanland,PETROL,private,60
2022-12-01,19,Västmanland,PHEV,company,58
2022-12-01,19,Västmanland,PHEV,dealer,20
2022-12-01,19,Västmanland,PHEV,private,59
2022-12-01,20,Dalarna,BEV,company,131
2022-12-01,20,Dalarna,BEV,dealer,59
2022-12-01,20,Dalarna,BEV,private,145
2022-12-01,20,Dalarna,DIESEL,company,40
2022-12-01,20,Dalarna,DIESEL,dealer,38
2022-12-01,20,Dalarna,DIESEL,private,15
2022-12-01,20,Dalarna,ETHANOL,company,1
2022-12-01,20,Dalarna,ETHANOL,private,2
2022-12-01,20,Dalarna,HEV,company,3
2022-12-01,20,Dalarna,HEV,dealer,17
2022-12-01,20,Dalarna,HEV,private,20
2022-12-01,20,Dalarna,PETROL,company,33
2022-12-01,20,Dalarna,PETROL,dealer,28
2022-12-01,20,Dalarna,PETROL,private,35
2022-12-01,20,Dalarna,PHEV,company,103
2022-12-01,20,Dalarna,PHEV,dealer,36
2022-12-01,20,Dalarna,PHEV,private,29
2022-12-01,21,Gävleborg,BEV,company,93
2022-12-01,21,Gävleborg,BEV,dealer,40
2022-12-01,21,Gävleborg,BEV,private,149
2022-12-01,21,Gävleborg,DIESEL,company,36
2022-12-01,21,Gävleborg,DIESEL,dealer,13
2022-12-01,21,Gävleborg,DIESEL,private,10
2022-12-01,21,Gävleborg,ETHANOL,company,1
2022-12-01,21,Gävleborg,GAS,company,1
2022-12-01,21,Gävleborg,HEV,company,11
2022-12-01,21,Gävleborg,HEV,dealer,27
2022-12-01,21,Gävleborg,HEV,private,32
2022-12-01,21,Gävleborg,PETROL,company,23
2022-12-01,21,Gävleborg,PETROL,dealer,39
2022-12-01,21,Gävleborg,PETROL,private,37
2022-12-01,21,Gävleborg,PHEV,company,48
2022-12-01,21,Gävleborg,PHEV,dealer,31
2022-12-01,21,Gävleborg,PHEV,private,37
2022-12-01,22,Västernorrland,BEV,company,94
2022-12-01,22,Västernorrland,BEV,dealer,34
2022-12-01,22,Västernorrland,BEV,private,129
2022-12-01,22,Västernorrland,DIESEL,company,33
2022-12-01,22,Västernorrland,DIESEL,dealer,16
2022-12-01,22,Västernorrland,DIESEL,private,11
2022-12-01,22,Västernorrland,ETHANOL,company,2
2022-12-01,22,Västernorrland,GAS,company,3
2022-12-01,22,Västernorrland,HEV,company,6
2022-12-01,22,Västernorrland,HEV,dealer,16
2022-12-01,22,Västernorrland,HEV,private,15
2022-12-01,22,Västernorrland,PETROL,company,21
2022-12-01,22,Västernorrland,PETROL,dealer,15
2022-12-01,22,Västernorrland,PETROL,private,32
2022-12-01,22,Västernorrland,PHEV,company,50
2022-12-01,22,Västernorrland,PHEV,dealer,69
2022-12-01,22,Västernorrland,PHEV,private,38
2022-12-01,23,Jämtland,BEV,company,52
2022-12-01,23,Jämtland,BEV,dealer,13
2022-12-01,23,Jämtland,BEV,private,46
2022-12-01,23,Jämtland,DIESEL,company,15
2022-12-01,23,Jämtland,DIESEL,dealer,10
2022-12-01,23,Jämtland,DIESEL,private,4
2022-12-01,23,Jämtland,ETHANOL,company,1
2022-12-01,23,Jämtland,ETHANOL,dealer,3
2022-12-01,23,Jämtland,GAS,company,7
2022-12-01,23,Jämtland,HEV,company,7
2022-12-01,23,Jämtland,HEV,dealer,16
2022-12-01,23,Jämtland,HEV,private,3
2022-12-01,23,Jämtland,PETROL,company,6
2022-12-01,23,Jämtland,PETROL,dealer,4
2022-12-01,23,Jämtland,PETROL,private,6
2022-12-01,23,Jämtland,PHEV,company,28
2022-12-01,23,Jämtland,PHEV,dealer,28
2022-12-01,23,Jämtland,PHEV,private,23
2022-12-01,24,Västerbotten,BEV,company,94
2022-12-01,24,Västerbotten,BEV,dealer,39
2022-12-01,24,Västerbotten,BEV,private,159
2022-12-01,24,Västerbotten,DIESEL,company,23
2022-12-01,24,Västerbotten,DIESEL,dealer,36
2022-12-01,24,Västerbotten,DIESEL,private,7
2022-12-01,24,Västerbotten,ETHANOL,company,4
2022-12-01,24,Västerbotten,ETHANOL,dealer,1
2022-12-01,24,Västerbotten,ETHANOL,private,2
2022-12-01,24,Västerbotten,GAS,company,2
2022-12-01,24,Västerbotten,HEV,company,6
2022-12-01,24,Västerbotten,HEV,dealer,42
2022-12-01,24,Västerbotten,HEV,private,16
2022-12-01,24,Västerbotten,PETROL,company,19
2022-12-01,24,Västerbotten,PETROL,dealer,21
2022-12-01,24,Västerbotten,PETROL,private,17
2022-12-01,24,Västerbotten,PHEV,company,32
2022-12-01,24,Västerbotten,PHEV,dealer,52
2022-12-01,24,Västerbotten,PHEV,private,56
2022-12-01,25,Norrbotten,BEV,company,104
2022-12-01,25,Norrbotten,BEV,dealer,23
2022-12-01,25,Norrbotten,BEV,private,168
2022-12-01,25,Norrbotten,DIESEL,company,24
2022-12-01,25,Norrbotten,DIESEL,dealer,14
2022-12-01,25,Norrbotten,DIESEL,private,15
2022-12-01,25,Norrbotten,ETHANOL,dealer,1
2022-12-01,25,Norrbotten,HEV,company,19
2022-12-01,25,Norrbotten,HEV,dealer,19
2022-12-01,25,Norrbotten,HEV,private,10
2022-12-01,25,Norrbotten,PETROL,company,13
2022-12-01,25,Norrbotten,PETROL,dealer,2
2022-12-01,25,Norrbotten,PETROL,private,14
2022-12-01,25,Norrbotten,PHEV,company,57
2022-12-01,25,Norrbotten,PHEV,dealer,66
2022-12-01,25,Norrbotten,PHEV,private,43
2023-01-01,01,Stockholm,BEV,company,949
2023-01-01,01,Stockholm,BEV,dealer,124
2023-01-01,01,Stockholm,BEV,private,424
2023-01-01,01,Stockholm,DIESEL,company,327
2023-01-01,01,Stockholm,DIESEL,dealer,123
2023-01-01,01,Stockholm,DIESEL,private,89
2023-01-01,01,Stockholm,ETHANOL,company,16
2023-01-01,01,Stockholm,ETHANOL,dealer,3
2023-01-01,01,Stockholm,ETHANOL,private,12
2023-01-01,01,Stockholm,GAS,company,37
2023-01-01,01,Stockholm,HEV,company,188
2023-01-01,01,Stockholm,HEV,dealer,58
2023-01-01,01,Stockholm,HEV,private,199
2023-01-01,01,Stockholm,PETROL,company,337
2023-01-01,01,Stockholm,PETROL,dealer,202
2023-01-01,01,Stockholm,PETROL,private,339
2023-01-01,01,Stockholm,PHEV,company,1186
2023-01-01,01,Stockholm,PHEV,dealer,187
2023-01-01,01,Stockholm,PHEV,private,212
2023-01-01,03,Uppsala,BEV,company,73
2023-01-01,03,Uppsala,BEV,dealer,11
2023-01-01,03,Uppsala,BEV,private,74
2023-01-01,03,Uppsala,DIESEL,company,63
2023-01-01,03,Uppsala,DIESEL,dealer,7
2023-01-01,03,Uppsala,DIESEL,private,12
2023-01-01,03,Uppsala,ETHANOL,dealer,2
2023-01-01,03,Uppsala,GAS,company,5
2023-01-01,03,Uppsala,HEV,company,4
2023-01-01,03,Uppsala,HEV,dealer,26
2023-01-01,03,Uppsala,HEV,private,34
2023-01-01,03,Uppsala,PETROL,company,54
2023-01-01,03,Uppsala,PETROL,dealer,18
2023-01-01,03,Uppsala,PETROL,private,31
2023-01-01,03,Uppsala,PHEV,company,77
2023-01-01,03,Uppsala,PHEV,dealer,8
2023-01-01,03,Uppsala,PHEV,private,22
2023-01-01,04,Södermanland,BEV,company,20
2023-01-01,04,Södermanland,BEV,dealer,14
2023-01-01,04,Södermanland,BEV,private,47
2023-01-01,04,Södermanland,DIESEL,company,25
2023-01-01,04,Södermanland,DIESEL,dealer,8
2023-01-01,04,Södermanland,DIESEL,private,8
2023-01-01,04,Södermanland,HEV,company,5
2023-01-01,04,Södermanland,HEV,dealer,23
2023-01-01,04,Södermanland,HEV,private,32
2023-01-01,04,Södermanland,PETROL,company,15
2023-01-01,04,Södermanland,PETROL,dealer,22
2023-01-01,04,Södermanland,PETROL,private,37
2023-01-01,04,Södermanland,PHEV,company,22
2023-01-01,04,Södermanland,PHEV,dealer,6
2023-01-01,04,Södermanland,PHEV,private,26
2023-01-01,05,Östergötland,BEV,company,67
2023-01-01,05,Östergötland,BEV,dealer,14
2023-01-01,05,Östergötland,BEV,private,96
2023-01-01,05,Östergötland,DIESEL,company,45
2023-01-01,05,Östergötland,DIESEL,dealer,10
2023-01-01,05,Östergötland,DIESEL,private,7
2023-01-01,05,Östergötland,ETHANOL,dealer,1
2023-01-01,05,Östergötland,ETHANOL,private,3
2023-01-01,05,Östergötland,GAS,company,4
2023-01-01,05,Östergötland,GAS,private,1
2023-01-01,05,Östergötland,HEV,company,9
2023-01-01,05,Östergötland,HEV,dealer,21
2023-01-01,05,Östergötland,HEV,private,46
2023-01-01,05,Östergötland,PETROL,company,33
2023-01-01,05,Östergötland,PETROL,dealer,28
2023-01-01,05,Östergötland,PETROL,private,54
2023-01-01,05,Östergötland,PHEV,company,47
2023-01-01,05,Östergötland,PHEV,dealer,12
2023-01-01,05,Östergötland,PHEV,private,25
2023-01-01,06,Jönköping,BEV,company,46
2023-01-01,06,Jönköping,BEV,dealer,15
2023-01-01,06,Jönköping,BEV,private,55
2023-01-01,06,Jönköping,DIESEL,company,25
2023-01-01,06,Jönköping,DIESEL,dealer,7
2023-01-01,06,Jönköping,DIESEL,private,12
2023-01-01,06,Jönköping,ETHANOL,company,4
2023-01-01,06,Jönköping,ETHANOL,dealer,1
2023-01-01,06,Jönköping,ETHANOL,private,5
2023-01-01,06,Jönköping,GAS,company,8
2023-01-01,06,Jönköping,HEV,company,17
2023-01-01,06,Jönköping,HEV,dealer,17
2023-01-01,06,Jönköping,HEV,private,32
2023-01-01,06,Jönköping,PETROL,company,27
2023-01-01,06,Jönköping,PETROL,dealer,30
2023-01-01,06,Jönköping,PETROL,private,50
2023-01-01,06,Jönköping,PHEV,company,39
2023-01-01,06,Jönköping,PHEV,dealer,35
2023-01-01,06,Jönköping,PHEV,private,10
2023-01-01,07,Kronoberg,BEV,company,21
2023-01-01,07,Kronoberg,BEV,dealer,4
2023-01-01,07,Kronoberg,BEV,private,38
2023-01-01,07,Kronoberg,DIESEL,company,16
2023-01-01,07,Kronoberg,DIESEL,dealer,3
2023-01-01,07,Kronoberg,DIESEL,private,7
2023-01-01,07,Kronoberg,ETHANOL,private,3
2023-01-01,07,Kronoberg,GAS,company,1
2023-01-01,07,Kronoberg,GAS,dealer,4
2023-01-01,07,Kronoberg,HEV,company,4
2023-01-01,07,Kronoberg,HEV,dealer,13
2023-01-01,07,Kronoberg,HEV,private,15
2023-01-01,07,Kronoberg,PETROL,company,15
2023-01-01,07,Kronoberg,PETROL,dealer,27
2023-01-01,07,Kronoberg,PETROL,private,32
2023-01-01,07,Kronoberg,PHEV,company,13
2023-01-01,07,Kronoberg,PHEV,dealer,17
2023-01-01,07,Kronoberg,PHEV,private,12
2023-01-01,08,Kalmar,BEV,company,13
2023-01-01,08,Kalmar,BEV,dealer,14
2023-01-01,08,Kalmar,BEV,private,43
2023-01-01,08,Kalmar,DIESEL,company,11
2023-01-01,08,Kalmar,DIESEL,dealer,12
2023-01-01,08,Kalmar,DIESEL,private,2
2023-01-01,08,Kalmar,ETHANOL,private,1
2023-01-01,08,Kalmar,GAS,company,7
2023-01-01,08,Kalmar,HEV,company,8
2023-01-01,08,Kalmar,HEV,dealer,4
2023-01-01,08,Kalmar,HEV,private,26
2023-01-01,08,Kalmar,PETROL,company,9
2023-01-01,08,Kalmar,PETROL,dealer,60
2023-01-01,08,Kalmar,PETROL,private,43
2023-01-01,08,Kalmar,PHEV,company,14
2023-01-01,08,Kalmar,PHEV,dealer,16
2023-01-01,08,Kalmar,PHEV,private,13
2023-01-01,09,Gotland,BEV,company,3
2023-01-01,09,Gotland,BEV,dealer,3
2023-01-01,09,Gotland,BEV,private,8
2023-01-01,09,Gotland,DIESEL,company,2
2023-01-01,09,Gotland,DIESEL,private,1
2023-01-01,09,Gotland,ETHANOL,company,2
2023-01-01,09,Gotland,HEV,dealer,5
2023-01-01,09,Gotland,PETROL,company,2
2023-01-01,09,Gotland,PETROL,private,6
2023-01-01,09,Gotland,PHEV,company,1
2023-01-01,09,Gotland,PHEV,private,1
2023-01-01,10,Blekinge,BEV,company,22
2023-01-01,10,Blekinge,BEV,dealer,1
2023-01-01,10,Blekinge,BEV,private,29
2023-01-01,10,Blekinge,DIESEL,company,19
2023-01-01,10,Blekinge,DIESEL,dealer,3
2023-01-01,10,Blekinge,DIESEL,private,5
2023-01-01,10,Blekinge,ETHANOL,company,1
2023-01-01,10,Blekinge,ETHANOL,private,3
2023-01-01,10,Blekinge,GAS,company,2
2023-01-01,10,Blekinge,GAS,private,1
2023-01-01,10,Blekinge,HEV,company,5
2023-01-01,10,Blekinge,HEV,dealer,3
2023-01-01,10,Blekinge,HEV,private,10
2023-01-01,10,Blekinge,PETROL,company,10
2023-01-01,10,Blekinge,PETROL,dealer,24
2023-01-01,10,Blekinge,PETROL,private,26
2023-01-01,10,Blekinge,PHEV,company,5
2023-01-01,10,Blekinge,PHEV,dealer,11
2023-01-01,10,Blekinge,PHEV,private,10
2023-01-01,12,Skåne,BEV,company,226
2023-01-01,12,Skåne,BEV,dealer,61
2023-01-01,12,Skåne,BEV,private,264
2023-01-01,12,Skåne,DIESEL,company,131
2023-01-01,12,Skåne,DIESEL,dealer,102
2023-01-01,12,Skåne,DIESEL,private,49
2023-01-01,12,Skåne,ETHANOL,company,5
2023-01-01,12,Skåne,ETHANOL,dealer,1
2023-01-01,12,Skåne,ETHANOL,private,3
2023-01-01,12,Skåne,GAS,company,20
2023-01-01,12,Skåne,HEV,company,65
2023-01-01,12,Skåne,HEV,dealer,54
2023-01-01,12,Skåne,HEV,private,118
2023-01-01,12,Skåne,PETROL,company,212
2023-01-01,12,Skåne,PETROL,dealer,242
2023-01-01,12,Skåne,PETROL,private,255
2023-01-01,12,Skåne,PHEV,company,254
2023-01-01,12,Skåne,PHEV,dealer,84
2023-01-01,12,Skåne,PHEV,private,70
2023-01-01,13,Halland,BEV,company,36
2023-01-01,13,Halland,BEV,dealer,8
2023-01-01,13,Halland,BEV,private,94
2023-01-01,13,Halland,DIESEL,company,22
2023-01-01,13,Halland,DIESEL,dealer,4
2023-01-01,13,Halland,DIESEL,private,12
2023-01-01,13,Halland,ETHANOL,company,3
2023-01-01,13,Halland,ETHANOL,dealer,4
2023-01-01,13,Halland,HEV,company,13
2023-01-01,13,Halland,HEV,dealer,7
2023-01-01,13,Halland,HEV,private,24
2023-01-01,13,Halland,PETROL,company,42
2023-01-01,13,Halland,PETROL,dealer,24
2023-01-01,13,Halland,PETROL,private,62
2023-01-01,13,Halland,PHEV,company,39
2023-01-01,13,Halland,PHEV,dealer,13
2023-01-01,13,Halland,PHEV,private,28
2023-01-01,14,Västra Götaland,BEV,company,281
2023-01-01,14,Västra Götaland,BEV,dealer,52
2023-01-01,14,Västra Götaland,BEV,private,419
2023-01-01,14,Västra Götaland,DIESEL,company,106
2023-01-01,14,Västra Götaland,DIESEL,dealer,37
2023-01-01,14,Västra Götaland,DIESEL,private,56
2023-01-01,14,Västra Götaland,ETHANOL,company,1
2023-01-01,14,Västra Götaland,ETHANOL,dealer,3
2023-01-01,14,Västra Götaland,ETHANOL,private,1
2023-01-01,14,Västra Götaland,GAS,company,27
2023-01-01,14,Västra Götaland,HEV,company,82
2023-01-01,14,Västra Götaland,HEV,dealer,133
2023-01-01,14,Västra Götaland,HEV,private,155
2023-01-01,14,Västra Götaland,OTHER,company,1
2023-01-01,14,Västra Götaland,PETROL,company,132
2023-01-01,14,Västra Götaland,PETROL,dealer,201
2023-01-01,14,Västra Götaland,PETROL,private,317
2023-01-01,14,Västra Götaland,PHEV,company,180
2023-01-01,14,Västra Götaland,PHEV,dealer,215
2023-01-01,14,Västra Götaland,PHEV,private,94
2023-01-01,17,Värmland,BEV,company,24
2023-01-01,17,Värmland,BEV,dealer,5
2023-01-01,17,Värmland,BEV,private,49
2023-01-01,17,Värmland,DIESEL,company,44
2023-01-01,17,Värmland,DIESEL,dealer,59
2023-01-01,17,Värmland,DIESEL,private,10
2023-01-01,17,Värmland,ETHANOL,company,2
2023-01-01,17,Värmland,ETHANOL,dealer,1
2023-01-01,17,Värmland,ETHANOL,private,1
2023-01-01,17,Värmland,HEV,company,14
2023-01-01,17,Värmland,HEV,dealer,16
2023-01-01,17,Värmland,HEV,private,20
2023-01-01,17,Värmland,PETROL,company,67
2023-01-01,17,Värmland,PETROL,dealer,18
2023-01-01,17,Värmland,PETROL,private,56
2023-01-01,17,Värmland,PHEV,company,26
2023-01-01,17,Värmland,PHEV,dealer,13
2023-01-01,17,Värmland,PHEV,private,23
2023-01-01,18,Örebro,BEV,company,22
2023-01-01,18,Örebro,BEV,dealer,15
2023-01-01,18,Örebro,BEV,private,64
2023-01-01,18,Örebro,DIESEL,company,12
2023-01-01,18,Örebro,DIESEL,dealer,4
2023-01-01,18,Örebro,DIESEL,private,6
2023-01-01,18,Örebro,ETHANOL,company,2
2023-01-01,18,Örebro,ETHANOL,dealer,2
2023-01-01,18,Örebro,HEV,company,3
2023-01-01,18,Örebro,HEV,dealer,21
2023-01-01,18,Örebro,HEV,private,12
2023-01-01,18,Örebro,PETROL,company,8
2023-01-01,18,Örebro,PETROL,dealer,11
2023-01-01,18,Örebro,PETROL,private,40
2023-01-01,18,Örebro,PHEV,company,18
2023-01-01,18,Örebro,PHEV,dealer,17
2023-01-01,18,Örebro,PHEV,private,19
2023-01-01,19,Västmanland,BEV,company,28
2023-01-01,19,Västmanland,BEV,dealer,10
2023-01-01,19,Västmanland,BEV,private,48
2023-01-01,19,Västmanland,DIESEL,company,13
2023-01-01,19,Västmanland,DIESEL,dealer,7
2023-01-01,19,Västmanland,DIESEL,private,6
2023-01-01,19,Västmanland,ETHANOL,dealer,2
2023-01-01,19,Västmanland,ETHANOL,private,2
2023-01-01,19,Västmanland,GAS,company,2
2023-01-01,19,Västmanland,HEV,company,3
2023-01-01,19,Västmanland,HEV,dealer,4
2023-01-01,19,Västmanland,HEV,private,13
2023-01-01,19,Västmanland,PETROL,company,10
2023-01-01,19,Västmanland,PETROL,dealer,13
2023-01-01,19,Västmanland,PETROL,private,46
2023-01-01,19,Västmanland,PHEV,company,30
2023-01-01,19,Västmanland,PHEV,dealer,13
2023-01-01,19,Västmanland,PHEV,private,23
2023-01-01,20,Dalarna,BEV,company,45
2023-01-01,20,Dalarna,BEV,dealer,14
2023-01-01,20,Dalarna,BEV,private,44
2023-01-01,20,Dalarna,DIESEL,company,29
2023-01-01,20,Dalarna,DIESEL,dealer,11
2023-01-01,20,Dalarna,DIESEL,private,6
2023-01-01,20,Dalarna,ETHANOL,dealer,1
2023-01-01,20,Dalarna,ETHANOL,private,3
2023-01-01,20,Dalarna,GAS,company,1
2023-01-01,20,Dalarna,HEV,company,5
2023-01-01,20,Dalarna,HEV,dealer,10
2023-01-01,20,Dalarna,HEV,private,11
2023-01-01,20,Dalarna,PETROL,company,28
2023-01-01,20,Dalarna,PETROL,dealer,25
2023-01-01,20,Dalarna,PETROL,private,24
2023-01-01,20,Dalarna,PHEV,company,31
2023-01-01,20,Dalarna,PHEV,dealer,22
2023-01-01,20,Dalarna,PHEV,private,11
2023-01-01,21,Gävleborg,BEV,company,29
2023-01-01,21,Gävleborg,BEV,dealer,10
2023-01-01,21,Gävleborg,BEV,private,31
2023-01-01,21,Gävleborg,DIESEL,company,24
2023-01-01,21,Gävleborg,DIESEL,dealer,15
2023-01-01,21,Gävleborg,DIESEL,private,7
2023-01-01,21,Gävleborg,ETHANOL,company,2
2023-01-01,21,Gävleborg,ETHANOL,dealer,3
2023-01-01,21,Gävleborg,ETHANOL,private,1
2023-01-01,21,Gävleborg,GAS,company,1
2023-01-01,21,Gävleborg,HEV,company,10
2023-01-01,21,Gävleborg,HEV,dealer,15
2023-01-01,21,Gävleborg,HEV,private,37
2023-01-01,21,Gävleborg,PETROL,company,19
2023-01-01,21,Gävleborg,PETROL,dealer,22
2023-01-01,21,Gävleborg,PETROL,private,35
2023-01-01,21,Gävleborg,PHEV,company,17
2023-01-01,21,Gävleborg,PHEV,dealer,18
2023-01-01,21,Gävleborg,PHEV,private,14
2023-01-01,22,Västernorrland,BEV,company,16
2023-01-01,22,Västernorrland,BEV,dealer,6
2023-01-01,22,Västernorrland,BEV,private,34
2023-01-01,22,Västernorrland,DIESEL,company,16
2023-01-01,22,Västernorrland,DIESEL,dealer,13
2023-01-01,22,Västernorrland,DIESEL,private,6
2023-01-01,22,Västernorrland,ETHANOL,company,2
2023-01-01,22,Västernorrland,ETHANOL,dealer,2
2023-01-01,22,Västernorrland,ETHANOL,private,1
2023-01-01,22,Västernorrland,GAS,company,1
2023-01-01,22,Västernorrland,HEV,company,4
2023-01-01,22,Västernorrland,HEV,dealer,24
2023-01-01,22,Västernorrland,HEV,private,19
2023-01-01,22,Västernorrland,PETROL,company,14
2023-01-01,22,Västernorrland,PETROL,dealer,33
2023-01-01,22,Västernorrland,PETROL,private,18
2023-01-01,22,Västernorrland,PHEV,company,16
2023-01-01,22,Västernorrland,PHEV,dealer,14
2023-01-01,22,Västernorrland,PHEV,private,19
2023-01-01,23,Jämtland,BEV,company,11
2023-01-01,23,Jämtland,BEV,dealer,2
2023-01-01,23,Jämtland,BEV,private,16
2023-01-01,23,Jämtland,DIESEL,company,7
2023-01-01,23,Jämtland,DIESEL,dealer,14
2023-01-01,23,Jämtland,DIESEL,private,3
2023-01-01,23,Jämtland,ETHANOL,dealer,1
2023-01-01,23,Jämtland,GAS,company,1
2023-01-01,23,Jämtland,HEV,company,8
2023-01-01,23,Jämtland,HEV,dealer,5
2023-01-01,23,Jämtland,HEV,private,5
2023-01-01,23,Jämtland,PETROL,company,14
2023-01-01,23,Jämtland,PETROL,dealer,3
2023-01-01,23,Jämtland,PETROL,private,5
2023-01-01,23,Jämtland,PHEV,company,11
2023-01-01,23,Jämtland,PHEV,dealer,3
2023-01-01,23,Jämtland,PHEV,private,4
2023-01-01,24,Västerbotten,BEV,company,21
2023-01-01,24,Västerbotten,BEV,dealer,8
2023-01-01,24,Västerbotten,BEV,private,54
2023-01-01,24,Västerbotten,DIESEL,company,32
2023-01-01,24,Västerbotten,DIESEL,dealer,33
2023-01-01,24,Västerbotten,DIESEL,private,7
2023-01-01,24,Västerbotten,ETHANOL,company,3
2023-01-01,24,Västerbotten,ETHANOL,dealer,4
2023-01-01,24,Västerbotten,HEV,company,2
2023-01-01,24,Västerbotten,HEV,dealer,16
2023-01-01,24,Västerbotten,HEV,private,9
2023-01-01,24,Västerbotten,PETROL,company,11
2023-01-01,24,Västerbotten,PETROL,dealer,11
2023-01-01,24,Västerbotten,PETROL,private,23
2023-01-01,24,Västerbotten,PHEV,company,15
2023-01-01,24,Västerbotten,PHEV,dealer,10
2023-01-01,24,Västerbotten,PHEV,private,22
2023-01-01,25,Norrbotten,BEV,company,15
2023-01-01,25,Norrbotten,BEV,dealer,1
2023-01-01,25,Norrbotten,BEV,private,42
2023-01-01,25,Norrbotten,DIESEL,company,26
2023-01-01,25,Norrbotten,DIESEL,dealer,76
2023-01-01,25,Norrbotten,DIESEL,private,9
2023-01-01,25,Norrbotten,ETHANOL,dealer,1
2023-01-01,25,Norrbotten,ETHANOL,private,5
2023-01-01,25,Norrbotten,HEV,company,13
2023-01-01,25,Norrbotten,HEV,dealer,4
2023-01-01,25,Norrbotten,HEV,private,18
2023-01-01,25,Norrbotten,PETROL,company,7
2023-01-01,25,Norrbotten,PETROL,dealer,10
2023-01-01,25,Norrbotten,PETROL,private,13
2023-01-01,25,Norrbotten,PHEV,company,23
2023-01-01,25,Norrbotten,PHEV,dealer,13
2023-01-01,25,Norrbotten,PHEV,private,16
2023-02-01,01,Stockholm,BEV,company,1679
2023-02-01,01,Stockholm,BEV,dealer,142
2023-02-01,01,Stockholm,BEV,private,438
2023-02-01,01,Stockholm,DIESEL,company,362
2023-02-01,01,Stockholm,DIESEL,dealer,208
2023-02-01,01,Stockholm,DIESEL,private,64
2023-02-01,01,Stockholm,ETHANOL,company,43
2023-02-01,01,Stockholm,ETHANOL,dealer,76
2023-02-01,01,Stockholm,ETHANOL,private,21
2023-02-01,01,Stockholm,GAS,company,47
2023-02-01,01,Stockholm,GAS,private,1
2023-02-01,01,Stockholm,HEV,company,215
2023-02-01,01,Stockholm,HEV,dealer,71
2023-02-01,01,Stockholm,HEV,private,201
2023-02-01,01,Stockholm,PETROL,company,357
2023-02-01,01,Stockholm,PETROL,dealer,131
2023-02-01,01,Stockholm,PETROL,private,426
2023-02-01,01,Stockholm,PHEV,company,1208
2023-02-01,01,Stockholm,PHEV,dealer,179
2023-02-01,01,Stockholm,PHEV,private,181
2023-02-01,03,Uppsala,BEV,company,135
2023-02-01,03,Uppsala,BEV,dealer,13
2023-02-01,03,Uppsala,BEV,private,96
2023-02-01,03,Uppsala,DIESEL,company,31
2023-02-01,03,Uppsala,DIESEL,dealer,9
2023-02-01,03,Uppsala,DIESEL,private,15
2023-02-01,03,Uppsala,ETHANOL,company,1
2023-02-01,03,Uppsala,ETHANOL,private,6
2023-02-01,03,Uppsala,GAS,company,5
2023-02-01,03,Uppsala,HEV,company,28
2023-02-01,03,Uppsala,HEV,dealer,19
2023-02-01,03,Uppsala,HEV,private,36
2023-02-01,03,Uppsala,PETROL,company,40
2023-02-01,03,Uppsala,PETROL,dealer,26
2023-02-01,03,Uppsala,PETROL,private,47
2023-02-01,03,Uppsala,PHEV,company,67
2023-02-01,03,Uppsala,PHEV,dealer,18
2023-02-01,03,Uppsala,PHEV,private,26
2023-02-01,04,Södermanland,BEV,company,32
2023-02-01,04,Södermanland,BEV,dealer,20
2023-02-01,04,Södermanland,BEV,private,52
2023-02-01,04,Södermanland,DIESEL,company,19
2023-02-01,04,Södermanland,DIESEL,dealer,14
2023-02-01,04,Södermanland,DIESEL,private,9
2023-02-01,04,Södermanland,ETHANOL,private,2
2023-02-01,04,Södermanland,HEV,company,4
2023-02-01,04,Södermanland,HEV,dealer,6
2023-02-01,04,Södermanland,HEV,private,21
2023-02-01,04,Södermanland,PETROL,company,12
2023-02-01,04,Södermanland,PETROL,dealer,32
2023-02-01,04,Södermanland,PETROL,private,48
2023-02-01,04,Södermanland,PHEV,company,39
2023-02-01,04,Södermanland,PHEV,dealer,30
2023-02-01,04,Södermanland,PHEV,private,29
2023-02-01,05,Östergötland,BEV,company,86
2023-02-01,05,Östergötland,BEV,dealer,24
2023-02-01,05,Östergötland,BEV,private,114
2023-02-01,05,Östergötland,DIESEL,company,59
2023-02-01,05,Östergötland,DIESEL,dealer,8
2023-02-01,05,Östergötland,DIESEL,private,9
2023-02-01,05,Östergötland,ETHANOL,company,5
2023-02-01,05,Östergötland,ETHANOL,dealer,2
2023-02-01,05,Östergötland,ETHANOL,private,6
2023-02-01,05,Östergötland,GAS,private,1
2023-02-01,05,Östergötland,HEV,company,7
2023-02-01,05,Östergötland,HEV,dealer,54
2023-02-01,05,Östergötland,HEV,private,34
2023-02-01,05,Östergötland,PETROL,company,39
2023-02-01,05,Östergötland,PETROL,dealer,41
2023-02-01,05,Östergötland,PETROL,private,71
2023-02-01,05,Östergötland,PHEV,company,63
2023-02-01,05,Östergötland,PHEV,dealer,23
2023-02-01,05,Östergötland,PHEV,private,48
2023-02-01,06,Jönköping,BEV,company,86
2023-02-01,06,Jönköping,BEV,dealer,26
2023-02-01,06,Jönköping,BEV,private,86
2023-02-01,06,Jönköping,DIESEL,company,27
2023-02-01,06,Jönköping,DIESEL,dealer,16
2023-02-01,06,Jönköping,DIESEL,private,18
2023-02-01,06,Jönköping,ETHANOL,company,20
2023-02-01,06,Jönköping,ETHANOL,dealer,8
2023-02-01,06,Jönköping,ETHANOL,private,6
2023-02-01,06,Jönköping,GAS,company,1
2023-02-01,06,Jönköping,HEV,company,19
2023-02-01,06,Jönköping,HEV,dealer,19
2023-02-01,06,Jönköping,HEV,private,38
2023-02-01,06,Jönköping,PETROL,company,45
2023-02-01,06,Jönköping,PETROL,dealer,42
2023-02-01,06,Jönköping,PETROL,private,80
2023-02-01,06,Jönköping,PHEV,company,53
2023-02-01,06,Jönköping,PHEV,dealer,31
2023-02-01,06,Jönköping,PHEV,private,17
2023-02-01,07,Kronoberg,BEV,company,47
2023-02-01,07,Kronoberg,BEV,dealer,5
2023-02-01,07,Kronoberg,BEV,private,38
2023-02-01,07,Kronoberg,DIESEL,company,22
2023-02-01,07,Kronoberg,DIESEL,dealer,3
2023-02-01,07,Kronoberg,DIESEL,private,14
2023-02-01,07,Kronoberg,ETHANOL,company,1
2023-02-01,07,Kronoberg,ETHANOL,dealer,1
2023-02-01,07,Kronoberg,ETHANOL,private,2
2023-02-01,07,Kronoberg,HEV,company,6
2023-02-01,07,Kronoberg,HEV,dealer,13
2023-02-01,07,Kronoberg,HEV,private,12
2023-02-01,07,Kronoberg,OTHER,company,1
2023-02-01,07,Kronoberg,PETROL,company,8
2023-02-01,07,Kronoberg,PETROL,dealer,29
2023-02-01,07,Kronoberg,PETROL,private,37
2023-02-01,07,Kronoberg,PHEV,company,14
2023-02-01,07,Kronoberg,PHEV,dealer,12
2023-02-01,07,Kronoberg,PHEV,private,15
2023-02-01,08,Kalmar,BEV,company,54
2023-02-01,08,Kalmar,BEV,dealer,23
2023-02-01,08,Kalmar,BEV,private,57
2023-02-01,08,Kalmar,DIESEL,company,16
2023-02-01,08,Kalmar,DIESEL,dealer,26
2023-02-01,08,Kalmar,DIESEL,private,16
2023-02-01,08,Kalmar,ETHANOL,company,1
2023-02-01,08,Kalmar,ETHANOL,dealer,3
2023-02-01,08,Kalmar,ETHANOL,private,5
2023-02-01,08,Kalmar,GAS,company,23
2023-02-01,08,Kalmar,HEV,company,1
2023-02-01,08,Kalmar,HEV,dealer,9
2023-02-01,08,Kalmar,HEV,private,16
2023-02-01,08,Kalmar,PETROL,company,26
2023-02-01,08,Kalmar,PETROL,dealer,37
2023-02-01,08,Kalmar,PETROL,private,43
2023-02-01,08,Kalmar,PHEV,company,13
2023-02-01,08,Kalmar,PHEV,dealer,13
2023-02-01,08,Kalmar,PHEV,private,12
2023-02-01,09,Gotland,BEV,company,4
2023-02-01,09,Gotland,BEV,dealer,3
2023-02-01,09,Gotland,BEV,private,8
2023-02-01,09,Gotland,DIESEL,company,1
2023-02-01,09,Gotland,ETHANOL,company,6
2023-02-01,09,Gotland,ETHANOL,dealer,1
2023-02-01,09,Gotland,ETHANOL,private,2
2023-02-01,09,Gotland,GAS,company,1
2023-02-01,09,Gotland,HEV,company,1
2023-02-01,09,Gotland,HEV,dealer,5
2023-02-01,09,Gotland,HEV,private,1
2023-02-01,09,Gotland,PETROL,dealer,4
2023-02-01,09,Gotland,PETROL,private,1
2023-02-01,09,Gotland,PHEV,company,2
2023-02-01,09,Gotland,PHEV,dealer,5
2023-02-01,10,Blekinge,BEV,company,22
2023-02-01,10,Blekinge,BEV,dealer,4
2023-02-01,10,Blekinge,BEV,private,36
2023-02-01,10,Blekinge,DIESEL,company,8
2023-02-01,10,Blekinge,DIESEL,private,5
2023-02-01,10,Blekinge,ETHANOL,company,3
2023-02-01,10,Blekinge,ETHANOL,dealer,5
2023-02-01,10,Blekinge,ETHANOL,private,1
2023-02-01,10,Blekinge,GAS,company,9
2023-02-01,10,Blekinge,HEV,dealer,2
2023-02-01,10,Blekinge,HEV,private,10
2023-02-01,10,Blekinge,PETROL,company,10
2023-02-01,10,Blekinge,PETROL,dealer,27
2023-02-01,10,Blekinge,PETROL,private,25
2023-02-01,10,Blekinge,PHEV,company,5
2023-02-01,10,Blekinge,PHEV,dealer,15
2023-02-01,10,Blekinge,PHEV,private,6
2023-02-01,12,Skåne,BEV,company,387
2023-02-01,12,Skåne,BEV,dealer,74
2023-02-01,12,Skåne,BEV,private,341
2023-02-01,12,Skåne,DIESEL,company,183
2023-02-01,12,Skåne,DIESEL,dealer,175
2023-02-01,12,Skåne,DIESEL,private,66
2023-02-01,12,Skåne,ETHANOL,company,9
2023-02-01,12,Skåne,ETHANOL,dealer,6
2023-02-01,12,Skåne,ETHANOL,private,9
2023-02-01,12,Skåne,GAS,company,20
2023-02-01,12,Skåne,GAS,private,1
2023-02-01,12,Skåne,HEV,company,68
2023-02-01,12,Skåne,HEV,dealer,33
2023-02-01,12,Skåne,HEV,private,127
2023-02-01,12,Skåne,PETROL,company,169
2023-02-01,12,Skåne,PETROL,dealer,370
2023-02-01,12,Skåne,PETROL,private,379
2023-02-01,12,Skåne,PHEV,company,230
2023-02-01,12,Skåne,PHEV,dealer,118
2023-02-01,12,Skåne,PHEV,private,70
2023-02-01,13,Halland,BEV,company,81
2023-02-01,13,Halland,BEV,dealer,14
2023-02-01,13,Halland,BEV,private,107
2023-02-01,13,Halland,DIESEL,company,21
2023-02-01,13,Halland,DIESEL,dealer,19
2023-02-01,13,Halland,DIESEL,private,19
2023-02-01,13,Halland,ETHANOL,company,3
2023-02-01,13,Halland,ETHANOL,dealer,4
2023-02-01,13,Halland,ETHANOL,private,5
2023-02-01,13,Halland,HEV,company,5
2023-02-01,13,Halland,HEV,dealer,18
2023-02-01,13,Halland,HEV,private,28
2023-02-01,13,Halland,PETROL,company,25
2023-02-01,13,Halland,PETROL,dealer,52
2023-02-01,13,Halland,PETROL,private,88
2023-02-01,13,Halland,PHEV,company,38
2023-02-01,13,Halland,PHEV,dealer,29
2023-02-01,13,Halland,PHEV,private,23
2023-02-01,14,Västra Götaland,BEV,company,416
2023-02-01,14,Västra Götaland,BEV,dealer,129
2023-02-01,14,Västra Götaland,BEV,private,495
2023-02-01,14,Västra Götaland,DIESEL,company,135
2023-02-01,14,Västra Götaland,DIESEL,dealer,44
2023-02-01,14,Västra Götaland,DIESEL,private,66
2023-02-01,14,Västra Götaland,ETHANOL,company,23
2023-02-01,14,Västra Götaland,ETHANOL,dealer,11
2023-02-01,14,Västra Götaland,ETHANOL,private,16
2023-02-01,14,Västra Götaland,GAS,company,16
2023-02-01,14,Västra Götaland,HEV,company,108
2023-02-01,14,Västra Götaland,HEV,dealer,146
2023-02-01,14,Västra Götaland,HEV,private,153
2023-02-01,14,Västra Götaland,OTHER,private,1
2023-02-01,14,Västra Götaland,PETROL,company,165
2023-02-01,14,Västra Götaland,PETROL,dealer,288
2023-02-01,14,Västra Götaland,PETROL,private,388
2023-02-01,14,Västra Götaland,PHEV,company,189
2023-02-01,14,Västra Götaland,PHEV,dealer,275
2023-02-01,14,Västra Götaland,PHEV,private,123
2023-02-01,17,Värmland,BEV,company,29
2023-02-01,17,Värmland,BEV,dealer,20
2023-02-01,17,Värmland,BEV,private,38
2023-02-01,17,Värmland,DIESEL,company,58
2023-02-01,17,Värmland,DIESEL,dealer,19
2023-02-01,17,Värmland,DIESEL,private,12
2023-02-01,17,Värmland,ETHANOL,company,4
2023-02-01,17,Värmland,ETHANOL,dealer,1
2023-02-01,17,Värmland,ETHANOL,private,6
2023-02-01,17,Värmland,GAS,private,1
2023-02-01,17,Värmland,HEV,company,19
2023-02-01,17,Värmland,HEV,dealer,16
2023-02-01,17,Värmland,HEV,private,23
2023-02-01,17,Värmland,PETROL,company,82
2023-02-01,17,Värmland,PETROL,dealer,39
2023-02-01,17,Värmland,PETROL,private,43
2023-02-01,17,Värmland,PHEV,company,28
2023-02-01,17,Värmland,PHEV,dealer,14
2023-02-01,17,Värmland,PHEV,private,20
2023-02-01,18,Örebro,BEV,company,30
2023-02-01,18,Örebro,BEV,dealer,8
2023-02-01,18,Örebro,BEV,private,62
2023-02-01,18,Örebro,DIESEL,company,29
2023-02-01,18,Örebro,DIESEL,dealer,10
2023-02-01,18,Örebro,DIESEL,private,20
2023-02-01,18,Örebro,ETHANOL,company,3
2023-02-01,18,Örebro,ETHANOL,dealer,1
2023-02-01,18,Örebro,ETHANOL,private,6
2023-02-01,18,Örebro,HEV,company,10
2023-02-01,18,Örebro,HEV,dealer,25
2023-02-01,18,Örebro,HEV,private,30
2023-02-01,18,Örebro,PETROL,company,21
2023-02-01,18,Örebro,PETROL,dealer,8
2023-02-01,18,Örebro,PETROL,private,47
2023-02-01,18,Örebro,PHEV,company,29
2023-02-01,18,Örebro,PHEV,dealer,27
2023-02-01,18,Örebro,PHEV,private,26
2023-02-01,19,Västmanland,BEV,company,31
2023-02-01,19,Västmanland,BEV,dealer,10
2023-02-01,19,Västmanland,BEV,private,75
2023-02-01,19,Västmanland,DIESEL,company,12
2023-02-01,19,Västmanland,DIESEL,dealer,3
2023-02-01,19,Västmanland,DIESEL,private,9
2023-02-01,19,Västmanland,ETHANOL,company,1
2023-02-01,19,Västmanland,ETHANOL,private,5
2023-02-01,19,Västmanland,GAS,company,4
2023-02-01,19,Västmanland,HEV,company,4
2023-02-01,19,Västmanland,HEV,dealer,5
2023-02-01,19,Västmanland,HEV,private,21
2023-02-01,19,Västmanland,PETROL,company,24
2023-02-01,19,Västmanland,PETROL,dealer,16
2023-02-01,19,Västmanland,PETROL,private,51
2023-02-01,19,Västmanland,PHEV,company,40
2023-02-01,19,Västmanland,PHEV,dealer,29
2023-02-01,19,Västmanland,PHEV,private,32
2023-02-01,20,Dalarna,BEV,company,35
2023-02-01,20,Dalarna,BEV,dealer,14
2023-02-01,20,Dalarna,BEV,private,45
2023-02-01,20,Dalarna,DIESEL,company,30
2023-02-01,20,Dalarna,DIESEL,dealer,10
2023-02-01,20,Dalarna,DIESEL,private,7
2023-02-01,20,Dalarna,ETHANOL,company,6
2023-02-01,20,Dalarna,ETHANOL,dealer,1
2023-02-01,20,Dalarna,ETHANOL,private,9
2023-02-01,20,Dalarna,HEV,company,11
2023-02-01,20,Dalarna,HEV,dealer,10
2023-02-01,20,Dalarna,HEV,private,10
2023-02-01,20,Dalarna,PETROL,company,32
2023-02-01,20,Dalarna,PETROL,dealer,19
2023-02-01,20,Dalarna,PETROL,private,30
2023-02-01,20,Dalarna,PHEV,company,22
2023-02-01,20,Dalarna,PHEV,dealer,43
2023-02-01,20,Dalarna,PHEV,private,20
2023-02-01,21,Gävleborg,BEV,company,38
2023-02-01,21,Gävleborg,BEV,dealer,9
2023-02-01,21,Gävleborg,BEV,private,35
2023-02-01,21,Gävleborg,DIESEL,company,22
2023-02-01,21,Gävleborg,DIESEL,dealer,14
2023-02-01,21,Gävleborg,DIESEL,private,11
2023-02-01,21,Gävleborg,ETHANOL,company,3
2023-02-01,21,Gävleborg,ETHANOL,dealer,11
2023-02-01,21,Gävleborg,ETHANOL,private,5
2023-02-01,21,Gävleborg,HEV,company,13
2023-02-01,21,Gävleborg,HEV,dealer,21
2023-02-01,21,Gävleborg,HEV,private,30
2023-02-01,21,Gävleborg,PETROL,company,13
2023-02-01,21,Gävleborg,PETROL,dealer,26
2023-02-01,21,Gävleborg,PETROL,private,37
2023-02-01,21,Gävleborg,PHEV,company,35
2023-02-01,21,Gävleborg,PHEV,dealer,26
2023-02-01,21,Gävleborg,PHEV,private,12
2023-02-01,22,Västernorrland,BEV,company,56
2023-02-01,22,Västernorrland,BEV,dealer,4
2023-02-01,22,Västernorrland,BEV,private,57
2023-02-01,22,Västernorrland,DIESEL,company,53
2023-02-01,22,Västernorrland,DIESEL,dealer,16
2023-02-01,22,Västernorrland,DIESEL,private,6
2023-02-01,22,Västernorrland,ETHANOL,company,1
2023-02-01,22,Västernorrland,ETHANOL,dealer,17
2023-02-01,22,Västernorrland,ETHANOL,private,4
2023-02-01,22,Västernorrland,HEV,company,3
2023-02-01,22,Västernorrland,HEV,dealer,14
2023-02-01,22,Västernorrland,HEV,private,13
2023-02-01,22,Västernorrland,PETROL,company,12
2023-02-01,22,Västernorrland,PETROL,dealer,11
2023-02-01,22,Västernorrland,PETROL,private,23
2023-02-01,22,Västernorrland,PHEV,company,30
2023-02-01,22,Västernorrland,PHEV,dealer,32
2023-02-01,22,Västernorrland,PHEV,private,24
2023-02-01,23,Jämtland,BEV,company,33
2023-02-01,23,Jämtland,BEV,dealer,1
2023-02-01,23,Jämtland,BEV,private,22
2023-02-01,23,Jämtland,DIESEL,company,15
2023-02-01,23,Jämtland,DIESEL,dealer,11
2023-02-01,23,Jämtland,DIESEL,private,4
2023-02-01,23,Jämtland,ETHANOL,company,1
2023-02-01,23,Jämtland,ETHANOL,dealer,13
2023-02-01,23,Jämtland,HEV,company,22
2023-02-01,23,Jämtland,HEV,dealer,5
2023-02-01,23,Jämtland,HEV,private,6
2023-02-01,23,Jämtland,PETROL,company,3
2023-02-01,23,Jämtland,PETROL,dealer,4
2023-02-01,23,Jämtland,PETROL,private,9
2023-02-01,23,Jämtland,PHEV,company,12
2023-02-01,23,Jämtland,PHEV,dealer,6
2023-02-01,23,Jämtland,PHEV,private,2
2023-02-01,24,Västerbotten,BEV,company,41
2023-02-01,24,Västerbotten,BEV,dealer,13
2023-02-01,24,Västerbotten,BEV,private,56
2023-02-01,24,Västerbotten,DIESEL,company,45
2023-02-01,24,Västerbotten,DIESEL,dealer,19
2023-02-01,24,Västerbotten,DIESEL,private,5
2023-02-01,24,Västerbotten,ETHANOL,company,1
2023-02-01,24,Västerbotten,ETHANOL,dealer,9
2023-02-01,24,Västerbotten,ETHANOL,private,1
2023-02-01,24,Västerbotten,HEV,company,5
2023-02-01,24,Västerbotten,HEV,dealer,22
2023-02-01,24,Västerbotten,HEV,private,12
2023-02-01,24,Västerbotten,PETROL,company,14
2023-02-01,24,Västerbotten,PETROL,dealer,27
2023-02-01,24,Västerbotten,PETROL,private,27
2023-02-01,24,Västerbotten,PHEV,company,29
2023-02-01,24,Västerbotten,PHEV,dealer,18
2023-02-01,24,Västerbotten,PHEV,private,27
2023-02-01,25,Norrbotten,BEV,company,31
2023-02-01,25,Norrbotten,BEV,dealer,4
2023-02-01,25,Norrbotten,BEV,private,41
2023-02-01,25,Norrbotten,DIESEL,company,41
2023-02-01,25,Norrbotten,DIESEL,dealer,18
2023-02-01,25,Norrbotten,DIESEL,private,11
2023-02-01,25,Norrbotten,ETHANOL,company,11
2023-02-01,25,Norrbotten,ETHANOL,dealer,12
2023-02-01,25,Norrbotten,HEV,company,13
2023-02-01,25,Norrbotten,HEV,dealer,7
2023-02-01,25,Norrbotten,HEV,private,10
2023-02-01,25,Norrbotten,PETROL,company,10
2023-02-01,25,Norrbotten,PETROL,dealer,4
2023-02-01,25,Norrbotten,PETROL,private,16
2023-02-01,25,Norrbotten,PHEV,company,31
2023-02-01,25,Norrbotten,PHEV,dealer,14
2023-02-01,25,Norrbotten,PHEV,private,17
2023-03-01,01,Stockholm,BEV,company,3881
2023-03-01,01,Stockholm,BEV,dealer,606
2023-03-01,01,Stockholm,BEV,private,794
2023-03-01,01,Stockholm,DIESEL,company,431
2023-03-01,01,Stockholm,DIESEL,dealer,348
2023-03-01,01,Stockholm,DIESEL,private,94
2023-03-01,01,Stockholm,ETHANOL,company,149
2023-03-01,01,Stockholm,ETHANOL,dealer,5
2023-03-01,01,Stockholm,ETHANOL,private,21
2023-03-01,01,Stockholm,GAS,company,34
2023-03-01,01,Stockholm,HEV,company,396
2023-03-01,01,Stockholm,HEV,dealer,167
2023-03-01,01,Stockholm,HEV,private,253
2023-03-01,01,Stockholm,OTHER,company,1
2023-03-01,01,Stockholm,PETROL,company,775
2023-03-01,01,Stockholm,PETROL,dealer,447
2023-03-01,01,Stockholm,PETROL,private,541
2023-03-01,01,Stockholm,PHEV,company,1945
2023-03-01,01,Stockholm,PHEV,dealer,235
2023-03-01,01,Stockholm,PHEV,private,283
2023-03-01,03,Uppsala,BEV,company,201
2023-03-01,03,Uppsala,BEV,dealer,22
2023-03-01,03,Uppsala,BEV,private,141
2023-03-01,03,Uppsala,DIESEL,company,33
2023-03-01,03,Uppsala,DIESEL,dealer,6
2023-03-01,03,Uppsala,DIESEL,private,11
2023-03-01,03,Uppsala,ETHANOL,company,8
2023-03-01,03,Uppsala,ETHANOL,dealer,4
2023-03-01,03,Uppsala,ETHANOL,private,7
2023-03-01,03,Uppsala,GAS,company,3
2023-03-01,03,Uppsala,HEV,company,33
2023-03-01,03,Uppsala,HEV,dealer,79
2023-03-01,03,Uppsala,HEV,private,58
2023-03-01,03,Uppsala,OTHER,private,1
2023-03-01,03,Uppsala,PETROL,company,73
2023-03-01,03,Uppsala,PETROL,dealer,39
2023-03-01,03,Uppsala,PETROL,private,68
2023-03-01,03,Uppsala,PHEV,company,63
2023-03-01,03,Uppsala,PHEV,dealer,26
2023-03-01,03,Uppsala,PHEV,private,54
2023-03-01,04,Södermanland,BEV,company,102
2023-03-01,04,Södermanland,BEV,dealer,30
2023-03-01,04,Södermanland,BEV,private,86
2023-03-01,04,Södermanland,DIESEL,company,18
2023-03-01,04,Södermanland,DIESEL,dealer,7
2023-03-01,04,Södermanland,DIESEL,private,13
2023-03-01,04,Södermanland,GAS,company,2
2023-03-01,04,Södermanland,HEV,company,11
2023-03-01,04,Södermanland,HEV,dealer,28
2023-03-01,04,Södermanland,HEV,private,29
2023-03-01,04,Södermanland,PETROL,company,14
2023-03-01,04,Södermanland,PETROL,dealer,34
2023-03-01,04,Södermanland,PETROL,private,45
2023-03-01,04,Södermanland,PHEV,company,38
2023-03-01,04,Södermanland,PHEV,dealer,13
2023-03-01,04,Södermanland,PHEV,private,47
2023-03-01,05,Östergötland,BEV,company,196
2023-03-01,05,Östergötland,BEV,dealer,80
2023-03-01,05,Östergötland,BEV,private,169
2023-03-01,05,Östergötland,DIESEL,company,34
2023-03-01,05,Östergötland,DIESEL,dealer,15
2023-03-01,05,Östergötland,DIESEL,private,19
2023-03-01,05,Östergötland,ETHANOL,company,1
2023-03-01,05,Östergötland,ETHANOL,private,3
2023-03-01,05,Östergötland,GAS,company,1
2023-03-01,05,Östergötland,HEV,company,21
2023-03-01,05,Östergötland,HEV,dealer,50
2023-03-01,05,Östergötland,HEV,private,46
2023-03-01,05,Östergötland,PETROL,company,21
2023-03-01,05,Östergötland,PETROL,dealer,76
2023-03-01,05,Östergötland,PETROL,private,97
2023-03-01,05,Östergötland,PHEV,company,49
2023-03-01,05,Östergötland,PHEV,dealer,56
2023-03-01,05,Östergötland,PHEV,private,53
2023-03-01,06,Jönköping,BEV,company,182
2023-03-01,06,Jönköping,BEV,dealer,39
2023-03-01,06,Jönköping,BEV,private,154
2023-03-01,06,Jönköping,DIESEL,company,21
2023-03-01,06,Jönköping,DIESEL,dealer,25
2023-03-01,06,Jönköping,DIESEL,private,22
2023-03-01,06,Jönköping,ETHANOL,company,5
2023-03-01,06,Jönköping,ETHANOL,dealer,4
2023-03-01,06,Jönköping,ETHANOL,private,5
2023-03-01,06,Jönköping,GAS,company,1
2023-03-01,06,Jönköping,GAS,dealer,1
2023-03-01,06,Jönköping,HEV,company,63
2023-03-01,06,Jönköping,HEV,dealer,44
2023-03-01,06,Jönköping,HEV,private,58
2023-03-01,06,Jönköping,OTHER,private,1
2023-03-01,06,Jönköping,PETROL,company,100
2023-03-01,06,Jönköping,PETROL,dealer,60
2023-03-01,06,Jönköping,PETROL,private,87
2023-03-01,06,Jönköping,PHEV,company,49
2023-03-01,06,Jönköping,PHEV,dealer,51
2023-03-01,06,Jönköping,PHEV,private,24
2023-03-01,07,Kronoberg,BEV,company,78
2023-03-01,07,Kronoberg,BEV,dealer,22
2023-03-01,07,Kronoberg,BEV,private,75
2023-03-01,07,Kronoberg,DIESEL,company,10
2023-03-01,07,Kronoberg,DIESEL,dealer,6
2023-03-01,07,Kronoberg,DIESEL,private,11
2023-03-01,07,Kronoberg,ETHANOL,company,1
2023-03-01,07,Kronoberg,ETHANOL,dealer,3
2023-03-01,07,Kronoberg,ETHANOL,private,3
2023-03-01,07,Kronoberg,HEV,company,4
2023-03-01,07,Kronoberg,HEV,dealer,25
2023-03-01,07,Kronoberg,HEV,private,14
2023-03-01,07,Kronoberg,PETROL,company,14
2023-03-01,07,Kronoberg,PETROL,dealer,35
2023-03-01,07,Kronoberg,PETROL,private,42
2023-03-01,07,Kronoberg,PHEV,company,33
2023-03-01,07,Kronoberg,PHEV,dealer,18
2023-03-01,07,Kronoberg,PHEV,private,23
2023-03-01,08,Kalmar,BEV,company,45
2023-03-01,08,Kalmar,BEV,dealer,29
2023-03-01,08,Kalmar,BEV,private,75
2023-03-01,08,Kalmar,DIESEL,company,22
2023-03-01,08,Kalmar,DIESEL,dealer,31
2023-03-01,08,Kalmar,DIESEL,private,17
2023-03-01,08,Kalmar,ETHANOL,private,4
2023-03-01,08,Kalmar,GAS,company,18
2023-03-01,08,Kalmar,HEV,company,9
2023-03-01,08,Kalmar,HEV,dealer,13
2023-03-01,08,Kalmar,HEV,private,22
2023-03-01,08,Kalmar,PETROL,company,33
2023-03-01,08,Kalmar,PETROL,dealer,48
2023-03-01,08,Kalmar,PETROL,private,68
2023-03-01,08,Kalmar,PHEV,company,23
2023-03-01,08,Kalmar,PHEV,dealer,21
2023-03-01,08,Kalmar,PHEV,private,21
2023-03-01,09,Gotland,BEV,company,9
2023-03-01,09,Gotland,BEV,dealer,2
2023-03-01,09,Gotland,BEV,private,13
2023-03-01,09,Gotland,DIESEL,company,3
2023-03-01,09,Gotland,DIESEL,dealer,1
2023-03-01,09,Gotland,DIESEL,private,1
2023-03-01,09,Gotland,ETHANOL,company,9
2023-03-01,09,Gotland,ETHANOL,dealer,4
2023-03-01,09,Gotland,ETHANOL,private,1
2023-03-01,09,Gotland,HEV,company,1
2023-03-01,09,Gotland,HEV,dealer,5
2023-03-01,09,Gotland,HEV,private,5
2023-03-01,09,Gotland,PETROL,company,1
2023-03-01,09,Gotland,PETROL,dealer,3
2023-03-01,09,Gotland,PETROL,private,9
2023-03-01,09,Gotland,PHEV,company,2
2023-03-01,09,Gotland,PHEV,dealer,2
2023-03-01,09,Gotland,PHEV,private,3
2023-03-01,10,Blekinge,BEV,company,30
2023-03-01,10,Blekinge,BEV,dealer,8
2023-03-01,10,Blekinge,BEV,private,62
2023-03-01,10,Blekinge,DIESEL,company,28
2023-03-01,10,Blekinge,DIESEL,dealer,3
2023-03-01,10,Blekinge,DIESEL,private,5
2023-03-01,10,Blekinge,ETHANOL,company,13
2023-03-01,10,Blekinge,ETHANOL,private,2
2023-03-01,10,Blekinge,GAS,company,6
2023-03-01,10,Blekinge,HEV,company,8
2023-03-01,10,Blekinge,HEV,dealer,22
2023-03-01,10,Blekinge,HEV,private,14
2023-03-01,10,Blekinge,PETROL,company,16
2023-03-01,10,Blekinge,PETROL,dealer,22
2023-03-01,10,Blekinge,PETROL,private,39
2023-03-01,10,Blekinge,PHEV,company,14
2023-03-01,10,Blekinge,PHEV,dealer,15
2023-03-01,10,Blekinge,PHEV,private,17
2023-03-01,12,Skåne,BEV,company,871
2023-03-01,12,Skåne,BEV,dealer,240
2023-03-01,12,Skåne,BEV,private,537
2023-03-01,12,Skåne,DIESEL,company,297
2023-03-01,12,Skåne,DIESEL,dealer,160
2023-03-01,12,Skåne,DIESEL,private,85
2023-03-01,12,Skåne,ETHANOL,company,109
2023-03-01,12,Skåne,ETHANOL,dealer,10
2023-03-01,12,Skåne,ETHANOL,private,9
2023-03-01,12,Skåne,GAS,company,40
2023-03-01,12,Skåne,HEV,company,114
2023-03-01,12,Skåne,HEV,dealer,142
2023-03-01,12,Skåne,HEV,private,152
2023-03-01,12,Skåne,PETROL,company,266
2023-03-01,12,Skåne,PETROL,dealer,928
2023-03-01,12,Skåne,PETROL,private,416
2023-03-01,12,Skåne,PHEV,company,413
2023-03-01,12,Skåne,PHEV,dealer,129
2023-03-01,12,Skåne,PHEV,private,118
2023-03-01,13,Halland,BEV,company,186
2023-03-01,13,Halland,BEV,dealer,32
2023-03-01,13,Halland,BEV,private,157
2023-03-01,13,Halland,DIESEL,company,24
2023-03-01,13,Halland,DIESEL,dealer,11
2023-03-01,13,Halland,DIESEL,private,24
2023-03-01,13,Halland,ETHANOL,company,5
2023-03-01,13,Halland,ETHANOL,dealer,3
2023-03-01,13,Halland,ETHANOL,private,4
2023-03-01,13,Halland,HEV,company,4
2023-03-01,13,Halland,HEV,dealer,32
2023-03-01,13,Halland,HEV,private,26
2023-03-01,13,Halland,PETROL,company,29
2023-03-01,13,Halland,PETROL,dealer,64
2023-03-01,13,Halland,PETROL,private,114
2023-03-01,13,Halland,PHEV,company,57
2023-03-01,13,Halland,PHEV,dealer,26
2023-03-01,13,Halland,PHEV,private,48
2023-03-01,14,Västra Götaland,BEV,company,915
2023-03-01,14,Västra Götaland,BEV,dealer,313
2023-03-01,14,Västra Götaland,BEV,private,735
2023-03-01,14,Västra Götaland,DIESEL,company,126
2023-03-01,14,Västra Götaland,DIESEL,dealer,49
2023-03-01,14,Västra Götaland,DIESEL,private,84
2023-03-01,14,Västra Götaland,ETHANOL,company,20
2023-03-01,14,Västra Götaland,ETHANOL,dealer,10
2023-03-01,14,Västra Götaland,ETHANOL,private,26
2023-03-01,14,Västra Götaland,GAS,company,18
2023-03-01,14,Västra Götaland,HEV,company,111
2023-03-01,14,Västra Götaland,HEV,dealer,268
2023-03-01,14,Västra Götaland,HEV,private,209
2023-03-01,14,Västra Götaland,OTHER,private,1
2023-03-01,14,Västra Götaland,PETROL,company,206
2023-03-01,14,Västra Götaland,PETROL,dealer,270
2023-03-01,14,Västra Götaland,PETROL,private,488
2023-03-01,14,Västra Götaland,PHEV,company,293
2023-03-01,14,Västra Götaland,PHEV,dealer,383
2023-03-01,14,Västra Götaland,PHEV,private,175
2023-03-01,17,Värmland,BEV,company,89
2023-03-01,17,Värmland,BEV,dealer,19
2023-03-01,17,Värmland,BEV,private,74
2023-03-01,17,Värmland,DIESEL,company,51
2023-03-01,17,Värmland,DIESEL,dealer,12
2023-03-01,17,Värmland,DIESEL,private,22
2023-03-01,17,Värmland,ETHANOL,company,9
2023-03-01,17,Värmland,ETHANOL,dealer,1
2023-03-01,17,Värmland,ETHANOL,private,4
2023-03-01,17,Värmland,GAS,private,1
2023-03-01,17,Värmland,HEV,company,21
2023-03-01,17,Värmland,HEV,dealer,25
2023-03-01,17,Värmland,HEV,private,20
2023-03-01,17,Värmland,PETROL,company,87
2023-03-01,17,Värmland,PETROL,dealer,21
2023-03-01,17,Värmland,PETROL,private,52
2023-03-01,17,Värmland,PHEV,company,57
2023-03-01,17,Värmland,PHEV,dealer,22
2023-03-01,17,Värmland,PHEV,private,20
2023-03-01,18,Örebro,BEV,company,73
2023-03-01,18,Örebro,BEV,dealer,34
2023-03-01,18,Örebro,BEV,private,93
2023-03-01,18,Örebro,DIESEL,company,22
2023-03-01,18,Örebro,DIESEL,dealer,3
2023-03-01,18,Örebro,DIESEL,private,20
2023-03-01,18,Örebro,ETHANOL,company,1
2023-03-01,18,Örebro,ETHANOL,private,2
2023-03-01,18,Örebro,HEV,company,25
2023-03-01,18,Örebro,HEV,dealer,56
2023-03-01,18,Örebro,HEV,private,22
2023-03-01,18,Örebro,PETROL,company,43
2023-03-01,18,Örebro,PETROL,dealer,19
2023-03-01,18,Örebro,PETROL,private,77
2023-03-01,18,Örebro,PHEV,company,38
2023-03-01,18,Örebro,PHEV,dealer,16
2023-03-01,18,Örebro,PHEV,private,36
2023-03-01,19,Västmanland,BEV,company,79
2023-03-01,19,Västmanland,BEV,dealer,17
2023-03-01,19,Västmanland,BEV,private,92
2023-03-01,19,Västmanland,DIESEL,company,14
2023-03-01,19,Västmanland,DIESEL,dealer,6
2023-03-01,19,Västmanland,DIESEL,private,15
2023-03-01,19,Västmanland,ETHANOL,dealer,1
2023-03-01,19,Västmanland,ETHANOL,private,4
2023-03-01,19,Västmanland,GAS,company,7
2023-03-01,19,Västmanland,HEV,company,5
2023-03-01,19,Västmanland,HEV,dealer,16
2023-03-01,19,Västmanland,HEV,private,18
2023-03-01,19,Västmanland,PETROL,company,19
2023-03-01,19,Västmanland,PETROL,dealer,60
2023-03-01,19,Västmanland,PETROL,private,75
2023-03-01,19,Västmanland,PHEV,company,19
2023-03-01,19,Västmanland,PHEV,dealer,17
2023-03-01,19,Västmanland,PHEV,private,33
2023-03-01,20,Dalarna,BEV,company,122
2023-03-01,20,Dalarna,BEV,dealer,26
2023-03-01,20,Dalarna,BEV,private,64
2023-03-01,20,Dalarna,DIESEL,company,34
2023-03-01,20,Dalarna,DIESEL,dealer,10
2023-03-01,20,Dalarna,DIESEL,private,13
2023-03-01,20,Dalarna,ETHANOL,company,3
2023-03-01,20,Dalarna,ETHANOL,private,8
2023-03-01,20,Dalarna,HEV,company,18
2023-03-01,20,Dalarna,HEV,dealer,16
2023-03-01,20,Dalarna,HEV,private,19
2023-03-01,20,Dalarna,PETROL,company,57
2023-03-01,20,Dalarna,PETROL,dealer,15
2023-03-01,20,Dalarna,PETROL,private,37
2023-03-01,20,Dalarna,PHEV,company,50
2023-03-01,20,Dalarna,PHEV,dealer,21
2023-03-01,20,Dalarna,PHEV,private,16
2023-03-01,21,Gävleborg,BEV,company,87
2023-03-01,21,Gävleborg,BEV,dealer,21
2023-03-01,21,Gävleborg,BEV,private,72
2023-03-01,21,Gävleborg,DIESEL,company,33
2023-03-01,21,Gävleborg,DIESEL,dealer,12
2023-03-01,21,Gävleborg,DIESEL,private,12
2023-03-01,21,Gävleborg,ETHANOL,company,3
2023-03-01,21,Gävleborg,ETHANOL,dealer,2
2023-03-01,21,Gävleborg,ETHANOL,private,6
2023-03-01,21,Gävleborg,HEV,company,19
2023-03-01,21,Gävleborg,HEV,dealer,30
2023-03-01,21,Gävleborg,HEV,private,41
2023-03-01,21,Gävleborg,OTHER,private,1
2023-03-01,21,Gävleborg,PETROL,company,15
2023-03-01,21,Gävleborg,PETROL,dealer,34
2023-03-01,21,Gävleborg,PETROL,private,57
2023-03-01,21,Gävleborg,PHEV,company,27
2023-03-01,21,Gävleborg,PHEV,dealer,34
2023-03-01,21,Gävleborg,PHEV,private,27
2023-03-01,22,Västernorrland,BEV,company,57
2023-03-01,22,Västernorrland,BEV,dealer,13
2023-03-01,22,Västernorrland,BEV,private,60
2023-03-01,22,Västernorrland,DIESEL,company,36
2023-03-01,22,Västernorrland,DIESEL,dealer,11
2023-03-01,22,Västernorrland,DIESEL,private,4
2023-03-01,22,Västernorrland,ETHANOL,company,2
2023-03-01,22,Västernorrland,ETHANOL,dealer,8
2023-03-01,22,Västernorrland,ETHANOL,private,5
2023-03-01,22,Västernorrland,HEV,company,6
2023-03-01,22,Västernorrland,HEV,dealer,21
2023-03-01,22,Västernorrland,HEV,private,14
2023-03-01,22,Västernorrland,PETROL,company,16
2023-03-01,22,Västernorrland,PETROL,dealer,17
2023-03-01,22,Västernorrland,PETROL,private,30
2023-03-01,22,Västernorrland,PHEV,company,21
2023-03-01,22,Västernorrland,PHEV,dealer,15
2023-03-01,22,Västernorrland,PHEV,private,27
2023-03-01,23,Jämtland,BEV,company,60
2023-03-01,23,Jämtland,BEV,dealer,3
2023-03-01,23,Jämtland,BEV,private,21
2023-03-01,23,Jämtland,DIESEL,company,12
2023-03-01,23,Jämtland,DIESEL,dealer,4
2023-03-01,23,Jämtland,DIESEL,private,7
2023-03-01,23,Jämtland,ETHANOL,company,2
2023-03-01,23,Jämtland,ETHANOL,dealer,9
2023-03-01,23,Jämtland,ETHANOL,private,1
2023-03-01,23,Jämtland,HEV,company,9
2023-03-01,23,Jämtland,HEV,dealer,8
2023-03-01,23,Jämtland,HEV,private,8
2023-03-01,23,Jämtland,PETROL,company,5
2023-03-01,23,Jämtland,PETROL,dealer,8
2023-03-01,23,Jämtland,PETROL,private,7
2023-03-01,23,Jämtland,PHEV,company,15
2023-03-01,23,Jämtland,PHEV,dealer,6
2023-03-01,23,Jämtland,PHEV,private,8
2023-03-01,24,Västerbotten,BEV,company,79
2023-03-01,24,Västerbotten,BEV,dealer,23
2023-03-01,24,Västerbotten,BEV,private,85
2023-03-01,24,Västerbotten,DIESEL,company,33
2023-03-01,24,Västerbotten,DIESEL,dealer,10
2023-03-01,24,Västerbotten,DIESEL,private,6
2023-03-01,24,Västerbotten,ETHANOL,company,3
2023-03-01,24,Västerbotten,ETHANOL,dealer,10
2023-03-01,24,Västerbotten,ETHANOL,private,4
2023-03-01,24,Västerbotten,HEV,company,8
2023-03-01,24,Västerbotten,HEV,dealer,41
2023-03-01,24,Västerbotten,HEV,private,22
2023-03-01,24,Västerbotten,PETROL,company,17
2023-03-01,24,Västerbotten,PETROL,dealer,33
2023-03-01,24,Västerbotten,PETROL,private,29
2023-03-01,24,Västerbotten,PHEV,company,42
2023-03-01,24,Västerbotten,PHEV,dealer,36
2023-03-01,24,Västerbotten,PHEV,private,36
2023-03-01,25,Norrbotten,BEV,company,76
2023-03-01,25,Norrbotten,BEV,dealer,7
2023-03-01,25,Norrbotten,BEV,private,81
2023-03-01,25,Norrbotten,DIESEL,company,36
2023-03-01,25,Norrbotten,DIESEL,dealer,8
2023-03-01,25,Norrbotten,DIESEL,private,8
2023-03-01,25,Norrbotten,ETHANOL,company,5
2023-03-01,25,Norrbotten,ETHANOL,dealer,20
2023-03-01,25,Norrbotten,ETHANOL,private,2
2023-03-01,25,Norrbotten,HEV,company,11
2023-03-01,25,Norrbotten,HEV,dealer,13
2023-03-01,25,Norrbotten,HEV,private,25
2023-03-01,25,Norrbotten,PETROL,company,9
2023-03-01,25,Norrbotten,PETROL,dealer,10
2023-03-01,25,Norrbotten,PETROL,private,15
2023-03-01,25,Norrbotten,PHEV,company,27
2023-03-01,25,Norrbotten,PHEV,dealer,28
2023-03-01,25,Norrbotten,PHEV,private,28
2023-04-01,01,Stockholm,BEV,company,2091
2023-04-01,01,Stockholm,BEV,dealer,256
2023-04-01,01,Stockholm,BEV,private,429
2023-04-01,01,Stockholm,DIESEL,company,630
2023-04-01,01,Stockholm,DIESEL,dealer,92
2023-04-01,01,Stockholm,DIESEL,private,109
2023-04-01,01,Stockholm,ETHANOL,company,164
2023-04-01,01,Stockholm,ETHANOL,dealer,10
2023-04-01,01,Stockholm,ETHANOL,private,28
2023-04-01,01,Stockholm,GAS,company,34
2023-04-01,01,Stockholm,HEV,company,287
2023-04-01,01,Stockholm,HEV,dealer,98
2023-04-01,01,Stockholm,HEV,private,172
2023-04-01,01,Stockholm,PETROL,company,511
2023-04-01,01,Stockholm,PETROL,dealer,226
2023-04-01,01,Stockholm,PETROL,private,568
2023-04-01,01,Stockholm,PHEV,company,1570
2023-04-01,01,Stockholm,PHEV,dealer,150
2023-04-01,01,Stockholm,PHEV,private,270
2023-04-01,03,Uppsala,BEV,company,67
2023-04-01,03,Uppsala,BEV,dealer,18
2023-04-01,03,Uppsala,BEV,private,91
2023-04-01,03,Uppsala,DIESEL,company,31
2023-04-01,03,Uppsala,DIESEL,dealer,2
2023-04-01,03,Uppsala,DIESEL,private,20
2023-04-01,03,Uppsala,ETHANOL,company,6
2023-04-01,03,Uppsala,ETHANOL,dealer,2
2023-04-01,03,Uppsala,ETHANOL,private,4
2023-04-01,03,Uppsala,GAS,company,4
2023-04-01,03,Uppsala,HEV,company,25
2023-04-01,03,Uppsala,HEV,dealer,17
2023-04-01,03,Uppsala,HEV,private,31
2023-04-01,03,Uppsala,PETROL,company,65
2023-04-01,03,Uppsala,PETROL,dealer,13
2023-04-01,03,Uppsala,PETROL,private,67
2023-04-01,03,Uppsala,PHEV,company,55
2023-04-01,03,Uppsala,PHEV,dealer,11
2023-04-01,03,Uppsala,PHEV,private,36
2023-04-01,04,Södermanland,BEV,company,44
2023-04-01,04,Södermanland,BEV,dealer,14
2023-04-01,04,Södermanland,BEV,private,66
2023-04-01,04,Södermanland,DIESEL,company,27
2023-04-01,04,Södermanland,DIESEL,dealer,10
2023-04-01,04,Södermanland,DIESEL,private,27
2023-04-01,04,Södermanland,ETHANOL,dealer,1
2023-04-01,04,Södermanland,ETHANOL,private,1
2023-04-01,04,Södermanland,HEV,company,3
2023-04-01,04,Södermanland,HEV,dealer,6
2023-04-01,04,Södermanland,HEV,private,20
2023-04-01,04,Södermanland,PETROL,company,12
2023-04-01,04,Södermanland,PETROL,dealer,26
2023-04-01,04,Södermanland,PETROL,private,60
2023-04-01,04,Södermanland,PHEV,company,27
2023-04-01,04,Södermanland,PHEV,dealer,17
2023-04-01,04,Södermanland,PHEV,private,36
2023-04-01,05,Östergötland,BEV,company,107
2023-04-01,05,Östergötland,BEV,dealer,33
2023-04-01,05,Östergötland,BEV,private,85
2023-04-01,05,Östergötland,DIESEL,company,33
2023-04-01,05,Östergötland,DIESEL,dealer,15
2023-04-01,05,Östergötland,DIESEL,private,34
2023-04-01,05,Östergötland,ETHANOL,company,3
2023-04-01,05,Östergötland,ETHANOL,dealer,1
2023-04-01,05,Östergötland,ETHANOL,private,4
2023-04-01,05,Östergötland,HEV,company,6
2023-04-01,05,Östergötland,HEV,dealer,38
2023-04-01,05,Östergötland,HEV,private,41
2023-04-01,05,Östergötland,PETROL,company,49
2023-04-01,05,Östergötland,PETROL,dealer,41
2023-04-01,05,Östergötland,PETROL,private,100
2023-04-01,05,Östergötland,PHEV,company,59
2023-04-01,05,Östergötland,PHEV,dealer,28
2023-04-01,05,Östergötland,PHEV,private,41
2023-04-01,06,Jönköping,BEV,company,126
2023-04-01,06,Jönköping,BEV,dealer,51
2023-04-01,06,Jönköping,BEV,private,84
2023-04-01,06,Jönköping,DIESEL,company,37
2023-04-01,06,Jönköping,DIESEL,dealer,17
2023-04-01,06,Jönköping,DIESEL,private,23
2023-04-01,06,Jönköping,ETHANOL,company,2
2023-04-01,06,Jönköping,ETHANOL,dealer,7
2023-04-01,06,Jönköping,ETHANOL,private,3
2023-04-01,06,Jönköping,GAS,dealer,22
2023-04-01,06,Jönköping,HEV,company,23
2023-04-01,06,Jönköping,HEV,dealer,32
2023-04-01,06,Jönköping,HEV,private,38
2023-04-01,06,Jönköping,PETROL,company,82
2023-04-01,06,Jönköping,PETROL,dealer,45
2023-04-01,06,Jönköping,PETROL,private,100
2023-04-01,06,Jönköping,PHEV,company,71
2023-04-01,06,Jönköping,PHEV,dealer,21
2023-04-01,06,Jönköping,PHEV,private,30
2023-04-01,07,Kronoberg,BEV,company,33
2023-04-01,07,Kronoberg,BEV,dealer,23
2023-04-01,07,Kronoberg,BEV,private,57
2023-04-01,07,Kronoberg,DIESEL,company,8
2023-04-01,07,Kronoberg,DIESEL,dealer,3
2023-04-01,07,Kronoberg,DIESEL,private,15
2023-04-01,07,Kronoberg,ETHANOL,company,2
2023-04-01,07,Kronoberg,ETHANOL,private,2
2023-04-01,07,Kronoberg,GAS,company,8
2023-04-01,07,Kronoberg,GAS,private,1
2023-04-01,07,Kronoberg,HEV,company,5
2023-04-01,07,Kronoberg,HEV,dealer,12
2023-04-01,07,Kronoberg,HEV,private,5
2023-04-01,07,Kronoberg,PETROL,company,12
2023-04-01,07,Kronoberg,PETROL,dealer,25
2023-04-01,07,Kronoberg,PETROL,private,53
2023-04-01,07,Kronoberg,PHEV,company,30
2023-04-01,07,Kronoberg,PHEV,dealer,17
2023-04-01,07,Kronoberg,PHEV,private,24
2023-04-01,08,Kalmar,BEV,company,32
2023-04-01,08,Kalmar,BEV,dealer,36
2023-04-01,08,Kalmar,BEV,private,49
2023-04-01,08,Kalmar,DIESEL,company,14
2023-04-01,08,Kalmar,DIESEL,dealer,20
2023-04-01,08,Kalmar,DIESEL,private,14
2023-04-01,08,Kalmar,ETHANOL,private,1
2023-04-01,08,Kalmar,GAS,company,4
2023-04-01,08,Kalmar,HEV,company,5
2023-04-01,08,Kalmar,HEV,dealer,13
2023-04-01,08,Kalmar,HEV,private,18
2023-04-01,08,Kalmar,PETROL,company,11
2023-04-01,08,Kalmar,PETROL,dealer,36
2023-04-01,08,Kalmar,PETROL,private,60
2023-04-01,08,Kalmar,PHEV,company,21
2023-04-01,08,Kalmar,PHEV,dealer,13
2023-04-01,08,Kalmar,PHEV,private,13
2023-04-01,09,Gotland,BEV,company,10
2023-04-01,09,Gotland,BEV,dealer,4
2023-04-01,09,Gotland,BEV,private,11
2023-04-01,09,Gotland,DIESEL,company,6
2023-04-01,09,Gotland,DIESEL,private,5
2023-04-01,09,Gotland,ETHANOL,company,4
2023-04-01,09,Gotland,HEV,company,2
2023-04-01,09,Gotland,HEV,dealer,1
2023-04-01,09,Gotland,HEV,private,1
2023-04-01,09,Gotland,PETROL,company,18
2023-04-01,09,Gotland,PETROL,dealer,3
2023-04-01,09,Gotland,PETROL,private,8
2023-04-01,09,Gotland,PHEV,company,3
2023-04-01,10,Blekinge,BEV,company,18
2023-04-01,10,Blekinge,BEV,dealer,10
2023-04-01,10,Blekinge,BEV,private,39
2023-04-01,10,Blekinge,DIESEL,company,12
2023-04-01,10,Blekinge,DIESEL,private,9
2023-04-01,10,Blekinge,ETHANOL,company,1
2023-04-01,10,Blekinge,GAS,company,3
2023-04-01,10,Blekinge,HEV,company,11
2023-04-01,10,Blekinge,HEV,dealer,11
2023-04-01,10,Blekinge,HEV,private,9
2023-04-01,10,Blekinge,PETROL,company,19
2023-04-01,10,Blekinge,PETROL,dealer,30
2023-04-01,10,Blekinge,PETROL,private,38
2023-04-01,10,Blekinge,PHEV,company,10
2023-04-01,10,Blekinge,PHEV,dealer,9
2023-04-01,10,Blekinge,PHEV,private,15
2023-04-01,12,Skåne,BEV,company,458
2023-04-01,12,Skåne,BEV,dealer,81
2023-04-01,12,Skåne,BEV,private,281
2023-04-01,12,Skåne,DIESEL,company,210
2023-04-01,12,Skåne,DIESEL,dealer,74
2023-04-01,12,Skåne,DIESEL,private,72
2023-04-01,12,Skåne,ETHANOL,company,32
2023-04-01,12,Skåne,ETHANOL,dealer,7
2023-04-01,12,Skåne,ETHANOL,private,10
2023-04-01,12,Skåne,GAS,company,21
2023-04-01,12,Skåne,HEV,company,49
2023-04-01,12,Skåne,HEV,dealer,79
2023-04-01,12,Skåne,HEV,private,84
2023-04-01,12,Skåne,PETROL,company,303
2023-04-01,12,Skåne,PETROL,dealer,452
2023-04-01,12,Skåne,PETROL,private,325
2023-04-01,12,Skåne,PHEV,company,434
2023-04-01,12,Skåne,PHEV,dealer,67
2023-04-01,12,Skåne,PHEV,private,109
2023-04-01,13,Halland,BEV,company,103
2023-04-01,13,Halland,BEV,dealer,15
2023-04-01,13,Halland,BEV,private,103
2023-04-01,13,Halland,DIESEL,company,28
2023-04-01,13,Halland,DIESEL,dealer,15
2023-04-01,13,Halland,DIESEL,private,18
2023-04-01,13,Halland,ETHANOL,dealer,1
2023-04-01,13,Halland,ETHANOL,private,2
2023-04-01,13,Halland,GAS,company,1
2023-04-01,13,Halland,HEV,company,5
2023-04-01,13,Halland,HEV,dealer,3
2023-04-01,13,Halland,HEV,private,18
2023-04-01,13,Halland,PETROL,company,41
2023-04-01,13,Halland,PETROL,dealer,18
2023-04-01,13,Halland,PETROL,private,94
2023-04-01,13,Halland,PHEV,company,51
2023-04-01,13,Halland,PHEV,dealer,18
2023-04-01,13,Halland,PHEV,private,41
2023-04-01,14,Västra Götaland,BEV,company,509
2023-04-01,14,Västra Götaland,BEV,dealer,176
2023-04-01,14,Västra Götaland,BEV,private,448
2023-04-01,14,Västra Götaland,DIESEL,company,143
2023-04-01,14,Västra Götaland,DIESEL,dealer,45
2023-04-01,14,Västra Götaland,DIESEL,private,127
2023-04-01,14,Västra Götaland,ETHANOL,company,6
2023-04-01,14,Västra Götaland,ETHANOL,dealer,6
2023-04-01,14,Västra Götaland,ETHANOL,private,16
2023-04-01,14,Västra Götaland,GAS,company,6
2023-04-01,14,Västra Götaland,HEV,company,84
2023-04-01,14,Västra Götaland,HEV,dealer,134
2023-04-01,14,Västra Götaland,HEV,private,167
2023-04-01,14,Västra Götaland,PETROL,company,180
2023-04-01,14,Västra Götaland,PETROL,dealer,187
2023-04-01,14,Västra Götaland,PETROL,private,497
2023-04-01,14,Västra Götaland,PHEV,company,279
2023-04-01,14,Västra Götaland,PHEV,dealer,259
2023-04-01,14,Västra Götaland,PHEV,private,200
2023-04-01,17,Värmland,BEV,company,69
2023-04-01,17,Värmland,BEV,dealer,11
2023-04-01,17,Värmland,BEV,private,49
2023-04-01,17,Värmland,DIESEL,company,42
2023-04-01,17,Värmland,DIESEL,dealer,19
2023-04-01,17,Värmland,DIESEL,private,16
2023-04-01,17,Värmland,ETHANOL,company,5
2023-04-01,17,Värmland,ETHANOL,dealer,4
2023-04-01,17,Värmland,ETHANOL,private,3
2023-04-01,17,Värmland,HEV,company,16
2023-04-01,17,Värmland,HEV,dealer,12
2023-04-01,17,Värmland,HEV,private,25
2023-04-01,17,Värmland,PETROL,company,70
2023-04-01,17,Värmland,PETROL,dealer,64
2023-04-01,17,Värmland,PETROL,private,67
2023-04-01,17,Värmland,PHEV,company,33
2023-04-01,17,Värmland,PHEV,dealer,15
2023-04-01,17,Värmland,PHEV,private,20
2023-04-01,18,Örebro,BEV,company,39
2023-04-01,18,Örebro,BEV,dealer,20
2023-04-01,18,Örebro,BEV,private,52
2023-04-01,18,Örebro,DIESEL,company,29
2023-04-01,18,Örebro,DIESEL,dealer,11
2023-04-01,18,Örebro,DIESEL,private,20
2023-04-01,18,Örebro,ETHANOL,company,2
2023-04-01,18,Örebro,ETHANOL,private,3
2023-04-01,18,Örebro,HEV,company,5
2023-04-01,18,Örebro,HEV,dealer,25
2023-04-01,18,Örebro,HEV,private,22
2023-04-01,18,Örebro,PETROL,company,22
2023-04-01,18,Örebro,PETROL,dealer,33
2023-04-01,18,Örebro,PETROL,private,83
2023-04-01,18,Örebro,PHEV,company,35
2023-04-01,18,Örebro,PHEV,dealer,5
2023-04-01,18,Örebro,PHEV,private,20
2023-04-01,19,Västmanland,BEV,company,34
2023-04-01,19,Västmanland,BEV,dealer,15
2023-04-01,19,Västmanland,BEV,private,63
2023-04-01,19,Västmanland,DIESEL,company,21
2023-04-01,19,Västmanland,DIESEL,dealer,3
2023-04-01,19,Västmanland,DIESEL,private,22
2023-04-01,19,Västmanland,ETHANOL,private,2
2023-04-01,19,Västmanland,GAS,company,7
2023-04-01,19,Västmanland,HEV,company,3
2023-04-01,19,Västmanland,HEV,dealer,7
2023-04-01,19,Västmanland,HEV,private,8
2023-04-01,19,Västmanland,PETROL,company,22
2023-04-01,19,Västmanland,PETROL,dealer,9
2023-04-01,19,Västmanland,PETROL,private,58
2023-04-01,19,Västmanland,PHEV,company,24
2023-04-01,19,Västmanland,PHEV,dealer,16
2023-04-01,19,Västmanland,PHEV,private,39
2023-04-01,20,Dalarna,BEV,company,31
2023-04-01,20,Dalarna,BEV,dealer,24
2023-04-01,20,Dalarna,BEV,private,30
2023-04-01,20,Dalarna,DIESEL,company,26
2023-04-01,20,Dalarna,DIESEL,dealer,6
2023-04-01,20,Dalarna,DIESEL,private,13
2023-04-01,20,Dalarna,ETHANOL,company,6
2023-04-01,20,Dalarna,ETHANOL,dealer,3
2023-04-01,20,Dalarna,ETHANOL,private,6
2023-04-01,20,Dalarna,HEV,company,9
2023-04-01,20,Dalarna,HEV,dealer,8
2023-04-01,20,Dalarna,HEV,private,15
2023-04-01,20,Dalarna,PETROL,company,35
2023-04-01,20,Dalarna,PETROL,dealer,19
2023-04-01,20,Dalarna,PETROL,private,30
2023-04-01,20,Dalarna,PHEV,company,49
2023-04-01,20,Dalarna,PHEV,dealer,13
2023-04-01,20,Dalarna,PHEV,private,20
2023-04-01,21,Gävleborg,BEV,company,27
2023-04-01,21,Gävleborg,BEV,dealer,28
2023-04-01,21,Gävleborg,BEV,private,41
2023-04-01,21,Gävleborg,DIESEL,company,20
2023-04-01,21,Gävleborg,DIESEL,dealer,5
2023-04-01,21,Gävleborg,DIESEL,private,10
2023-04-01,21,Gävleborg,ETHANOL,company,3
2023-04-01,21,Gävleborg,ETHANOL,dealer,2
2023-04-01,21,Gävleborg,ETHANOL,private,1
2023-04-01,21,Gävleborg,HEV,company,6
2023-04-01,21,Gävleborg,HEV,dealer,16
2023-04-01,21,Gävleborg,HEV,private,23
2023-04-01,21,Gävleborg,PETROL,company,23
2023-04-01,21,Gävleborg,PETROL,dealer,43
2023-04-01,21,Gävleborg,PETROL,private,46
2023-04-01,21,Gävleborg,PHEV,company,26
2023-04-01,21,Gävleborg,PHEV,dealer,4
2023-04-01,21,Gävleborg,PHEV,private,27
2023-04-01,22,Västernorrland,BEV,company,55
2023-04-01,22,Västernorrland,BEV,dealer,11
2023-04-01,22,Västernorrland,BEV,private,47
2023-04-01,22,Västernorrland,DIESEL,company,21
2023-04-01,22,Västernorrland,DIESEL,dealer,6
2023-04-01,22,Västernorrland,DIESEL,private,7
2023-04-01,22,Västernorrland,ETHANOL,company,1
2023-04-01,22,Västernorrland,ETHANOL,dealer,7
2023-04-01,22,Västernorrland,ETHANOL,private,2
2023-04-01,22,Västernorrland,GAS,company,3
2023-04-01,22,Västernorrland,HEV,company,1
2023-04-01,22,Västernorrland,HEV,dealer,12
2023-04-01,22,Västernorrland,HEV,private,9
2023-04-01,22,Västernorrland,PETROL,company,4
2023-04-01,22,Västernorrland,PETROL,dealer,18
2023-04-01,22,Västernorrland,PETROL,private,25
2023-04-01,22,Västernorrland,PHEV,company,21
2023-04-01,22,Västernorrland,PHEV,dealer,8
2023-04-01,22,Västernorrland,PHEV,private,20
2023-04-01,23,Jämtland,BEV,company,23
2023-04-01,23,Jämtland,BEV,dealer,3
2023-04-01,23,Jämtland,BEV,private,18
2023-04-01,23,Jämtland,DIESEL,company,17
2023-04-01,23,Jämtland,DIESEL,private,7
2023-04-01,23,Jämtland,ETHANOL,dealer,4
2023-04-01,23,Jämtland,ETHANOL,private,1
2023-04-01,23,Jämtland,GAS,company,2
2023-04-01,23,Jämtland,HEV,company,4
2023-04-01,23,Jämtland,HEV,dealer,3
2023-04-01,23,Jämtland,HEV,private,1
2023-04-01,23,Jämtland,PETROL,company,2
2023-04-01,23,Jämtland,PETROL,dealer,4
2023-04-01,23,Jämtland,PETROL,private,8
2023-04-01,23,Jämtland,PHEV,company,16
2023-04-01,23,Jämtland,PHEV,private,5
2023-04-01,24,Västerbotten,BEV,company,48
2023-04-01,24,Västerbotten,BEV,dealer,11
2023-04-01,24,Västerbotten,BEV,private,55
2023-04-01,24,Västerbotten,DIESEL,company,19
2023-04-01,24,Västerbotten,DIESEL,dealer,9
2023-04-01,24,Västerbotten,DIESEL,private,16
2023-04-01,24,Västerbotten,ETHANOL,company,1
2023-04-01,24,Västerbotten,ETHANOL,dealer,4
2023-04-01,24,Västerbotten,ETHANOL,private,2
2023-04-01,24,Västerbotten,HEV,company,4
2023-04-01,24,Västerbotten,HEV,dealer,17
2023-04-01,24,Västerbotten,HEV,private,6
2023-04-01,24,Västerbotten,PETROL,company,13
2023-04-01,24,Västerbotten,PETROL,dealer,12
2023-04-01,24,Västerbotten,PETROL,private,29
2023-04-01,24,Västerbotten,PHEV,company,28
2023-04-01,24,Västerbotten,PHEV,dealer,15
2023-04-01,24,Västerbotten,PHEV,private,17
2023-04-01,25,Norrbotten,BEV,company,68
2023-04-01,25,Norrbotten,BEV,dealer,7
2023-04-01,25,Norrbotten,BEV,private,46
2023-04-01,25,Norrbotten,DIESEL,company,22
2023-04-01,25,Norrbotten,DIESEL,dealer,1
2023-04-01,25,Norrbotten,DIESEL,private,14
2023-04-01,25,Norrbotten,ETHANOL,company,5
2023-04-01,25,Norrbotten,ETHANOL,dealer,5
2023-04-01,25,Norrbotten,ETHANOL,private,5
2023-04-01,25,Norrbotten,HEV,company,20
2023-04-01,25,Norrbotten,HEV,dealer,15
2023-04-01,25,Norrbotten,HEV,private,10
2023-04-01,25,Norrbotten,PETROL,company,16
2023-04-01,25,Norrbotten,PETROL,dealer,1
2023-04-01,25,Norrbotten,PETROL,private,17
2023-04-01,25,Norrbotten,PHEV,company,27
2023-04-01,25,Norrbotten,PHEV,dealer,4
2023-04-01,25,Norrbotten,PHEV,private,19
2023-05-01,01,Stockholm,BEV,company,3747
2023-05-01,01,Stockholm,BEV,dealer,441
2023-05-01,01,Stockholm,BEV,private,695
2023-05-01,01,Stockholm,DIESEL,company,685
2023-05-01,01,Stockholm,DIESEL,dealer,101
2023-05-01,01,Stockholm,DIESEL,private,106
2023-05-01,01,Stockholm,ETHANOL,company,44
2023-05-01,01,Stockholm,ETHANOL,dealer,8
2023-05-01,01,Stockholm,ETHANOL,private,28
2023-05-01,01,Stockholm,GAS,company,56
2023-05-01,01,Stockholm,GAS,dealer,2
2023-05-01,01,Stockholm,HEV,company,275
2023-05-01,01,Stockholm,HEV,dealer,166
2023-05-01,01,Stockholm,HEV,private,182
2023-05-01,01,Stockholm,PETROL,company,986
2023-05-01,01,Stockholm,PETROL,dealer,187
2023-05-01,01,Stockholm,PETROL,private,640
2023-05-01,01,Stockholm,PHEV,company,2122
2023-05-01,01,Stockholm,PHEV,dealer,161
2023-05-01,01,Stockholm,PHEV,private,314
2023-05-01,03,Uppsala,BEV,company,143
2023-05-01,03,Uppsala,BEV,dealer,23
2023-05-01,03,Uppsala,BEV,private,86
2023-05-01,03,Uppsala,DIESEL,company,42
2023-05-01,03,Uppsala,DIESEL,dealer,13
2023-05-01,03,Uppsala,DIESEL,private,9
2023-05-01,03,Uppsala,ETHANOL,company,21
2023-05-01,03,Uppsala,ETHANOL,private,5
2023-05-01,03,Uppsala,GAS,company,2
2023-05-01,03,Uppsala,GAS,private,1
2023-05-01,03,Uppsala,HEV,company,23
2023-05-01,03,Uppsala,HEV,dealer,16
2023-05-01,03,Uppsala,HEV,private,48
2023-05-01,03,Uppsala,PETROL,company,48
2023-05-01,03,Uppsala,PETROL,dealer,14
2023-05-01,03,Uppsala,PETROL,private,63
2023-05-01,03,Uppsala,PHEV,company,99
2023-05-01,03,Uppsala,PHEV,dealer,31
2023-05-01,03,Uppsala,PHEV,private,45
2023-05-01,04,Södermanland,BEV,company,90
2023-05-01,04,Södermanland,BEV,dealer,21
2023-05-01,04,Södermanland,BEV,private,74
2023-05-01,04,Södermanland,DIESEL,company,23
2023-05-01,04,Södermanland,DIESEL,dealer,3
2023-05-01,04,Södermanland,DIESEL,private,22
2023-05-01,04,Södermanland,ETHANOL,company,1
2023-05-01,04,Södermanland,ETHANOL,dealer,2
2023-05-01,04,Södermanland,ETHANOL,private,3
2023-05-01,04,Södermanland,HEV,company,6
2023-05-01,04,Södermanland,HEV,dealer,23
2023-05-01,04,Södermanland,HEV,private,23
2023-05-01,04,Södermanland,PETROL,company,32
2023-05-01,04,Södermanland,PETROL,dealer,25
2023-05-01,04,Södermanland,PETROL,private,71
2023-05-01,04,Södermanland,PHEV,company,33
2023-05-01,04,Södermanland,PHEV,dealer,16
2023-05-01,04,Södermanland,PHEV,private,32
2023-05-01,05,Östergötland,BEV,company,146
2023-05-01,05,Östergötland,BEV,dealer,50
2023-05-01,05,Östergötland,BEV,private,151
2023-05-01,05,Östergötland,DIESEL,company,39
2023-05-01,05,Östergötland,DIESEL,dealer,2
2023-05-01,05,Östergötland,DIESEL,private,26
2023-05-01,05,Östergötland,ETHANOL,company,3
2023-05-01,05,Östergötland,ETHANOL,dealer,10
2023-05-01,05,Östergötland,ETHANOL,private,5
2023-05-01,05,Östergötland,GAS,company,1
2023-05-01,05,Östergötland,HEV,company,9
2023-05-01,05,Östergötland,HEV,dealer,69
2023-05-01,05,Östergötland,HEV,private,43
2023-05-01,05,Östergötland,PETROL,company,52
2023-05-01,05,Östergötland,PETROL,dealer,48
2023-05-01,05,Östergötland,PETROL,private,135
2023-05-01,05,Östergötland,PHEV,company,68
2023-05-01,05,Östergötland,PHEV,dealer,24
2023-05-01,05,Östergötland,PHEV,private,63
2023-05-01,06,Jönköping,BEV,company,153
2023-05-01,06,Jönköping,BEV,dealer,55
2023-05-01,06,Jönköping,BEV,private,101
2023-05-01,06,Jönköping,DIESEL,company,41
2023-05-01,06,Jönköping,DIESEL,dealer,17
2023-05-01,06,Jönköping,DIESEL,private,26
2023-05-01,06,Jönköping,ETHANOL,dealer,2
2023-05-01,06,Jönköping,ETHANOL,private,4
2023-05-01,06,Jönköping,GAS,company,4
2023-05-01,06,Jönköping,GAS,dealer,31
2023-05-01,06,Jönköping,HEV,company,20
2023-05-01,06,Jönköping,HEV,dealer,26
2023-05-01,06,Jönköping,HEV,private,42
2023-05-01,06,Jönköping,PETROL,company,85
2023-05-01,06,Jönköping,PETROL,dealer,41
2023-05-01,06,Jönköping,PETROL,private,114
2023-05-01,06,Jönköping,PHEV,company,82
2023-05-01,06,Jönköping,PHEV,dealer,32
2023-05-01,06,Jönköping,PHEV,private,32
2023-05-01,07,Kronoberg,BEV,company,67
2023-05-01,07,Kronoberg,BEV,dealer,18
2023-05-01,07,Kronoberg,BEV,private,52
2023-05-01,07,Kronoberg,DIESEL,company,17
2023-05-01,07,Kronoberg,DIESEL,dealer,3
2023-05-01,07,Kronoberg,DIESEL,private,12
2023-05-01,07,Kronoberg,ETHANOL,company,2
2023-05-01,07,Kronoberg,ETHANOL,private,2
2023-05-01,07,Kronoberg,GAS,company,2
2023-05-01,07,Kronoberg,GAS,dealer,2
2023-05-01,07,Kronoberg,HEV,company,7
2023-05-01,07,Kronoberg,HEV,dealer,18
2023-05-01,07,Kronoberg,HEV,private,11
2023-05-01,07,Kronoberg,OTHER,private,1
2023-05-01,07,Kronoberg,PETROL,company,20
2023-05-01,07,Kronoberg,PETROL,dealer,28
2023-05-01,07,Kronoberg,PETROL,private,53
2023-05-01,07,Kronoberg,PHEV,company,37
2023-05-01,07,Kronoberg,PHEV,dealer,22
2023-05-01,07,Kronoberg,PHEV,private,19
2023-05-01,08,Kalmar,BEV,company,45
2023-05-01,08,Kalmar,BEV,dealer,22
2023-05-01,08,Kalmar,BEV,private,57
2023-05-01,08,Kalmar,DIESEL,company,18
2023-05-01,08,Kalmar,DIESEL,dealer,7
2023-05-01,08,Kalmar,DIESEL,private,14
2023-05-01,08,Kalmar,ETHANOL,private,2
2023-05-01,08,Kalmar,GAS,company,9
2023-05-01,08,Kalmar,HEV,company,3
2023-05-01,08,Kalmar,HEV,dealer,4
2023-05-01,08,Kalmar,HEV,private,17
2023-05-01,08,Kalmar,PETROL,company,18
2023-05-01,08,Kalmar,PETROL,dealer,50
2023-05-01,08,Kalmar,PETROL,private,73
2023-05-01,08,Kalmar,PHEV,company,28
2023-05-01,08,Kalmar,PHEV,dealer,12
2023-05-01,08,Kalmar,PHEV,private,16
2023-05-01,09,Gotland,BEV,company,11
2023-05-01,09,Gotland,BEV,dealer,2
2023-05-01,09,Gotland,BEV,private,15
2023-05-01,09,Gotland,DIESEL,company,6
2023-05-01,09,Gotland,DIESEL,private,4
2023-05-01,09,Gotland,ETHANOL,company,7
2023-05-01,09,Gotland,ETHANOL,private,1
2023-05-01,09,Gotland,GAS,company,1
2023-05-01,09,Gotland,HEV,dealer,3
2023-05-01,09,Gotland,HEV,private,2
2023-05-01,09,Gotland,PETROL,company,4
2023-05-01,09,Gotland,PETROL,dealer,3
2023-05-01,09,Gotland,PETROL,private,8
2023-05-01,09,Gotland,PHEV,company,1
2023-05-01,09,Gotland,PHEV,dealer,1
2023-05-01,09,Gotland,PHEV,private,4
2023-05-01,10,Blekinge,BEV,company,27
2023-05-01,10,Blekinge,BEV,dealer,9
2023-05-01,10,Blekinge,BEV,private,44
2023-05-01,10,Blekinge,DIESEL,company,16
2023-05-01,10,Blekinge,DIESEL,dealer,1
2023-05-01,10,Blekinge,DIESEL,private,5
2023-05-01,10,Blekinge,ETHANOL,company,4
2023-05-01,10,Blekinge,ETHANOL,dealer,1
2023-05-01,10,Blekinge,GAS,company,4
2023-05-01,10,Blekinge,GAS,private,1
2023-05-01,10,Blekinge,HEV,company,7
2023-05-01,10,Blekinge,HEV,dealer,7
2023-05-01,10,Blekinge,HEV,private,7
2023-05-01,10,Blekinge,PETROL,company,41
2023-05-01,10,Blekinge,PETROL,dealer,27
2023-05-01,10,Blekinge,PETROL,private,45
2023-05-01,10,Blekinge,PHEV,company,6
2023-05-01,10,Blekinge,PHEV,dealer,13
2023-05-01,10,Blekinge,PHEV,private,12
2023-05-01,12,Skåne,BEV,company,799
2023-05-01,12,Skåne,BEV,dealer,175
2023-05-01,12,Skåne,BEV,private,446
2023-05-01,12,Skåne,DIESEL,company,175
2023-05-01,12,Skåne,DIESEL,dealer,82
2023-05-01,12,Skåne,DIESEL,private,74
2023-05-01,12,Skåne,ETHANOL,company,5
2023-05-01,12,Skåne,ETHANOL,dealer,7
2023-05-01,12,Skåne,ETHANOL,private,11
2023-05-01,12,Skåne,GAS,company,21
2023-05-01,12,Skåne,HEV,company,88
2023-05-01,12,Skåne,HEV,dealer,55
2023-05-01,12,Skåne,HEV,private,110
2023-05-01,12,Skåne,OTHER,private,1
2023-05-01,12,Skåne,PETROL,company,255
2023-05-01,12,Skåne,PETROL,dealer,726
2023-05-01,12,Skåne,PETROL,private,402
2023-05-01,12,Skåne,PHEV,company,779
2023-05-01,12,Skåne,PHEV,dealer,171
2023-05-01,12,Skåne,PHEV,private,109
2023-05-01,13,Halland,BEV,company,139
2023-05-01,13,Halland,BEV,dealer,18
2023-05-01,13,Halland,BEV,private,121
2023-05-01,13,Halland,DIESEL,company,29
2023-05-01,13,Halland,DIESEL,dealer,4
2023-05-01,13,Halland,DIESEL,private,22
2023-05-01,13,Halland,ETHANOL,company,6
2023-05-01,13,Halland,ETHANOL,private,10
2023-05-01,13,Halland,GAS,company,1
2023-05-01,13,Halland,HEV,company,1
2023-05-01,13,Halland,HEV,dealer,13
2023-05-01,13,Halland,HEV,private,26
2023-05-01,13,Halland,PETROL,company,35
2023-05-01,13,Halland,PETROL,dealer,38
2023-05-01,13,Halland,PETROL,private,102
2023-05-01,13,Halland,PHEV,company,44
2023-05-01,13,Halland,PHEV,dealer,12
2023-05-01,13,Halland,PHEV,private,19
2023-05-01,14,Västra Götaland,BEV,company,781
2023-05-01,14,Västra Götaland,BEV,dealer,991
2023-05-01,14,Västra Götaland,BEV,private,576
2023-05-01,14,Västra Götaland,DIESEL,company,156
2023-05-01,14,Västra Götaland,DIESEL,dealer,60
2023-05-01,14,Västra Götaland,DIESEL,private,112
2023-05-01,14,Västra Götaland,ETHANOL,company,11
2023-05-01,14,Västra Götaland,ETHANOL,dealer,6
2023-05-01,14,Västra Götaland,ETHANOL,private,28
2023-05-01,14,Västra Götaland,GAS,company,60
2023-05-01,14,Västra Götaland,GAS,dealer,2
2023-05-01,14,Västra Götaland,GAS,private,1
2023-05-01,14,Västra Götaland,HEV,company,138
2023-05-01,14,Västra Götaland,HEV,dealer,159
2023-05-01,14,Västra Götaland,HEV,private,142
2023-05-01,14,Västra Götaland,OTHER,company,1
2023-05-01,14,Västra Götaland,OTHER,private,1
2023-05-01,14,Västra Götaland,PETROL,company,212
2023-05-01,14,Västra Götaland,PETROL,dealer,236
2023-05-01,14,Västra Götaland,PETROL,private,533
2023-05-01,14,Västra Götaland,PHEV,company,304
2023-05-01,14,Västra Götaland,PHEV,dealer,327
2023-05-01,14,Västra Götaland,PHEV,private,186
2023-05-01,17,Värmland,BEV,company,92
2023-05-01,17,Värmland,BEV,dealer,13
2023-05-01,17,Värmland,BEV,private,51
2023-05-01,17,Värmland,DIESEL,company,60
2023-05-01,17,Värmland,DIESEL,dealer,49
2023-05-01,17,Värmland,DIESEL,private,29
2023-05-01,17,Värmland,ETHANOL,company,3
2023-05-01,17,Värmland,ETHANOL,dealer,3
2023-05-01,17,Värmland,ETHANOL,private,4
2023-05-01,17,Värmland,HEV,company,20
2023-05-01,17,Värmland,HEV,dealer,17
2023-05-01,17,Värmland,HEV,private,22
2023-05-01,17,Värmland,PETROL,company,64
2023-05-01,17,Värmland,PETROL,dealer,38
2023-05-01,17,Värmland,PETROL,private,62
2023-05-01,17,Värmland,PHEV,company,46
2023-05-01,17,Värmland,PHEV,dealer,8
2023-05-01,17,Värmland,PHEV,private,25
2023-05-01,18,Örebro,BEV,company,82
2023-05-01,18,Örebro,BEV,dealer,14
2023-05-01,18,Örebro,BEV,private,78
2023-05-01,18,Örebro,DIESEL,company,23
2023-05-01,18,Örebro,DIESEL,dealer,14
2023-05-01,18,Örebro,DIESEL,private,31
2023-05-01,18,Örebro,ETHANOL,company,1
2023-05-01,18,Örebro,ETHANOL,dealer,3
2023-05-01,18,Örebro,ETHANOL,private,3
2023-05-01,18,Örebro,GAS,company,1
2023-05-01,18,Örebro,HEV,company,10
2023-05-01,18,Örebro,HEV,dealer,28
2023-05-01,18,Örebro,HEV,private,24
2023-05-01,18,Örebro,PETROL,company,29
2023-05-01,18,Örebro,PETROL,dealer,27
2023-05-01,18,Örebro,PETROL,private,82
2023-05-01,18,Örebro,PHEV,company,44
2023-05-01,18,Örebro,PHEV,dealer,19
2023-05-01,18,Örebro,PHEV,private,27
2023-05-01,19,Västmanland,BEV,company,63
2023-05-01,19,Västmanland,BEV,dealer,22
2023-05-01,19,Västmanland,BEV,private,78
2023-05-01,19,Västmanland,DIESEL,company,15
2023-05-01,19,Västmanland,DIESEL,dealer,2
2023-05-01,19,Västmanland,DIESEL,private,17
2023-05-01,19,Västmanland,ETHANOL,dealer,2
2023-05-01,19,Västmanland,ETHANOL,private,3
2023-05-01,19,Västmanland,GAS,company,22
2023-05-01,19,Västmanland,HEV,company,7
2023-05-01,19,Västmanland,HEV,dealer,4
2023-05-01,19,Västmanland,HEV,private,18
2023-05-01,19,Västmanland,PETROL,company,15
2023-05-01,19,Västmanland,PETROL,dealer,13
2023-05-01,19,Västmanland,PETROL,private,65
2023-05-01,19,Västmanland,PHEV,company,41
2023-05-01,19,Västmanland,PHEV,dealer,12
2023-05-01,19,Västmanland,PHEV,private,32
2023-05-01,20,Dalarna,BEV,company,101
2023-05-01,20,Dalarna,BEV,dealer,25
2023-05-01,20,Dalarna,BEV,private,61
2023-05-01,20,Dalarna,DIESEL,company,36
2023-05-01,20,Dalarna,DIESEL,dealer,8
2023-05-01,20,Dalarna,DIESEL,private,26
2023-05-01,20,Dalarna,ETHANOL,company,5
2023-05-01,20,Dalarna,ETHANOL,private,3
2023-05-01,20,Dalarna,HEV,company,10
2023-05-01,20,Dalarna,HEV,dealer,14
2023-05-01,20,Dalarna,HEV,private,25
2023-05-01,20,Dalarna,PETROL,company,25
2023-05-01,20,Dalarna,PETROL,dealer,20
2023-05-01,20,Dalarna,PETROL,private,54
2023-05-01,20,Dalarna,PHEV,company,39
2023-05-01,20,Dalarna,PHEV,dealer,21
2023-05-01,20,Dalarna,PHEV,private,27
2023-05-01,21,Gävleborg,BEV,company,59
2023-05-01,21,Gävleborg,BEV,dealer,19
2023-05-01,21,Gävleborg,BEV,private,56
2023-05-01,21,Gävleborg,DIESEL,company,41
2023-05-01,21,Gävleborg,DIESEL,dealer,25
2023-05-01,21,Gävleborg,DIESEL,private,14
2023-05-01,21,Gävleborg,ETHANOL,company,4
2023-05-01,21,Gävleborg,ETHANOL,dealer,1
2023-05-01,21,Gävleborg,ETHANOL,private,3
2023-05-01,21,Gävleborg,HEV,company,8
2023-05-01,21,Gävleborg,HEV,dealer,26
2023-05-01,21,Gävleborg,HEV,private,23
2023-05-01,21,Gävleborg,PETROL,company,21
2023-05-01,21,Gävleborg,PETROL,dealer,46
2023-05-01,21,Gävleborg,PETROL,private,50
2023-05-01,21,Gävleborg,PHEV,company,28
2023-05-01,21,Gävleborg,PHEV,dealer,19
2023-05-01,21,Gävleborg,PHEV,private,33
2023-05-01,22,Västernorrland,BEV,company,66
2023-05-01,22,Västernorrland,BEV,dealer,8
2023-05-01,22,Västernorrland,BEV,private,58
2023-05-01,22,Västernorrland,DIESEL,company,37
2023-05-01,22,Västernorrland,DIESEL,dealer,9
2023-05-01,22,Västernorrland,DIESEL,private,23
2023-05-01,22,Västernorrland,ETHANOL,company,1
2023-05-01,22,Västernorrland,ETHANOL,dealer,7
2023-05-01,22,Västernorrland,ETHANOL,private,5
2023-05-01,22,Västernorrland,GAS,company,6
2023-05-01,22,Västernorrland,HEV,company,9
2023-05-01,22,Västernorrland,HEV,dealer,21
2023-05-01,22,Västernorrland,HEV,private,12
2023-05-01,22,Västernorrland,PETROL,company,34
2023-05-01,22,Västernorrland,PETROL,dealer,23
2023-05-01,22,Västernorrland,PETROL,private,30
2023-05-01,22,Västernorrland,PHEV,company,34
2023-05-01,22,Västernorrland,PHEV,dealer,17
2023-05-01,22,Västernorrland,PHEV,private,23
2023-05-01,23,Jämtland,BEV,company,26
2023-05-01,23,Jämtland,BEV,dealer,3
2023-05-01,23,Jämtland,BEV,private,31
2023-05-01,23,Jämtland,DIESEL,company,15
2023-05-01,23,Jämtland,DIESEL,dealer,33
2023-05-01,23,Jämtland,DIESEL,private,10
2023-05-01,23,Jämtland,ETHANOL,company,1
2023-05-01,23,Jämtland,ETHANOL,dealer,4
2023-05-01,23,Jämtland,ETHANOL,private,1
2023-05-01,23,Jämtland,GAS,company,2
2023-05-01,23,Jämtland,HEV,company,6
2023-05-01,23,Jämtland,HEV,dealer,8
2023-05-01,23,Jämtland,HEV,private,5
2023-05-01,23,Jämtland,PETROL,company,14
2023-05-01,23,Jämtland,PETROL,dealer,18
2023-05-01,23,Jämtland,PETROL,private,11
2023-05-01,23,Jämtland,PHEV,company,30
2023-05-01,23,Jämtland,PHEV,dealer,11
2023-05-01,23,Jämtland,PHEV,private,10
2023-05-01,24,Västerbotten,BEV,company,82
2023-05-01,24,Västerbotten,BEV,dealer,27
2023-05-01,24,Västerbotten,BEV,private,61
2023-05-01,24,Västerbotten,DIESEL,company,28
2023-05-01,24,Västerbotten,DIESEL,dealer,27
2023-05-01,24,Västerbotten,DIESEL,private,24
2023-05-01,24,Västerbotten,ETHANOL,company,5
2023-05-01,24,Västerbotten,ETHANOL,dealer,1
2023-05-01,24,Västerbotten,ETHANOL,private,8
2023-05-01,24,Västerbotten,HEV,company,1
2023-05-01,24,Västerbotten,HEV,dealer,17
2023-05-01,24,Västerbotten,HEV,private,13
2023-05-01,24,Västerbotten,PETROL,company,12
2023-05-01,24,Västerbotten,PETROL,dealer,26
2023-05-01,24,Västerbotten,PETROL,private,26
2023-05-01,24,Västerbotten,PHEV,company,22
2023-05-01,24,Västerbotten,PHEV,dealer,39
2023-05-01,24,Västerbotten,PHEV,private,28
2023-05-01,25,Norrbotten,BEV,company,63
2023-05-01,25,Norrbotten,BEV,dealer,12
2023-05-01,25,Norrbotten,BEV,private,54
2023-05-01,25,Norrbotten,DIESEL,company,41
2023-05-01,25,Norrbotten,DIESEL,dealer,14
2023-05-01,25,Norrbotten,DIESEL,private,18
2023-05-01,25,Norrbotten,ETHANOL,company,4
2023-05-01,25,Norrbotten,ETHANOL,dealer,2
2023-05-01,25,Norrbotten,ETHANOL,private,4
2023-05-01,25,Norrbotten,HEV,company,28
2023-05-01,25,Norrbotten,HEV,dealer,5
2023-05-01,25,Norrbotten,HEV,private,6
2023-05-01,25,Norrbotten,PETROL,company,26
2023-05-01,25,Norrbotten,PETROL,dealer,20
2023-05-01,25,Norrbotten,PETROL,private,23
2023-05-01,25,Norrbotten,PHEV,company,35
2023-05-01,25,Norrbotten,PHEV,dealer,30
2023-05-01,25,Norrbotten,PHEV,private,15
2023-06-01,01,Stockholm,BEV,company,3805
2023-06-01,01,Stockholm,BEV,dealer,399
2023-06-01,01,Stockholm,BEV,private,787
2023-06-01,01,Stockholm,DIESEL,company,518
2023-06-01,01,Stockholm,DIESEL,dealer,112
2023-06-01,01,Stockholm,DIESEL,private,106
2023-06-01,01,Stockholm,ETHANOL,company,111
2023-06-01,01,Stockholm,ETHANOL,dealer,5
2023-06-01,01,Stockholm,ETHANOL,private,23
2023-06-01,01,Stockholm,GAS,company,39
2023-06-01,01,Stockholm,GAS,private,1
2023-06-01,01,Stockholm,HEV,company,325
2023-06-01,01,Stockholm,HEV,dealer,181
2023-06-01,01,Stockholm,HEV,private,217
2023-06-01,01,Stockholm,PETROL,company,872
2023-06-01,01,Stockholm,PETROL,dealer,415
2023-06-01,01,Stockholm,PETROL,private,628
2023-06-01,01,Stockholm,PHEV,company,2134
2023-06-01,01,Stockholm,PHEV,dealer,182
2023-06-01,01,Stockholm,PHEV,private,306
2023-06-01,03,Uppsala,BEV,company,131
2023-06-01,03,Uppsala,BEV,dealer,15
2023-06-01,03,Uppsala,BEV,private,111
2023-06-01,03,Uppsala,DIESEL,company,57
2023-06-01,03,Uppsala,DIESEL,dealer,14
2023-06-01,03,Uppsala,DIESEL,private,16
2023-06-01,03,Uppsala,ETHANOL,company,4
2023-06-01,03,Uppsala,ETHANOL,dealer,4
2023-06-01,03,Uppsala,ETHANOL,private,8
2023-06-01,03,Uppsala,GAS,company,2
2023-06-01,03,Uppsala,HEV,company,9
2023-06-01,03,Uppsala,HEV,dealer,15
2023-06-01,03,Uppsala,HEV,private,26
2023-06-01,03,Uppsala,PETROL,company,69
2023-06-01,03,Uppsala,PETROL,dealer,20
2023-06-01,03,Uppsala,PETROL,private,70
2023-06-01,03,Uppsala,PHEV,company,110
2023-06-01,03,Uppsala,PHEV,dealer,20
2023-06-01,03,Uppsala,PHEV,private,51
2023-06-01,04,Södermanland,BEV,company,64
2023-06-01,04,Södermanland,BEV,dealer,10
2023-06-01,04,Södermanland,BEV,private,73
2023-06-01,04,Södermanland,DIESEL,company,18
2023-06-01,04,Södermanland,DIESEL,dealer,4
2023-06-01,04,Södermanland,DIESEL,private,9
2023-06-01,04,Södermanland,ETHANOL,dealer,1
2023-06-01,04,Södermanland,ETHANOL,private,2
2023-06-01,04,Södermanland,HEV,company,4
2023-06-01,04,Södermanland,HEV,dealer,6
2023-06-01,04,Södermanland,HEV,private,27
2023-06-01,04,Södermanland,PETROL,company,58
2023-06-01,04,Södermanland,PETROL,dealer,29
2023-06-01,04,Södermanland,PETROL,private,81
2023-06-01,04,Södermanland,PHEV,company,26
2023-06-01,04,Södermanland,PHEV,dealer,21
2023-06-01,04,Södermanland,PHEV,private,49
2023-06-01,05,Östergötland,BEV,company,127
2023-06-01,05,Östergötland,BEV,dealer,20
2023-06-01,05,Östergötland,BEV,private,129
2023-06-01,05,Östergötland,DIESEL,company,44
2023-06-01,05,Östergötland,DIESEL,dealer,9
2023-06-01,05,Östergötland,DIESEL,private,32
2023-06-01,05,Östergötland,ETHANOL,company,6
2023-06-01,05,Östergötland,ETHANOL,dealer,7
2023-06-01,05,Östergötland,ETHANOL,private,11
2023-06-01,05,Östergötland,GAS,private,1
2023-06-01,05,Östergötland,HEV,company,27
2023-06-01,05,Östergötland,HEV,dealer,81
2023-06-01,05,Östergötland,HEV,private,57
2023-06-01,05,Östergötland,OTHER,private,1
2023-06-01,05,Östergötland,PETROL,company,85
2023-06-01,05,Östergötland,PETROL,dealer,50
2023-06-01,05,Östergötland,PETROL,private,122
2023-06-01,05,Östergötland,PHEV,company,82
2023-06-01,05,Östergötland,PHEV,dealer,35
2023-06-01,05,Östergötland,PHEV,private,48
2023-06-01,06,Jönköping,BEV,company,125
2023-06-01,06,Jönköping,BEV,dealer,36
2023-06-01,06,Jönköping,BEV,private,92
2023-06-01,06,Jönköping,DIESEL,company,58
2023-06-01,06,Jönköping,DIESEL,dealer,9
2023-06-01,06,Jönköping,DIESEL,private,24
2023-06-01,06,Jönköping,ETHANOL,company,1
2023-06-01,06,Jönköping,ETHANOL,dealer,2
2023-06-01,06,Jönköping,ETHANOL,private,7
2023-06-01,06,Jönköping,GAS,company,22
2023-06-01,06,Jönköping,GAS,dealer,8
2023-06-01,06,Jönköping,HEV,company,28
2023-06-01,06,Jönköping,HEV,dealer,21
2023-06-01,06,Jönköping,HEV,private,37
2023-06-01,06,Jönköping,PETROL,company,114
2023-06-01,06,Jönköping,PETROL,dealer,85
2023-06-01,06,Jönköping,PETROL,private,92
2023-06-01,06,Jönköping,PHEV,company,76
2023-06-01,06,Jönköping,PHEV,dealer,39
2023-06-01,06,Jönköping,PHEV,private,37
2023-06-01,07,Kronoberg,BEV,company,76
2023-06-01,07,Kronoberg,BEV,dealer,15
2023-06-01,07,Kronoberg,BEV,private,52
2023-06-01,07,Kronoberg,DIESEL,company,22
2023-06-01,07,Kronoberg,DIESEL,dealer,4
2023-06-01,07,Kronoberg,DIESEL,private,11
2023-06-01,07,Kronoberg,ETHANOL,company,1
2023-06-01,07,Kronoberg,ETHANOL,private,5
2023-06-01,07,Kronoberg,GAS,company,20
2023-06-01,07,Kronoberg,HEV,company,9
2023-06-01,07,Kronoberg,HEV,dealer,16
2023-06-01,07,Kronoberg,HEV,private,12
2023-06-01,07,Kronoberg,PETROL,company,14
2023-06-01,07,Kronoberg,PETROL,dealer,41
2023-06-01,07,Kronoberg,PETROL,private,72
2023-06-01,07,Kronoberg,PHEV,company,36
2023-06-01,07,Kronoberg,PHEV,dealer,26
2023-06-01,07,Kronoberg,PHEV,private,36
2023-06-01,08,Kalmar,BEV,company,43
2023-06-01,08,Kalmar,BEV,dealer,12
2023-06-01,08,Kalmar,BEV,private,53
2023-06-01,08,Kalmar,DIESEL,company,28
2023-06-01,08,Kalmar,DIESEL,dealer,29
2023-06-01,08,Kalmar,DIESEL,private,14
2023-06-01,08,Kalmar,ETHANOL,company,3
2023-06-01,08,Kalmar,ETHANOL,dealer,1
2023-06-01,08,Kalmar,ETHANOL,private,1
2023-06-01,08,Kalmar,GAS,company,9
2023-06-01,08,Kalmar,GAS,dealer,5
2023-06-01,08,Kalmar,HEV,company,7
2023-06-01,08,Kalmar,HEV,dealer,16
2023-06-01,08,Kalmar,HEV,private,16
2023-06-01,08,Kalmar,PETROL,company,9
2023-06-01,08,Kalmar,PETROL,dealer,86
2023-06-01,08,Kalmar,PETROL,private,75
2023-06-01,08,Kalmar,PHEV,company,33
2023-06-01,08,Kalmar,PHEV,dealer,23
2023-06-01,08,Kalmar,PHEV,private,19
2023-06-01,09,Gotland,BEV,company,7
2023-06-01,09,Gotland,BEV,dealer,2
2023-06-01,09,Gotland,BEV,private,7
2023-06-01,09,Gotland,DIESEL,company,3
2023-06-01,09,Gotland,DIESEL,dealer,2
2023-06-01,09,Gotland,DIESEL,private,3
2023-06-01,09,Gotland,GAS,company,6
2023-06-01,09,Gotland,HEV,company,1
2023-06-01,09,Gotland,HEV,dealer,3
2023-06-01,09,Gotland,HEV,private,3
2023-06-01,09,Gotland,PETROL,company,9
2023-06-01,09,Gotland,PETROL,dealer,9
2023-06-01,09,Gotland,PETROL,private,6
2023-06-01,09,Gotland,PHEV,company,5
2023-06-01,09,Gotland,PHEV,dealer,2
2023-06-01,09,Gotland,PHEV,private,3
2023-06-01,10,Blekinge,BEV,company,24
2023-06-01,10,Blekinge,BEV,dealer,8
2023-06-01,10,Blekinge,BEV,private,31
2023-06-01,10,Blekinge,DIESEL,company,6
2023-06-01,10,Blekinge,DIESEL,dealer,6
2023-06-01,10,Blekinge,DIESEL,private,10
2023-06-01,10,Blekinge,ETHANOL,company,2
2023-06-01,10,Blekinge,ETHANOL,private,6
2023-06-01,10,Blekinge,GAS,company,2
2023-06-01,10,Blekinge,HEV,company,12
2023-06-01,10,Blekinge,HEV,dealer,4
2023-06-01,10,Blekinge,HEV,private,9
2023-06-01,10,Blekinge,PETROL,company,14
2023-06-01,10,Blekinge,PETROL,dealer,22
2023-06-01,10,Blekinge,PETROL,private,38
2023-06-01,10,Blekinge,PHEV,company,16
2023-06-01,10,Blekinge,PHEV,dealer,7
2023-06-01,10,Blekinge,PHEV,private,17
2023-06-01,12,Skåne,BEV,company,859
2023-06-01,12,Skåne,BEV,dealer,262
2023-06-01,12,Skåne,BEV,private,451
2023-06-01,12,Skåne,DIESEL,company,194
2023-06-01,12,Skåne,DIESEL,dealer,138
2023-06-01,12,Skåne,DIESEL,private,64
2023-06-01,12,Skåne,ETHANOL,company,5
2023-06-01,12,Skåne,ETHANOL,dealer,7
2023-06-01,12,Skåne,ETHANOL,private,11
2023-06-01,12,Skåne,GAS,company,66
2023-06-01,12,Skåne,GAS,dealer,8
2023-06-01,12,Skåne,HEV,company,72
2023-06-01,12,Skåne,HEV,dealer,79
2023-06-01,12,Skåne,HEV,private,119
2023-06-01,12,Skåne,OTHER,private,1
2023-06-01,12,Skåne,PETROL,company,177
2023-06-01,12,Skåne,PETROL,dealer,843
2023-06-01,12,Skåne,PETROL,private,416
2023-06-01,12,Skåne,PHEV,company,347
2023-06-01,12,Skåne,PHEV,dealer,120
2023-06-01,12,Skåne,PHEV,private,137
2023-06-01,13,Halland,BEV,company,133
2023-06-01,13,Halland,BEV,dealer,13
2023-06-01,13,Halland,BEV,private,122
2023-06-01,13,Halland,DIESEL,company,50
2023-06-01,13,Halland,DIESEL,dealer,11
2023-06-01,13,Halland,DIESEL,private,24
2023-06-01,13,Halland,ETHANOL,company,4
2023-06-01,13,Halland,ETHANOL,dealer,4
2023-06-01,13,Halland,ETHANOL,private,3
2023-06-01,13,Halland,GAS,company,1
2023-06-01,13,Halland,GAS,private,1
2023-06-01,13,Halland,HEV,company,11
2023-06-01,13,Halland,HEV,dealer,17
2023-06-01,13,Halland,HEV,private,33
2023-06-01,13,Halland,PETROL,company,50
2023-06-01,13,Halland,PETROL,dealer,49
2023-06-01,13,Halland,PETROL,private,109
2023-06-01,13,Halland,PHEV,company,62
2023-06-01,13,Halland,PHEV,dealer,26
2023-06-01,13,Halland,PHEV,private,41
2023-06-01,14,Västra Götaland,BEV,company,774
2023-06-01,14,Västra Götaland,BEV,dealer,262
2023-06-01,14,Västra Götaland,BEV,private,564
2023-06-01,14,Västra Götaland,DIESEL,company,167
2023-06-01,14,Västra Götaland,DIESEL,dealer,92
2023-06-01,14,Västra Götaland,DIESEL,private,109
2023-06-01,14,Västra Götaland,ETHANOL,company,14
2023-06-01,14,Västra Götaland,ETHANOL,dealer,8
2023-06-01,14,Västra Götaland,ETHANOL,private,21
2023-06-01,14,Västra Götaland,GAS,company,10
2023-06-01,14,Västra Götaland,HEV,company,111
2023-06-01,14,Västra Götaland,HEV,dealer,210
2023-06-01,14,Västra Götaland,HEV,private,150
2023-06-01,14,Västra Götaland,PETROL,company,179
2023-06-01,14,Västra Götaland,PETROL,dealer,385
2023-06-01,14,Västra Götaland,PETROL,private,562
2023-06-01,14,Västra Götaland,PHEV,company,359
2023-06-01,14,Västra Götaland,PHEV,dealer,388
2023-06-01,14,Västra Götaland,PHEV,private,188
2023-06-01,17,Värmland,BEV,company,75
2023-06-01,17,Värmland,BEV,dealer,17
2023-06-01,17,Värmland,BEV,private,64
2023-06-01,17,Värmland,DIESEL,company,56
2023-06-01,17,Värmland,DIESEL,dealer,42
2023-06-01,17,Värmland,DIESEL,private,26
2023-06-01,17,Värmland,ETHANOL,company,4
2023-06-01,17,Värmland,ETHANOL,dealer,1
2023-06-01,17,Värmland,ETHANOL,private,4
2023-06-01,17,Värmland,HEV,company,7
2023-06-01,17,Värmland,HEV,dealer,15
2023-06-01,17,Värmland,HEV,private,21
2023-06-01,17,Värmland,PETROL,company,40
2023-06-01,17,Värmland,PETROL,dealer,66
2023-06-01,17,Värmland,PETROL,private,61
2023-06-01,17,Värmland,PHEV,company,50
2023-06-01,17,Värmland,PHEV,dealer,18
2023-06-01,17,Värmland,PHEV,private,31
2023-06-01,18,Örebro,BEV,company,64
2023-06-01,18,Örebro,BEV,dealer,15
2023-06-01,18,Örebro,BEV,private,91
2023-06-01,18,Örebro,DIESEL,company,17
2023-06-01,18,Örebro,DIESEL,dealer,9
2023-06-01,18,Örebro,DIESEL,private,16
2023-06-01,18,Örebro,ETHANOL,company,1
2023-06-01,18,Örebro,ETHANOL,private,2
2023-06-01,18,Örebro,GAS,company,6
2023-06-01,18,Örebro,HEV,company,12
2023-06-01,18,Örebro,HEV,dealer,29
2023-06-01,18,Örebro,HEV,private,22
2023-06-01,18,Örebro,PETROL,company,22
2023-06-01,18,Örebro,PETROL,dealer,31
2023-06-01,18,Örebro,PETROL,private,68
2023-06-01,18,Örebro,PHEV,company,53
2023-06-01,18,Örebro,PHEV,dealer,19
2023-06-01,18,Örebro,PHEV,private,32
2023-06-01,19,Västmanland,BEV,company,72
2023-06-01,19,Västmanland,BEV,dealer,18
2023-06-01,19,Västmanland,BEV,private,66
2023-06-01,19,Västmanland,DIESEL,company,14
2023-06-01,19,Västmanland,DIESEL,dealer,6
2023-06-01,19,Västmanland,DIESEL,private,11
2023-06-01,19,Västmanland,ETHANOL,company,2
2023-06-01,19,Västmanland,ETHANOL,private,3
2023-06-01,19,Västmanland,GAS,company,13
2023-06-01,19,Västmanland,GAS,private,1
2023-06-01,19,Västmanland,HEV,company,4
2023-06-01,19,Västmanland,HEV,dealer,5
2023-06-01,19,Västmanland,HEV,private,12
2023-06-01,19,Västmanland,PETROL,company,20
2023-06-01,19,Västmanland,PETROL,dealer,21
2023-06-01,19,Västmanland,PETROL,private,74
2023-06-01,19,Västmanland,PHEV,company,36
2023-06-01,19,Västmanland,PHEV,dealer,17
2023-06-01,19,Västmanland,PHEV,private,39
2023-06-01,20,Dalarna,BEV,company,104
2023-06-01,20,Dalarna,BEV,dealer,8
2023-06-01,20,Dalarna,BEV,private,61
2023-06-01,20,Dalarna,DIESEL,company,25
2023-06-01,20,Dalarna,DIESEL,dealer,8
2023-06-01,20,Dalarna,DIESEL,private,12
2023-06-01,20,Dalarna,ETHANOL,company,2
2023-06-01,20,Dalarna,ETHANOL,private,2
2023-06-01,20,Dalarna,GAS,company,1
2023-06-01,20,Dalarna,HEV,company,15
2023-06-01,20,Dalarna,HEV,dealer,15
2023-06-01,20,Dalarna,HEV,private,15
2023-06-01,20,Dalarna,PETROL,company,86
2023-06-01,20,Dalarna,PETROL,dealer,48
2023-06-01,20,Dalarna,PETROL,private,57
2023-06-01,20,Dalarna,PHEV,company,43
2023-06-01,20,Dalarna,PHEV,dealer,22
2023-06-01,20,Dalarna,PHEV,private,27
2023-06-01,21,Gävleborg,BEV,company,82
2023-06-01,21,Gävleborg,BEV,dealer,14
2023-06-01,21,Gävleborg,BEV,private,57
2023-06-01,21,Gävleborg,DIESEL,company,27
2023-06-01,21,Gävleborg,DIESEL,dealer,18
2023-06-01,21,Gävleborg,DIESEL,private,16
2023-06-01,21,Gävleborg,ETHANOL,company,3
2023-06-01,21,Gävleborg,ETHANOL,dealer,3
2023-06-01,21,Gävleborg,ETHANOL,private,1
2023-06-01,21,Gävleborg,HEV,company,19
2023-06-01,21,Gävleborg,HEV,dealer,22
2023-06-01,21,Gävleborg,HEV,private,19
2023-06-01,21,Gävleborg,PETROL,company,16
2023-06-01,21,Gävleborg,PETROL,dealer,45
2023-06-01,21,Gävleborg,PETROL,private,52
2023-06-01,21,Gävleborg,PHEV,company,28
2023-06-01,21,Gävleborg,PHEV,dealer,12
2023-06-01,21,Gävleborg,PHEV,private,32
2023-06-01,22,Västernorrland,BEV,company,49
2023-06-01,22,Västernorrland,BEV,dealer,25
2023-06-01,22,Västernorrland,BEV,private,53
2023-06-01,22,Västernorrland,DIESEL,company,34
2023-06-01,22,Västernorrland,DIESEL,dealer,10
2023-06-01,22,Västernorrland,DIESEL,private,13
2023-06-01,22,Västernorrland,ETHANOL,company,2
2023-06-01,22,Västernorrland,ETHANOL,dealer,3
2023-06-01,22,Västernorrland,ETHANOL,private,5
2023-06-01,22,Västernorrland,GAS,company,4
2023-06-01,22,Västernorrland,HEV,company,3
2023-06-01,22,Västernorrland,HEV,dealer,7
2023-06-01,22,Västernorrland,HEV,private,11
2023-06-01,22,Västernorrland,PETROL,company,16
2023-06-01,22,Västernorrland,PETROL,dealer,25
2023-06-01,22,Västernorrland,PETROL,private,42
2023-06-01,22,Västernorrland,PHEV,company,29
2023-06-01,22,Västernorrland,PHEV,dealer,19
2023-06-01,22,Västernorrland,PHEV,private,22
2023-06-01,23,Jämtland,BEV,company,45
2023-06-01,23,Jämtland,BEV,dealer,5
2023-06-01,23,Jämtland,BEV,private,29
2023-06-01,23,Jämtland,DIESEL,company,17
2023-06-01,23,Jämtland,DIESEL,dealer,12
2023-06-01,23,Jämtland,DIESEL,private,10
2023-06-01,23,Jämtland,ETHANOL,company,1
2023-06-01,23,Jämtland,ETHANOL,dealer,1
2023-06-01,23,Jämtland,ETHANOL,private,1
2023-06-01,23,Jämtland,HEV,company,5
2023-06-01,23,Jämtland,HEV,dealer,5
2023-06-01,23,Jämtland,HEV,private,2
2023-06-01,23,Jämtland,PETROL,company,3
2023-06-01,23,Jämtland,PETROL,dealer,4
2023-06-01,23,Jämtland,PETROL,private,7
2023-06-01,23,Jämtland,PHEV,company,25
2023-06-01,23,Jämtland,PHEV,dealer,2
2023-06-01,23,Jämtland,PHEV,private,8
2023-06-01,24,Västerbotten,BEV,company,68
2023-06-01,24,Västerbotten,BEV,dealer,21
2023-06-01,24,Västerbotten,BEV,private,74
2023-06-01,24,Västerbotten,DIESEL,company,20
2023-06-01,24,Västerbotten,DIESEL,dealer,5
2023-06-01,24,Västerbotten,DIESEL,private,16
2023-06-01,24,Västerbotten,ETHANOL,company,1
2023-06-01,24,Västerbotten,ETHANOL,private,2
2023-06-01,24,Västerbotten,HEV,company,9
2023-06-01,24,Västerbotten,HEV,dealer,26
2023-06-01,24,Västerbotten,HEV,private,11
2023-06-01,24,Västerbotten,PETROL,company,23
2023-06-01,24,Västerbotten,PETROL,dealer,38
2023-06-01,24,Västerbotten,PETROL,private,29
2023-06-01,24,Västerbotten,PHEV,company,36
2023-06-01,24,Västerbotten,PHEV,dealer,27
2023-06-01,24,Västerbotten,PHEV,private,24
2023-06-01,25,Norrbotten,BEV,company,75
2023-06-01,25,Norrbotten,BEV,dealer,7
2023-06-01,25,Norrbotten,BEV,private,52
2023-06-01,25,Norrbotten,DIESEL,company,41
2023-06-01,25,Norrbotten,DIESEL,dealer,7
2023-06-01,25,Norrbotten,DIESEL,private,19
2023-06-01,25,Norrbotten,ETHANOL,company,1
2023-06-01,25,Norrbotten,ETHANOL,dealer,2
2023-06-01,25,Norrbotten,ETHANOL,private,2
2023-06-01,25,Norrbotten,HEV,company,7
2023-06-01,25,Norrbotten,HEV,dealer,34
2023-06-01,25,Norrbotten,HEV,private,14
2023-06-01,25,Norrbotten,PETROL,company,13
2023-06-01,25,Norrbotten,PETROL,dealer,12
2023-06-01,25,Norrbotten,PETROL,private,21
2023-06-01,25,Norrbotten,PHEV,company,24
2023-06-01,25,Norrbotten,PHEV,dealer,8
2023-06-01,25,Norrbotten,PHEV,private,16
2023-07-01,01,Stockholm,BEV,company,1927
2023-07-01,01,Stockholm,BEV,dealer,355
2023-07-01,01,Stockholm,BEV,private,526
2023-07-01,01,Stockholm,DIESEL,company,320
2023-07-01,01,Stockholm,DIESEL,dealer,57
2023-07-01,01,Stockholm,DIESEL,private,71
2023-07-01,01,Stockholm,ETHANOL,company,11
2023-07-01,01,Stockholm,ETHANOL,private,28
2023-07-01,01,Stockholm,GAS,company,12
2023-07-01,01,Stockholm,HEV,company,112
2023-07-01,01,Stockholm,HEV,dealer,101
2023-07-01,01,Stockholm,HEV,private,120
2023-07-01,01,Stockholm,PETROL,company,452
2023-07-01,01,Stockholm,PETROL,dealer,148
2023-07-01,01,Stockholm,PETROL,private,477
2023-07-01,01,Stockholm,PHEV,company,1190
2023-07-01,01,Stockholm,PHEV,dealer,179
2023-07-01,01,Stockholm,PHEV,private,201
2023-07-01,03,Uppsala,BEV,company,62
2023-07-01,03,Uppsala,BEV,dealer,17
2023-07-01,03,Uppsala,BEV,private,88
2023-07-01,03,Uppsala,DIESEL,company,28
2023-07-01,03,Uppsala,DIESEL,dealer,5
2023-07-01,03,Uppsala,DIESEL,private,14
2023-07-01,03,Uppsala,ETHANOL,private,2
2023-07-01,03,Uppsala,GAS,company,1
2023-07-01,03,Uppsala,HEV,company,4
2023-07-01,03,Uppsala,HEV,dealer,8
2023-07-01,03,Uppsala,HEV,private,20
2023-07-01,03,Uppsala,PETROL,company,21
2023-07-01,03,Uppsala,PETROL,dealer,17
2023-07-01,03,Uppsala,PETROL,private,49
2023-07-01,03,Uppsala,PHEV,company,74
2023-07-01,03,Uppsala,PHEV,dealer,20
2023-07-01,03,Uppsala,PHEV,private,42
2023-07-01,04,Södermanland,BEV,company,39
2023-07-01,04,Södermanland,BEV,dealer,14
2023-07-01,04,Södermanland,BEV,private,54
2023-07-01,04,Södermanland,DIESEL,company,16
2023-07-01,04,Södermanland,DIESEL,dealer,2
2023-07-01,04,Södermanland,DIESEL,private,13
2023-07-01,04,Södermanland,ETHANOL,private,1
2023-07-01,04,Södermanland,HEV,company,4
2023-07-01,04,Södermanland,HEV,dealer,12
2023-07-01,04,Södermanland,HEV,private,11
2023-07-01,04,Södermanland,PETROL,company,13
2023-07-01,04,Södermanland,PETROL,dealer,11
2023-07-01,04,Södermanland,PETROL,private,60
2023-07-01,04,Södermanland,PHEV,company,20
2023-07-01,04,Södermanland,PHEV,dealer,11
2023-07-01,04,Södermanland,PHEV,private,32
2023-07-01,05,Östergötland,BEV,company,50
2023-07-01,05,Östergötland,BEV,dealer,29
2023-07-01,05,Östergötland,BEV,private,88
2023-07-01,05,Östergötland,DIESEL,company,24
2023-07-01,05,Östergötland,DIESEL,dealer,4
2023-07-01,05,Östergötland,DIESEL,private,21
2023-07-01,05,Östergötland,ETHANOL,company,4
2023-07-01,05,Östergötland,ETHANOL,dealer,1
2023-07-01,05,Östergötland,ETHANOL,private,6
2023-07-01,05,Östergötland,HEV,company,4
2023-07-01,05,Östergötland,HEV,dealer,27
2023-07-01,05,Östergötland,HEV,private,30
2023-07-01,05,Östergötland,PETROL,company,30
2023-07-01,05,Östergötland,PETROL,dealer,22
2023-07-01,05,Östergötland,PETROL,private,96
2023-07-01,05,Östergötland,PHEV,company,57
2023-07-01,05,Östergötland,PHEV,dealer,34
2023-07-01,05,Östergötland,PHEV,private,49
2023-07-01,06,Jönköping,BEV,company,50
2023-07-01,06,Jönköping,BEV,dealer,34
2023-07-01,06,Jönköping,BEV,private,77
2023-07-01,06,Jönköping,DIESEL,company,31
2023-07-01,06,Jönköping,DIESEL,dealer,21
2023-07-01,06,Jönköping,DIESEL,private,20
2023-07-01,06,Jönköping,ETHANOL,company,3
2023-07-01,06,Jönköping,ETHANOL,dealer,1
2023-07-01,06,Jönköping,ETHANOL,private,3
2023-07-01,06,Jönköping,GAS,company,5
2023-07-01,06,Jönköping,HEV,company,34
2023-07-01,06,Jönköping,HEV,dealer,14
2023-07-01,06,Jönköping,HEV,private,32
2023-07-01,06,Jönköping,PETROL,company,78
2023-07-01,06,Jönköping,PETROL,dealer,37
2023-07-01,06,Jönköping,PETROL,private,87
2023-07-01,06,Jönköping,PHEV,company,50
2023-07-01,06,Jönköping,PHEV,dealer,33
2023-07-01,06,Jönköping,PHEV,private,24
2023-07-01,07,Kronoberg,BEV,company,24
2023-07-01,07,Kronoberg,BEV,dealer,8
2023-07-01,07,Kronoberg,BEV,private,41
2023-07-01,07,Kronoberg,DIESEL,company,9
2023-07-01,07,Kronoberg,DIESEL,dealer,3
2023-07-01,07,Kronoberg,DIESEL,private,9
2023-07-01,07,Kronoberg,ETHANOL,company,3
2023-07-01,07,Kronoberg,ETHANOL,private,1
2023-07-01,07,Kronoberg,HEV,company,4
2023-07-01,07,Kronoberg,HEV,dealer,7
2023-07-01,07,Kronoberg,HEV,private,6
2023-07-01,07,Kronoberg,PETROL,company,9
2023-07-01,07,Kronoberg,PETROL,dealer,14
2023-07-01,07,Kronoberg,PETROL,private,42
2023-07-01,07,Kronoberg,PHEV,company,16
2023-07-01,07,Kronoberg,PHEV,dealer,18
2023-07-01,07,Kronoberg,PHEV,private,16
2023-07-01,08,Kalmar,BEV,company,40
2023-07-01,08,Kalmar,BEV,dealer,13
2023-07-01,08,Kalmar,BEV,private,29
2023-07-01,08,Kalmar,DIESEL,company,7
2023-07-01,08,Kalmar,DIESEL,dealer,10
2023-07-01,08,Kalmar,DIESEL,private,20
2023-07-01,08,Kalmar,ETHANOL,company,1
2023-07-01,08,Kalmar,ETHANOL,private,2
2023-07-01,08,Kalmar,GAS,company,5
2023-07-01,08,Kalmar,HEV,company,2
2023-07-01,08,Kalmar,HEV,dealer,12
2023-07-01,08,Kalmar,HEV,private,11
2023-07-01,08,Kalmar,PETROL,company,10
2023-07-01,08,Kalmar,PETROL,dealer,38
2023-07-01,08,Kalmar,PETROL,private,58
2023-07-01,08,Kalmar,PHEV,company,17
2023-07-01,08,Kalmar,PHEV,dealer,25
2023-07-01,08,Kalmar,PHEV,private,13
2023-07-01,09,Gotland,BEV,company,8
2023-07-01,09,Gotland,BEV,dealer,2
2023-07-01,09,Gotland,BEV,private,7
2023-07-01,09,Gotland,DIESEL,company,1
2023-07-01,09,Gotland,DIESEL,dealer,3
2023-07-01,09,Gotland,DIESEL,private,1
2023-07-01,09,Gotland,ETHANOL,private,1
2023-07-01,09,Gotland,GAS,company,17
2023-07-01,09,Gotland,HEV,private,3
2023-07-01,09,Gotland,PETROL,company,8
2023-07-01,09,Gotland,PETROL,dealer,1
2023-07-01,09,Gotland,PETROL,private,3
2023-07-01,09,Gotland,PHEV,company,2
2023-07-01,09,Gotland,PHEV,dealer,1
2023-07-01,09,Gotland,PHEV,private,3
2023-07-01,10,Blekinge,BEV,company,12
2023-07-01,10,Blekinge,BEV,dealer,7
2023-07-01,10,Blekinge,BEV,private,25
2023-07-01,10,Blekinge,DIESEL,company,1
2023-07-01,10,Blekinge,DIESEL,dealer,2
2023-07-01,10,Blekinge,DIESEL,private,3
2023-07-01,10,Blekinge,ETHANOL,private,2
2023-07-01,10,Blekinge,HEV,company,3
2023-07-01,10,Blekinge,HEV,dealer,10
2023-07-01,10,Blekinge,HEV,private,4
2023-07-01,10,Blekinge,PETROL,company,6
2023-07-01,10,Blekinge,PETROL,dealer,16
2023-07-01,10,Blekinge,PETROL,private,30
2023-07-01,10,Blekinge,PHEV,company,8
2023-07-01,10,Blekinge,PHEV,dealer,5
2023-07-01,10,Blekinge,PHEV,private,15
2023-07-01,12,Skåne,BEV,company,453
2023-07-01,12,Skåne,BEV,dealer,178
2023-07-01,12,Skåne,BEV,private,332
2023-07-01,12,Skåne,DIESEL,company,139
2023-07-01,12,Skåne,DIESEL,dealer,50
2023-07-01,12,Skåne,DIESEL,private,78
2023-07-01,12,Skåne,ETHANOL,company,138
2023-07-01,12,Skåne,ETHANOL,dealer,3
2023-07-01,12,Skåne,ETHANOL,private,12
2023-07-01,12,Skåne,GAS,company,10
2023-07-01,12,Skåne,HEV,company,24
2023-07-01,12,Skåne,HEV,dealer,63
2023-07-01,12,Skåne,HEV,private,85
2023-07-01,12,Skåne,PETROL,company,158
2023-07-01,12,Skåne,PETROL,dealer,458
2023-07-01,12,Skåne,PETROL,private,369
2023-07-01,12,Skåne,PHEV,company,295
2023-07-01,12,Skåne,PHEV,dealer,144
2023-07-01,12,Skåne,PHEV,private,105
2023-07-01,13,Halland,BEV,company,89
2023-07-01,13,Halland,BEV,dealer,37
2023-07-01,13,Halland,BEV,private,85
2023-07-01,13,Halland,DIESEL,company,25
2023-07-01,13,Halland,DIESEL,dealer,5
2023-07-01,13,Halland,DIESEL,private,31
2023-07-01,13,Halland,ETHANOL,company,1
2023-07-01,13,Halland,ETHANOL,dealer,1
2023-07-01,13,Halland,ETHANOL,private,4
2023-07-01,13,Halland,HEV,company,5
2023-07-01,13,Halland,HEV,dealer,19
2023-07-01,13,Halland,HEV,private,22
2023-07-01,13,Halland,PETROL,company,31
2023-07-01,13,Halland,PETROL,dealer,32
2023-07-01,13,Halland,PETROL,private,92
2023-07-01,13,Halland,PHEV,company,57
2023-07-01,13,Halland,PHEV,dealer,20
2023-07-01,13,Halland,PHEV,private,32
2023-07-01,14,Västra Götaland,BEV,company,327
2023-07-01,14,Västra Götaland,BEV,dealer,260
2023-07-01,14,Västra Götaland,BEV,private,426
2023-07-01,14,Västra Götaland,DIESEL,company,103
2023-07-01,14,Västra Götaland,DIESEL,dealer,39
2023-07-01,14,Västra Götaland,DIESEL,private,92
2023-07-01,14,Västra Götaland,ETHANOL,company,12
2023-07-01,14,Västra Götaland,ETHANOL,dealer,20
2023-07-01,14,Västra Götaland,ETHANOL,private,15
2023-07-01,14,Västra Götaland,GAS,company,8
2023-07-01,14,Västra Götaland,HEV,company,54
2023-07-01,14,Västra Götaland,HEV,dealer,139
2023-07-01,14,Västra Götaland,HEV,private,101
2023-07-01,14,Västra Götaland,PETROL,company,86
2023-07-01,14,Västra Götaland,PETROL,dealer,137
2023-07-01,14,Västra Götaland,PETROL,private,435
2023-07-01,14,Västra Götaland,PHEV,company,194
2023-07-01,14,Västra Götaland,PHEV,dealer,251
2023-07-01,14,Västra Götaland,PHEV,private,135
2023-07-01,17,Värmland,BEV,company,34
2023-07-01,17,Värmland,BEV,dealer,12
2023-07-01,17,Värmland,BEV,private,40
2023-07-01,17,Värmland,DIESEL,company,60
2023-07-01,17,Värmland,DIESEL,dealer,31
2023-07-01,17,Värmland,DIESEL,private,21
2023-07-01,17,Värmland,ETHANOL,private,2
2023-07-01,17,Värmland,HEV,company,9
2023-07-01,17,Värmland,HEV,dealer,5
2023-07-01,17,Värmland,HEV,private,11
2023-07-01,17,Värmland,PETROL,company,25
2023-07-01,17,Värmland,PETROL,dealer,27
2023-07-01,17,Värmland,PETROL,private,69
2023-07-01,17,Värmland,PHEV,company,28
2023-07-01,17,Värmland,PHEV,dealer,14
2023-07-01,17,Värmland,PHEV,private,21
2023-07-01,18,Örebro,BEV,company,26
2023-07-01,18,Örebro,BEV,dealer,16
2023-07-01,18,Örebro,BEV,private,49
2023-07-01,18,Örebro,DIESEL,company,11
2023-07-01,18,Örebro,DIESEL,dealer,4
2023-07-01,18,Örebro,DIESEL,private,20
2023-07-01,18,Örebro,ETHANOL,company,2
2023-07-01,18,Örebro,ETHANOL,private,1
2023-07-01,18,Örebro,HEV,company,3
2023-07-01,18,Örebro,HEV,dealer,14
2023-07-01,18,Örebro,HEV,private,14
2023-07-01,18,Örebro,PETROL,company,13
2023-07-01,18,Örebro,PETROL,dealer,19
2023-07-01,18,Örebro,PETROL,private,70
2023-07-01,18,Örebro,PHEV,company,27
2023-07-01,18,Örebro,PHEV,dealer,19
2023-07-01,18,Örebro,PHEV,private,16
2023-07-01,19,Västmanland,BEV,company,23
2023-07-01,19,Västmanland,BEV,dealer,12
2023-07-01,19,Västmanland,BEV,private,53
2023-07-01,19,Västmanland,DIESEL,company,21
2023-07-01,19,Västmanland,DIESEL,dealer,5
2023-07-01,19,Västmanland,DIESEL,private,15
2023-07-01,19,Västmanland,ETHANOL,dealer,1
2023-07-01,19,Västmanland,ETHANOL,private,4
2023-07-01,19,Västmanland,GAS,company,1
2023-07-01,19,Västmanland,HEV,company,11
2023-07-01,19,Västmanland,HEV,dealer,7
2023-07-01,19,Västmanland,HEV,private,13
2023-07-01,19,Västmanland,PETROL,company,8
2023-07-01,19,Västmanland,PETROL,dealer,11
2023-07-01,19,Västmanland,PETROL,private,62
2023-07-01,19,Västmanland,PHEV,company,22
2023-07-01,19,Västmanland,PHEV,dealer,10
2023-07-01,19,Västmanland,PHEV,private,25
2023-07-01,20,Dalarna,BEV,company,34
2023-07-01,20,Dalarna,BEV,dealer,8
2023-07-01,20,Dalarna,BEV,private,35
2023-07-01,20,Dalarna,DIESEL,company,24
2023-07-01,20,Dalarna,DIESEL,dealer,11
2023-07-01,20,Dalarna,DIESEL,private,16
2023-07-01,20,Dalarna,ETHANOL,company,1
2023-07-01,20,Dalarna,ETHANOL,dealer,1
2023-07-01,20,Dalarna,ETHANOL,private,3
2023-07-01,20,Dalarna,HEV,dealer,11
2023-07-01,20,Dalarna,HEV,private,7
2023-07-01,20,Dalarna,PETROL,company,44
2023-07-01,20,Dalarna,PETROL,dealer,16
2023-07-01,20,Dalarna,PETROL,private,45
2023-07-01,20,Dalarna,PHEV,company,29
2023-07-01,20,Dalarna,PHEV,dealer,25
2023-07-01,20,Dalarna,PHEV,private,23
2023-07-01,21,Gävleborg,BEV,company,30
2023-07-01,21,Gävleborg,BEV,dealer,4
2023-07-01,21,Gävleborg,BEV,private,41
2023-07-01,21,Gävleborg,DIESEL,company,13
2023-07-01,21,Gävleborg,DIESEL,dealer,6
2023-07-01,21,Gävleborg,DIESEL,private,15
2023-07-01,21,Gävleborg,ETHANOL,dealer,2
2023-07-01,21,Gävleborg,ETHANOL,private,3
2023-07-01,21,Gävleborg,HEV,company,9
2023-07-01,21,Gävleborg,HEV,dealer,7
2023-07-01,21,Gävleborg,HEV,private,16
2023-07-01,21,Gävleborg,OTHER,company,1
2023-07-01,21,Gävleborg,OTHER,private,1
2023-07-01,21,Gävleborg,PETROL,company,18
2023-07-01,21,Gävleborg,PETROL,dealer,21
2023-07-01,21,Gävleborg,PETROL,private,47
2023-07-01,21,Gävleborg,PHEV,company,19
2023-07-01,21,Gävleborg,PHEV,dealer,17
2023-07-01,21,Gävleborg,PHEV,private,15
2023-07-01,22,Västernorrland,BEV,company,31
2023-07-01,22,Västernorrland,BEV,dealer,7
2023-07-01,22,Västernorrland,BEV,private,30
2023-07-01,22,Västernorrland,DIESEL,company,26
2023-07-01,22,Västernorrland,DIESEL,dealer,11
2023-07-01,22,Västernorrland,DIESEL,private,9
2023-07-01,22,Västernorrland,ETHANOL,company,3
2023-07-01,22,Västernorrland,ETHANOL,dealer,1
2023-07-01,22,Västernorrland,ETHANOL,private,7
2023-07-01,22,Västernorrland,HEV,company,2
2023-07-01,22,Västernorrland,HEV,dealer,7
2023-07-01,22,Västernorrland,HEV,private,4
2023-07-01,22,Västernorrland,PETROL,company,10
2023-07-01,22,Västernorrland,PETROL,dealer,3
2023-07-01,22,Västernorrland,PETROL,private,32
2023-07-01,22,Västernorrland,PHEV,company,27
2023-07-01,22,Västernorrland,PHEV,dealer,21
2023-07-01,22,Västernorrland,PHEV,private,19
2023-07-01,23,Jämtland,BEV,company,16
2023-07-01,23,Jämtland,BEV,dealer,3
2023-07-01,23,Jämtland,BEV,private,26
2023-07-01,23,Jämtland,DIESEL,company,6
2023-07-01,23,Jämtland,DIESEL,dealer,1
2023-07-01,23,Jämtland,DIESEL,private,9
2023-07-01,23,Jämtland,ETHANOL,dealer,1
2023-07-01,23,Jämtland,GAS,company,5
2023-07-01,23,Jämtland,HEV,dealer,1
2023-07-01,23,Jämtland,HEV,private,6
2023-07-01,23,Jämtland,PETROL,company,3
2023-07-01,23,Jämtland,PETROL,dealer,2
2023-07-01,23,Jämtland,PETROL,private,6
2023-07-01,23,Jämtland,PHEV,company,13
2023-07-01,23,Jämtland,PHEV,dealer,3
2023-07-01,23,Jämtland,PHEV,private,4
2023-07-01,24,Västerbotten,BEV,company,39
2023-07-01,24,Västerbotten,BEV,dealer,14
2023-07-01,24,Västerbotten,BEV,private,47
2023-07-01,24,Västerbotten,DIESEL,company,19
2023-07-01,24,Västerbotten,DIESEL,dealer,5
2023-07-01,24,Västerbotten,DIESEL,private,10
2023-07-01,24,Västerbotten,ETHANOL,company,6
2023-07-01,24,Västerbotten,ETHANOL,private,3
2023-07-01,24,Västerbotten,HEV,company,3
2023-07-01,24,Västerbotten,HEV,dealer,23
2023-07-01,24,Västerbotten,HEV,private,9
2023-07-01,24,Västerbotten,PETROL,company,8
2023-07-01,24,Västerbotten,PETROL,dealer,11
2023-07-01,24,Västerbotten,PETROL,private,25
2023-07-01,24,Västerbotten,PHEV,company,19
2023-07-01,24,Västerbotten,PHEV,dealer,25
2023-07-01,24,Västerbotten,PHEV,private,20
2023-07-01,25,Norrbotten,BEV,company,41
2023-07-01,25,Norrbotten,BEV,dealer,3
2023-07-01,25,Norrbotten,BEV,private,41
2023-07-01,25,Norrbotten,DIESEL,company,16
2023-07-01,25,Norrbotten,DIESEL,dealer,4
2023-07-01,25,Norrbotten,DIESEL,private,17
2023-07-01,25,Norrbotten,ETHANOL,company,1
2023-07-01,25,Norrbotten,ETHANOL,private,6
2023-07-01,25,Norrbotten,HEV,company,18
2023-07-01,25,Norrbotten,HEV,dealer,5
2023-07-01,25,Norrbotten,HEV,private,7
2023-07-01,25,Norrbotten,PETROL,company,6
2023-07-01,25,Norrbotten,PETROL,dealer,1
2023-07-01,25,Norrbotten,PETROL,private,13
2023-07-01,25,Norrbotten,PHEV,company,26
2023-07-01,25,Norrbotten,PHEV,dealer,8
2023-07-01,25,Norrbotten,PHEV,private,13
2023-08-01,01,Stockholm,BEV,company,3176
2023-08-01,01,Stockholm,BEV,dealer,443
2023-08-01,01,Stockholm,BEV,private,688
2023-08-01,01,Stockholm,DIESEL,company,368
2023-08-01,01,Stockholm,DIESEL,dealer,37
2023-08-01,01,Stockholm,DIESEL,private,86
2023-08-01,01,Stockholm,ETHANOL,company,28
2023-08-01,01,Stockholm,ETHANOL,dealer,5
2023-08-01,01,Stockholm,ETHANOL,private,13
2023-08-01,01,Stockholm,GAS,company,21
2023-08-01,01,Stockholm,GAS,private,1
2023-08-01,01,Stockholm,HEV,company,219
2023-08-01,01,Stockholm,HEV,dealer,72
2023-08-01,01,Stockholm,HEV,private,225
2023-08-01,01,Stockholm,OTHER,private,1
2023-08-01,01,Stockholm,PETROL,company,360
2023-08-01,01,Stockholm,PETROL,dealer,167
2023-08-01,01,Stockholm,PETROL,private,638
2023-08-01,01,Stockholm,PHEV,company,1419
2023-08-01,01,Stockholm,PHEV,dealer,168
2023-08-01,01,Stockholm,PHEV,private,295
2023-08-01,03,Uppsala,BEV,company,140
2023-08-01,03,Uppsala,BEV,dealer,21
2023-08-01,03,Uppsala,BEV,private,101
2023-08-01,03,Uppsala,DIESEL,company,35
2023-08-01,03,Uppsala,DIESEL,dealer,7
2023-08-01,03,Uppsala,DIESEL,private,22
2023-08-01,03,Uppsala,ETHANOL,company,7
2023-08-01,03,Uppsala,ETHANOL,private,6
2023-08-01,03,Uppsala,GAS,company,2
2023-08-01,03,Uppsala,HEV,company,20
2023-08-01,03,Uppsala,HEV,dealer,25
2023-08-01,03,Uppsala,HEV,private,46
2023-08-01,03,Uppsala,PETROL,company,70
2023-08-01,03,Uppsala,PETROL,dealer,35
2023-08-01,03,Uppsala,PETROL,private,87
2023-08-01,03,Uppsala,PHEV,company,92
2023-08-01,03,Uppsala,PHEV,dealer,20
2023-08-01,03,Uppsala,PHEV,private,49
2023-08-01,04,Södermanland,BEV,company,77
2023-08-01,04,Södermanland,BEV,dealer,19
2023-08-01,04,Södermanland,BEV,private,70
2023-08-01,04,Södermanland,DIESEL,company,13
2023-08-01,04,Södermanland,DIESEL,dealer,8
2023-08-01,04,Södermanland,DIESEL,private,10
2023-08-01,04,Södermanland,ETHANOL,company,1
2023-08-01,04,Södermanland,ETHANOL,private,3
2023-08-01,04,Södermanland,HEV,company,7
2023-08-01,04,Södermanland,HEV,dealer,12
2023-08-01,04,Södermanland,HEV,private,29
2023-08-01,04,Södermanland,PETROL,company,55
2023-08-01,04,Södermanland,PETROL,dealer,20
2023-08-01,04,Södermanland,PETROL,private,90
2023-08-01,04,Södermanland,PHEV,company,23
2023-08-01,04,Södermanland,PHEV,dealer,13
2023-08-01,04,Södermanland,PHEV,private,39
2023-08-01,05,Östergötland,BEV,company,95
2023-08-01,05,Östergötland,BEV,dealer,25
2023-08-01,05,Östergötland,BEV,private,118
2023-08-01,05,Östergötland,DIESEL,company,27
2023-08-01,05,Östergötland,DIESEL,dealer,5
2023-08-01,05,Östergötland,DIESEL,private,29
2023-08-01,05,Östergötland,ETHANOL,company,2
2023-08-01,05,Östergötland,ETHANOL,dealer,1
2023-08-01,05,Östergötland,ETHANOL,private,8
2023-08-01,05,Östergötland,GAS,company,1
2023-08-01,05,Östergötland,HEV,company,13
2023-08-01,05,Östergötland,HEV,dealer,91
2023-08-01,05,Östergötland,HEV,private,39
2023-08-01,05,Östergötland,PETROL,company,42
2023-08-01,05,Östergötland,PETROL,dealer,59
2023-08-01,05,Östergötland,PETROL,private,140
2023-08-01,05,Östergötland,PHEV,company,47
2023-08-01,05,Östergötland,PHEV,dealer,33
2023-08-01,05,Östergötland,PHEV,private,55
2023-08-01,06,Jönköping,BEV,company,122
2023-08-01,06,Jönköping,BEV,dealer,57
2023-08-01,06,Jönköping,BEV,private,78
2023-08-01,06,Jönköping,DIESEL,company,35
2023-08-01,06,Jönköping,DIESEL,dealer,6
2023-08-01,06,Jönköping,DIESEL,private,18
2023-08-01,06,Jönköping,ETHANOL,company,1
2023-08-01,06,Jönköping,ETHANOL,dealer,4
2023-08-01,06,Jönköping,ETHANOL,private,3
2023-08-01,06,Jönköping,GAS,company,35
2023-08-01,06,Jönköping,GAS,dealer,17
2023-08-01,06,Jönköping,GAS,private,1
2023-08-01,06,Jönköping,HEV,company,50
2023-08-01,06,Jönköping,HEV,dealer,39
2023-08-01,06,Jönköping,HEV,private,53
2023-08-01,06,Jönköping,PETROL,company,121
2023-08-01,06,Jönköping,PETROL,dealer,39
2023-08-01,06,Jönköping,PETROL,private,122
2023-08-01,06,Jönköping,PHEV,company,47
2023-08-01,06,Jönköping,PHEV,dealer,27
2023-08-01,06,Jönköping,PHEV,private,41
2023-08-01,07,Kronoberg,BEV,company,67
2023-08-01,07,Kronoberg,BEV,dealer,25
2023-08-01,07,Kronoberg,BEV,private,57
2023-08-01,07,Kronoberg,DIESEL,company,12
2023-08-01,07,Kronoberg,DIESEL,dealer,6
2023-08-01,07,Kronoberg,DIESEL,private,5
2023-08-01,07,Kronoberg,ETHANOL,company,2
2023-08-01,07,Kronoberg,ETHANOL,dealer,1
2023-08-01,07,Kronoberg,ETHANOL,private,6
2023-08-01,07,Kronoberg,GAS,company,35
2023-08-01,07,Kronoberg,GAS,dealer,1
2023-08-01,07,Kronoberg,HEV,company,5
2023-08-01,07,Kronoberg,HEV,dealer,15
2023-08-01,07,Kronoberg,HEV,private,17
2023-08-01,07,Kronoberg,PETROL,company,22
2023-08-01,07,Kronoberg,PETROL,dealer,35
2023-08-01,07,Kronoberg,PETROL,private,56
2023-08-01,07,Kronoberg,PHEV,company,36
2023-08-01,07,Kronoberg,PHEV,dealer,14
2023-08-01,07,Kronoberg,PHEV,private,36
2023-08-01,08,Kalmar,BEV,company,43
2023-08-01,08,Kalmar,BEV,dealer,25
2023-08-01,08,Kalmar,BEV,private,46
2023-08-01,08,Kalmar,DIESEL,company,18
2023-08-01,08,Kalmar,DIESEL,dealer,3
2023-08-01,08,Kalmar,DIESEL,private,12
2023-08-01,08,Kalmar,ETHANOL,dealer,3
2023-08-01,08,Kalmar,ETHANOL,private,2
2023-08-01,08,Kalmar,GAS,company,6
2023-08-01,08,Kalmar,GAS,dealer,8
2023-08-01,08,Kalmar,HEV,company,4
2023-08-01,08,Kalmar,HEV,dealer,7
2023-08-01,08,Kalmar,HEV,private,11
2023-08-01,08,Kalmar,PETROL,company,12
2023-08-01,08,Kalmar,PETROL,dealer,50
2023-08-01,08,Kalmar,PETROL,private,71
2023-08-01,08,Kalmar,PHEV,company,9
2023-08-01,08,Kalmar,PHEV,dealer,13
2023-08-01,08,Kalmar,PHEV,private,20
2023-08-01,09,Gotland,BEV,company,14
2023-08-01,09,Gotland,BEV,dealer,2
2023-08-01,09,Gotland,BEV,private,8
2023-08-01,09,Gotland,DIESEL,company,3
2023-08-01,09,Gotland,DIESEL,private,3
2023-08-01,09,Gotland,GAS,company,7
2023-08-01,09,Gotland,HEV,company,1
2023-08-01,09,Gotland,HEV,dealer,1
2023-08-01,09,Gotland,HEV,private,4
2023-08-01,09,Gotland,PETROL,company,11
2023-08-01,09,Gotland,PETROL,dealer,4
2023-08-01,09,Gotland,PETROL,private,19
2023-08-01,09,Gotland,PHEV,dealer,3
2023-08-01,09,Gotland,PHEV,private,4
2023-08-01,10,Blekinge,BEV,company,18
2023-08-01,10,Blekinge,BEV,dealer,22
2023-08-01,10,Blekinge,BEV,private,27
2023-08-01,10,Blekinge,DIESEL,company,14
2023-08-01,10,Blekinge,DIESEL,dealer,9
2023-08-01,10,Blekinge,DIESEL,private,5
2023-08-01,10,Blekinge,ETHANOL,company,6
2023-08-01,10,Blekinge,ETHANOL,private,1
2023-08-01,10,Blekinge,GAS,company,9
2023-08-01,10,Blekinge,HEV,company,4
2023-08-01,10,Blekinge,HEV,dealer,7
2023-08-01,10,Blekinge,HEV,private,14
2023-08-01,10,Blekinge,PETROL,company,15
2023-08-01,10,Blekinge,PETROL,dealer,6
2023-08-01,10,Blekinge,PETROL,private,27
2023-08-01,10,Blekinge,PHEV,company,7
2023-08-01,10,Blekinge,PHEV,dealer,5
2023-08-01,10,Blekinge,PHEV,private,23
2023-08-01,12,Skåne,BEV,company,806
2023-08-01,12,Skåne,BEV,dealer,121
2023-08-01,12,Skåne,BEV,private,399
2023-08-01,12,Skåne,DIESEL,company,164
2023-08-01,12,Skåne,DIESEL,dealer,40
2023-08-01,12,Skåne,DIESEL,private,81
2023-08-01,12,Skåne,ETHANOL,company,4
2023-08-01,12,Skåne,ETHANOL,dealer,9
2023-08-01,12,Skåne,ETHANOL,private,6
2023-08-01,12,Skåne,GAS,company,18
2023-08-01,12,Skåne,GAS,dealer,1
2023-08-01,12,Skåne,HEV,company,67
2023-08-01,12,Skåne,HEV,dealer,62
2023-08-01,12,Skåne,HEV,private,120
2023-08-01,12,Skåne,PETROL,company,235
2023-08-01,12,Skåne,PETROL,dealer,501
2023-08-01,12,Skåne,PETROL,private,449
2023-08-01,12,Skåne,PHEV,company,401
2023-08-01,12,Skåne,PHEV,dealer,125
2023-08-01,12,Skåne,PHEV,private,127
2023-08-01,13,Halland,BEV,company,123
2023-08-01,13,Halland,BEV,dealer,21
2023-08-01,13,Halland,BEV,private,100
2023-08-01,13,Halland,DIESEL,company,16
2023-08-01,13,Halland,DIESEL,dealer,4
2023-08-01,13,Halland,DIESEL,private,23
2023-08-01,13,Halland,ETHANOL,private,1
2023-08-01,13,Halland,GAS,company,1
2023-08-01,13,Halland,HEV,company,6
2023-08-01,13,Halland,HEV,dealer,22
2023-08-01,13,Halland,HEV,private,36
2023-08-01,13,Halland,PETROL,company,35
2023-08-01,13,Halland,PETROL,dealer,43
2023-08-01,13,Halland,PETROL,private,96
2023-08-01,13,Halland,PHEV,company,32
2023-08-01,13,Halland,PHEV,dealer,21
2023-08-01,13,Halland,PHEV,private,18
2023-08-01,14,Västra Götaland,BEV,company,713
2023-08-01,14,Västra Götaland,BEV,dealer,245
2023-08-01,14,Västra Götaland,BEV,private,540
2023-08-01,14,Västra Götaland,DIESEL,company,131
2023-08-01,14,Västra Götaland,DIESEL,dealer,60
2023-08-01,14,Västra Götaland,DIESEL,private,95
2023-08-01,14,Västra Götaland,ETHANOL,company,7
2023-08-01,14,Västra Götaland,ETHANOL,dealer,10
2023-08-01,14,Västra Götaland,ETHANOL,private,37
2023-08-01,14,Västra Götaland,GAS,company,10
2023-08-01,14,Västra Götaland,HEV,company,87
2023-08-01,14,Västra Götaland,HEV,dealer,165
2023-08-01,14,Västra Götaland,HEV,private,151
2023-08-01,14,Västra Götaland,PETROL,company,111
2023-08-01,14,Västra Götaland,PETROL,dealer,299
2023-08-01,14,Västra Götaland,PETROL,private,530
2023-08-01,14,Västra Götaland,PHEV,company,245
2023-08-01,14,Västra Götaland,PHEV,dealer,249
2023-08-01,14,Västra Götaland,PHEV,private,168
2023-08-01,17,Värmland,BEV,company,85
2023-08-01,17,Värmland,BEV,dealer,16
2023-08-01,17,Värmland,BEV,private,67
2023-08-01,17,Värmland,DIESEL,company,57
2023-08-01,17,Värmland,DIESEL,dealer,98
2023-08-01,17,Värmland,DIESEL,private,20
2023-08-01,17,Värmland,ETHANOL,company,1
2023-08-01,17,Värmland,ETHANOL,dealer,1
2023-08-01,17,Värmland,ETHANOL,private,4
2023-08-01,17,Värmland,GAS,company,24
2023-08-01,17,Värmland,GAS,dealer,11
2023-08-01,17,Värmland,GAS,private,1
2023-08-01,17,Värmland,HEV,company,42
2023-08-01,17,Värmland,HEV,dealer,26
2023-08-01,17,Värmland,HEV,private,10
2023-08-01,17,Värmland,PETROL,company,38
2023-08-01,17,Värmland,PETROL,dealer,30
2023-08-01,17,Värmland,PETROL,private,69
2023-08-01,17,Värmland,PHEV,company,42
2023-08-01,17,Värmland,PHEV,dealer,12
2023-08-01,17,Värmland,PHEV,private,33
2023-08-01,18,Örebro,BEV,company,53
2023-08-01,18,Örebro,BEV,dealer,14
2023-08-01,18,Örebro,BEV,private,95
2023-08-01,18,Örebro,DIESEL,company,10
2023-08-01,18,Örebro,DIESEL,dealer,6
2023-08-01,18,Örebro,DIESEL,private,12
2023-08-01,18,Örebro,ETHANOL,company,2
2023-08-01,18,Örebro,ETHANOL,dealer,3
2023-08-01,18,Örebro,ETHANOL,private,2
2023-08-01,18,Örebro,GAS,company,25
2023-08-01,18,Örebro,HEV,company,12
2023-08-01,18,Örebro,HEV,dealer,28
2023-08-01,18,Örebro,HEV,private,27
2023-08-01,18,Örebro,PETROL,company,50
2023-08-01,18,Örebro,PETROL,dealer,17
2023-08-01,18,Örebro,PETROL,private,86
2023-08-01,18,Örebro,PHEV,company,34
2023-08-01,18,Örebro,PHEV,dealer,13
2023-08-01,18,Örebro,PHEV,private,36
2023-08-01,19,Västmanland,BEV,company,40
2023-08-01,19,Västmanland,BEV,dealer,12
2023-08-01,19,Västmanland,BEV,private,76
2023-08-01,19,Västmanland,DIESEL,company,55
2023-08-01,19,Västmanland,DIESEL,dealer,3
2023-08-01,19,Västmanland,DIESEL,private,17
2023-08-01,19,Västmanland,ETHANOL,dealer,1
2023-08-01,19,Västmanland,ETHANOL,private,2
2023-08-01,19,Västmanland,GAS,company,8
2023-08-01,19,Västmanland,HEV,company,4
2023-08-01,19,Västmanland,HEV,dealer,5
2023-08-01,19,Västmanland,HEV,private,11
2023-08-01,19,Västmanland,PETROL,company,13
2023-08-01,19,Västmanland,PETROL,dealer,19
2023-08-01,19,Västmanland,PETROL,private,69
2023-08-01,19,Västmanland,PHEV,company,28
2023-08-01,19,Västmanland,PHEV,dealer,6
2023-08-01,19,Västmanland,PHEV,private,30
2023-08-01,20,Dalarna,BEV,company,52
2023-08-01,20,Dalarna,BEV,dealer,30
2023-08-01,20,Dalarna,BEV,private,51
2023-08-01,20,Dalarna,DIESEL,company,32
2023-08-01,20,Dalarna,DIESEL,dealer,6
2023-08-01,20,Dalarna,DIESEL,private,16
2023-08-01,20,Dalarna,ETHANOL,company,3
2023-08-01,20,Dalarna,ETHANOL,private,4
2023-08-01,20,Dalarna,HEV,company,17
2023-08-01,20,Dalarna,HEV,dealer,19
2023-08-01,20,Dalarna,HEV,private,23
2023-08-01,20,Dalarna,PETROL,company,36
2023-08-01,20,Dalarna,PETROL,dealer,27
2023-08-01,20,Dalarna,PETROL,private,43
2023-08-01,20,Dalarna,PHEV,company,28
2023-08-01,20,Dalarna,PHEV,dealer,21
2023-08-01,20,Dalarna,PHEV,private,31
2023-08-01,21,Gävleborg,BEV,company,47
2023-08-01,21,Gävleborg,BEV,dealer,38
2023-08-01,21,Gävleborg,BEV,private,62
2023-08-01,21,Gävleborg,DIESEL,company,22
2023-08-01,21,Gävleborg,DIESEL,dealer,18
2023-08-01,21,Gävleborg,DIESEL,private,13
2023-08-01,21,Gävleborg,ETHANOL,company,3
2023-08-01,21,Gävleborg,ETHANOL,dealer,2
2023-08-01,21,Gävleborg,ETHANOL,private,1
2023-08-01,21,Gävleborg,GAS,dealer,1
2023-08-01,21,Gävleborg,HEV,company,3
2023-08-01,21,Gävleborg,HEV,dealer,27
2023-08-01,21,Gävleborg,HEV,private,31
2023-08-01,21,Gävleborg,PETROL,company,18
2023-08-01,21,Gävleborg,PETROL,dealer,43
2023-08-01,21,Gävleborg,PETROL,private,46
2023-08-01,21,Gävleborg,PHEV,company,26
2023-08-01,21,Gävleborg,PHEV,dealer,18
2023-08-01,21,Gävleborg,PHEV,private,28
2023-08-01,22,Västernorrland,BEV,company,66
2023-08-01,22,Västernorrland,BEV,dealer,7
2023-08-01,22,Västernorrland,BEV,private,63
2023-08-01,22,Västernorrland,DIESEL,company,44
2023-08-01,22,Västernorrland,DIESEL,dealer,8
2023-08-01,22,Västernorrland,DIESEL,private,16
2023-08-01,22,Västernorrland,ETHANOL,company,3
2023-08-01,22,Västernorrland,ETHANOL,private,2
2023-08-01,22,Västernorrland,GAS,company,2
2023-08-01,22,Västernorrland,HEV,company,10
2023-08-01,22,Västernorrland,HEV,dealer,8
2023-08-01,22,Västernorrland,HEV,private,16
2023-08-01,22,Västernorrland,PETROL,company,14
2023-08-01,22,Västernorrland,PETROL,dealer,12
2023-08-01,22,Västernorrland,PETROL,private,41
2023-08-01,22,Västernorrland,PHEV,company,20
2023-08-01,22,Västernorrland,PHEV,dealer,32
2023-08-01,22,Västernorrland,PHEV,private,48
2023-08-01,23,Jämtland,BEV,company,45
2023-08-01,23,Jämtland,BEV,dealer,1
2023-08-01,23,Jämtland,BEV,private,33
2023-08-01,23,Jämtland,DIESEL,company,13
2023-08-01,23,Jämtland,DIESEL,dealer,14
2023-08-01,23,Jämtland,DIESEL,private,10
2023-08-01,23,Jämtland,ETHANOL,dealer,2
2023-08-01,23,Jämtland,HEV,company,3
2023-08-01,23,Jämtland,HEV,dealer,6
2023-08-01,23,Jämtland,HEV,private,6
2023-08-01,23,Jämtland,PETROL,company,6
2023-08-01,23,Jämtland,PETROL,dealer,6
2023-08-01,23,Jämtland,PETROL,private,12
2023-08-01,23,Jämtland,PHEV,company,7
2023-08-01,23,Jämtland,PHEV,dealer,6
2023-08-01,23,Jämtland,PHEV,private,8
2023-08-01,24,Västerbotten,BEV,company,62
2023-08-01,24,Västerbotten,BEV,dealer,33
2023-08-01,24,Västerbotten,BEV,private,48
2023-08-01,24,Västerbotten,DIESEL,company,34
2023-08-01,24,Västerbotten,DIESEL,dealer,14
2023-08-01,24,Västerbotten,DIESEL,private,19
2023-08-01,24,Västerbotten,ETHANOL,company,1
2023-08-01,24,Västerbotten,ETHANOL,dealer,5
2023-08-01,24,Västerbotten,HEV,company,5
2023-08-01,24,Västerbotten,HEV,dealer,49
2023-08-01,24,Västerbotten,HEV,private,17
2023-08-01,24,Västerbotten,PETROL,company,15
2023-08-01,24,Västerbotten,PETROL,dealer,33
2023-08-01,24,Västerbotten,PETROL,private,27
2023-08-01,24,Västerbotten,PHEV,company,28
2023-08-01,24,Västerbotten,PHEV,dealer,11
2023-08-01,24,Västerbotten,PHEV,private,33
2023-08-01,25,Norrbotten,BEV,company,49
2023-08-01,25,Norrbotten,BEV,dealer,2
2023-08-01,25,Norrbotten,BEV,private,33
2023-08-01,25,Norrbotten,DIESEL,company,19
2023-08-01,25,Norrbotten,DIESEL,dealer,25
2023-08-01,25,Norrbotten,DIESEL,private,13
2023-08-01,25,Norrbotten,ETHANOL,company,1
2023-08-01,25,Norrbotten,ETHANOL,dealer,1
2023-08-01,25,Norrbotten,ETHANOL,private,5
2023-08-01,25,Norrbotten,GAS,company,1
2023-08-01,25,Norrbotten,HEV,company,27
2023-08-01,25,Norrbotten,HEV,dealer,8
2023-08-01,25,Norrbotten,HEV,private,7
2023-08-01,25,Norrbotten,PETROL,company,9
2023-08-01,25,Norrbotten,PETROL,dealer,6
2023-08-01,25,Norrbotten,PETROL,private,23
2023-08-01,25,Norrbotten,PHEV,company,33
2023-08-01,25,Norrbotten,PHEV,dealer,21
2023-08-01,25,Norrbotten,PHEV,private,18
2023-09-01,01,Stockholm,BEV,company,3747
2023-09-01,01,Stockholm,BEV,dealer,586
2023-09-01,01,Stockholm,BEV,private,885
2023-09-01,01,Stockholm,DIESEL,company,484
2023-09-01,01,Stockholm,DIESEL,dealer,56
2023-09-01,01,Stockholm,DIESEL,private,99
2023-09-01,01,Stockholm,ETHANOL,company,14
2023-09-01,01,Stockholm,ETHANOL,dealer,11
2023-09-01,01,Stockholm,ETHANOL,private,30
2023-09-01,01,Stockholm,GAS,company,29
2023-09-01,01,Stockholm,HEV,company,270
2023-09-01,01,Stockholm,HEV,dealer,92
2023-09-01,01,Stockholm,HEV,private,219
2023-09-01,01,Stockholm,OTHER,private,1
2023-09-01,01,Stockholm,PETROL,company,527
2023-09-01,01,Stockholm,PETROL,dealer,244
2023-09-01,01,Stockholm,PETROL,private,641
2023-09-01,01,Stockholm,PHEV,company,1696
2023-09-01,01,Stockholm,PHEV,dealer,255
2023-09-01,01,Stockholm,PHEV,private,319
2023-09-01,03,Uppsala,BEV,company,157
2023-09-01,03,Uppsala,BEV,dealer,37
2023-09-01,03,Uppsala,BEV,private,137
2023-09-01,03,Uppsala,DIESEL,company,29
2023-09-01,03,Uppsala,DIESEL,dealer,4
2023-09-01,03,Uppsala,DIESEL,private,10
2023-09-01,03,Uppsala,ETHANOL,company,1
2023-09-01,03,Uppsala,ETHANOL,dealer,2
2023-09-01,03,Uppsala,ETHANOL,private,4
2023-09-01,03,Uppsala,GAS,company,3
2023-09-01,03,Uppsala,HEV,company,16
2023-09-01,03,Uppsala,HEV,dealer,23
2023-09-01,03,Uppsala,HEV,private,37
2023-09-01,03,Uppsala,OTHER,private,1
2023-09-01,03,Uppsala,PETROL,company,58
2023-09-01,03,Uppsala,PETROL,dealer,30
2023-09-01,03,Uppsala,PETROL,private,82
2023-09-01,03,Uppsala,PHEV,company,146
2023-09-01,03,Uppsala,PHEV,dealer,15
2023-09-01,03,Uppsala,PHEV,private,46
2023-09-01,04,Södermanland,BEV,company,67
2023-09-01,04,Södermanland,BEV,dealer,19
2023-09-01,04,Södermanland,BEV,private,79
2023-09-01,04,Södermanland,DIESEL,company,31
2023-09-01,04,Södermanland,DIESEL,dealer,5
2023-09-01,04,Södermanland,DIESEL,private,13
2023-09-01,04,Södermanland,ETHANOL,dealer,5
2023-09-01,04,Södermanland,ETHANOL,private,6
2023-09-01,04,Södermanland,HEV,company,11
2023-09-01,04,Södermanland,HEV,dealer,13
2023-09-01,04,Södermanland,HEV,private,22
2023-09-01,04,Södermanland,PETROL,company,41
2023-09-01,04,Södermanland,PETROL,dealer,24
2023-09-01,04,Södermanland,PETROL,private,73
2023-09-01,04,Södermanland,PHEV,company,27
2023-09-01,04,Södermanland,PHEV,dealer,24
2023-09-01,04,Södermanland,PHEV,private,52
2023-09-01,05,Östergötland,BEV,company,153
2023-09-01,05,Östergötland,BEV,dealer,41
2023-09-01,05,Östergötland,BEV,private,153
2023-09-01,05,Östergötland,DIESEL,company,51
2023-09-01,05,Östergötland,DIESEL,dealer,10
2023-09-01,05,Östergötland,DIESEL,private,25
2023-09-01,05,Östergötland,ETHANOL,company,2
2023-09-01,05,Östergötland,ETHANOL,dealer,3
2023-09-01,05,Östergötland,ETHANOL,private,16
2023-09-01,05,Östergötland,GAS,private,1
2023-09-01,05,Östergötland,HEV,company,12
2023-09-01,05,Östergötland,HEV,dealer,78
2023-09-01,05,Östergötland,HEV,private,59
2023-09-01,05,Östergötland,PETROL,company,69
2023-09-01,05,Östergötland,PETROL,dealer,44
2023-09-01,05,Östergötland,PETROL,private,140
2023-09-01,05,Östergötland,PHEV,company,69
2023-09-01,05,Östergötland,PHEV,dealer,24
2023-09-01,05,Östergötland,PHEV,private,72
2023-09-01,06,Jönköping,BEV,company,158
2023-09-01,06,Jönköping,BEV,dealer,65
2023-09-01,06,Jönköping,BEV,private,142
2023-09-01,06,Jönköping,DIESEL,company,63
2023-09-01,06,Jönköping,DIESEL,dealer,25
2023-09-01,06,Jönköping,DIESEL,private,31
2023-09-01,06,Jönköping,ETHANOL,company,6
2023-09-01,06,Jönköping,ETHANOL,dealer,8
2023-09-01,06,Jönköping,ETHANOL,private,9
2023-09-01,06,Jönköping,GAS,company,17
2023-09-01,06,Jönköping,GAS,dealer,20
2023-09-01,06,Jönköping,HEV,company,25
2023-09-01,06,Jönköping,HEV,dealer,33
2023-09-01,06,Jönköping,HEV,private,46
2023-09-01,06,Jönköping,PETROL,company,75
2023-09-01,06,Jönköping,PETROL,dealer,34
2023-09-01,06,Jönköping,PETROL,private,109
2023-09-01,06,Jönköping,PHEV,company,71
2023-09-01,06,Jönköping,PHEV,dealer,52
2023-09-01,06,Jönköping,PHEV,private,32
2023-09-01,07,Kronoberg,BEV,company,42
2023-09-01,07,Kronoberg,BEV,dealer,10
2023-09-01,07,Kronoberg,BEV,private,60
2023-09-01,07,Kronoberg,DIESEL,company,29
2023-09-01,07,Kronoberg,DIESEL,dealer,4
2023-09-01,07,Kronoberg,DIESEL,private,16
2023-09-01,07,Kronoberg,ETHANOL,dealer,1
2023-09-01,07,Kronoberg,GAS,company,10
2023-09-01,07,Kronoberg,HEV,company,9
2023-09-01,07,Kronoberg,HEV,dealer,18
2023-09-01,07,Kronoberg,HEV,private,18
2023-09-01,07,Kronoberg,PETROL,company,3
2023-09-01,07,Kronoberg,PETROL,dealer,36
2023-09-01,07,Kronoberg,PETROL,private,60
2023-09-01,07,Kronoberg,PHEV,company,25
2023-09-01,07,Kronoberg,PHEV,dealer,13
2023-09-01,07,Kronoberg,PHEV,private,25
2023-09-01,08,Kalmar,BEV,company,38
2023-09-01,08,Kalmar,BEV,dealer,66
2023-09-01,08,Kalmar,BEV,private,63
2023-09-01,08,Kalmar,DIESEL,company,27
2023-09-01,08,Kalmar,DIESEL,dealer,16
2023-09-01,08,Kalmar,DIESEL,private,15
2023-09-01,08,Kalmar,ETHANOL,dealer,3
2023-09-01,08,Kalmar,ETHANOL,private,2
2023-09-01,08,Kalmar,GAS,company,12
2023-09-01,08,Kalmar,HEV,company,12
2023-09-01,08,Kalmar,HEV,dealer,8
2023-09-01,08,Kalmar,HEV,private,13
2023-09-01,08,Kalmar,OTHER,company,1
2023-09-01,08,Kalmar,PETROL,company,15
2023-09-01,08,Kalmar,PETROL,dealer,64
2023-09-01,08,Kalmar,PETROL,private,86
2023-09-01,08,Kalmar,PHEV,company,20
2023-09-01,08,Kalmar,PHEV,dealer,19
2023-09-01,08,Kalmar,PHEV,private,19
2023-09-01,09,Gotland,BEV,company,3
2023-09-01,09,Gotland,BEV,dealer,6
2023-09-01,09,Gotland,BEV,private,9
2023-09-01,09,Gotland,DIESEL,company,10
2023-09-01,09,Gotland,DIESEL,dealer,1
2023-09-01,09,Gotland,DIESEL,private,1
2023-09-01,09,Gotland,GAS,company,22
2023-09-01,09,Gotland,HEV,dealer,1
2023-09-01,09,Gotland,HEV,private,3
2023-09-01,09,Gotland,PETROL,company,3
2023-09-01,09,Gotland,PETROL,dealer,3
2023-09-01,09,Gotland,PETROL,private,4
2023-09-01,09,Gotland,PHEV,dealer,4
2023-09-01,09,Gotland,PHEV,private,8
2023-09-01,10,Blekinge,BEV,company,17
2023-09-01,10,Blekinge,BEV,dealer,14
2023-09-01,10,Blekinge,BEV,private,46
2023-09-01,10,Blekinge,DIESEL,company,15
2023-09-01,10,Blekinge,DIESEL,dealer,6
2023-09-01,10,Blekinge,DIESEL,private,9
2023-09-01,10,Blekinge,ETHANOL,company,2
2023-09-01,10,Blekinge,ETHANOL,dealer,2
2023-09-01,10,Blekinge,GAS,company,2
2023-09-01,10,Blekinge,HEV,company,4
2023-09-01,10,Blekinge,HEV,dealer,5
2023-09-01,10,Blekinge,HEV,private,14
2023-09-01,10,Blekinge,PETROL,company,43
2023-09-01,10,Blekinge,PETROL,dealer,28
2023-09-01,10,Blekinge,PETROL,private,46
2023-09-01,10,Blekinge,PHEV,company,13
2023-09-01,10,Blekinge,PHEV,dealer,12
2023-09-01,10,Blekinge,PHEV,private,21
2023-09-01,12,Skåne,BEV,company,737
2023-09-01,12,Skåne,BEV,dealer,201
2023-09-01,12,Skåne,BEV,private,550
2023-09-01,12,Skåne,DIESEL,company,179
2023-09-01,12,Skåne,DIESEL,dealer,140
2023-09-01,12,Skåne,DIESEL,private,79
2023-09-01,12,Skåne,ETHANOL,company,1
2023-09-01,12,Skåne,ETHANOL,dealer,5
2023-09-01,12,Skåne,ETHANOL,private,13
2023-09-01,12,Skåne,GAS,company,29
2023-09-01,12,Skåne,GAS,private,1
2023-09-01,12,Skåne,HEV,company,85
2023-09-01,12,Skåne,HEV,dealer,75
2023-09-01,12,Skåne,HEV,private,120
2023-09-01,12,Skåne,PETROL,company,297
2023-09-01,12,Skåne,PETROL,dealer,522
2023-09-01,12,Skåne,PETROL,private,430
2023-09-01,12,Skåne,PHEV,company,328
2023-09-01,12,Skåne,PHEV,dealer,181
2023-09-01,12,Skåne,PHEV,private,120
2023-09-01,13,Halland,BEV,company,114
2023-09-01,13,Halland,BEV,dealer,33
2023-09-01,13,Halland,BEV,private,149
2023-09-01,13,Halland,DIESEL,company,18
2023-09-01,13,Halland,DIESEL,dealer,3
2023-09-01,13,Halland,DIESEL,private,16
2023-09-01,13,Halland,ETHANOL,company,4
2023-09-01,13,Halland,ETHANOL,dealer,2
2023-09-01,13,Halland,ETHANOL,private,2
2023-09-01,13,Halland,HEV,company,10
2023-09-01,13,Halland,HEV,dealer,18
2023-09-01,13,Halland,HEV,private,22
2023-09-01,13,Halland,PETROL,company,24
2023-09-01,13,Halland,PETROL,dealer,26
2023-09-01,13,Halland,PETROL,private,108
2023-09-01,13,Halland,PHEV,company,43
2023-09-01,13,Halland,PHEV,dealer,15
2023-09-01,13,Halland,PHEV,private,40
2023-09-01,14,Västra Götaland,BEV,company,822
2023-09-01,14,Västra Götaland,BEV,dealer,822
2023-09-01,14,Västra Götaland,BEV,private,724
2023-09-01,14,Västra Götaland,DIESEL,company,124
2023-09-01,14,Västra Götaland,DIESEL,dealer,31
2023-09-01,14,Västra Götaland,DIESEL,private,81
2023-09-01,14,Västra Götaland,ETHANOL,company,6
2023-09-01,14,Västra Götaland,ETHANOL,dealer,38
2023-09-01,14,Västra Götaland,ETHANOL,private,28
2023-09-01,14,Västra Götaland,GAS,company,20
2023-09-01,14,Västra Götaland,GAS,dealer,2
2023-09-01,14,Västra Götaland,GAS,private,2
2023-09-01,14,Västra Götaland,HEV,company,91
2023-09-01,14,Västra Götaland,HEV,dealer,180
2023-09-01,14,Västra Götaland,HEV,private,148
2023-09-01,14,Västra Götaland,PETROL,company,158
2023-09-01,14,Västra Götaland,PETROL,dealer,302
2023-09-01,14,Västra Götaland,PETROL,private,553
2023-09-01,14,Västra Götaland,PHEV,company,271
2023-09-01,14,Västra Götaland,PHEV,dealer,216
2023-09-01,14,Västra Götaland,PHEV,private,201
2023-09-01,17,Värmland,BEV,company,115
2023-09-01,17,Värmland,BEV,dealer,32
2023-09-01,17,Värmland,BEV,private,61
2023-09-01,17,Värmland,DIESEL,company,72
2023-09-01,17,Värmland,DIESEL,dealer,91
2023-09-01,17,Värmland,DIESEL,private,22
2023-09-01,17,Värmland,ETHANOL,company,3
2023-09-01,17,Värmland,ETHANOL,dealer,3
2023-09-01,17,Värmland,ETHANOL,private,3
2023-09-01,17,Värmland,GAS,company,4
2023-09-01,17,Värmland,HEV,company,30
2023-09-01,17,Värmland,HEV,dealer,4
2023-09-01,17,Värmland,HEV,private,17
2023-09-01,17,Värmland,OTHER,private,1
2023-09-01,17,Värmland,PETROL,company,44
2023-09-01,17,Värmland,PETROL,dealer,33
2023-09-01,17,Värmland,PETROL,private,57
2023-09-01,17,Värmland,PHEV,company,80
2023-09-01,17,Värmland,PHEV,dealer,36
2023-09-01,17,Värmland,PHEV,private,35
2023-09-01,18,Örebro,BEV,company,104
2023-09-01,18,Örebro,BEV,dealer,19
2023-09-01,18,Örebro,BEV,private,140
2023-09-01,18,Örebro,DIESEL,company,26
2023-09-01,18,Örebro,DIESEL,dealer,3
2023-09-01,18,Örebro,DIESEL,private,15
2023-09-01,18,Örebro,ETHANOL,company,1
2023-09-01,18,Örebro,ETHANOL,dealer,3
2023-09-01,18,Örebro,ETHANOL,private,9
2023-09-01,18,Örebro,GAS,company,1
2023-09-01,18,Örebro,HEV,company,11
2023-09-01,18,Örebro,HEV,dealer,14
2023-09-01,18,Örebro,HEV,private,26
2023-09-01,18,Örebro,PETROL,company,31
2023-09-01,18,Örebro,PETROL,dealer,19
2023-09-01,18,Örebro,PETROL,private,78
2023-09-01,18,Örebro,PHEV,company,46
2023-09-01,18,Örebro,PHEV,dealer,20
2023-09-01,18,Örebro,PHEV,private,39
2023-09-01,19,Västmanland,BEV,company,66
2023-09-01,19,Västmanland,BEV,dealer,29
2023-09-01,19,Västmanland,BEV,private,100
2023-09-01,19,Västmanland,DIESEL,company,17
2023-09-01,19,Västmanland,DIESEL,dealer,8
2023-09-01,19,Västmanland,DIESEL,private,15
2023-09-01,19,Västmanland,ETHANOL,company,2
2023-09-01,19,Västmanland,ETHANOL,dealer,2
2023-09-01,19,Västmanland,ETHANOL,private,5
2023-09-01,19,Västmanland,GAS,company,24
2023-09-01,19,Västmanland,HEV,company,2
2023-09-01,19,Västmanland,HEV,dealer,8
2023-09-01,19,Västmanland,HEV,private,23
2023-09-01,19,Västmanland,PETROL,company,24
2023-09-01,19,Västmanland,PETROL,dealer,10
2023-09-01,19,Västmanland,PETROL,private,81
2023-09-01,19,Västmanland,PHEV,company,39
2023-09-01,19,Västmanland,PHEV,dealer,22
2023-09-01,19,Västmanland,PHEV,private,44
2023-09-01,20,Dalarna,BEV,company,70
2023-09-01,20,Dalarna,BEV,dealer,39
2023-09-01,20,Dalarna,BEV,private,62
2023-09-01,20,Dalarna,DIESEL,company,39
2023-09-01,20,Dalarna,DIESEL,dealer,15
2023-09-01,20,Dalarna,DIESEL,private,15
2023-09-01,20,Dalarna,ETHANOL,company,3
2023-09-01,20,Dalarna,ETHANOL,dealer,1
2023-09-01,20,Dalarna,ETHANOL,private,7
2023-09-01,20,Dalarna,HEV,company,13
2023-09-01,20,Dalarna,HEV,dealer,7
2023-09-01,20,Dalarna,HEV,private,15
2023-09-01,20,Dalarna,PETROL,company,43
2023-09-01,20,Dalarna,PETROL,dealer,30
2023-09-01,20,Dalarna,PETROL,private,51
2023-09-01,20,Dalarna,PHEV,company,38
2023-09-01,20,Dalarna,PHEV,dealer,36
2023-09-01,20,Dalarna,PHEV,private,45
2023-09-01,21,Gävleborg,BEV,company,68
2023-09-01,21,Gävleborg,BEV,dealer,39
2023-09-01,21,Gävleborg,BEV,private,82
2023-09-01,21,Gävleborg,DIESEL,company,24
2023-09-01,21,Gävleborg,DIESEL,dealer,14
2023-09-01,21,Gävleborg,DIESEL,private,9
2023-09-01,21,Gävleborg,ETHANOL,dealer,4
2023-09-01,21,Gävleborg,ETHANOL,private,6
2023-09-01,21,Gävleborg,GAS,company,1
2023-09-01,21,Gävleborg,HEV,company,9
2023-09-01,21,Gävleborg,HEV,dealer,14
2023-09-01,21,Gävleborg,HEV,private,28
2023-09-01,21,Gävleborg,PETROL,company,20
2023-09-01,21,Gävleborg,PETROL,dealer,27
2023-09-01,21,Gävleborg,PETROL,private,72
2023-09-01,21,Gävleborg,PHEV,company,30
2023-09-01,21,Gävleborg,PHEV,dealer,20
2023-09-01,21,Gävleborg,PHEV,private,32
2023-09-01,22,Västernorrland,BEV,company,59
2023-09-01,22,Västernorrland,BEV,dealer,26
2023-09-01,22,Västernorrland,BEV,private,74
2023-09-01,22,Västernorrland,DIESEL,company,84
2023-09-01,22,Västernorrland,DIESEL,dealer,8
2023-09-01,22,Västernorrland,DIESEL,private,15
2023-09-01,22,Västernorrland,ETHANOL,company,2
2023-09-01,22,Västernorrland,ETHANOL,dealer,6
2023-09-01,22,Västernorrland,ETHANOL,private,9
2023-09-01,22,Västernorrland,GAS,company,3
2023-09-01,22,Västernorrland,HEV,company,3
2023-09-01,22,Västernorrland,HEV,dealer,6
2023-09-01,22,Västernorrland,HEV,private,17
2023-09-01,22,Västernorrland,PETROL,company,13
2023-09-01,22,Västernorrland,PETROL,dealer,11
2023-09-01,22,Västernorrland,PETROL,private,27
2023-09-01,22,Västernorrland,PHEV,company,26
2023-09-01,22,Västernorrland,PHEV,dealer,17
2023-09-01,22,Västernorrland,PHEV,private,34
2023-09-01,23,Jämtland,BEV,company,33
2023-09-01,23,Jämtland,BEV,dealer,38
2023-09-01,23,Jämtland,BEV,private,28
2023-09-01,23,Jämtland,DIESEL,company,6
2023-09-01,23,Jämtland,DIESEL,private,5
2023-09-01,23,Jämtland,ETHANOL,company,2
2023-09-01,23,Jämtland,ETHANOL,dealer,3
2023-09-01,23,Jämtland,ETHANOL,private,1
2023-09-01,23,Jämtland,HEV,company,12
2023-09-01,23,Jämtland,HEV,dealer,8
2023-09-01,23,Jämtland,HEV,private,8
2023-09-01,23,Jämtland,PETROL,company,7
2023-09-01,23,Jämtland,PETROL,dealer,6
2023-09-01,23,Jämtland,PETROL,private,13
2023-09-01,23,Jämtland,PHEV,company,17
2023-09-01,23,Jämtland,PHEV,dealer,6
2023-09-01,23,Jämtland,PHEV,private,5
2023-09-01,24,Västerbotten,BEV,company,63
2023-09-01,24,Västerbotten,BEV,dealer,24
2023-09-01,24,Västerbotten,BEV,private,74
2023-09-01,24,Västerbotten,DIESEL,company,42
2023-09-01,24,Västerbotten,DIESEL,dealer,37
2023-09-01,24,Västerbotten,DIESEL,private,11
2023-09-01,24,Västerbotten,ETHANOL,company,5
2023-09-01,24,Västerbotten,ETHANOL,dealer,4
2023-09-01,24,Västerbotten,ETHANOL,private,4
2023-09-01,24,Västerbotten,GAS,company,1
2023-09-01,24,Västerbotten,HEV,company,32
2023-09-01,24,Västerbotten,HEV,dealer,43
2023-09-01,24,Västerbotten,HEV,private,21
2023-09-01,24,Västerbotten,PETROL,company,12
2023-09-01,24,Västerbotten,PETROL,dealer,20
2023-09-01,24,Västerbotten,PETROL,private,46
2023-09-01,24,Västerbotten,PHEV,company,35
2023-09-01,24,Västerbotten,PHEV,dealer,23
2023-09-01,24,Västerbotten,PHEV,private,25
2023-09-01,25,Norrbotten,BEV,company,82
2023-09-01,25,Norrbotten,BEV,dealer,12
2023-09-01,25,Norrbotten,BEV,private,61
2023-09-01,25,Norrbotten,DIESEL,company,28
2023-09-01,25,Norrbotten,DIESEL,dealer,4
2023-09-01,25,Norrbotten,DIESEL,private,12
2023-09-01,25,Norrbotten,ETHANOL,company,2
2023-09-01,25,Norrbotten,ETHANOL,private,2
2023-09-01,25,Norrbotten,HEV,company,48
2023-09-01,25,Norrbotten,HEV,dealer,7
2023-09-01,25,Norrbotten,HEV,private,15
2023-09-01,25,Norrbotten,PETROL,company,6
2023-09-01,25,Norrbotten,PETROL,dealer,6
2023-09-01,25,Norrbotten,PETROL,private,31
2023-09-01,25,Norrbotten,PHEV,company,34
2023-09-01,25,Norrbotten,PHEV,dealer,50
2023-09-01,25,Norrbotten,PHEV,private,23
2023-10-01,01,Stockholm,BEV,company,2920
2023-10-01,01,Stockholm,BEV,dealer,599
2023-10-01,01,Stockholm,BEV,private,585
2023-10-01,01,Stockholm,DIESEL,company,446
2023-10-01,01,Stockholm,DIESEL,dealer,55
2023-10-01,01,Stockholm,DIESEL,private,88
2023-10-01,01,Stockholm,ETHANOL,company,67
2023-10-01,01,Stockholm,ETHANOL,dealer,14
2023-10-01,01,Stockholm,ETHANOL,private,29
2023-10-01,01,Stockholm,GAS,company,45
2023-10-01,01,Stockholm,HEV,company,270
2023-10-01,01,Stockholm,HEV,dealer,188
2023-10-01,01,Stockholm,HEV,private,176
2023-10-01,01,Stockholm,PETROL,company,762
2023-10-01,01,Stockholm,PETROL,dealer,227
2023-10-01,01,Stockholm,PETROL,private,504
2023-10-01,01,Stockholm,PHEV,company,2040
2023-10-01,01,Stockholm,PHEV,dealer,204
2023-10-01,01,Stockholm,PHEV,private,346
2023-10-01,03,Uppsala,BEV,company,108
2023-10-01,03,Uppsala,BEV,dealer,21
2023-10-01,03,Uppsala,BEV,private,145
2023-10-01,03,Uppsala,DIESEL,company,36
2023-10-01,03,Uppsala,DIESEL,dealer,21
2023-10-01,03,Uppsala,DIESEL,private,14
2023-10-01,03,Uppsala,ETHANOL,company,6
2023-10-01,03,Uppsala,ETHANOL,dealer,7
2023-10-01,03,Uppsala,ETHANOL,private,12
2023-10-01,03,Uppsala,GAS,company,8
2023-10-01,03,Uppsala,HEV,company,8
2023-10-01,03,Uppsala,HEV,dealer,14
2023-10-01,03,Uppsala,HEV,private,53
2023-10-01,03,Uppsala,PETROL,company,32
2023-10-01,03,Uppsala,PETROL,dealer,31
2023-10-01,03,Uppsala,PETROL,private,66
2023-10-01,03,Uppsala,PHEV,company,78
2023-10-01,03,Uppsala,PHEV,dealer,20
2023-10-01,03,Uppsala,PHEV,private,42
2023-10-01,04,Södermanland,BEV,company,71
2023-10-01,04,Södermanland,BEV,dealer,22
2023-10-01,04,Södermanland,BEV,private,63
2023-10-01,04,Södermanland,DIESEL,company,13
2023-10-01,04,Södermanland,DIESEL,dealer,7
2023-10-01,04,Södermanland,DIESEL,private,16
2023-10-01,04,Södermanland,ETHANOL,company,4
2023-10-01,04,Södermanland,ETHANOL,dealer,1
2023-10-01,04,Södermanland,ETHANOL,private,7
2023-10-01,04,Södermanland,HEV,company,12
2023-10-01,04,Södermanland,HEV,dealer,10
2023-10-01,04,Södermanland,HEV,private,18
2023-10-01,04,Södermanland,PETROL,company,21
2023-10-01,04,Södermanland,PETROL,dealer,24
2023-10-01,04,Södermanland,PETROL,private,66
2023-10-01,04,Södermanland,PHEV,company,33
2023-10-01,04,Södermanland,PHEV,dealer,11
2023-10-01,04,Södermanland,PHEV,private,54
2023-10-01,05,Östergötland,BEV,company,96
2023-10-01,05,Östergötland,BEV,dealer,27
2023-10-01,05,Östergötland,BEV,private,156
2023-10-01,05,Östergötland,DIESEL,company,34
2023-10-01,05,Östergötland,DIESEL,dealer,5
2023-10-01,05,Östergötland,DIESEL,private,23
2023-10-01,05,Östergötland,ETHANOL,company,2
2023-10-01,05,Östergötland,ETHANOL,dealer,1
2023-10-01,05,Östergötland,ETHANOL,private,10
2023-10-01,05,Östergötland,HEV,company,14
2023-10-01,05,Östergötland,HEV,dealer,53
2023-10-01,05,Östergötland,HEV,private,53
2023-10-01,05,Östergötland,PETROL,company,23
2023-10-01,05,Östergötland,PETROL,dealer,36
2023-10-01,05,Östergötland,PETROL,private,109
2023-10-01,05,Östergötland,PHEV,company,80
2023-10-01,05,Östergötland,PHEV,dealer,36
2023-10-01,05,Östergötland,PHEV,private,67
2023-10-01,06,Jönköping,BEV,company,111
2023-10-01,06,Jönköping,BEV,dealer,42
2023-10-01,06,Jönköping,BEV,private,101
2023-10-01,06,Jönköping,DIESEL,company,42
2023-10-01,06,Jönköping,DIESEL,dealer,27
2023-10-01,06,Jönköping,DIESEL,private,18
2023-10-01,06,Jönköping,ETHANOL,company,7
2023-10-01,06,Jönköping,ETHANOL,dealer,2
2023-10-01,06,Jönköping,ETHANOL,private,9
2023-10-01,06,Jönköping,GAS,company,1
2023-10-01,06,Jönköping,HEV,company,28
2023-10-01,06,Jönköping,HEV,dealer,37
2023-10-01,06,Jönköping,HEV,private,41
2023-10-01,06,Jönköping,OTHER,private,1
2023-10-01,06,Jönköping,PETROL,company,100
2023-10-01,06,Jönköping,PETROL,dealer,58
2023-10-01,06,Jönköping,PETROL,private,98
2023-10-01,06,Jönköping,PHEV,company,59
2023-10-01,06,Jönköping,PHEV,dealer,34
2023-10-01,06,Jönköping,PHEV,private,37
2023-10-01,07,Kronoberg,BEV,company,36
2023-10-01,07,Kronoberg,BEV,dealer,16
2023-10-01,07,Kronoberg,BEV,private,55
2023-10-01,07,Kronoberg,DIESEL,company,26
2023-10-01,07,Kronoberg,DIESEL,dealer,7
2023-10-01,07,Kronoberg,DIESEL,private,9
2023-10-01,07,Kronoberg,ETHANOL,company,4
2023-10-01,07,Kronoberg,ETHANOL,dealer,1
2023-10-01,07,Kronoberg,ETHANOL,private,2
2023-10-01,07,Kronoberg,GAS,company,4
2023-10-01,07,Kronoberg,HEV,company,24
2023-10-01,07,Kronoberg,HEV,dealer,15
2023-10-01,07,Kronoberg,HEV,private,28
2023-10-01,07,Kronoberg,PETROL,company,5
2023-10-01,07,Kronoberg,PETROL,dealer,16
2023-10-01,07,Kronoberg,PETROL,private,45
2023-10-01,07,Kronoberg,PHEV,company,39
2023-10-01,07,Kronoberg,PHEV,dealer,25
2023-10-01,07,Kronoberg,PHEV,private,31
2023-10-01,08,Kalmar,BEV,company,39
2023-10-01,08,Kalmar,BEV,dealer,27
2023-10-01,08,Kalmar,BEV,private,39
2023-10-01,08,Kalmar,DIESEL,company,12
2023-10-01,08,Kalmar,DIESEL,dealer,11
2023-10-01,08,Kalmar,DIESEL,private,15
2023-10-01,08,Kalmar,ETHANOL,company,1
2023-10-01,08,Kalmar,ETHANOL,dealer,2
2023-10-01,08,Kalmar,ETHANOL,private,3
2023-10-01,08,Kalmar,GAS,company,10
2023-10-01,08,Kalmar,HEV,company,7
2023-10-01,08,Kalmar,HEV,dealer,7
2023-10-01,08,Kalmar,HEV,private,21
2023-10-01,08,Kalmar,PETROL,company,10
2023-10-01,08,Kalmar,PETROL,dealer,21
2023-10-01,08,Kalmar,PETROL,private,57
2023-10-01,08,Kalmar,PHEV,company,22
2023-10-01,08,Kalmar,PHEV,dealer,20
2023-10-01,08,Kalmar,PHEV,private,18
2023-10-01,09,Gotland,BEV,company,4
2023-10-01,09,Gotland,BEV,dealer,1
2023-10-01,09,Gotland,BEV,private,7
2023-10-01,09,Gotland,DIESEL,company,8
2023-10-01,09,Gotland,DIESEL,dealer,2
2023-10-01,09,Gotland,DIESEL,private,1
2023-10-01,09,Gotland,ETHANOL,dealer,1
2023-10-01,09,Gotland,ETHANOL,private,3
2023-10-01,09,Gotland,GAS,company,27
2023-10-01,09,Gotland,HEV,dealer,1
2023-10-01,09,Gotland,HEV,private,3
2023-10-01,09,Gotland,PETROL,dealer,2
2023-10-01,09,Gotland,PETROL,private,7
2023-10-01,09,Gotland,PHEV,company,3
2023-10-01,09,Gotland,PHEV,dealer,1
2023-10-01,10,Blekinge,BEV,company,16
2023-10-01,10,Blekinge,BEV,dealer,15
2023-10-01,10,Blekinge,BEV,private,33
2023-10-01,10,Blekinge,DIESEL,company,7
2023-10-01,10,Blekinge,DIESEL,dealer,5
2023-10-01,10,Blekinge,DIESEL,private,7
2023-10-01,10,Blekinge,ETHANOL,company,4
2023-10-01,10,Blekinge,ETHANOL,private,6
2023-10-01,10,Blekinge,GAS,company,2
2023-10-01,10,Blekinge,HEV,company,7
2023-10-01,10,Blekinge,HEV,dealer,19
2023-10-01,10,Blekinge,HEV,private,17
2023-10-01,10,Blekinge,PETROL,company,7
2023-10-01,10,Blekinge,PETROL,dealer,15
2023-10-01,10,Blekinge,PETROL,private,34
2023-10-01,10,Blekinge,PHEV,company,9
2023-10-01,10,Blekinge,PHEV,dealer,5
2023-10-01,10,Blekinge,PHEV,private,24
2023-10-01,12,Skåne,BEV,company,701
2023-10-01,12,Skåne,BEV,dealer,142
2023-10-01,12,Skåne,BEV,private,387
2023-10-01,12,Skåne,DIESEL,company,205
2023-10-01,12,Skåne,DIESEL,dealer,114
2023-10-01,12,Skåne,DIESEL,private,58
2023-10-01,12,Skåne,ETHANOL,company,5
2023-10-01,12,Skåne,ETHANOL,dealer,10
2023-10-01,12,Skåne,ETHANOL,private,17
2023-10-01,12,Skåne,GAS,company,40
2023-10-01,12,Skåne,GAS,private,1
2023-10-01,12,Skåne,HEV,company,72
2023-10-01,12,Skåne,HEV,dealer,67
2023-10-01,12,Skåne,HEV,private,129
2023-10-01,12,Skåne,OTHER,private,1
2023-10-01,12,Skåne,PETROL,company,246
2023-10-01,12,Skåne,PETROL,dealer,544
2023-10-01,12,Skåne,PETROL,private,346
2023-10-01,12,Skåne,PHEV,company,469
2023-10-01,12,Skåne,PHEV,dealer,202
2023-10-01,12,Skåne,PHEV,private,159
2023-10-01,13,Halland,BEV,company,112
2023-10-01,13,Halland,BEV,dealer,18
2023-10-01,13,Halland,BEV,private,143
2023-10-01,13,Halland,DIESEL,company,16
2023-10-01,13,Halland,DIESEL,dealer,1
2023-10-01,13,Halland,DIESEL,private,24
2023-10-01,13,Halland,ETHANOL,company,3
2023-10-01,13,Halland,ETHANOL,dealer,5
2023-10-01,13,Halland,ETHANOL,private,6
2023-10-01,13,Halland,GAS,company,1
2023-10-01,13,Halland,HEV,company,6
2023-10-01,13,Halland,HEV,dealer,15
2023-10-01,13,Halland,HEV,private,27
2023-10-01,13,Halland,PETROL,company,18
2023-10-01,13,Halland,PETROL,dealer,23
2023-10-01,13,Halland,PETROL,private,117
2023-10-01,13,Halland,PHEV,company,47
2023-10-01,13,Halland,PHEV,dealer,15
2023-10-01,13,Halland,PHEV,private,51
2023-10-01,14,Västra Götaland,BEV,company,546
2023-10-01,14,Västra Götaland,BEV,dealer,156
2023-10-01,14,Västra Götaland,BEV,private,550
2023-10-01,14,Västra Götaland,DIESEL,company,146
2023-10-01,14,Västra Götaland,DIESEL,dealer,25
2023-10-01,14,Västra Götaland,DIESEL,private,88
2023-10-01,14,Västra Götaland,ETHANOL,company,17
2023-10-01,14,Västra Götaland,ETHANOL,dealer,18
2023-10-01,14,Västra Götaland,ETHANOL,private,35
2023-10-01,14,Västra Götaland,GAS,company,28
2023-10-01,14,Västra Götaland,HEV,company,103
2023-10-01,14,Västra Götaland,HEV,dealer,176
2023-10-01,14,Västra Götaland,HEV,private,188
2023-10-01,14,Västra Götaland,PETROL,company,135
2023-10-01,14,Västra Götaland,PETROL,dealer,381
2023-10-01,14,Västra Götaland,PETROL,private,539
2023-10-01,14,Västra Götaland,PHEV,company,345
2023-10-01,14,Västra Götaland,PHEV,dealer,159
2023-10-01,14,Västra Götaland,PHEV,private,202
2023-10-01,17,Värmland,BEV,company,53
2023-10-01,17,Värmland,BEV,dealer,32
2023-10-01,17,Värmland,BEV,private,59
2023-10-01,17,Värmland,DIESEL,company,53
2023-10-01,17,Värmland,DIESEL,dealer,35
2023-10-01,17,Värmland,DIESEL,private,19
2023-10-01,17,Värmland,ETHANOL,company,2
2023-10-01,17,Värmland,ETHANOL,dealer,3
2023-10-01,17,Värmland,ETHANOL,private,14
2023-10-01,17,Värmland,HEV,company,29
2023-10-01,17,Värmland,HEV,dealer,24
2023-10-01,17,Värmland,HEV,private,24
2023-10-01,17,Värmland,PETROL,company,29
2023-10-01,17,Värmland,PETROL,dealer,16
2023-10-01,17,Värmland,PETROL,private,72
2023-10-01,17,Värmland,PHEV,company,71
2023-10-01,17,Värmland,PHEV,dealer,13
2023-10-01,17,Värmland,PHEV,private,33
2023-10-01,18,Örebro,BEV,company,64
2023-10-01,18,Örebro,BEV,dealer,30
2023-10-01,18,Örebro,BEV,private,61
2023-10-01,18,Örebro,DIESEL,company,25
2023-10-01,18,Örebro,DIESEL,dealer,4
2023-10-01,18,Örebro,DIESEL,private,19
2023-10-01,18,Örebro,ETHANOL,company,4
2023-10-01,18,Örebro,ETHANOL,dealer,5
2023-10-01,18,Örebro,ETHANOL,private,4
2023-10-01,18,Örebro,HEV,company,27
2023-10-01,18,Örebro,HEV,dealer,35
2023-10-01,18,Örebro,HEV,private,21
2023-10-01,18,Örebro,PETROL,company,48
2023-10-01,18,Örebro,PETROL,dealer,6
2023-10-01,18,Örebro,PETROL,private,77
2023-10-01,18,Örebro,PHEV,company,46
2023-10-01,18,Örebro,PHEV,dealer,13
2023-10-01,18,Örebro,PHEV,private,46
2023-10-01,19,Västmanland,BEV,company,50
2023-10-01,19,Västmanland,BEV,dealer,14
2023-10-01,19,Västmanland,BEV,private,90
2023-10-01,19,Västmanland,DIESEL,company,12
2023-10-01,19,Västmanland,DIESEL,dealer,1
2023-10-01,19,Västmanland,DIESEL,private,16
2023-10-01,19,Västmanland,ETHANOL,dealer,1
2023-10-01,19,Västmanland,ETHANOL,private,3
2023-10-01,19,Västmanland,GAS,company,11
2023-10-01,19,Västmanland,HEV,company,7
2023-10-01,19,Västmanland,HEV,dealer,8
2023-10-01,19,Västmanland,HEV,private,26
2023-10-01,19,Västmanland,PETROL,company,12
2023-10-01,19,Västmanland,PETROL,dealer,6
2023-10-01,19,Västmanland,PETROL,private,70
2023-10-01,19,Västmanland,PHEV,company,28
2023-10-01,19,Västmanland,PHEV,dealer,5
2023-10-01,19,Västmanland,PHEV,private,71
2023-10-01,20,Dalarna,BEV,company,66
2023-10-01,20,Dalarna,BEV,dealer,16
2023-10-01,20,Dalarna,BEV,private,71
2023-10-01,20,Dalarna,DIESEL,company,30
2023-10-01,20,Dalarna,DIESEL,dealer,4
2023-10-01,20,Dalarna,DIESEL,private,15
2023-10-01,20,Dalarna,ETHANOL,company,5
2023-10-01,20,Dalarna,ETHANOL,dealer,1
2023-10-01,20,Dalarna,ETHANOL,private,4
2023-10-01,20,Dalarna,GAS,company,1
2023-10-01,20,Dalarna,HEV,company,6
2023-10-01,20,Dalarna,HEV,dealer,14
2023-10-01,20,Dalarna,HEV,private,11
2023-10-01,20,Dalarna,PETROL,company,28
2023-10-01,20,Dalarna,PETROL,dealer,33
2023-10-01,20,Dalarna,PETROL,private,49
2023-10-01,20,Dalarna,PHEV,company,60
2023-10-01,20,Dalarna,PHEV,dealer,14
2023-10-01,20,Dalarna,PHEV,private,44
2023-10-01,21,Gävleborg,BEV,company,54
2023-10-01,21,Gävleborg,BEV,dealer,33
2023-10-01,21,Gävleborg,BEV,private,65
2023-10-01,21,Gävleborg,DIESEL,company,19
2023-10-01,21,Gävleborg,DIESEL,dealer,7
2023-10-01,21,Gävleborg,DIESEL,private,11
2023-10-01,21,Gävleborg,ETHANOL,company,3
2023-10-01,21,Gävleborg,ETHANOL,dealer,5
2023-10-01,21,Gävleborg,ETHANOL,private,5
2023-10-01,21,Gävleborg,HEV,company,14
2023-10-01,21,Gävleborg,HEV,dealer,19
2023-10-01,21,Gävleborg,HEV,private,28
2023-10-01,21,Gävleborg,PETROL,company,6
2023-10-01,21,Gävleborg,PETROL,dealer,52
2023-10-01,21,Gävleborg,PETROL,private,53
2023-10-01,21,Gävleborg,PHEV,company,28
2023-10-01,21,Gävleborg,PHEV,dealer,17
2023-10-01,21,Gävleborg,PHEV,private,32
2023-10-01,22,Västernorrland,BEV,company,77
2023-10-01,22,Västernorrland,BEV,dealer,23
2023-10-01,22,Västernorrland,BEV,private,82
2023-10-01,22,Västernorrland,DIESEL,company,65
2023-10-01,22,Västernorrland,DIESEL,dealer,5
2023-10-01,22,Västernorrland,DIESEL,private,9
2023-10-01,22,Västernorrland,ETHANOL,dealer,8
2023-10-01,22,Västernorrland,ETHANOL,private,4
2023-10-01,22,Västernorrland,GAS,company,3
2023-10-01,22,Västernorrland,HEV,company,3
2023-10-01,22,Västernorrland,HEV,dealer,16
2023-10-01,22,Västernorrland,HEV,private,14
2023-10-01,22,Västernorrland,PETROL,company,7
2023-10-01,22,Västernorrland,PETROL,dealer,29
2023-10-01,22,Västernorrland,PETROL,private,33
2023-10-01,22,Västernorrland,PHEV,company,37
2023-10-01,22,Västernorrland,PHEV,dealer,17
2023-10-01,22,Västernorrland,PHEV,private,30
2023-10-01,23,Jämtland,BEV,company,48
2023-10-01,23,Jämtland,BEV,private,41
2023-10-01,23,Jämtland,DIESEL,company,13
2023-10-01,23,Jämtland,DIESEL,dealer,7
2023-10-01,23,Jämtland,DIESEL,private,5
2023-10-01,23,Jämtland,ETHANOL,company,4
2023-10-01,23,Jämtland,ETHANOL,private,1
2023-10-01,23,Jämtland,HEV,company,13
2023-10-01,23,Jämtland,HEV,private,4
2023-10-01,23,Jämtland,PETROL,dealer,4
2023-10-01,23,Jämtland,PETROL,private,10
2023-10-01,23,Jämtland,PHEV,company,9
2023-10-01,23,Jämtland,PHEV,dealer,1
2023-10-01,23,Jämtland,PHEV,private,9
2023-10-01,24,Västerbotten,BEV,company,74
2023-10-01,24,Västerbotten,BEV,dealer,23
2023-10-01,24,Västerbotten,BEV,private,91
2023-10-01,24,Västerbotten,DIESEL,company,27
2023-10-01,24,Västerbotten,DIESEL,dealer,11
2023-10-01,24,Västerbotten,DIESEL,private,8
2023-10-01,24,Västerbotten,ETHANOL,company,2
2023-10-01,24,Västerbotten,ETHANOL,dealer,8
2023-10-01,24,Västerbotten,ETHANOL,private,4
2023-10-01,24,Västerbotten,HEV,company,8
2023-10-01,24,Västerbotten,HEV,dealer,19
2023-10-01,24,Västerbotten,HEV,private,12
2023-10-01,24,Västerbotten,PETROL,company,23
2023-10-01,24,Västerbotten,PETROL,dealer,27
2023-10-01,24,Västerbotten,PETROL,private,30
2023-10-01,24,Västerbotten,PHEV,company,27
2023-10-01,24,Västerbotten,PHEV,dealer,18
2023-10-01,24,Västerbotten,PHEV,private,34
2023-10-01,25,Norrbotten,BEV,company,65
2023-10-01,25,Norrbotten,BEV,dealer,13
2023-10-01,25,Norrbotten,BEV,private,49
2023-10-01,25,Norrbotten,DIESEL,company,29
2023-10-01,25,Norrbotten,DIESEL,dealer,3
2023-10-01,25,Norrbotten,DIESEL,private,10
2023-10-01,25,Norrbotten,ETHANOL,company,3
2023-10-01,25,Norrbotten,ETHANOL,dealer,2
2023-10-01,25,Norrbotten,ETHANOL,private,4
2023-10-01,25,Norrbotten,HEV,company,29
2023-10-01,25,Norrbotten,HEV,dealer,4
2023-10-01,25,Norrbotten,HEV,private,6
2023-10-01,25,Norrbotten,PETROL,company,8
2023-10-01,25,Norrbotten,PETROL,dealer,10
2023-10-01,25,Norrbotten,PETROL,private,25
2023-10-01,25,Norrbotten,PHEV,company,34
2023-10-01,25,Norrbotten,PHEV,dealer,12
2023-10-01,25,Norrbotten,PHEV,private,26
2023-11-01,01,Stockholm,BEV,company,3231
2023-11-01,01,Stockholm,BEV,dealer,611
2023-11-01,01,Stockholm,BEV,private,727
2023-11-01,01,Stockholm,DIESEL,company,392
2023-11-01,01,Stockholm,DIESEL,dealer,33
2023-11-01,01,Stockholm,DIESEL,private,70
2023-11-01,01,Stockholm,ETHANOL,company,60
2023-11-01,01,Stockholm,ETHANOL,dealer,4
2023-11-01,01,Stockholm,ETHANOL,private,39
2023-11-01,01,Stockholm,GAS,company,52
2023-11-01,01,Stockholm,HEV,company,275
2023-11-01,01,Stockholm,HEV,dealer,272
2023-11-01,01,Stockholm,HEV,private,204
2023-11-01,01,Stockholm,PETROL,company,603
2023-11-01,01,Stockholm,PETROL,dealer,354
2023-11-01,01,Stockholm,PETROL,private,448
2023-11-01,01,Stockholm,PHEV,company,1893
2023-11-01,01,Stockholm,PHEV,dealer,244
2023-11-01,01,Stockholm,PHEV,private,277
2023-11-01,03,Uppsala,BEV,company,106
2023-11-01,03,Uppsala,BEV,dealer,25
2023-11-01,03,Uppsala,BEV,private,105
2023-11-01,03,Uppsala,DIESEL,company,27
2023-11-01,03,Uppsala,DIESEL,dealer,8
2023-11-01,03,Uppsala,DIESEL,private,18
2023-11-01,03,Uppsala,ETHANOL,company,3
2023-11-01,03,Uppsala,ETHANOL,dealer,3
2023-11-01,03,Uppsala,ETHANOL,private,8
2023-11-01,03,Uppsala,GAS,company,12
2023-11-01,03,Uppsala,HEV,company,18
2023-11-01,03,Uppsala,HEV,dealer,20
2023-11-01,03,Uppsala,HEV,private,50
2023-11-01,03,Uppsala,PETROL,company,14
2023-11-01,03,Uppsala,PETROL,dealer,49
2023-11-01,03,Uppsala,PETROL,private,64
2023-11-01,03,Uppsala,PHEV,company,63
2023-11-01,03,Uppsala,PHEV,dealer,12
2023-11-01,03,Uppsala,PHEV,private,42
2023-11-01,04,Södermanland,BEV,company,83
2023-11-01,04,Södermanland,BEV,dealer,21
2023-11-01,04,Södermanland,BEV,private,77
2023-11-01,04,Södermanland,DIESEL,company,15
2023-11-01,04,Södermanland,DIESEL,dealer,3
2023-11-01,04,Södermanland,DIESEL,private,14
2023-11-01,04,Södermanland,ETHANOL,company,1
2023-11-01,04,Södermanland,ETHANOL,private,7
2023-11-01,04,Södermanland,GAS,company,5
2023-11-01,04,Södermanland,HEV,company,11
2023-11-01,04,Södermanland,HEV,dealer,14
2023-11-01,04,Södermanland,HEV,private,34
2023-11-01,04,Södermanland,PETROL,company,16
2023-11-01,04,Södermanland,PETROL,dealer,18
2023-11-01,04,Södermanland,PETROL,private,64
2023-11-01,04,Södermanland,PHEV,company,27
2023-11-01,04,Södermanland,PHEV,dealer,6
2023-11-01,04,Södermanland,PHEV,private,49
2023-11-01,05,Östergötland,BEV,company,124
2023-11-01,05,Östergötland,BEV,dealer,47
2023-11-01,05,Östergötland,BEV,private,121
2023-11-01,05,Östergötland,DIESEL,company,20
2023-11-01,05,Östergötland,DIESEL,dealer,7
2023-11-01,05,Östergötland,DIESEL,private,13
2023-11-01,05,Östergötland,ETHANOL,company,3
2023-11-01,05,Östergötland,ETHANOL,dealer,2
2023-11-01,05,Östergötland,ETHANOL,private,12
2023-11-01,05,Östergötland,GAS,company,4
2023-11-01,05,Östergötland,HEV,company,7
2023-11-01,05,Östergötland,HEV,dealer,64
2023-11-01,05,Östergötland,HEV,private,57
2023-11-01,05,Östergötland,PETROL,company,41
2023-11-01,05,Östergötland,PETROL,dealer,24
2023-11-01,05,Östergötland,PETROL,private,112
2023-11-01,05,Östergötland,PHEV,company,54
2023-11-01,05,Östergötland,PHEV,dealer,34
2023-11-01,05,Östergötland,PHEV,private,59
2023-11-01,06,Jönköping,BEV,company,134
2023-11-01,06,Jönköping,BEV,dealer,53
2023-11-01,06,Jönköping,BEV,private,83
2023-11-01,06,Jönköping,DIESEL,company,106
2023-11-01,06,Jönköping,DIESEL,dealer,42
2023-11-01,06,Jönköping,DIESEL,private,19
2023-11-01,06,Jönköping,ETHANOL,company,3
2023-11-01,06,Jönköping,ETHANOL,dealer,6
2023-11-01,06,Jönköping,ETHANOL,private,10
2023-11-01,06,Jönköping,GAS,company,5
2023-11-01,06,Jönköping,HEV,company,47
2023-11-01,06,Jönköping,HEV,dealer,53
2023-11-01,06,Jönköping,HEV,private,52
2023-11-01,06,Jönköping,PETROL,company,62
2023-11-01,06,Jönköping,PETROL,dealer,58
2023-11-01,06,Jönköping,PETROL,private,77
2023-11-01,06,Jönköping,PHEV,company,71
2023-11-01,06,Jönköping,PHEV,dealer,31
2023-11-01,06,Jönköping,PHEV,private,26
2023-11-01,07,Kronoberg,BEV,company,42
2023-11-01,07,Kronoberg,BEV,dealer,29
2023-11-01,07,Kronoberg,BEV,private,39
2023-11-01,07,Kronoberg,DIESEL,company,24
2023-11-01,07,Kronoberg,DIESEL,dealer,4
2023-11-01,07,Kronoberg,DIESEL,private,8
2023-11-01,07,Kronoberg,ETHANOL,private,1
2023-11-01,07,Kronoberg,GAS,company,5
2023-11-01,07,Kronoberg,HEV,company,5
2023-11-01,07,Kronoberg,HEV,dealer,7
2023-11-01,07,Kronoberg,HEV,private,29
2023-11-01,07,Kronoberg,PETROL,company,9
2023-11-01,07,Kronoberg,PETROL,dealer,5
2023-11-01,07,Kronoberg,PETROL,private,42
2023-11-01,07,Kronoberg,PHEV,company,34
2023-11-01,07,Kronoberg,PHEV,dealer,16
2023-11-01,07,Kronoberg,PHEV,private,31
2023-11-01,08,Kalmar,BEV,company,30
2023-11-01,08,Kalmar,BEV,dealer,36
2023-11-01,08,Kalmar,BEV,private,47
2023-11-01,08,Kalmar,DIESEL,company,15
2023-11-01,08,Kalmar,DIESEL,dealer,16
2023-11-01,08,Kalmar,DIESEL,private,14
2023-11-01,08,Kalmar,ETHANOL,company,1
2023-11-01,08,Kalmar,ETHANOL,dealer,2
2023-11-01,08,Kalmar,ETHANOL,private,7
2023-11-01,08,Kalmar,GAS,company,16
2023-11-01,08,Kalmar,HEV,company,8
2023-11-01,08,Kalmar,HEV,dealer,18
2023-11-01,08,Kalmar,HEV,private,21
2023-11-01,08,Kalmar,PETROL,company,24
2023-11-01,08,Kalmar,PETROL,dealer,23
2023-11-01,08,Kalmar,PETROL,private,48
2023-11-01,08,Kalmar,PHEV,company,22
2023-11-01,08,Kalmar,PHEV,dealer,14
2023-11-01,08,Kalmar,PHEV,private,22
2023-11-01,09,Gotland,BEV,company,7
2023-11-01,09,Gotland,BEV,dealer,4
2023-11-01,09,Gotland,BEV,private,7
2023-11-01,09,Gotland,DIESEL,company,1
2023-11-01,09,Gotland,DIESEL,dealer,1
2023-11-01,09,Gotland,DIESEL,private,3
2023-11-01,09,Gotland,GAS,company,1
2023-11-01,09,Gotland,HEV,company,3
2023-11-01,09,Gotland,HEV,dealer,5
2023-11-01,09,Gotland,HEV,private,2
2023-11-01,09,Gotland,PETROL,company,2
2023-11-01,09,Gotland,PETROL,dealer,3
2023-11-01,09,Gotland,PETROL,private,6
2023-11-01,09,Gotland,PHEV,company,1
2023-11-01,09,Gotland,PHEV,dealer,1
2023-11-01,09,Gotland,PHEV,private,7
2023-11-01,10,Blekinge,BEV,company,24
2023-11-01,10,Blekinge,BEV,dealer,14
2023-11-01,10,Blekinge,BEV,private,25
2023-11-01,10,Blekinge,DIESEL,company,3
2023-11-01,10,Blekinge,DIESEL,dealer,7
2023-11-01,10,Blekinge,DIESEL,private,5
2023-11-01,10,Blekinge,ETHANOL,company,1
2023-11-01,10,Blekinge,ETHANOL,dealer,2
2023-11-01,10,Blekinge,ETHANOL,private,7
2023-11-01,10,Blekinge,HEV,company,9
2023-11-01,10,Blekinge,HEV,dealer,6
2023-11-01,10,Blekinge,HEV,private,11
2023-11-01,10,Blekinge,PETROL,company,3
2023-11-01,10,Blekinge,PETROL,dealer,18
2023-11-01,10,Blekinge,PETROL,private,43
2023-11-01,10,Blekinge,PHEV,company,10
2023-11-01,10,Blekinge,PHEV,dealer,8
2023-11-01,10,Blekinge,PHEV,private,17
2023-11-01,12,Skåne,BEV,company,783
2023-11-01,12,Skåne,BEV,dealer,119
2023-11-01,12,Skåne,BEV,private,345
2023-11-01,12,Skåne,DIESEL,company,196
2023-11-01,12,Skåne,DIESEL,dealer,40
2023-11-01,12,Skåne,DIESEL,private,51
2023-11-01,12,Skåne,ETHANOL,company,9
2023-11-01,12,Skåne,ETHANOL,dealer,6
2023-11-01,12,Skåne,ETHANOL,private,29
2023-11-01,12,Skåne,GAS,company,36
2023-11-01,12,Skåne,HEV,company,80
2023-11-01,12,Skåne,HEV,dealer,111
2023-11-01,12,Skåne,HEV,private,149
2023-11-01,12,Skåne,PETROL,company,328
2023-11-01,12,Skåne,PETROL,dealer,310
2023-11-01,12,Skåne,PETROL,private,360
2023-11-01,12,Skåne,PHEV,company,482
2023-11-01,12,Skåne,PHEV,dealer,92
2023-11-01,12,Skåne,PHEV,private,138
2023-11-01,13,Halland,BEV,company,154
2023-11-01,13,Halland,BEV,dealer,30
2023-11-01,13,Halland,BEV,private,111
2023-11-01,13,Halland,DIESEL,company,14
2023-11-01,13,Halland,DIESEL,dealer,3
2023-11-01,13,Halland,DIESEL,private,15
2023-11-01,13,Halland,ETHANOL,company,3
2023-11-01,13,Halland,ETHANOL,dealer,4
2023-11-01,13,Halland,ETHANOL,private,26
2023-11-01,13,Halland,HEV,company,10
2023-11-01,13,Halland,HEV,dealer,22
2023-11-01,13,Halland,HEV,private,35
2023-11-01,13,Halland,OTHER,private,1
2023-11-01,13,Halland,PETROL,company,37
2023-11-01,13,Halland,PETROL,dealer,36
2023-11-01,13,Halland,PETROL,private,101
2023-11-01,13,Halland,PHEV,company,50
2023-11-01,13,Halland,PHEV,dealer,21
2023-11-01,13,Halland,PHEV,private,39
2023-11-01,14,Västra Götaland,BEV,company,673
2023-11-01,14,Västra Götaland,BEV,dealer,312
2023-11-01,14,Västra Götaland,BEV,private,537
2023-11-01,14,Västra Götaland,DIESEL,company,151
2023-11-01,14,Västra Götaland,DIESEL,dealer,67
2023-11-01,14,Västra Götaland,DIESEL,private,59
2023-11-01,14,Västra Götaland,ETHANOL,company,9
2023-11-01,14,Västra Götaland,ETHANOL,dealer,44
2023-11-01,14,Västra Götaland,ETHANOL,private,62
2023-11-01,14,Västra Götaland,GAS,company,22
2023-11-01,14,Västra Götaland,HEV,company,124
2023-11-01,14,Västra Götaland,HEV,dealer,262
2023-11-01,14,Västra Götaland,HEV,private,209
2023-11-01,14,Västra Götaland,PETROL,company,143
2023-11-01,14,Västra Götaland,PETROL,dealer,355
2023-11-01,14,Västra Götaland,PETROL,private,453
2023-11-01,14,Västra Götaland,PHEV,company,302
2023-11-01,14,Västra Götaland,PHEV,dealer,169
2023-11-01,14,Västra Götaland,PHEV,private,209
2023-11-01,17,Värmland,BEV,company,52
2023-11-01,17,Värmland,BEV,dealer,33
2023-11-01,17,Värmland,BEV,private,45
2023-11-01,17,Värmland,DIESEL,company,52
2023-11-01,17,Värmland,DIESEL,dealer,81
2023-11-01,17,Värmland,DIESEL,private,15
2023-11-01,17,Värmland,ETHANOL,company,2
2023-11-01,17,Värmland,ETHANOL,private,8
2023-11-01,17,Värmland,GAS,company,2
2023-11-01,17,Värmland,HEV,company,37
2023-11-01,17,Värmland,HEV,dealer,27
2023-11-01,17,Värmland,HEV,private,31
2023-11-01,17,Värmland,PETROL,company,29
2023-11-01,17,Värmland,PETROL,dealer,41
2023-11-01,17,Värmland,PETROL,private,56
2023-11-01,17,Värmland,PHEV,company,70
2023-11-01,17,Värmland,PHEV,dealer,13
2023-11-01,17,Värmland,PHEV,private,34
2023-11-01,18,Örebro,BEV,company,64
2023-11-01,18,Örebro,BEV,dealer,14
2023-11-01,18,Örebro,BEV,private,77
2023-11-01,18,Örebro,DIESEL,company,41
2023-11-01,18,Örebro,DIESEL,dealer,2
2023-11-01,18,Örebro,DIESEL,private,17
2023-11-01,18,Örebro,ETHANOL,company,2
2023-11-01,18,Örebro,ETHANOL,dealer,2
2023-11-01,18,Örebro,ETHANOL,private,10
2023-11-01,18,Örebro,GAS,company,7
2023-11-01,18,Örebro,HEV,company,25
2023-11-01,18,Örebro,HEV,dealer,25
2023-11-01,18,Örebro,HEV,private,33
2023-11-01,18,Örebro,PETROL,company,27
2023-11-01,18,Örebro,PETROL,dealer,12
2023-11-01,18,Örebro,PETROL,private,78
2023-11-01,18,Örebro,PHEV,company,43
2023-11-01,18,Örebro,PHEV,dealer,12
2023-11-01,18,Örebro,PHEV,private,30
2023-11-01,19,Västmanland,BEV,company,67
2023-11-01,19,Västmanland,BEV,dealer,20
2023-11-01,19,Västmanland,BEV,private,64
2023-11-01,19,Västmanland,DIESEL,company,16
2023-11-01,19,Västmanland,DIESEL,dealer,5
2023-11-01,19,Västmanland,DIESEL,private,6
2023-11-01,19,Västmanland,ETHANOL,company,1
2023-11-01,19,Västmanland,ETHANOL,dealer,1
2023-11-01,19,Västmanland,ETHANOL,private,3
2023-11-01,19,Västmanland,GAS,company,4
2023-11-01,19,Västmanland,HEV,company,10
2023-11-01,19,Västmanland,HEV,dealer,4
2023-11-01,19,Västmanland,HEV,private,23
2023-11-01,19,Västmanland,PETROL,company,20
2023-11-01,19,Västmanland,PETROL,dealer,12
2023-11-01,19,Västmanland,PETROL,private,54
2023-11-01,19,Västmanland,PHEV,company,25
2023-11-01,19,Västmanland,PHEV,dealer,15
2023-11-01,19,Västmanland,PHEV,private,46
2023-11-01,20,Dalarna,BEV,company,85
2023-11-01,20,Dalarna,BEV,dealer,15
2023-11-01,20,Dalarna,BEV,private,48
2023-11-01,20,Dalarna,DIESEL,company,23
2023-11-01,20,Dalarna,DIESEL,dealer,3
2023-11-01,20,Dalarna,DIESEL,private,9
2023-11-01,20,Dalarna,ETHANOL,company,4
2023-11-01,20,Dalarna,ETHANOL,dealer,1
2023-11-01,20,Dalarna,ETHANOL,private,7
2023-11-01,20,Dalarna,GAS,company,2
2023-11-01,20,Dalarna,HEV,company,10
2023-11-01,20,Dalarna,HEV,dealer,9
2023-11-01,20,Dalarna,HEV,private,21
2023-11-01,20,Dalarna,PETROL,company,17
2023-11-01,20,Dalarna,PETROL,dealer,20
2023-11-01,20,Dalarna,PETROL,private,42
2023-11-01,20,Dalarna,PHEV,company,60
2023-11-01,20,Dalarna,PHEV,dealer,12
2023-11-01,20,Dalarna,PHEV,private,31
2023-11-01,21,Gävleborg,BEV,company,51
2023-11-01,21,Gävleborg,BEV,dealer,44
2023-11-01,21,Gävleborg,BEV,private,64
2023-11-01,21,Gävleborg,DIESEL,company,13
2023-11-01,21,Gävleborg,DIESEL,dealer,2
2023-11-01,21,Gävleborg,DIESEL,private,13
2023-11-01,21,Gävleborg,ETHANOL,company,2
2023-11-01,21,Gävleborg,ETHANOL,private,6
2023-11-01,21,Gävleborg,HEV,company,14
2023-11-01,21,Gävleborg,HEV,dealer,28
2023-11-01,21,Gävleborg,HEV,private,41
2023-11-01,21,Gävleborg,PETROL,company,4
2023-11-01,21,Gävleborg,PETROL,dealer,34
2023-11-01,21,Gävleborg,PETROL,private,48
2023-11-01,21,Gävleborg,PHEV,company,29
2023-11-01,21,Gävleborg,PHEV,dealer,23
2023-11-01,21,Gävleborg,PHEV,private,27
2023-11-01,22,Västernorrland,BEV,company,59
2023-11-01,22,Västernorrland,BEV,dealer,12
2023-11-01,22,Västernorrland,BEV,private,78
2023-11-01,22,Västernorrland,DIESEL,company,25
2023-11-01,22,Västernorrland,DIESEL,dealer,9
2023-11-01,22,Västernorrland,DIESEL,private,14
2023-11-01,22,Västernorrland,ETHANOL,company,8
2023-11-01,22,Västernorrland,ETHANOL,dealer,4
2023-11-01,22,Västernorrland,ETHANOL,private,5
2023-11-01,22,Västernorrland,GAS,company,3
2023-11-01,22,Västernorrland,HEV,company,6
2023-11-01,22,Västernorrland,HEV,dealer,10
2023-11-01,22,Västernorrland,HEV,private,16
2023-11-01,22,Västernorrland,PETROL,company,12
2023-11-01,22,Västernorrland,PETROL,dealer,3
2023-11-01,22,Västernorrland,PETROL,private,20
2023-11-01,22,Västernorrland,PHEV,company,26
2023-11-01,22,Västernorrland,PHEV,dealer,12
2023-11-01,22,Västernorrland,PHEV,private,46
2023-11-01,23,Jämtland,BEV,company,38
2023-11-01,23,Jämtland,BEV,dealer,5
2023-11-01,23,Jämtland,BEV,private,19
2023-11-01,23,Jämtland,DIESEL,company,8
2023-11-01,23,Jämtland,DIESEL,dealer,7
2023-11-01,23,Jämtland,DIESEL,private,6
2023-11-01,23,Jämtland,ETHANOL,company,2
2023-11-01,23,Jämtland,ETHANOL,dealer,5
2023-11-01,23,Jämtland,ETHANOL,private,3
2023-11-01,23,Jämtland,HEV,company,2
2023-11-01,23,Jämtland,HEV,dealer,5
2023-11-01,23,Jämtland,HEV,private,7
2023-11-01,23,Jämtland,PETROL,company,11
2023-11-01,23,Jämtland,PETROL,dealer,2
2023-11-01,23,Jämtland,PETROL,private,11
2023-11-01,23,Jämtland,PHEV,company,9
2023-11-01,23,Jämtland,PHEV,dealer,2
2023-11-01,23,Jämtland,PHEV,private,5
2023-11-01,24,Västerbotten,BEV,company,59
2023-11-01,24,Västerbotten,BEV,dealer,14
2023-11-01,24,Västerbotten,BEV,private,77
2023-11-01,24,Västerbotten,DIESEL,company,23
2023-11-01,24,Västerbotten,DIESEL,dealer,11
2023-11-01,24,Västerbotten,DIESEL,private,9
2023-11-01,24,Västerbotten,ETHANOL,company,4
2023-11-01,24,Västerbotten,ETHANOL,dealer,2
2023-11-01,24,Västerbotten,ETHANOL,private,7
2023-11-01,24,Västerbotten,GAS,company,15
2023-11-01,24,Västerbotten,HEV,company,3
2023-11-01,24,Västerbotten,HEV,dealer,40
2023-11-01,24,Västerbotten,HEV,private,12
2023-11-01,24,Västerbotten,PETROL,company,23
2023-11-01,24,Västerbotten,PETROL,dealer,31
2023-11-01,24,Västerbotten,PETROL,private,22
2023-11-01,24,Västerbotten,PHEV,company,28
2023-11-01,24,Västerbotten,PHEV,dealer,36
2023-11-01,24,Västerbotten,PHEV,private,37
2023-11-01,25,Norrbotten,BEV,company,52
2023-11-01,25,Norrbotten,BEV,dealer,10
2023-11-01,25,Norrbotten,BEV,private,46
2023-11-01,25,Norrbotten,DIESEL,company,46
2023-11-01,25,Norrbotten,DIESEL,dealer,15
2023-11-01,25,Norrbotten,DIESEL,private,5
2023-11-01,25,Norrbotten,ETHANOL,company,2
2023-11-01,25,Norrbotten,ETHANOL,dealer,1
2023-11-01,25,Norrbotten,ETHANOL,private,3
2023-11-01,25,Norrbotten,GAS,company,31
2023-11-01,25,Norrbotten,HEV,company,31
2023-11-01,25,Norrbotten,HEV,dealer,13
2023-11-01,25,Norrbotten,HEV,private,16
2023-11-01,25,Norrbotten,PETROL,company,15
2023-11-01,25,Norrbotten,PETROL,dealer,14
2023-11-01,25,Norrbotten,PETROL,private,13
2023-11-01,25,Norrbotten,PHEV,company,35
2023-11-01,25,Norrbotten,PHEV,dealer,8
2023-11-01,25,Norrbotten,PHEV,private,34
2023-12-01,01,Stockholm,BEV,company,3281
2023-12-01,01,Stockholm,BEV,dealer,585
2023-12-01,01,Stockholm,BEV,private,984
2023-12-01,01,Stockholm,DIESEL,company,471
2023-12-01,01,Stockholm,DIESEL,dealer,59
2023-12-01,01,Stockholm,DIESEL,private,69
2023-12-01,01,Stockholm,ETHANOL,company,30
2023-12-01,01,Stockholm,ETHANOL,dealer,2
2023-12-01,01,Stockholm,ETHANOL,private,35
2023-12-01,01,Stockholm,GAS,company,24
2023-12-01,01,Stockholm,HEV,company,257
2023-12-01,01,Stockholm,HEV,dealer,232
2023-12-01,01,Stockholm,HEV,private,209
2023-12-01,01,Stockholm,PETROL,company,1143
2023-12-01,01,Stockholm,PETROL,dealer,299
2023-12-01,01,Stockholm,PETROL,private,548
2023-12-01,01,Stockholm,PHEV,company,2139
2023-12-01,01,Stockholm,PHEV,dealer,535
2023-12-01,01,Stockholm,PHEV,private,397
2023-12-01,03,Uppsala,BEV,company,84
2023-12-01,03,Uppsala,BEV,dealer,29
2023-12-01,03,Uppsala,BEV,private,138
2023-12-01,03,Uppsala,DIESEL,company,27
2023-12-01,03,Uppsala,DIESEL,dealer,6
2023-12-01,03,Uppsala,DIESEL,private,7
2023-12-01,03,Uppsala,ETHANOL,company,4
2023-12-01,03,Uppsala,ETHANOL,private,5
2023-12-01,03,Uppsala,GAS,company,12
2023-12-01,03,Uppsala,HEV,company,27
2023-12-01,03,Uppsala,HEV,dealer,13
2023-12-01,03,Uppsala,HEV,private,39
2023-12-01,03,Uppsala,PETROL,company,23
2023-12-01,03,Uppsala,PETROL,dealer,23
2023-12-01,03,Uppsala,PETROL,private,44
2023-12-01,03,Uppsala,PHEV,company,56
2023-12-01,03,Uppsala,PHEV,dealer,37
2023-12-01,03,Uppsala,PHEV,private,51
2023-12-01,04,Södermanland,BEV,company,88
2023-12-01,04,Södermanland,BEV,dealer,42
2023-12-01,04,Södermanland,BEV,private,86
2023-12-01,04,Södermanland,DIESEL,company,21
2023-12-01,04,Södermanland,DIESEL,dealer,38
2023-12-01,04,Södermanland,DIESEL,private,7
2023-12-01,04,Södermanland,ETHANOL,private,5
2023-12-01,04,Södermanland,HEV,company,5
2023-12-01,04,Södermanland,HEV,dealer,22
2023-12-01,04,Södermanland,HEV,private,22
2023-12-01,04,Södermanland,PETROL,company,25
2023-12-01,04,Södermanland,PETROL,dealer,78
2023-12-01,04,Södermanland,PETROL,private,54
2023-12-01,04,Södermanland,PHEV,company,32
2023-12-01,04,Södermanland,PHEV,dealer,19
2023-12-01,04,Södermanland,PHEV,private,53
2023-12-01,05,Östergötland,BEV,company,128
2023-12-01,05,Östergötland,BEV,dealer,53
2023-12-01,05,Östergötland,BEV,private,112
2023-12-01,05,Östergötland,DIESEL,company,29
2023-12-01,05,Östergötland,DIESEL,dealer,7
2023-12-01,05,Östergötland,DIESEL,private,8
2023-12-01,05,Östergötland,ETHANOL,company,2
2023-12-01,05,Östergötland,ETHANOL,private,10
2023-12-01,05,Östergötland,HEV,company,18
2023-12-01,05,Östergötland,HEV,dealer,49
2023-12-01,05,Östergötland,HEV,private,50
2023-12-01,05,Östergötland,PETROL,company,38
2023-12-01,05,Östergötland,PETROL,dealer,50
2023-12-01,05,Östergötland,PETROL,private,111
2023-12-01,05,Östergötland,PHEV,company,81
2023-12-01,05,Östergötland,PHEV,dealer,60
2023-12-01,05,Östergötland,PHEV,private,70
2023-12-01,06,Jönköping,BEV,company,131
2023-12-01,06,Jönköping,BEV,dealer,137
2023-12-01,06,Jönköping,BEV,private,106
2023-12-01,06,Jönköping,DIESEL,company,42
2023-12-01,06,Jönköping,DIESEL,dealer,27
2023-12-01,06,Jönköping,DIESEL,private,15
2023-12-01,06,Jönköping,ETHANOL,company,3
2023-12-01,06,Jönköping,ETHANOL,private,3
2023-12-01,06,Jönköping,GAS,dealer,10
2023-12-01,06,Jönköping,HEV,company,8
2023-12-01,06,Jönköping,HEV,dealer,51
2023-12-01,06,Jönköping,HEV,private,24
2023-12-01,06,Jönköping,PETROL,company,69
2023-12-01,06,Jönköping,PETROL,dealer,109
2023-12-01,06,Jönköping,PETROL,private,95
2023-12-01,06,Jönköping,PHEV,company,88
2023-12-01,06,Jönköping,PHEV,dealer,57
2023-12-01,06,Jönköping,PHEV,private,36
2023-12-01,07,Kronoberg,BEV,company,59
2023-12-01,07,Kronoberg,BEV,dealer,35
2023-12-01,07,Kronoberg,BEV,private,46
2023-12-01,07,Kronoberg,DIESEL,company,28
2023-12-01,07,Kronoberg,DIESEL,dealer,17
2023-12-01,07,Kronoberg,DIESEL,private,11
2023-12-01,07,Kronoberg,ETHANOL,private,3
2023-12-01,07,Kronoberg,GAS,company,17
2023-12-01,07,Kronoberg,HEV,company,5
2023-12-01,07,Kronoberg,HEV,dealer,16
2023-12-01,07,Kronoberg,HEV,private,9
2023-12-01,07,Kronoberg,PETROL,company,13
2023-12-01,07,Kronoberg,PETROL,dealer,28
2023-12-01,07,Kronoberg,PETROL,private,53
2023-12-01,07,Kronoberg,PHEV,company,52
2023-12-01,07,Kronoberg,PHEV,dealer,21
2023-12-01,07,Kronoberg,PHEV,private,20
2023-12-01,08,Kalmar,BEV,company,48
2023-12-01,08,Kalmar,BEV,dealer,50
2023-12-01,08,Kalmar,BEV,private,46
2023-12-01,08,Kalmar,DIESEL,company,17
2023-12-01,08,Kalmar,DIESEL,dealer,28
2023-12-01,08,Kalmar,DIESEL,private,11
2023-12-01,08,Kalmar,ETHANOL,company,1
2023-12-01,08,Kalmar,ETHANOL,private,3
2023-12-01,08,Kalmar,GAS,company,4
2023-12-01,08,Kalmar,HEV,company,6
2023-12-01,08,Kalmar,HEV,dealer,19
2023-12-01,08,Kalmar,HEV,private,14
2023-12-01,08,Kalmar,PETROL,company,18
2023-12-01,08,Kalmar,PETROL,dealer,47
2023-12-01,08,Kalmar,PETROL,private,61
2023-12-01,08,Kalmar,PHEV,company,33
2023-12-01,08,Kalmar,PHEV,dealer,14
2023-12-01,08,Kalmar,PHEV,private,30
2023-12-01,09,Gotland,BEV,company,3
2023-12-01,09,Gotland,BEV,dealer,5
2023-12-01,09,Gotland,BEV,private,15
2023-12-01,09,Gotland,DIESEL,company,4
2023-12-01,09,Gotland,ETHANOL,dealer,1
2023-12-01,09,Gotland,GAS,company,7
2023-12-01,09,Gotland,HEV,dealer,2
2023-12-01,09,Gotland,HEV,private,1
2023-12-01,09,Gotland,PETROL,company,8
2023-12-01,09,Gotland,PETROL,private,7
2023-12-01,09,Gotland,PHEV,company,3
2023-12-01,09,Gotland,PHEV,dealer,3
2023-12-01,09,Gotland,PHEV,private,4
2023-12-01,10,Blekinge,BEV,company,22
2023-12-01,10,Blekinge,BEV,dealer,11
2023-12-01,10,Blekinge,BEV,private,27
2023-12-01,10,Blekinge,DIESEL,company,4
2023-12-01,10,Blekinge,DIESEL,dealer,3
2023-12-01,10,Blekinge,DIESEL,private,9
2023-12-01,10,Blekinge,ETHANOL,company,8
2023-12-01,10,Blekinge,ETHANOL,private,3
2023-12-01,10,Blekinge,HEV,company,3
2023-12-01,10,Blekinge,HEV,dealer,5
2023-12-01,10,Blekinge,HEV,private,13
2023-12-01,10,Blekinge,PETROL,company,15
2023-12-01,10,Blekinge,PETROL,dealer,23
2023-12-01,10,Blekinge,PETROL,private,34
2023-12-01,10,Blekinge,PHEV,company,13
2023-12-01,10,Blekinge,PHEV,dealer,15
2023-12-01,10,Blekinge,PHEV,private,23
2023-12-01,12,Skåne,BEV,company,821
2023-12-01,12,Skåne,BEV,dealer,232
2023-12-01,12,Skåne,BEV,private,453
2023-12-01,12,Skåne,DIESEL,company,249
2023-12-01,12,Skåne,DIESEL,dealer,85
2023-12-01,12,Skåne,DIESEL,private,48
2023-12-01,12,Skåne,ETHANOL,company,3
2023-12-01,12,Skåne,ETHANOL,private,25
2023-12-01,12,Skåne,GAS,company,29
2023-12-01,12,Skåne,HEV,company,89
2023-12-01,12,Skåne,HEV,dealer,46
2023-12-01,12,Skåne,HEV,private,143
2023-12-01,12,Skåne,OTHER,private,1
2023-12-01,12,Skåne,PETROL,company,221
2023-12-01,12,Skåne,PETROL,dealer,292
2023-12-01,12,Skåne,PETROL,private,364
2023-12-01,12,Skåne,PHEV,company,710
2023-12-01,12,Skåne,PHEV,dealer,240
2023-12-01,12,Skåne,PHEV,private,152
2023-12-01,13,Halland,BEV,company,136
2023-12-01,13,Halland,BEV,dealer,32
2023-12-01,13,Halland,BEV,private,155
2023-12-01,13,Halland,DIESEL,company,13
2023-12-01,13,Halland,DIESEL,dealer,14
2023-12-01,13,Halland,DIESEL,private,10
2023-12-01,13,Halland,ETHANOL,company,1
2023-12-01,13,Halland,ETHANOL,private,10
2023-12-01,13,Halland,GAS,private,1
2023-12-01,13,Halland,HEV,company,7
2023-12-01,13,Halland,HEV,dealer,13
2023-12-01,13,Halland,HEV,private,20
2023-12-01,13,Halland,OTHER,company,1
2023-12-01,13,Halland,PETROL,company,36
2023-12-01,13,Halland,PETROL,dealer,26
2023-12-01,13,Halland,PETROL,private,99
2023-12-01,13,Halland,PHEV,company,52
2023-12-01,13,Halland,PHEV,dealer,31
2023-12-01,13,Halland,PHEV,private,51
2023-12-01,14,Västra Götaland,BEV,company,761
2023-12-01,14,Västra Götaland,BEV,dealer,390
2023-12-01,14,Västra Götaland,BEV,private,557
2023-12-01,14,Västra Götaland,DIESEL,company,134
2023-12-01,14,Västra Götaland,DIESEL,dealer,108
2023-12-01,14,Västra Götaland,DIESEL,private,61
2023-12-01,14,Västra Götaland,ETHANOL,company,10
2023-12-01,14,Västra Götaland,ETHANOL,dealer,5
2023-12-01,14,Västra Götaland,ETHANOL,private,37
2023-12-01,14,Västra Götaland,GAS,company,18
2023-12-01,14,Västra Götaland,HEV,company,89
2023-12-01,14,Västra Götaland,HEV,dealer,273
2023-12-01,14,Västra Götaland,HEV,private,181
2023-12-01,14,Västra Götaland,PETROL,company,148
2023-12-01,14,Västra Götaland,PETROL,dealer,522
2023-12-01,14,Västra Götaland,PETROL,private,447
2023-12-01,14,Västra Götaland,PHEV,company,377
2023-12-01,14,Västra Götaland,PHEV,dealer,282
2023-12-01,14,Västra Götaland,PHEV,private,295
2023-12-01,17,Värmland,BEV,company,79
2023-12-01,17,Värmland,BEV,dealer,30
2023-12-01,17,Värmland,BEV,private,55
2023-12-01,17,Värmland,DIESEL,company,49
2023-12-01,17,Värmland,DIESEL,dealer,16
2023-12-01,17,Värmland,DIESEL,private,10
2023-12-01,17,Värmland,ETHANOL,company,6
2023-12-01,17,Värmland,ETHANOL,dealer,2
2023-12-01,17,Värmland,ETHANOL,private,2
2023-12-01,17,Värmland,GAS,company,2
2023-12-01,17,Värmland,HEV,company,12
2023-12-01,17,Värmland,HEV,dealer,25
2023-12-01,17,Värmland,HEV,private,20
2023-12-01,17,Värmland,PETROL,company,29
2023-12-01,17,Värmland,PETROL,dealer,55
2023-12-01,17,Värmland,PETROL,private,51
2023-12-01,17,Värmland,PHEV,company,64
2023-12-01,17,Värmland,PHEV,dealer,18
2023-12-01,17,Värmland,PHEV,private,32
2023-12-01,18,Örebro,BEV,company,61
2023-12-01,18,Örebro,BEV,dealer,42
2023-12-01,18,Örebro,BEV,private,78
2023-12-01,18,Örebro,DIESEL,company,33
2023-12-01,18,Örebro,DIESEL,dealer,16
2023-12-01,18,Örebro,DIESEL,private,16
2023-12-01,18,Örebro,ETHANOL,company,3
2023-12-01,18,Örebro,ETHANOL,private,8
2023-12-01,18,Örebro,GAS,company,10
2023-12-01,18,Örebro,GAS,private,1
2023-12-01,18,Örebro,HEV,company,21
2023-12-01,18,Örebro,HEV,dealer,23
2023-12-01,18,Örebro,HEV,private,25
2023-12-01,18,Örebro,PETROL,company,13
2023-12-01,18,Örebro,PETROL,dealer,39
2023-12-01,18,Örebro,PETROL,private,58
2023-12-01,18,Örebro,PHEV,company,56
2023-12-01,18,Örebro,PHEV,dealer,22
2023-12-01,18,Örebro,PHEV,private,43
2023-12-01,19,Västmanland,BEV,company,91
2023-12-01,19,Västmanland,BEV,dealer,28
2023-12-01,19,Västmanland,BEV,private,85
2023-12-01,19,Västmanland,DIESEL,company,24
2023-12-01,19,Västmanland,DIESEL,dealer,7
2023-12-01,19,Västmanland,DIESEL,private,12
2023-12-01,19,Västmanland,ETHANOL,private,8
2023-12-01,19,Västmanland,GAS,company,11
2023-12-01,19,Västmanland,HEV,company,10
2023-12-01,19,Västmanland,HEV,dealer,11
2023-12-01,19,Västmanland,HEV,private,15
2023-12-01,19,Västmanland,PETROL,company,15
2023-12-01,19,Västmanland,PETROL,dealer,59
2023-12-01,19,Västmanland,PETROL,private,64
2023-12-01,19,Västmanland,PHEV,company,69
2023-12-01,19,Västmanland,PHEV,dealer,11
2023-12-01,19,Västmanland,PHEV,private,41
2023-12-01,20,Dalarna,BEV,company,79
2023-12-01,20,Dalarna,BEV,dealer,31
2023-12-01,20,Dalarna,BEV,private,82
2023-12-01,20,Dalarna,DIESEL,company,24
2023-12-01,20,Dalarna,DIESEL,dealer,7
2023-12-01,20,Dalarna,DIESEL,private,6
2023-12-01,20,Dalarna,ETHANOL,company,3
2023-12-01,20,Dalarna,ETHANOL,dealer,1
2023-12-01,20,Dalarna,ETHANOL,private,7
2023-12-01,20,Dalarna,GAS,company,1
2023-12-01,20,Dalarna,HEV,company,22
2023-12-01,20,Dalarna,HEV,dealer,19
2023-12-01,20,Dalarna,HEV,private,13
2023-12-01,20,Dalarna,PETROL,company,12
2023-12-01,20,Dalarna,PETROL,dealer,22
2023-12-01,20,Dalarna,PETROL,private,33
2023-12-01,20,Dalarna,PHEV,company,65
2023-12-01,20,Dalarna,PHEV,dealer,23
2023-12-01,20,Dalarna,PHEV,private,40
2023-12-01,21,Gävleborg,BEV,company,51
2023-12-01,21,Gävleborg,BEV,dealer,59
2023-12-01,21,Gävleborg,BEV,private,76
2023-12-01,21,Gävleborg,DIESEL,company,14
2023-12-01,21,Gävleborg,DIESEL,dealer,23
2023-12-01,21,Gävleborg,DIESEL,private,10
2023-12-01,21,Gävleborg,ETHANOL,company,1
2023-12-01,21,Gävleborg,ETHANOL,dealer,1
2023-12-01,21,Gävleborg,ETHANOL,private,4
2023-12-01,21,Gävleborg,HEV,company,12
2023-12-01,21,Gävleborg,HEV,dealer,27
2023-12-01,21,Gävleborg,HEV,private,33
2023-12-01,21,Gävleborg,PETROL,company,9
2023-12-01,21,Gävleborg,PETROL,dealer,99
2023-12-01,21,Gävleborg,PETROL,private,52
2023-12-01,21,Gävleborg,PHEV,company,34
2023-12-01,21,Gävleborg,PHEV,dealer,88
2023-12-01,21,Gävleborg,PHEV,private,34
2023-12-01,22,Västernorrland,BEV,company,81
2023-12-01,22,Västernorrland,BEV,dealer,15
2023-12-01,22,Västernorrland,BEV,private,62
2023-12-01,22,Västernorrland,DIESEL,company,19
2023-12-01,22,Västernorrland,DIESEL,dealer,47
2023-12-01,22,Västernorrland,DIESEL,private,8
2023-12-01,22,Västernorrland,ETHANOL,company,1
2023-12-01,22,Västernorrland,ETHANOL,dealer,3
2023-12-01,22,Västernorrland,ETHANOL,private,6
2023-12-01,22,Västernorrland,HEV,company,3
2023-12-01,22,Västernorrland,HEV,dealer,12
2023-12-01,22,Västernorrland,HEV,private,16
2023-12-01,22,Västernorrland,PETROL,company,7
2023-12-01,22,Västernorrland,PETROL,dealer,32
2023-12-01,22,Västernorrland,PETROL,private,20
2023-12-01,22,Västernorrland,PHEV,company,40
2023-12-01,22,Västernorrland,PHEV,dealer,28
2023-12-01,22,Västernorrland,PHEV,private,28
2023-12-01,23,Jämtland,BEV,company,43
2023-12-01,23,Jämtland,BEV,dealer,5
2023-12-01,23,Jämtland,BEV,private,33
2023-12-01,23,Jämtland,DIESEL,company,17
2023-12-01,23,Jämtland,DIESEL,dealer,21
2023-12-01,23,Jämtland,DIESEL,private,8
2023-12-01,23,Jämtland,ETHANOL,company,1
2023-12-01,23,Jämtland,ETHANOL,dealer,6
2023-12-01,23,Jämtland,ETHANOL,private,3
2023-12-01,23,Jämtland,HEV,company,14
2023-12-01,23,Jämtland,HEV,dealer,19
2023-12-01,23,Jämtland,HEV,private,6
2023-12-01,23,Jämtland,PETROL,company,4
2023-12-01,23,Jämtland,PETROL,dealer,42
2023-12-01,23,Jämtland,PETROL,private,9
2023-12-01,23,Jämtland,PHEV,company,15
2023-12-01,23,Jämtland,PHEV,dealer,4
2023-12-01,23,Jämtland,PHEV,private,8
2023-12-01,24,Västerbotten,BEV,company,83
2023-12-01,24,Västerbotten,BEV,dealer,46
2023-12-01,24,Västerbotten,BEV,private,86
2023-12-01,24,Västerbotten,DIESEL,company,15
2023-12-01,24,Västerbotten,DIESEL,dealer,52
2023-12-01,24,Västerbotten,DIESEL,private,7
2023-12-01,24,Västerbotten,ETHANOL,company,1
2023-12-01,24,Västerbotten,ETHANOL,private,1
2023-12-01,24,Västerbotten,HEV,company,9
2023-12-01,24,Västerbotten,HEV,dealer,50
2023-12-01,24,Västerbotten,HEV,private,11
2023-12-01,24,Västerbotten,PETROL,company,9
2023-12-01,24,Västerbotten,PETROL,dealer,51
2023-12-01,24,Västerbotten,PETROL,private,17
2023-12-01,24,Västerbotten,PHEV,company,33
2023-12-01,24,Västerbotten,PHEV,dealer,61
2023-12-01,24,Västerbotten,PHEV,private,33
2023-12-01,25,Norrbotten,BEV,company,69
2023-12-01,25,Norrbotten,BEV,dealer,30
2023-12-01,25,Norrbotten,BEV,private,40
2023-12-01,25,Norrbotten,DIESEL,company,36
2023-12-01,25,Norrbotten,DIESEL,dealer,12
2023-12-01,25,Norrbotten,DIESEL,private,6
2023-12-01,25,Norrbotten,ETHANOL,private,1
2023-12-01,25,Norrbotten,GAS,company,9
2023-12-01,25,Norrbotten,HEV,company,19
2023-12-01,25,Norrbotten,HEV,dealer,66
2023-12-01,25,Norrbotten,HEV,private,12
2023-12-01,25,Norrbotten,PETROL,company,18
2023-12-01,25,Norrbotten,PETROL,dealer,32
2023-12-01,25,Norrbotten,PETROL,private,20
2023-12-01,25,Norrbotten,PHEV,company,38
2023-12-01,25,Norrbotten,PHEV,dealer,12
2023-12-01,25,Norrbotten,PHEV,private,29
2024-01-01,01,Stockholm,BEV,company,1658
2024-01-01,01,Stockholm,BEV,dealer,541
2024-01-01,01,Stockholm,BEV,private,222
2024-01-01,01,Stockholm,DIESEL,company,456
2024-01-01,01,Stockholm,DIESEL,dealer,46
2024-01-01,01,Stockholm,DIESEL,private,49
2024-01-01,01,Stockholm,ETHANOL,company,20
2024-01-01,01,Stockholm,ETHANOL,dealer,8
2024-01-01,01,Stockholm,ETHANOL,private,62
2024-01-01,01,Stockholm,GAS,company,42
2024-01-01,01,Stockholm,GAS,private,1
2024-01-01,01,Stockholm,HEV,company,224
2024-01-01,01,Stockholm,HEV,dealer,142
2024-01-01,01,Stockholm,HEV,private,194
2024-01-01,01,Stockholm,PETROL,company,539
2024-01-01,01,Stockholm,PETROL,dealer,379
2024-01-01,01,Stockholm,PETROL,private,365
2024-01-01,01,Stockholm,PHEV,company,1452
2024-01-01,01,Stockholm,PHEV,dealer,149
2024-01-01,01,Stockholm,PHEV,private,185
2024-01-01,03,Uppsala,BEV,company,49
2024-01-01,03,Uppsala,BEV,dealer,21
2024-01-01,03,Uppsala,BEV,private,25
2024-01-01,03,Uppsala,DIESEL,company,47
2024-01-01,03,Uppsala,DIESEL,dealer,4
2024-01-01,03,Uppsala,DIESEL,private,9
2024-01-01,03,Uppsala,ETHANOL,company,7
2024-01-01,03,Uppsala,ETHANOL,dealer,1
2024-01-01,03,Uppsala,ETHANOL,private,8
2024-01-01,03,Uppsala,GAS,company,2
2024-01-01,03,Uppsala,HEV,company,27
2024-01-01,03,Uppsala,HEV,dealer,26
2024-01-01,03,Uppsala,HEV,private,46
2024-01-01,03,Uppsala,PETROL,company,47
2024-01-01,03,Uppsala,PETROL,dealer,21
2024-01-01,03,Uppsala,PETROL,private,44
2024-01-01,03,Uppsala,PHEV,company,103
2024-01-01,03,Uppsala,PHEV,dealer,25
2024-01-01,03,Uppsala,PHEV,private,37
2024-01-01,04,Södermanland,BEV,company,45
2024-01-01,04,Södermanland,BEV,dealer,38
2024-01-01,04,Södermanland,BEV,private,29
2024-01-01,04,Södermanland,DIESEL,company,16
2024-01-01,04,Södermanland,DIESEL,dealer,5
2024-01-01,04,Södermanland,DIESEL,private,7
2024-01-01,04,Södermanland,ETHANOL,dealer,3
2024-01-01,04,Södermanland,ETHANOL,private,14
2024-01-01,04,Södermanland,GAS,company,1
2024-01-01,04,Södermanland,HEV,company,9
2024-01-01,04,Södermanland,HEV,dealer,17
2024-01-01,04,Södermanland,HEV,private,17
2024-01-01,04,Södermanland,PETROL,company,8
2024-01-01,04,Södermanland,PETROL,dealer,17
2024-01-01,04,Södermanland,PETROL,private,45
2024-01-01,04,Södermanland,PHEV,company,28
2024-01-01,04,Södermanland,PHEV,dealer,15
2024-01-01,04,Södermanland,PHEV,private,22
2024-01-01,05,Östergötland,BEV,company,52
2024-01-01,05,Östergötland,BEV,dealer,23
2024-01-01,05,Östergötland,BEV,private,27
2024-01-01,05,Östergötland,DIESEL,company,30
2024-01-01,05,Östergötland,DIESEL,dealer,2
2024-01-01,05,Östergötland,DIESEL,private,9
2024-01-01,05,Östergötland,ETHANOL,company,6
2024-01-01,05,Östergötland,ETHANOL,dealer,3
2024-01-01,05,Östergötland,ETHANOL,private,11
2024-01-01,05,Östergötland,HEV,company,9
2024-01-01,05,Östergötland,HEV,dealer,50
2024-01-01,05,Östergötland,HEV,private,50
2024-01-01,05,Östergötland,PETROL,company,16
2024-01-01,05,Östergötland,PETROL,dealer,18
2024-01-01,05,Östergötland,PETROL,private,92
2024-01-01,05,Östergötland,PHEV,company,76
2024-01-01,05,Östergötland,PHEV,dealer,28
2024-01-01,05,Östergötland,PHEV,private,31
2024-01-01,06,Jönköping,BEV,company,65
2024-01-01,06,Jönköping,BEV,dealer,40
2024-01-01,06,Jönköping,BEV,private,29
2024-01-01,06,Jönköping,DIESEL,company,86
2024-01-01,06,Jönköping,DIESEL,dealer,14
2024-01-01,06,Jönköping,DIESEL,private,6
2024-01-01,06,Jönköping,ETHANOL,company,4
2024-01-01,06,Jönköping,ETHANOL,dealer,1
2024-01-01,06,Jönköping,ETHANOL,private,12
2024-01-01,06,Jönköping,GAS,company,8
2024-01-01,06,Jönköping,GAS,dealer,14
2024-01-01,06,Jönköping,HEV,company,50
2024-01-01,06,Jönköping,HEV,dealer,36
2024-01-01,06,Jönköping,HEV,private,35
2024-01-01,06,Jönköping,PETROL,company,33
2024-01-01,06,Jönköping,PETROL,dealer,16
2024-01-01,06,Jönköping,PETROL,private,50
2024-01-01,06,Jönköping,PHEV,company,51
2024-01-01,06,Jönköping,PHEV,dealer,43
2024-01-01,06,Jönköping,PHEV,private,12
2024-01-01,07,Kronoberg,BEV,company,24
2024-01-01,07,Kronoberg,BEV,dealer,13
2024-01-01,07,Kronoberg,BEV,private,15
2024-01-01,07,Kronoberg,DIESEL,company,14
2024-01-01,07,Kronoberg,DIESEL,dealer,3
2024-01-01,07,Kronoberg,DIESEL,private,4
2024-01-01,07,Kronoberg,ETHANOL,dealer,1
2024-01-01,07,Kronoberg,ETHANOL,private,2
2024-01-01,07,Kronoberg,GAS,company,4
2024-01-01,07,Kronoberg,GAS,dealer,1
2024-01-01,07,Kronoberg,HEV,company,3
2024-01-01,07,Kronoberg,HEV,dealer,7
2024-01-01,07,Kronoberg,HEV,private,6
2024-01-01,07,Kronoberg,PETROL,company,9
2024-01-01,07,Kronoberg,PETROL,dealer,10
2024-01-01,07,Kronoberg,PETROL,private,32
2024-01-01,07,Kronoberg,PHEV,company,29
2024-01-01,07,Kronoberg,PHEV,dealer,21
2024-01-01,07,Kronoberg,PHEV,private,18
2024-01-01,08,Kalmar,BEV,company,24
2024-01-01,08,Kalmar,BEV,dealer,31
2024-01-01,08,Kalmar,BEV,private,16
2024-01-01,08,Kalmar,DIESEL,company,26
2024-01-01,08,Kalmar,DIESEL,dealer,2
2024-01-01,08,Kalmar,DIESEL,private,9
2024-01-01,08,Kalmar,ETHANOL,dealer,2
2024-01-01,08,Kalmar,ETHANOL,private,2
2024-01-01,08,Kalmar,GAS,company,2
2024-01-01,08,Kalmar,HEV,company,3
2024-01-01,08,Kalmar,HEV,dealer,8
2024-01-01,08,Kalmar,HEV,private,17
2024-01-01,08,Kalmar,PETROL,company,25
2024-01-01,08,Kalmar,PETROL,dealer,6
2024-01-01,08,Kalmar,PETROL,private,44
2024-01-01,08,Kalmar,PHEV,company,20
2024-01-01,08,Kalmar,PHEV,dealer,15
2024-01-01,08,Kalmar,PHEV,private,14
2024-01-01,09,Gotland,BEV,company,1
2024-01-01,09,Gotland,BEV,dealer,4
2024-01-01,09,Gotland,BEV,private,5
2024-01-01,09,Gotland,DIESEL,company,9
2024-01-01,09,Gotland,HEV,company,1
2024-01-01,09,Gotland,HEV,dealer,2
2024-01-01,09,Gotland,HEV,private,3
2024-01-01,09,Gotland,PETROL,dealer,1
2024-01-01,09,Gotland,PETROL,private,10
2024-01-01,09,Gotland,PHEV,company,1
2024-01-01,09,Gotland,PHEV,dealer,2
2024-01-01,09,Gotland,PHEV,private,2
2024-01-01,10,Blekinge,BEV,company,11
2024-01-01,10,Blekinge,BEV,dealer,14
2024-01-01,10,Blekinge,BEV,private,11
2024-01-01,10,Blekinge,DIESEL,company,6
2024-01-01,10,Blekinge,DIESEL,dealer,1
2024-01-01,10,Blekinge,DIESEL,private,1
2024-01-01,10,Blekinge,ETHANOL,dealer,1
2024-01-01,10,Blekinge,ETHANOL,private,15
2024-01-01,10,Blekinge,HEV,company,7
2024-01-01,10,Blekinge,HEV,dealer,3
2024-01-01,10,Blekinge,HEV,private,16
2024-01-01,10,Blekinge,PETROL,company,8
2024-01-01,10,Blekinge,PETROL,dealer,8
2024-01-01,10,Blekinge,PETROL,private,20
2024-01-01,10,Blekinge,PHEV,company,10
2024-01-01,10,Blekinge,PHEV,dealer,1
2024-01-01,10,Blekinge,PHEV,private,8
2024-01-01,12,Skåne,BEV,company,392
2024-01-01,12,Skåne,BEV,dealer,188
2024-01-01,12,Skåne,BEV,private,129
2024-01-01,12,Skåne,DIESEL,company,221
2024-01-01,12,Skåne,DIESEL,dealer,56
2024-01-01,12,Skåne,DIESEL,private,33
2024-01-01,12,Skåne,ETHANOL,company,13
2024-01-01,12,Skåne,ETHANOL,dealer,9
2024-01-01,12,Skåne,ETHANOL,private,24
2024-01-01,12,Skåne,GAS,company,86
2024-01-01,12,Skåne,HEV,company,77
2024-01-01,12,Skåne,HEV,dealer,48
2024-01-01,12,Skåne,HEV,private,108
2024-01-01,12,Skåne,PETROL,company,183
2024-01-01,12,Skåne,PETROL,dealer,250
2024-01-01,12,Skåne,PETROL,private,257
2024-01-01,12,Skåne,PHEV,company,280
2024-01-01,12,Skåne,PHEV,dealer,185
2024-01-01,12,Skåne,PHEV,private,84
2024-01-01,13,Halland,BEV,company,69
2024-01-01,13,Halland,BEV,dealer,26
2024-01-01,13,Halland,BEV,private,29
2024-01-01,13,Halland,DIESEL,company,7
2024-01-01,13,Halland,DIESEL,dealer,2
2024-01-01,13,Halland,DIESEL,private,6
2024-01-01,13,Halland,ETHANOL,dealer,4
2024-01-01,13,Halland,ETHANOL,private,16
2024-01-01,13,Halland,HEV,company,9
2024-01-01,13,Halland,HEV,dealer,18
2024-01-01,13,Halland,HEV,private,21
2024-01-01,13,Halland,OTHER,company,2
2024-01-01,13,Halland,PETROL,company,31
2024-01-01,13,Halland,PETROL,dealer,18
2024-01-01,13,Halland,PETROL,private,89
2024-01-01,13,Halland,PHEV,company,62
2024-01-01,13,Halland,PHEV,dealer,21
2024-01-01,13,Halland,PHEV,private,21
2024-01-01,14,Västra Götaland,BEV,company,391
2024-01-01,14,Västra Götaland,BEV,dealer,111
2024-01-01,14,Västra Götaland,BEV,private,165
2024-01-01,14,Västra Götaland,DIESEL,company,69
2024-01-01,14,Västra Götaland,DIESEL,dealer,42
2024-01-01,14,Västra Götaland,DIESEL,private,32
2024-01-01,14,Västra Götaland,ETHANOL,company,15
2024-01-01,14,Västra Götaland,ETHANOL,dealer,9
2024-01-01,14,Västra Götaland,ETHANOL,private,57
2024-01-01,14,Västra Götaland,GAS,company,9
2024-01-01,14,Västra Götaland,HEV,company,77
2024-01-01,14,Västra Götaland,HEV,dealer,163
2024-01-01,14,Västra Götaland,HEV,private,116
2024-01-01,14,Västra Götaland,PETROL,company,86
2024-01-01,14,Västra Götaland,PETROL,dealer,433
2024-01-01,14,Västra Götaland,PETROL,private,341
2024-01-01,14,Västra Götaland,PHEV,company,200
2024-01-01,14,Västra Götaland,PHEV,dealer,178
2024-01-01,14,Västra Götaland,PHEV,private,152
2024-01-01,17,Värmland,BEV,company,21
2024-01-01,17,Värmland,BEV,dealer,18
2024-01-01,17,Värmland,BEV,private,19
2024-01-01,17,Värmland,DIESEL,company,51
2024-01-01,17,Värmland,DIESEL,dealer,55
2024-01-01,17,Värmland,DIESEL,private,10
2024-01-01,17,Värmland,ETHANOL,company,4
2024-01-01,17,Värmland,ETHANOL,private,5
2024-01-01,17,Värmland,HEV,company,12
2024-01-01,17,Värmland,HEV,dealer,11
2024-01-01,17,Värmland,HEV,private,16
2024-01-01,17,Värmland,PETROL,company,29
2024-01-01,17,Värmland,PETROL,dealer,12
2024-01-01,17,Värmland,PETROL,private,36
2024-01-01,17,Värmland,PHEV,company,42
2024-01-01,17,Värmland,PHEV,dealer,12
2024-01-01,17,Värmland,PHEV,private,19
2024-01-01,18,Örebro,BEV,company,36
2024-01-01,18,Örebro,BEV,dealer,14
2024-01-01,18,Örebro,BEV,private,25
2024-01-01,18,Örebro,DIESEL,company,15
2024-01-01,18,Örebro,DIESEL,dealer,1
2024-01-01,18,Örebro,DIESEL,private,11
2024-01-01,18,Örebro,ETHANOL,company,2
2024-01-01,18,Örebro,ETHANOL,dealer,2
2024-01-01,18,Örebro,ETHANOL,private,6
2024-01-01,18,Örebro,GAS,company,3
2024-01-01,18,Örebro,HEV,company,25
2024-01-01,18,Örebro,HEV,dealer,42
2024-01-01,18,Örebro,HEV,private,19
2024-01-01,18,Örebro,PETROL,company,20
2024-01-01,18,Örebro,PETROL,dealer,12
2024-01-01,18,Örebro,PETROL,private,61
2024-01-01,18,Örebro,PHEV,company,37
2024-01-01,18,Örebro,PHEV,dealer,20
2024-01-01,18,Örebro,PHEV,private,25
2024-01-01,19,Västmanland,BEV,company,25
2024-01-01,19,Västmanland,BEV,dealer,25
2024-01-01,19,Västmanland,BEV,private,31
2024-01-01,19,Västmanland,DIESEL,company,38
2024-01-01,19,Västmanland,DIESEL,dealer,5
2024-01-01,19,Västmanland,DIESEL,private,4
2024-01-01,19,Västmanland,ETHANOL,private,9
2024-01-01,19,Västmanland,GAS,company,2
2024-01-01,19,Västmanland,HEV,company,3
2024-01-01,19,Västmanland,HEV,dealer,8
2024-01-01,19,Västmanland,HEV,private,17
2024-01-01,19,Västmanland,PETROL,company,8
2024-01-01,19,Västmanland,PETROL,dealer,22
2024-01-01,19,Västmanland,PETROL,private,35
2024-01-01,19,Västmanland,PHEV,company,22
2024-01-01,19,Västmanland,PHEV,dealer,18
2024-01-01,19,Västmanland,PHEV,private,28
2024-01-01,20,Dalarna,BEV,company,24
2024-01-01,20,Dalarna,BEV,dealer,23
2024-01-01,20,Dalarna,BEV,private,12
2024-01-01,20,Dalarna,DIESEL,company,19
2024-01-01,20,Dalarna,DIESEL,dealer,4
2024-01-01,20,Dalarna,DIESEL,private,4
2024-01-01,20,Dalarna,ETHANOL,company,5
2024-01-01,20,Dalarna,ETHANOL,dealer,1
2024-01-01,20,Dalarna,ETHANOL,private,8
2024-01-01,20,Dalarna,HEV,company,14
2024-01-01,20,Dalarna,HEV,dealer,9
2024-01-01,20,Dalarna,HEV,private,24
2024-01-01,20,Dalarna,PETROL,company,12
2024-01-01,20,Dalarna,PETROL,dealer,23
2024-01-01,20,Dalarna,PETROL,private,26
2024-01-01,20,Dalarna,PHEV,company,30
2024-01-01,20,Dalarna,PHEV,dealer,10
2024-01-01,20,Dalarna,PHEV,private,23
2024-01-01,21,Gävleborg,BEV,company,20
2024-01-01,21,Gävleborg,BEV,dealer,21
2024-01-01,21,Gävleborg,BEV,private,16
2024-01-01,21,Gävleborg,DIESEL,company,30
2024-01-01,21,Gävleborg,DIESEL,dealer,8
2024-01-01,21,Gävleborg,DIESEL,private,2
2024-01-01,21,Gävleborg,ETHANOL,company,4
2024-01-01,21,Gävleborg,ETHANOL,private,19
2024-01-01,21,Gävleborg,HEV,company,38
2024-01-01,21,Gävleborg,HEV,dealer,28
2024-01-01,21,Gävleborg,HEV,private,18
2024-01-01,21,Gävleborg,PETROL,company,15
2024-01-01,21,Gävleborg,PETROL,dealer,32
2024-01-01,21,Gävleborg,PETROL,private,42
2024-01-01,21,Gävleborg,PHEV,company,18
2024-01-01,21,Gävleborg,PHEV,dealer,29
2024-01-01,21,Gävleborg,PHEV,private,13
2024-01-01,22,Västernorrland,BEV,company,17
2024-01-01,22,Västernorrland,BEV,dealer,7
2024-01-01,22,Västernorrland,BEV,private,22
2024-01-01,22,Västernorrland,DIESEL,company,28
2024-01-01,22,Västernorrland,DIESEL,dealer,19
2024-01-01,22,Västernorrland,DIESEL,private,8
2024-01-01,22,Västernorrland,ETHANOL,company,1
2024-01-01,22,Västernorrland,ETHANOL,dealer,8
2024-01-01,22,Västernorrland,ETHANOL,private,4
2024-01-01,22,Västernorrland,HEV,company,2
2024-01-01,22,Västernorrland,HEV,dealer,19
2024-01-01,22,Västernorrland,HEV,private,9
2024-01-01,22,Västernorrland,PETROL,company,13
2024-01-01,22,Västernorrland,PETROL,dealer,3
2024-01-01,22,Västernorrland,PETROL,private,21
2024-01-01,22,Västernorrland,PHEV,company,13
2024-01-01,22,Västernorrland,PHEV,dealer,21
2024-01-01,22,Västernorrland,PHEV,private,18
2024-01-01,23,Jämtland,BEV,company,16
2024-01-01,23,Jämtland,BEV,private,10
2024-01-01,23,Jämtland,DIESEL,company,11
2024-01-01,23,Jämtland,DIESEL,dealer,12
2024-01-01,23,Jämtland,DIESEL,private,4
2024-01-01,23,Jämtland,ETHANOL,company,6
2024-01-01,23,Jämtland,ETHANOL,dealer,7
2024-01-01,23,Jämtland,ETHANOL,private,1
2024-01-01,23,Jämtland,GAS,company,1
2024-01-01,23,Jämtland,HEV,company,13
2024-01-01,23,Jämtland,HEV,dealer,6
2024-01-01,23,Jämtland,HEV,private,5
2024-01-01,23,Jämtland,PETROL,company,8
2024-01-01,23,Jämtland,PETROL,dealer,3
2024-01-01,23,Jämtland,PETROL,private,4
2024-01-01,23,Jämtland,PHEV,company,13
2024-01-01,23,Jämtland,PHEV,dealer,2
2024-01-01,23,Jämtland,PHEV,private,7
2024-01-01,24,Västerbotten,BEV,company,43
2024-01-01,24,Västerbotten,BEV,dealer,19
2024-01-01,24,Västerbotten,BEV,private,23
2024-01-01,24,Västerbotten,DIESEL,company,44
2024-01-01,24,Västerbotten,DIESEL,dealer,42
2024-01-01,24,Västerbotten,DIESEL,private,7
2024-01-01,24,Västerbotten,ETHANOL,company,4
2024-01-01,24,Västerbotten,ETHANOL,private,4
2024-01-01,24,Västerbotten,GAS,private,1
2024-01-01,24,Västerbotten,HEV,company,10
2024-01-01,24,Västerbotten,HEV,dealer,23
2024-01-01,24,Västerbotten,HEV,private,7
2024-01-01,24,Västerbotten,PETROL,company,19
2024-01-01,24,Västerbotten,PETROL,dealer,24
2024-01-01,24,Västerbotten,PETROL,private,14
2024-01-01,24,Västerbotten,PHEV,company,18
2024-01-01,24,Västerbotten,PHEV,dealer,11
2024-01-01,24,Västerbotten,PHEV,private,24
2024-01-01,25,Norrbotten,BEV,company,30
2024-01-01,25,Norrbotten,BEV,dealer,11
2024-01-01,25,Norrbotten,BEV,private,7
2024-01-01,25,Norrbotten,DIESEL,company,38
2024-01-01,25,Norrbotten,DIESEL,dealer,84
2024-01-01,25,Norrbotten,DIESEL,private,7
2024-01-01,25,Norrbotten,ETHANOL,company,3
2024-01-01,25,Norrbotten,ETHANOL,dealer,1
2024-01-01,25,Norrbotten,ETHANOL,private,6
2024-01-01,25,Norrbotten,HEV,company,22
2024-01-01,25,Norrbotten,HEV,dealer,5
2024-01-01,25,Norrbotten,HEV,private,9
2024-01-01,25,Norrbotten,PETROL,company,15
2024-01-01,25,Norrbotten,PETROL,dealer,2
2024-01-01,25,Norrbotten,PETROL,private,16
2024-01-01,25,Norrbotten,PHEV,company,25
2024-01-01,25,Norrbotten,PHEV,dealer,7
2024-01-01,25,Norrbotten,PHEV,private,9
2024-02-01,01,Stockholm,BEV,company,1818
2024-02-01,01,Stockholm,BEV,dealer,597
2024-02-01,01,Stockholm,BEV,private,274
2024-02-01,01,Stockholm,DIESEL,company,353
2024-02-01,01,Stockholm,DIESEL,dealer,38
2024-02-01,01,Stockholm,DIESEL,private,49
2024-02-01,01,Stockholm,ETHANOL,company,140
2024-02-01,01,Stockholm,ETHANOL,dealer,8
2024-02-01,01,Stockholm,ETHANOL,private,68
2024-02-01,01,Stockholm,GAS,company,6
2024-02-01,01,Stockholm,HEV,company,208
2024-02-01,01,Stockholm,HEV,dealer,240
2024-02-01,01,Stockholm,HEV,private,148
2024-02-01,01,Stockholm,PETROL,company,1029
2024-02-01,01,Stockholm,PETROL,dealer,332
2024-02-01,01,Stockholm,PETROL,private,446
2024-02-01,01,Stockholm,PHEV,company,1650
2024-02-01,01,Stockholm,PHEV,dealer,148
2024-02-01,01,Stockholm,PHEV,private,239
2024-02-01,03,Uppsala,BEV,company,48
2024-02-01,03,Uppsala,BEV,dealer,9
2024-02-01,03,Uppsala,BEV,private,31
2024-02-01,03,Uppsala,DIESEL,company,20
2024-02-01,03,Uppsala,DIESEL,dealer,1
2024-02-01,03,Uppsala,DIESEL,private,8
2024-02-01,03,Uppsala,ETHANOL,company,3
2024-02-01,03,Uppsala,ETHANOL,dealer,4
2024-02-01,03,Uppsala,ETHANOL,private,12
2024-02-01,03,Uppsala,GAS,company,13
2024-02-01,03,Uppsala,HEV,company,8
2024-02-01,03,Uppsala,HEV,dealer,17
2024-02-01,03,Uppsala,HEV,private,27
2024-02-01,03,Uppsala,PETROL,company,71
2024-02-01,03,Uppsala,PETROL,dealer,13
2024-02-01,03,Uppsala,PETROL,private,54
2024-02-01,03,Uppsala,PHEV,company,62
2024-02-01,03,Uppsala,PHEV,dealer,12
2024-02-01,03,Uppsala,PHEV,private,44
2024-02-01,04,Södermanland,BEV,company,60
2024-02-01,04,Södermanland,BEV,dealer,5
2024-02-01,04,Södermanland,BEV,private,22
2024-02-01,04,Södermanland,DIESEL,company,8
2024-02-01,04,Södermanland,DIESEL,private,11
2024-02-01,04,Södermanland,ETHANOL,dealer,1
2024-02-01,04,Södermanland,ETHANOL,private,8
2024-02-01,04,Södermanland,GAS,company,4
2024-02-01,04,Södermanland,HEV,company,9
2024-02-01,04,Södermanland,HEV,dealer,17
2024-02-01,04,Södermanland,HEV,private,25
2024-02-01,04,Södermanland,PETROL,company,12
2024-02-01,04,Södermanland,PETROL,dealer,39
2024-02-01,04,Södermanland,PETROL,private,49
2024-02-01,04,Södermanland,PHEV,company,26
2024-02-01,04,Södermanland,PHEV,dealer,18
2024-02-01,04,Södermanland,PHEV,private,25
2024-02-01,05,Östergötland,BEV,company,56
2024-02-01,05,Östergötland,BEV,dealer,23
2024-02-01,05,Östergötland,BEV,private,52
2024-02-01,05,Östergötland,DIESEL,company,16
2024-02-01,05,Östergötland,DIESEL,private,7
2024-02-01,05,Östergötland,ETHANOL,company,5
2024-02-01,05,Östergötland,ETHANOL,dealer,7
2024-02-01,05,Östergötland,ETHANOL,private,13
2024-02-01,05,Östergötland,GAS,company,10
2024-02-01,05,Östergötland,HEV,company,16
2024-02-01,05,Östergötland,HEV,dealer,108
2024-02-01,05,Östergötland,HEV,private,34
2024-02-01,05,Östergötland,PETROL,company,41
2024-02-01,05,Östergötland,PETROL,dealer,25
2024-02-01,05,Östergötland,PETROL,private,83
2024-02-01,05,Östergötland,PHEV,company,44
2024-02-01,05,Östergötland,PHEV,dealer,22
2024-02-01,05,Östergötland,PHEV,private,45
2024-02-01,06,Jönköping,BEV,company,86
2024-02-01,06,Jönköping,BEV,dealer,21
2024-02-01,06,Jönköping,BEV,private,27
2024-02-01,06,Jönköping,DIESEL,company,75
2024-02-01,06,Jönköping,DIESEL,dealer,11
2024-02-01,06,Jönköping,DIESEL,private,10
2024-02-01,06,Jönköping,ETHANOL,company,1
2024-02-01,06,Jönköping,ETHANOL,dealer,3
2024-02-01,06,Jönköping,ETHANOL,private,10
2024-02-01,06,Jönköping,GAS,dealer,15
2024-02-01,06,Jönköping,HEV,company,28
2024-02-01,06,Jönköping,HEV,dealer,31
2024-02-01,06,Jönköping,HEV,private,25
2024-02-01,06,Jönköping,PETROL,company,28
2024-02-01,06,Jönköping,PETROL,dealer,32
2024-02-01,06,Jönköping,PETROL,private,88
2024-02-01,06,Jönköping,PHEV,company,70
2024-02-01,06,Jönköping,PHEV,dealer,24
2024-02-01,06,Jönköping,PHEV,private,28
2024-02-01,07,Kronoberg,BEV,company,30
2024-02-01,07,Kronoberg,BEV,dealer,8
2024-02-01,07,Kronoberg,BEV,private,16
2024-02-01,07,Kronoberg,DIESEL,company,43
2024-02-01,07,Kronoberg,DIESEL,dealer,2
2024-02-01,07,Kronoberg,DIESEL,private,7
2024-02-01,07,Kronoberg,ETHANOL,company,3
2024-02-01,07,Kronoberg,ETHANOL,private,6
2024-02-01,07,Kronoberg,HEV,company,22
2024-02-01,07,Kronoberg,HEV,dealer,7
2024-02-01,07,Kronoberg,HEV,private,13
2024-02-01,07,Kronoberg,PETROL,company,11
2024-02-01,07,Kronoberg,PETROL,dealer,14
2024-02-01,07,Kronoberg,PETROL,private,49
2024-02-01,07,Kronoberg,PHEV,company,23
2024-02-01,07,Kronoberg,PHEV,dealer,20
2024-02-01,07,Kronoberg,PHEV,private,18
2024-02-01,08,Kalmar,BEV,company,14
2024-02-01,08,Kalmar,BEV,dealer,8
2024-02-01,08,Kalmar,BEV,private,24
2024-02-01,08,Kalmar,DIESEL,company,19
2024-02-01,08,Kalmar,DIESEL,dealer,1
2024-02-01,08,Kalmar,DIESEL,private,9
2024-02-01,08,Kalmar,ETHANOL,private,2
2024-02-01,08,Kalmar,GAS,company,8
2024-02-01,08,Kalmar,HEV,company,9
2024-02-01,08,Kalmar,HEV,dealer,8
2024-02-01,08,Kalmar,HEV,private,20
2024-02-01,08,Kalmar,PETROL,company,27
2024-02-01,08,Kalmar,PETROL,dealer,16
2024-02-01,08,Kalmar,PETROL,private,45
2024-02-01,08,Kalmar,PHEV,company,17
2024-02-01,08,Kalmar,PHEV,dealer,14
2024-02-01,08,Kalmar,PHEV,private,25
2024-02-01,09,Gotland,BEV,company,5
2024-02-01,09,Gotland,BEV,dealer,1
2024-02-01,09,Gotland,BEV,private,2
2024-02-01,09,Gotland,DIESEL,company,2
2024-02-01,09,Gotland,ETHANOL,dealer,1
2024-02-01,09,Gotland,HEV,company,4
2024-02-01,09,Gotland,HEV,dealer,5
2024-02-01,09,Gotland,HEV,private,2
2024-02-01,09,Gotland,PETROL,company,1
2024-02-01,09,Gotland,PETROL,private,10
2024-02-01,09,Gotland,PHEV,company,1
2024-02-01,09,Gotland,PHEV,dealer,3
2024-02-01,09,Gotland,PHEV,private,4
2024-02-01,10,Blekinge,BEV,company,11
2024-02-01,10,Blekinge,BEV,dealer,19
2024-02-01,10,Blekinge,BEV,private,14
2024-02-01,10,Blekinge,DIESEL,company,13
2024-02-01,10,Blekinge,DIESEL,dealer,2
2024-02-01,10,Blekinge,DIESEL,private,6
2024-02-01,10,Blekinge,ETHANOL,company,2
2024-02-01,10,Blekinge,ETHANOL,dealer,2
2024-02-01,10,Blekinge,ETHANOL,private,8
2024-02-01,10,Blekinge,HEV,company,9
2024-02-01,10,Blekinge,HEV,dealer,12
2024-02-01,10,Blekinge,HEV,private,16
2024-02-01,10,Blekinge,PETROL,company,15
2024-02-01,10,Blekinge,PETROL,dealer,27
2024-02-01,10,Blekinge,PETROL,private,37
2024-02-01,10,Blekinge,PHEV,company,11
2024-02-01,10,Blekinge,PHEV,dealer,8
2024-02-01,10,Blekinge,PHEV,private,17
2024-02-01,12,Skåne,BEV,company,302
2024-02-01,12,Skåne,BEV,dealer,113
2024-02-01,12,Skåne,BEV,private,151
2024-02-01,12,Skåne,DIESEL,company,169
2024-02-01,12,Skåne,DIESEL,dealer,36
2024-02-01,12,Skåne,DIESEL,private,63
2024-02-01,12,Skåne,ETHANOL,company,8
2024-02-01,12,Skåne,ETHANOL,dealer,3
2024-02-01,12,Skåne,ETHANOL,private,29
2024-02-01,12,Skåne,GAS,company,71
2024-02-01,12,Skåne,HEV,company,78
2024-02-01,12,Skåne,HEV,dealer,52
2024-02-01,12,Skåne,HEV,private,104
2024-02-01,12,Skåne,OTHER,company,1
2024-02-01,12,Skåne,OTHER,private,3
2024-02-01,12,Skåne,PETROL,company,169
2024-02-01,12,Skåne,PETROL,dealer,305
2024-02-01,12,Skåne,PETROL,private,342
2024-02-01,12,Skåne,PHEV,company,261
2024-02-01,12,Skåne,PHEV,dealer,168
2024-02-01,12,Skåne,PHEV,private,126
2024-02-01,13,Halland,BEV,company,57
2024-02-01,13,Halland,BEV,dealer,20
2024-02-01,13,Halland,BEV,private,56
2024-02-01,13,Halland,DIESEL,company,13
2024-02-01,13,Halland,DIESEL,dealer,4
2024-02-01,13,Halland,DIESEL,private,12
2024-02-01,13,Halland,ETHANOL,company,2
2024-02-01,13,Halland,ETHANOL,dealer,3
2024-02-01,13,Halland,ETHANOL,private,12
2024-02-01,13,Halland,HEV,company,21
2024-02-01,13,Halland,HEV,dealer,8
2024-02-01,13,Halland,HEV,private,17
2024-02-01,13,Halland,PETROL,company,32
2024-02-01,13,Halland,PETROL,dealer,23
2024-02-01,13,Halland,PETROL,private,94
2024-02-01,13,Halland,PHEV,company,54
2024-02-01,13,Halland,PHEV,dealer,19
2024-02-01,13,Halland,PHEV,private,40
2024-02-01,14,Västra Götaland,BEV,company,391
2024-02-01,14,Västra Götaland,BEV,dealer,126
2024-02-01,14,Västra Götaland,BEV,private,223
2024-02-01,14,Västra Götaland,DIESEL,company,88
2024-02-01,14,Västra Götaland,DIESEL,dealer,51
2024-02-01,14,Västra Götaland,DIESEL,private,45
2024-02-01,14,Västra Götaland,ETHANOL,company,10
2024-02-01,14,Västra Götaland,ETHANOL,dealer,10
2024-02-01,14,Västra Götaland,ETHANOL,private,37
2024-02-01,14,Västra Götaland,GAS,company,10
2024-02-01,14,Västra Götaland,HEV,company,102
2024-02-01,14,Västra Götaland,HEV,dealer,223
2024-02-01,14,Västra Götaland,HEV,private,92
2024-02-01,14,Västra Götaland,OTHER,private,1
2024-02-01,14,Västra Götaland,PETROL,company,102
2024-02-01,14,Västra Götaland,PETROL,dealer,211
2024-02-01,14,Västra Götaland,PETROL,private,407
2024-02-01,14,Västra Götaland,PHEV,company,221
2024-02-01,14,Västra Götaland,PHEV,dealer,172
2024-02-01,14,Västra Götaland,PHEV,private,189
2024-02-01,17,Värmland,BEV,company,49
2024-02-01,17,Värmland,BEV,dealer,12
2024-02-01,17,Värmland,BEV,private,26
2024-02-01,17,Värmland,DIESEL,company,50
2024-02-01,17,Värmland,DIESEL,dealer,34
2024-02-01,17,Värmland,DIESEL,private,8
2024-02-01,17,Värmland,ETHANOL,company,2
2024-02-01,17,Värmland,ETHANOL,dealer,1
2024-02-01,17,Värmland,ETHANOL,private,8
2024-02-01,17,Värmland,HEV,company,12
2024-02-01,17,Värmland,HEV,dealer,14
2024-02-01,17,Värmland,HEV,private,11
2024-02-01,17,Värmland,PETROL,company,40
2024-02-01,17,Värmland,PETROL,dealer,19
2024-02-01,17,Värmland,PETROL,private,60
2024-02-01,17,Värmland,PHEV,company,46
2024-02-01,17,Värmland,PHEV,dealer,5
2024-02-01,17,Värmland,PHEV,private,41
2024-02-01,18,Örebro,BEV,company,33
2024-02-01,18,Örebro,BEV,dealer,13
2024-02-01,18,Örebro,BEV,private,23
2024-02-01,18,Örebro,DIESEL,company,17
2024-02-01,18,Örebro,DIESEL,dealer,30
2024-02-01,18,Örebro,DIESEL,private,7
2024-02-01,18,Örebro,ETHANOL,company,3
2024-02-01,18,Örebro,ETHANOL,dealer,5
2024-02-01,18,Örebro,ETHANOL,private,7
2024-02-01,18,Örebro,HEV,company,12
2024-02-01,18,Örebro,HEV,dealer,29
2024-02-01,18,Örebro,HEV,private,18
2024-02-01,18,Örebro,PETROL,company,19
2024-02-01,18,Örebro,PETROL,dealer,21
2024-02-01,18,Örebro,PETROL,private,59
2024-02-01,18,Örebro,PHEV,company,35
2024-02-01,18,Örebro,PHEV,dealer,34
2024-02-01,18,Örebro,PHEV,private,32
2024-02-01,19,Västmanland,BEV,company,24
2024-02-01,19,Västmanland,BEV,dealer,9
2024-02-01,19,Västmanland,BEV,private,21
2024-02-01,19,Västmanland,DIESEL,company,32
2024-02-01,19,Västmanland,DIESEL,dealer,3
2024-02-01,19,Västmanland,DIESEL,private,7
2024-02-01,19,Västmanland,ETHANOL,company,9
2024-02-01,19,Västmanland,ETHANOL,private,9
2024-02-01,19,Västmanland,GAS,company,2
2024-02-01,19,Västmanland,HEV,company,8
2024-02-01,19,Västmanland,HEV,dealer,3
2024-02-01,19,Västmanland,HEV,private,18
2024-02-01,19,Västmanland,PETROL,company,21
2024-02-01,19,Västmanland,PETROL,dealer,21
2024-02-01,19,Västmanland,PETROL,private,45
2024-02-01,19,Västmanland,PHEV,company,27
2024-02-01,19,Västmanland,PHEV,dealer,16
2024-02-01,19,Västmanland,PHEV,private,44
2024-02-01,20,Dalarna,BEV,company,22
2024-02-01,20,Dalarna,BEV,dealer,31
2024-02-01,20,Dalarna,BEV,private,15
2024-02-01,20,Dalarna,DIESEL,company,27
2024-02-01,20,Dalarna,DIESEL,dealer,3
2024-02-01,20,Dalarna,DIESEL,private,6
2024-02-01,20,Dalarna,ETHANOL,company,12
2024-02-01,20,Dalarna,ETHANOL,dealer,2
2024-02-01,20,Dalarna,ETHANOL,private,5
2024-02-01,20,Dalarna,HEV,company,8
2024-02-01,20,Dalarna,HEV,dealer,18
2024-02-01,20,Dalarna,HEV,private,17
2024-02-01,20,Dalarna,PETROL,company,22
2024-02-01,20,Dalarna,PETROL,dealer,16
2024-02-01,20,Dalarna,PETROL,private,22
2024-02-01,20,Dalarna,PHEV,company,33
2024-02-01,20,Dalarna,PHEV,dealer,30
2024-02-01,20,Dalarna,PHEV,private,21
2024-02-01,21,Gävleborg,BEV,company,16
2024-02-01,21,Gävleborg,BEV,dealer,29
2024-02-01,21,Gävleborg,BEV,private,20
2024-02-01,21,Gävleborg,DIESEL,company,28
2024-02-01,21,Gävleborg,DIESEL,dealer,4
2024-02-01,21,Gävleborg,DIESEL,private,5
2024-02-01,21,Gävleborg,ETHANOL,company,3
2024-02-01,21,Gävleborg,ETHANOL,dealer,2
2024-02-01,21,Gävleborg,ETHANOL,private,12
2024-02-01,21,Gävleborg,HEV,company,10
2024-02-01,21,Gävleborg,HEV,dealer,18
2024-02-01,21,Gävleborg,HEV,private,23
2024-02-01,21,Gävleborg,PETROL,company,17
2024-02-01,21,Gävleborg,PETROL,dealer,10
2024-02-01,21,Gävleborg,PETROL,private,42
2024-02-01,21,Gävleborg,PHEV,company,27
2024-02-01,21,Gävleborg,PHEV,dealer,18
2024-02-01,21,Gävleborg,PHEV,private,23
2024-02-01,22,Västernorrland,BEV,company,14
2024-02-01,22,Västernorrland,BEV,dealer,12
2024-02-01,22,Västernorrland,BEV,private,13
2024-02-01,22,Västernorrland,DIESEL,company,24
2024-02-01,22,Västernorrland,DIESEL,dealer,37
2024-02-01,22,Västernorrland,DIESEL,private,13
2024-02-01,22,Västernorrland,ETHANOL,company,5
2024-02-01,22,Västernorrland,ETHANOL,dealer,2
2024-02-01,22,Västernorrland,ETHANOL,private,12
2024-02-01,22,Västernorrland,HEV,company,14
2024-02-01,22,Västernorrland,HEV,dealer,15
2024-02-01,22,Västernorrland,HEV,private,16
2024-02-01,22,Västernorrland,PETROL,company,14
2024-02-01,22,Västernorrland,PETROL,dealer,7
2024-02-01,22,Västernorrland,PETROL,private,13
2024-02-01,22,Västernorrland,PHEV,company,17
2024-02-01,22,Västernorrland,PHEV,dealer,24
2024-02-01,22,Västernorrland,PHEV,private,27
2024-02-01,23,Jämtland,BEV,company,16
2024-02-01,23,Jämtland,BEV,dealer,5
2024-02-01,23,Jämtland,BEV,private,10
2024-02-01,23,Jämtland,DIESEL,company,9
2024-02-01,23,Jämtland,DIESEL,dealer,24
2024-02-01,23,Jämtland,DIESEL,private,6
2024-02-01,23,Jämtland,ETHANOL,company,1
2024-02-01,23,Jämtland,ETHANOL,dealer,11
2024-02-01,23,Jämtland,ETHANOL,private,4
2024-02-01,23,Jämtland,HEV,company,3
2024-02-01,23,Jämtland,HEV,dealer,10
2024-02-01,23,Jämtland,HEV,private,5
2024-02-01,23,Jämtland,PETROL,company,7
2024-02-01,23,Jämtland,PETROL,dealer,1
2024-02-01,23,Jämtland,PETROL,private,9
2024-02-01,23,Jämtland,PHEV,company,10
2024-02-01,23,Jämtland,PHEV,dealer,4
2024-02-01,23,Jämtland,PHEV,private,5
2024-02-01,24,Västerbotten,BEV,company,24
2024-02-01,24,Västerbotten,BEV,dealer,14
2024-02-01,24,Västerbotten,BEV,private,24
2024-02-01,24,Västerbotten,DIESEL,company,12
2024-02-01,24,Västerbotten,DIESEL,dealer,71
2024-02-01,24,Västerbotten,DIESEL,private,6
2024-02-01,24,Västerbotten,ETHANOL,company,5
2024-02-01,24,Västerbotten,ETHANOL,dealer,9
2024-02-01,24,Västerbotten,ETHANOL,private,6
2024-02-01,24,Västerbotten,HEV,company,16
2024-02-01,24,Västerbotten,HEV,dealer,31
2024-02-01,24,Västerbotten,HEV,private,18
2024-02-01,24,Västerbotten,PETROL,company,12
2024-02-01,24,Västerbotten,PETROL,dealer,16
2024-02-01,24,Västerbotten,PETROL,private,19
2024-02-01,24,Västerbotten,PHEV,company,26
2024-02-01,24,Västerbotten,PHEV,dealer,19
2024-02-01,24,Västerbotten,PHEV,private,19
2024-02-01,25,Norrbotten,BEV,company,28
2024-02-01,25,Norrbotten,BEV,dealer,12
2024-02-01,25,Norrbotten,BEV,private,9
2024-02-01,25,Norrbotten,DIESEL,company,32
2024-02-01,25,Norrbotten,DIESEL,dealer,65
2024-02-01,25,Norrbotten,DIESEL,private,9
2024-02-01,25,Norrbotten,ETHANOL,company,11
2024-02-01,25,Norrbotten,ETHANOL,dealer,5
2024-02-01,25,Norrbotten,ETHANOL,private,3
2024-02-01,25,Norrbotten,HEV,company,19
2024-02-01,25,Norrbotten,HEV,dealer,11
2024-02-01,25,Norrbotten,HEV,private,16
2024-02-01,25,Norrbotten,PETROL,company,26
2024-02-01,25,Norrbotten,PETROL,dealer,19
2024-02-01,25,Norrbotten,PETROL,private,12
2024-02-01,25,Norrbotten,PHEV,company,26
2024-02-01,25,Norrbotten,PHEV,dealer,9
2024-02-01,25,Norrbotten,PHEV,private,14
2024-03-01,01,Stockholm,BEV,company,3045
2024-03-01,01,Stockholm,BEV,dealer,700
2024-03-01,01,Stockholm,BEV,private,555
2024-03-01,01,Stockholm,DIESEL,company,293
2024-03-01,01,Stockholm,DIESEL,dealer,56
2024-03-01,01,Stockholm,DIESEL,private,64
2024-03-01,01,Stockholm,ETHANOL,company,26
2024-03-01,01,Stockholm,ETHANOL,dealer,9
2024-03-01,01,Stockholm,ETHANOL,private,33
2024-03-01,01,Stockholm,GAS,company,64
2024-03-01,01,Stockholm,HEV,company,265
2024-03-01,01,Stockholm,HEV,dealer,234
2024-03-01,01,Stockholm,HEV,private,138
2024-03-01,01,Stockholm,PETROL,company,602
2024-03-01,01,Stockholm,PETROL,dealer,388
2024-03-01,01,Stockholm,PETROL,private,507
2024-03-01,01,Stockholm,PHEV,company,1838
2024-03-01,01,Stockholm,PHEV,dealer,163
2024-03-01,01,Stockholm,PHEV,private,336
2024-03-01,03,Uppsala,BEV,company,72
2024-03-01,03,Uppsala,BEV,dealer,36
2024-03-01,03,Uppsala,BEV,private,73
2024-03-01,03,Uppsala,DIESEL,company,30
2024-03-01,03,Uppsala,DIESEL,dealer,3
2024-03-01,03,Uppsala,DIESEL,private,15
2024-03-01,03,Uppsala,ETHANOL,company,7
2024-03-01,03,Uppsala,ETHANOL,dealer,3
2024-03-01,03,Uppsala,ETHANOL,private,11
2024-03-01,03,Uppsala,GAS,company,1
2024-03-01,03,Uppsala,HEV,company,19
2024-03-01,03,Uppsala,HEV,dealer,21
2024-03-01,03,Uppsala,HEV,private,32
2024-03-01,03,Uppsala,PETROL,company,59
2024-03-01,03,Uppsala,PETROL,dealer,9
2024-03-01,03,Uppsala,PETROL,private,50
2024-03-01,03,Uppsala,PHEV,company,85
2024-03-01,03,Uppsala,PHEV,dealer,15
2024-03-01,03,Uppsala,PHEV,private,49
2024-03-01,04,Södermanland,BEV,company,68
2024-03-01,04,Södermanland,BEV,dealer,15
2024-03-01,04,Södermanland,BEV,private,41
2024-03-01,04,Södermanland,DIESEL,company,26
2024-03-01,04,Södermanland,DIESEL,dealer,3
2024-03-01,04,Södermanland,DIESEL,private,17
2024-03-01,04,Södermanland,ETHANOL,company,1
2024-03-01,04,Södermanland,ETHANOL,dealer,1
2024-03-01,04,Södermanland,ETHANOL,private,5
2024-03-01,04,Södermanland,HEV,company,5
2024-03-01,04,Södermanland,HEV,dealer,13
2024-03-01,04,Södermanland,HEV,private,18
2024-03-01,04,Södermanland,PETROL,company,17
2024-03-01,04,Södermanland,PETROL,dealer,31
2024-03-01,04,Södermanland,PETROL,private,59
2024-03-01,04,Södermanland,PHEV,company,22
2024-03-01,04,Södermanland,PHEV,dealer,17
2024-03-01,04,Södermanland,PHEV,private,44
2024-03-01,05,Östergötland,BEV,company,87
2024-03-01,05,Östergötland,BEV,dealer,41
2024-03-01,05,Östergötland,BEV,private,83
2024-03-01,05,Östergötland,DIESEL,company,73
2024-03-01,05,Östergötland,DIESEL,dealer,8
2024-03-01,05,Östergötland,DIESEL,private,22
2024-03-01,05,Östergötland,ETHANOL,company,2
2024-03-01,05,Östergötland,ETHANOL,private,6
2024-03-01,05,Östergötland,GAS,company,23
2024-03-01,05,Östergötland,HEV,company,7
2024-03-01,05,Östergötland,HEV,dealer,40
2024-03-01,05,Östergötland,HEV,private,39
2024-03-01,05,Östergötland,PETROL,company,97
2024-03-01,05,Östergötland,PETROL,dealer,28
2024-03-01,05,Östergötland,PETROL,private,122
2024-03-01,05,Östergötland,PHEV,company,78
2024-03-01,05,Östergötland,PHEV,dealer,35
2024-03-01,05,Östergötland,PHEV,private,77
2024-03-01,06,Jönköping,BEV,company,116
2024-03-01,06,Jönköping,BEV,dealer,42
2024-03-01,06,Jönköping,BEV,private,111
2024-03-01,06,Jönköping,DIESEL,company,72
2024-03-01,06,Jönköping,DIESEL,dealer,13
2024-03-01,06,Jönköping,DIESEL,private,15
2024-03-01,06,Jönköping,ETHANOL,company,1
2024-03-01,06,Jönköping,ETHANOL,dealer,61
2024-03-01,06,Jönköping,ETHANOL,private,12
2024-03-01,06,Jönköping,GAS,dealer,5
2024-03-01,06,Jönköping,HEV,company,22
2024-03-01,06,Jönköping,HEV,dealer,23
2024-03-01,06,Jönköping,HEV,private,25
2024-03-01,06,Jönköping,OTHER,private,1
2024-03-01,06,Jönköping,PETROL,company,129
2024-03-01,06,Jönköping,PETROL,dealer,60
2024-03-01,06,Jönköping,PETROL,private,112
2024-03-01,06,Jönköping,PHEV,company,62
2024-03-01,06,Jönköping,PHEV,dealer,49
2024-03-01,06,Jönköping,PHEV,private,43
2024-03-01,07,Kronoberg,BEV,company,44
2024-03-01,07,Kronoberg,BEV,dealer,13
2024-03-01,07,Kronoberg,BEV,private,27
2024-03-01,07,Kronoberg,DIESEL,company,23
2024-03-01,07,Kronoberg,DIESEL,dealer,1
2024-03-01,07,Kronoberg,DIESEL,private,10
2024-03-01,07,Kronoberg,ETHANOL,company,1
2024-03-01,07,Kronoberg,ETHANOL,dealer,1
2024-03-01,07,Kronoberg,ETHANOL,private,3
2024-03-01,07,Kronoberg,GAS,company,3
2024-03-01,07,Kronoberg,HEV,company,3
2024-03-01,07,Kronoberg,HEV,dealer,5
2024-03-01,07,Kronoberg,HEV,private,10
2024-03-01,07,Kronoberg,PETROL,company,12
2024-03-01,07,Kronoberg,PETROL,dealer,17
2024-03-01,07,Kronoberg,PETROL,private,67
2024-03-01,07,Kronoberg,PHEV,company,23
2024-03-01,07,Kronoberg,PHEV,dealer,20
2024-03-01,07,Kronoberg,PHEV,private,27
2024-03-01,08,Kalmar,BEV,company,27
2024-03-01,08,Kalmar,BEV,dealer,24
2024-03-01,08,Kalmar,BEV,private,38
2024-03-01,08,Kalmar,DIESEL,company,13
2024-03-01,08,Kalmar,DIESEL,dealer,13
2024-03-01,08,Kalmar,DIESEL,private,13
2024-03-01,08,Kalmar,ETHANOL,dealer,4
2024-03-01,08,Kalmar,ETHANOL,private,2
2024-03-01,08,Kalmar,GAS,company,15
2024-03-01,08,Kalmar,HEV,company,3
2024-03-01,08,Kalmar,HEV,dealer,14
2024-03-01,08,Kalmar,HEV,private,25
2024-03-01,08,Kalmar,PETROL,company,45
2024-03-01,08,Kalmar,PETROL,dealer,42
2024-03-01,08,Kalmar,PETROL,private,44
2024-03-01,08,Kalmar,PHEV,company,31
2024-03-01,08,Kalmar,PHEV,dealer,26
2024-03-01,08,Kalmar,PHEV,private,24
2024-03-01,09,Gotland,BEV,company,5
2024-03-01,09,Gotland,BEV,dealer,2
2024-03-01,09,Gotland,BEV,private,12
2024-03-01,09,Gotland,DIESEL,company,2
2024-03-01,09,Gotland,DIESEL,private,1
2024-03-01,09,Gotland,ETHANOL,company,6
2024-03-01,09,Gotland,GAS,company,1
2024-03-01,09,Gotland,HEV,company,1
2024-03-01,09,Gotland,HEV,dealer,3
2024-03-01,09,Gotland,HEV,private,3
2024-03-01,09,Gotland,PETROL,company,5
2024-03-01,09,Gotland,PETROL,dealer,3
2024-03-01,09,Gotland,PETROL,private,4
2024-03-01,09,Gotland,PHEV,company,6
2024-03-01,09,Gotland,PHEV,dealer,7
2024-03-01,09,Gotland,PHEV,private,4
2024-03-01,10,Blekinge,BEV,company,13
2024-03-01,10,Blekinge,BEV,dealer,17
2024-03-01,10,Blekinge,BEV,private,22
2024-03-01,10,Blekinge,DIESEL,company,7
2024-03-01,10,Blekinge,DIESEL,dealer,2
2024-03-01,10,Blekinge,DIESEL,private,9
2024-03-01,10,Blekinge,ETHANOL,company,3
2024-03-01,10,Blekinge,ETHANOL,dealer,1
2024-03-01,10,Blekinge,ETHANOL,private,3
2024-03-01,10,Blekinge,HEV,company,4
2024-03-01,10,Blekinge,HEV,dealer,7
2024-03-01,10,Blekinge,HEV,private,9
2024-03-01,10,Blekinge,PETROL,company,21
2024-03-01,10,Blekinge,PETROL,dealer,41
2024-03-01,10,Blekinge,PETROL,private,53
2024-03-01,10,Blekinge,PHEV,company,12
2024-03-01,10,Blekinge,PHEV,dealer,9
2024-03-01,10,Blekinge,PHEV,private,20
2024-03-01,12,Skåne,BEV,company,364
2024-03-01,12,Skåne,BEV,dealer,168
2024-03-01,12,Skåne,BEV,private,374
2024-03-01,12,Skåne,DIESEL,company,123
2024-03-01,12,Skåne,DIESEL,dealer,133
2024-03-01,12,Skåne,DIESEL,private,58
2024-03-01,12,Skåne,ETHANOL,company,18
2024-03-01,12,Skåne,ETHANOL,dealer,10
2024-03-01,12,Skåne,ETHANOL,private,24
2024-03-01,12,Skåne,GAS,company,107
2024-03-01,12,Skåne,HEV,company,68
2024-03-01,12,Skåne,HEV,dealer,38
2024-03-01,12,Skåne,HEV,private,97
2024-03-01,12,Skåne,PETROL,company,272
2024-03-01,12,Skåne,PETROL,dealer,457
2024-03-01,12,Skåne,PETROL,private,454
2024-03-01,12,Skåne,PHEV,company,499
2024-03-01,12,Skåne,PHEV,dealer,150
2024-03-01,12,Skåne,PHEV,private,194
2024-03-01,13,Halland,BEV,company,95
2024-03-01,13,Halland,BEV,dealer,20
2024-03-01,13,Halland,BEV,private,112
2024-03-01,13,Halland,DIESEL,company,16
2024-03-01,13,Halland,DIESEL,dealer,4
2024-03-01,13,Halland,DIESEL,private,19
2024-03-01,13,Halland,ETHANOL,company,3
2024-03-01,13,Halland,ETHANOL,dealer,3
2024-03-01,13,Halland,ETHANOL,private,5
2024-03-01,13,Halland,HEV,company,14
2024-03-01,13,Halland,HEV,dealer,21
2024-03-01,13,Halland,HEV,private,27
2024-03-01,13,Halland,OTHER,private,1
2024-03-01,13,Halland,PETROL,company,21
2024-03-01,13,Halland,PETROL,dealer,25
2024-03-01,13,Halland,PETROL,private,130
2024-03-01,13,Halland,PHEV,company,71
2024-03-01,13,Halland,PHEV,dealer,7
2024-03-01,13,Halland,PHEV,private,59
2024-03-01,14,Västra Götaland,BEV,company,592
2024-03-01,14,Västra Götaland,BEV,dealer,114
2024-03-01,14,Västra Götaland,BEV,private,435
2024-03-01,14,Västra Götaland,DIESEL,company,111
2024-03-01,14,Västra Götaland,DIESEL,dealer,91
2024-03-01,14,Västra Götaland,DIESEL,private,95
2024-03-01,14,Västra Götaland,ETHANOL,company,8
2024-03-01,14,Västra Götaland,ETHANOL,dealer,32
2024-03-01,14,Västra Götaland,ETHANOL,private,27
2024-03-01,14,Västra Götaland,GAS,company,10
2024-03-01,14,Västra Götaland,HEV,company,85
2024-03-01,14,Västra Götaland,HEV,dealer,221
2024-03-01,14,Västra Götaland,HEV,private,116
2024-03-01,14,Västra Götaland,OTHER,private,1
2024-03-01,14,Västra Götaland,PETROL,company,142
2024-03-01,14,Västra Götaland,PETROL,dealer,332
2024-03-01,14,Västra Götaland,PETROL,private,518
2024-03-01,14,Västra Götaland,PHEV,company,306
2024-03-01,14,Västra Götaland,PHEV,dealer,165
2024-03-01,14,Västra Götaland,PHEV,private,289
2024-03-01,17,Värmland,BEV,company,45
2024-03-01,17,Värmland,BEV,dealer,14
2024-03-01,17,Värmland,BEV,private,45
2024-03-01,17,Värmland,DIESEL,company,74
2024-03-01,17,Värmland,DIESEL,dealer,23
2024-03-01,17,Värmland,DIESEL,private,15
2024-03-01,17,Värmland,ETHANOL,company,2
2024-03-01,17,Värmland,ETHANOL,private,7
2024-03-01,17,Värmland,GAS,private,1
2024-03-01,17,Värmland,HEV,company,25
2024-03-01,17,Värmland,HEV,dealer,17
2024-03-01,17,Värmland,HEV,private,12
2024-03-01,17,Värmland,PETROL,company,153
2024-03-01,17,Värmland,PETROL,dealer,39
2024-03-01,17,Värmland,PETROL,private,63
2024-03-01,17,Värmland,PHEV,company,59
2024-03-01,17,Värmland,PHEV,dealer,24
2024-03-01,17,Värmland,PHEV,private,37
2024-03-01,18,Örebro,BEV,company,30
2024-03-01,18,Örebro,BEV,dealer,13
2024-03-01,18,Örebro,BEV,private,49
2024-03-01,18,Örebro,DIESEL,company,10
2024-03-01,18,Örebro,DIESEL,dealer,5
2024-03-01,18,Örebro,DIESEL,private,21
2024-03-01,18,Örebro,ETHANOL,company,6
2024-03-01,18,Örebro,ETHANOL,private,9
2024-03-01,18,Örebro,GAS,company,7
2024-03-01,18,Örebro,HEV,company,12
2024-03-01,18,Örebro,HEV,dealer,18
2024-03-01,18,Örebro,HEV,private,18
2024-03-01,18,Örebro,PETROL,company,44
2024-03-01,18,Örebro,PETROL,dealer,40
2024-03-01,18,Örebro,PETROL,private,81
2024-03-01,18,Örebro,PHEV,company,28
2024-03-01,18,Örebro,PHEV,dealer,14
2024-03-01,18,Örebro,PHEV,private,31
2024-03-01,19,Västmanland,BEV,company,51
2024-03-01,19,Västmanland,BEV,dealer,14
2024-03-01,19,Västmanland,BEV,private,43
2024-03-01,19,Västmanland,DIESEL,company,14
2024-03-01,19,Västmanland,DIESEL,dealer,2
2024-03-01,19,Västmanland,DIESEL,private,13
2024-03-01,19,Västmanland,ETHANOL,dealer,2
2024-03-01,19,Västmanland,ETHANOL,private,11
2024-03-01,19,Västmanland,HEV,company,6
2024-03-01,19,Västmanland,HEV,dealer,4
2024-03-01,19,Västmanland,HEV,private,14
2024-03-01,19,Västmanland,PETROL,company,18
2024-03-01,19,Västmanland,PETROL,dealer,14
2024-03-01,19,Västmanland,PETROL,private,63
2024-03-01,19,Västmanland,PHEV,company,37
2024-03-01,19,Västmanland,PHEV,dealer,14
2024-03-01,19,Västmanland,PHEV,private,60
2024-03-01,20,Dalarna,BEV,company,41
2024-03-01,20,Dalarna,BEV,dealer,14
2024-03-01,20,Dalarna,BEV,private,27
2024-03-01,20,Dalarna,DIESEL,company,28
2024-03-01,20,Dalarna,DIESEL,dealer,10
2024-03-01,20,Dalarna,DIESEL,private,8
2024-03-01,20,Dalarna,ETHANOL,company,9
2024-03-01,20,Dalarna,ETHANOL,dealer,2
2024-03-01,20,Dalarna,ETHANOL,private,3
2024-03-01,20,Dalarna,HEV,company,19
2024-03-01,20,Dalarna,HEV,dealer,17
2024-03-01,20,Dalarna,HEV,private,24
2024-03-01,20,Dalarna,OTHER,private,1
2024-03-01,20,Dalarna,PETROL,company,15
2024-03-01,20,Dalarna,PETROL,dealer,42
2024-03-01,20,Dalarna,PETROL,private,20
2024-03-01,20,Dalarna,PHEV,company,28
2024-03-01,20,Dalarna,PHEV,dealer,22
2024-03-01,20,Dalarna,PHEV,private,28
2024-03-01,21,Gävleborg,BEV,company,28
2024-03-01,21,Gävleborg,BEV,dealer,45
2024-03-01,21,Gävleborg,BEV,private,22
2024-03-01,21,Gävleborg,DIESEL,company,23
2024-03-01,21,Gävleborg,DIESEL,dealer,10
2024-03-01,21,Gävleborg,DIESEL,private,6
2024-03-01,21,Gävleborg,ETHANOL,company,7
2024-03-01,21,Gävleborg,ETHANOL,dealer,1
2024-03-01,21,Gävleborg,ETHANOL,private,17
2024-03-01,21,Gävleborg,HEV,company,9
2024-03-01,21,Gävleborg,HEV,dealer,14
2024-03-01,21,Gävleborg,HEV,private,26
2024-03-01,21,Gävleborg,PETROL,company,13
2024-03-01,21,Gävleborg,PETROL,dealer,32
2024-03-01,21,Gävleborg,PETROL,private,55
2024-03-01,21,Gävleborg,PHEV,company,20
2024-03-01,21,Gävleborg,PHEV,dealer,28
2024-03-01,21,Gävleborg,PHEV,private,33
2024-03-01,22,Västernorrland,BEV,company,37
2024-03-01,22,Västernorrland,BEV,dealer,9
2024-03-01,22,Västernorrland,BEV,private,30
2024-03-01,22,Västernorrland,DIESEL,company,17
2024-03-01,22,Västernorrland,DIESEL,dealer,14
2024-03-01,22,Västernorrland,DIESEL,private,8
2024-03-01,22,Västernorrland,ETHANOL,company,2
2024-03-01,22,Västernorrland,ETHANOL,dealer,14
2024-03-01,22,Västernorrland,ETHANOL,private,3
2024-03-01,22,Västernorrland,HEV,company,6
2024-03-01,22,Västernorrland,HEV,dealer,9
2024-03-01,22,Västernorrland,HEV,private,12
2024-03-01,22,Västernorrland,PETROL,company,4
2024-03-01,22,Västernorrland,PETROL,dealer,40
2024-03-01,22,Västernorrland,PETROL,private,20
2024-03-01,22,Västernorrland,PHEV,company,17
2024-03-01,22,Västernorrland,PHEV,dealer,30
2024-03-01,22,Västernorrland,PHEV,private,42
2024-03-01,23,Jämtland,BEV,company,21
2024-03-01,23,Jämtland,BEV,dealer,2
2024-03-01,23,Jämtland,BEV,private,12
2024-03-01,23,Jämtland,DIESEL,company,17
2024-03-01,23,Jämtland,DIESEL,dealer,6
2024-03-01,23,Jämtland,DIESEL,private,5
2024-03-01,23,Jämtland,ETHANOL,company,1
2024-03-01,23,Jämtland,ETHANOL,dealer,7
2024-03-01,23,Jämtland,GAS,company,4
2024-03-01,23,Jämtland,HEV,company,10
2024-03-01,23,Jämtland,HEV,dealer,5
2024-03-01,23,Jämtland,HEV,private,4
2024-03-01,23,Jämtland,PETROL,company,11
2024-03-01,23,Jämtland,PETROL,dealer,10
2024-03-01,23,Jämtland,PETROL,private,7
2024-03-01,23,Jämtland,PHEV,company,11
2024-03-01,23,Jämtland,PHEV,dealer,2
2024-03-01,23,Jämtland,PHEV,private,10
2024-03-01,24,Västerbotten,BEV,company,43
2024-03-01,24,Västerbotten,BEV,dealer,8
2024-03-01,24,Västerbotten,BEV,private,36
2024-03-01,24,Västerbotten,DIESEL,company,7
2024-03-01,24,Västerbotten,DIESEL,dealer,29
2024-03-01,24,Västerbotten,DIESEL,private,8
2024-03-01,24,Västerbotten,ETHANOL,company,1
2024-03-01,24,Västerbotten,ETHANOL,dealer,4
2024-03-01,24,Västerbotten,ETHANOL,private,2
2024-03-01,24,Västerbotten,HEV,company,25
2024-03-01,24,Västerbotten,HEV,dealer,35
2024-03-01,24,Västerbotten,HEV,private,8
2024-03-01,24,Västerbotten,PETROL,company,14
2024-03-01,24,Västerbotten,PETROL,dealer,14
2024-03-01,24,Västerbotten,PETROL,private,29
2024-03-01,24,Västerbotten,PHEV,company,46
2024-03-01,24,Västerbotten,PHEV,dealer,16
2024-03-01,24,Västerbotten,PHEV,private,20
2024-03-01,25,Norrbotten,BEV,company,49
2024-03-01,25,Norrbotten,BEV,dealer,21
2024-03-01,25,Norrbotten,BEV,private,29
2024-03-01,25,Norrbotten,DIESEL,company,39
2024-03-01,25,Norrbotten,DIESEL,dealer,28
2024-03-01,25,Norrbotten,DIESEL,private,8
2024-03-01,25,Norrbotten,ETHANOL,company,4
2024-03-01,25,Norrbotten,ETHANOL,dealer,8
2024-03-01,25,Norrbotten,ETHANOL,private,8
2024-03-01,25,Norrbotten,HEV,company,36
2024-03-01,25,Norrbotten,HEV,dealer,5
2024-03-01,25,Norrbotten,HEV,private,8
2024-03-01,25,Norrbotten,PETROL,company,10
2024-03-01,25,Norrbotten,PETROL,dealer,19
2024-03-01,25,Norrbotten,PETROL,private,17
2024-03-01,25,Norrbotten,PHEV,company,17
2024-03-01,25,Norrbotten,PHEV,dealer,9
2024-03-01,25,Norrbotten,PHEV,private,11
2024-04-01,01,Stockholm,BEV,company,2405
2024-04-01,01,Stockholm,BEV,dealer,657
2024-04-01,01,Stockholm,BEV,private,477
2024-04-01,01,Stockholm,DIESEL,company,281
2024-04-01,01,Stockholm,DIESEL,dealer,59
2024-04-01,01,Stockholm,DIESEL,private,98
2024-04-01,01,Stockholm,ETHANOL,company,37
2024-04-01,01,Stockholm,ETHANOL,dealer,7
2024-04-01,01,Stockholm,ETHANOL,private,23
2024-04-01,01,Stockholm,GAS,company,76
2024-04-01,01,Stockholm,GAS,private,3
2024-04-01,01,Stockholm,HEV,company,276
2024-04-01,01,Stockholm,HEV,dealer,173
2024-04-01,01,Stockholm,HEV,private,192
2024-04-01,01,Stockholm,OTHER,private,1
2024-04-01,01,Stockholm,PETROL,company,833
2024-04-01,01,Stockholm,PETROL,dealer,165
2024-04-01,01,Stockholm,PETROL,private,622
2024-04-01,01,Stockholm,PHEV,company,1927
2024-04-01,01,Stockholm,PHEV,dealer,226
2024-04-01,01,Stockholm,PHEV,private,322
2024-04-01,03,Uppsala,BEV,company,47
2024-04-01,03,Uppsala,BEV,dealer,17
2024-04-01,03,Uppsala,BEV,private,60
2024-04-01,03,Uppsala,DIESEL,company,20
2024-04-01,03,Uppsala,DIESEL,dealer,3
2024-04-01,03,Uppsala,DIESEL,private,19
2024-04-01,03,Uppsala,ETHANOL,company,6
2024-04-01,03,Uppsala,ETHANOL,dealer,3
2024-04-01,03,Uppsala,ETHANOL,private,7
2024-04-01,03,Uppsala,GAS,company,1
2024-04-01,03,Uppsala,HEV,company,23
2024-04-01,03,Uppsala,HEV,dealer,25
2024-04-01,03,Uppsala,HEV,private,53
2024-04-01,03,Uppsala,PETROL,company,23
2024-04-01,03,Uppsala,PETROL,dealer,19
2024-04-01,03,Uppsala,PETROL,private,65
2024-04-01,03,Uppsala,PHEV,company,126
2024-04-01,03,Uppsala,PHEV,dealer,18
2024-04-01,03,Uppsala,PHEV,private,40
2024-04-01,04,Södermanland,BEV,company,37
2024-04-01,04,Södermanland,BEV,dealer,13
2024-04-01,04,Södermanland,BEV,private,47
2024-04-01,04,Södermanland,DIESEL,company,14
2024-04-01,04,Södermanland,DIESEL,dealer,4
2024-04-01,04,Södermanland,DIESEL,private,12
2024-04-01,04,Södermanland,ETHANOL,dealer,5
2024-04-01,04,Södermanland,ETHANOL,private,5
2024-04-01,04,Södermanland,GAS,company,9
2024-04-01,04,Södermanland,HEV,company,5
2024-04-01,04,Södermanland,HEV,dealer,23
2024-04-01,04,Södermanland,HEV,private,28
2024-04-01,04,Södermanland,PETROL,company,22
2024-04-01,04,Södermanland,PETROL,dealer,11
2024-04-01,04,Södermanland,PETROL,private,63
2024-04-01,04,Södermanland,PHEV,company,28
2024-04-01,04,Södermanland,PHEV,dealer,24
2024-04-01,04,Södermanland,PHEV,private,46
2024-04-01,05,Östergötland,BEV,company,63
2024-04-01,05,Östergötland,BEV,dealer,18
2024-04-01,05,Östergötland,BEV,private,83
2024-04-01,05,Östergötland,DIESEL,company,24
2024-04-01,05,Östergötland,DIESEL,dealer,3
2024-04-01,05,Östergötland,DIESEL,private,17
2024-04-01,05,Östergötland,ETHANOL,company,6
2024-04-01,05,Östergötland,ETHANOL,dealer,3
2024-04-01,05,Östergötland,ETHANOL,private,6
2024-04-01,05,Östergötland,GAS,company,2
2024-04-01,05,Östergötland,HEV,company,21
2024-04-01,05,Östergötland,HEV,dealer,53
2024-04-01,05,Östergötland,HEV,private,50
2024-04-01,05,Östergötland,PETROL,company,51
2024-04-01,05,Östergötland,PETROL,dealer,18
2024-04-01,05,Östergötland,PETROL,private,109
2024-04-01,05,Östergötland,PHEV,company,88
2024-04-01,05,Östergötland,PHEV,dealer,35
2024-04-01,05,Östergötland,PHEV,private,67
2024-04-01,06,Jönköping,BEV,company,77
2024-04-01,06,Jönköping,BEV,dealer,61
2024-04-01,06,Jönköping,BEV,private,71
2024-04-01,06,Jönköping,DIESEL,company,63
2024-04-01,06,Jönköping,DIESEL,dealer,33
2024-04-01,06,Jönköping,DIESEL,private,16
2024-04-01,06,Jönköping,ETHANOL,company,1
2024-04-01,06,Jönköping,ETHANOL,dealer,6
2024-04-01,06,Jönköping,ETHANOL,private,13
2024-04-01,06,Jönköping,GAS,company,1
2024-04-01,06,Jönköping,GAS,dealer,10
2024-04-01,06,Jönköping,HEV,company,30
2024-04-01,06,Jönköping,HEV,dealer,21
2024-04-01,06,Jönköping,HEV,private,37
2024-04-01,06,Jönköping,PETROL,company,126
2024-04-01,06,Jönköping,PETROL,dealer,40
2024-04-01,06,Jönköping,PETROL,private,122
2024-04-01,06,Jönköping,PHEV,company,78
2024-04-01,06,Jönköping,PHEV,dealer,60
2024-04-01,06,Jönköping,PHEV,private,45
2024-04-01,07,Kronoberg,BEV,company,29
2024-04-01,07,Kronoberg,BEV,dealer,16
2024-04-01,07,Kronoberg,BEV,private,26
2024-04-01,07,Kronoberg,DIESEL,company,9
2024-04-01,07,Kronoberg,DIESEL,dealer,7
2024-04-01,07,Kronoberg,DIESEL,private,14
2024-04-01,07,Kronoberg,ETHANOL,company,1
2024-04-01,07,Kronoberg,ETHANOL,dealer,3
2024-04-01,07,Kronoberg,ETHANOL,private,5
2024-04-01,07,Kronoberg,GAS,company,3
2024-04-01,07,Kronoberg,GAS,dealer,10
2024-04-01,07,Kronoberg,HEV,company,1
2024-04-01,07,Kronoberg,HEV,dealer,12
2024-04-01,07,Kronoberg,HEV,private,13
2024-04-01,07,Kronoberg,PETROL,company,11
2024-04-01,07,Kronoberg,PETROL,dealer,25
2024-04-01,07,Kronoberg,PETROL,private,50
2024-04-01,07,Kronoberg,PHEV,company,43
2024-04-01,07,Kronoberg,PHEV,dealer,16
2024-04-01,07,Kronoberg,PHEV,private,45
2024-04-01,08,Kalmar,BEV,company,21
2024-04-01,08,Kalmar,BEV,dealer,10
2024-04-01,08,Kalmar,BEV,private,17
2024-04-01,08,Kalmar,DIESEL,company,10
2024-04-01,08,Kalmar,DIESEL,dealer,6
2024-04-01,08,Kalmar,DIESEL,private,12
2024-04-01,08,Kalmar,ETHANOL,dealer,4
2024-04-01,08,Kalmar,ETHANOL,private,2
2024-04-01,08,Kalmar,GAS,company,9
2024-04-01,08,Kalmar,HEV,company,3
2024-04-01,08,Kalmar,HEV,dealer,8
2024-04-01,08,Kalmar,HEV,private,14
2024-04-01,08,Kalmar,PETROL,company,27
2024-04-01,08,Kalmar,PETROL,dealer,34
2024-04-01,08,Kalmar,PETROL,private,56
2024-04-01,08,Kalmar,PHEV,company,27
2024-04-01,08,Kalmar,PHEV,dealer,28
2024-04-01,08,Kalmar,PHEV,private,21
2024-04-01,09,Gotland,BEV,company,4
2024-04-01,09,Gotland,BEV,private,2
2024-04-01,09,Gotland,DIESEL,company,12
2024-04-01,09,Gotland,DIESEL,private,2
2024-04-01,09,Gotland,HEV,dealer,3
2024-04-01,09,Gotland,HEV,private,3
2024-04-01,09,Gotland,PETROL,company,3
2024-04-01,09,Gotland,PETROL,dealer,3
2024-04-01,09,Gotland,PETROL,private,5
2024-04-01,09,Gotland,PHEV,company,3
2024-04-01,09,Gotland,PHEV,dealer,4
2024-04-01,09,Gotland,PHEV,private,3
2024-04-01,10,Blekinge,BEV,company,11
2024-04-01,10,Blekinge,BEV,dealer,3
2024-04-01,10,Blekinge,BEV,private,18
2024-04-01,10,Blekinge,DIESEL,company,9
2024-04-01,10,Blekinge,DIESEL,dealer,22
2024-04-01,10,Blekinge,DIESEL,private,9
2024-04-01,10,Blekinge,ETHANOL,company,1
2024-04-01,10,Blekinge,ETHANOL,dealer,2
2024-04-01,10,Blekinge,ETHANOL,private,2
2024-04-01,10,Blekinge,GAS,company,18
2024-04-01,10,Blekinge,HEV,company,6
2024-04-01,10,Blekinge,HEV,dealer,9
2024-04-01,10,Blekinge,HEV,private,12
2024-04-01,10,Blekinge,PETROL,company,11
2024-04-01,10,Blekinge,PETROL,dealer,15
2024-04-01,10,Blekinge,PETROL,private,41
2024-04-01,10,Blekinge,PHEV,company,10
2024-04-01,10,Blekinge,PHEV,dealer,17
2024-04-01,10,Blekinge,PHEV,private,16
2024-04-01,12,Skåne,BEV,company,282
2024-04-01,12,Skåne,BEV,dealer,119
2024-04-01,12,Skåne,BEV,private,260
2024-04-01,12,Skåne,DIESEL,company,147
2024-04-01,12,Skåne,DIESEL,dealer,40
2024-04-01,12,Skåne,DIESEL,private,55
2024-04-01,12,Skåne,ETHANOL,company,5
2024-04-01,12,Skåne,ETHANOL,dealer,16
2024-04-01,12,Skåne,ETHANOL,private,20
2024-04-01,12,Skåne,GAS,company,47
2024-04-01,12,Skåne,HEV,company,108
2024-04-01,12,Skåne,HEV,dealer,48
2024-04-01,12,Skåne,HEV,private,107
2024-04-01,12,Skåne,PETROL,company,237
2024-04-01,12,Skåne,PETROL,dealer,440
2024-04-01,12,Skåne,PETROL,private,402
2024-04-01,12,Skåne,PHEV,company,288
2024-04-01,12,Skåne,PHEV,dealer,108
2024-04-01,12,Skåne,PHEV,private,180
2024-04-01,13,Halland,BEV,company,69
2024-04-01,13,Halland,BEV,dealer,34
2024-04-01,13,Halland,BEV,private,76
2024-04-01,13,Halland,DIESEL,company,16
2024-04-01,13,Halland,DIESEL,dealer,4
2024-04-01,13,Halland,DIESEL,private,16
2024-04-01,13,Halland,ETHANOL,private,3
2024-04-01,13,Halland,GAS,company,3
2024-04-01,13,Halland,HEV,company,9
2024-04-01,13,Halland,HEV,dealer,17
2024-04-01,13,Halland,HEV,private,28
2024-04-01,13,Halland,PETROL,company,27
2024-04-01,13,Halland,PETROL,dealer,15
2024-04-01,13,Halland,PETROL,private,109
2024-04-01,13,Halland,PHEV,company,58
2024-04-01,13,Halland,PHEV,dealer,25
2024-04-01,13,Halland,PHEV,private,44
2024-04-01,14,Västra Götaland,BEV,company,445
2024-04-01,14,Västra Götaland,BEV,dealer,206
2024-04-01,14,Västra Götaland,BEV,private,417
2024-04-01,14,Västra Götaland,DIESEL,company,115
2024-04-01,14,Västra Götaland,DIESEL,dealer,119
2024-04-01,14,Västra Götaland,DIESEL,private,95
2024-04-01,14,Västra Götaland,ETHANOL,company,12
2024-04-01,14,Västra Götaland,ETHANOL,dealer,10
2024-04-01,14,Västra Götaland,ETHANOL,private,30
2024-04-01,14,Västra Götaland,GAS,company,4
2024-04-01,14,Västra Götaland,HEV,company,103
2024-04-01,14,Västra Götaland,HEV,dealer,200
2024-04-01,14,Västra Götaland,HEV,private,159
2024-04-01,14,Västra Götaland,PETROL,company,193
2024-04-01,14,Västra Götaland,PETROL,dealer,169
2024-04-01,14,Västra Götaland,PETROL,private,568
2024-04-01,14,Västra Götaland,PHEV,company,278
2024-04-01,14,Västra Götaland,PHEV,dealer,309
2024-04-01,14,Västra Götaland,PHEV,private,283
2024-04-01,17,Värmland,BEV,company,24
2024-04-01,17,Värmland,BEV,dealer,8
2024-04-01,17,Värmland,BEV,private,39
2024-04-01,17,Värmland,DIESEL,company,68
2024-04-01,17,Värmland,DIESEL,dealer,14
2024-04-01,17,Värmland,DIESEL,private,28
2024-04-01,17,Värmland,ETHANOL,company,5
2024-04-01,17,Värmland,ETHANOL,dealer,3
2024-04-01,17,Värmland,ETHANOL,private,2
2024-04-01,17,Värmland,GAS,company,1
2024-04-01,17,Värmland,GAS,private,1
2024-04-01,17,Värmland,HEV,company,20
2024-04-01,17,Värmland,HEV,dealer,16
2024-04-01,17,Värmland,HEV,private,16
2024-04-01,17,Värmland,PETROL,company,77
2024-04-01,17,Värmland,PETROL,dealer,39
2024-04-01,17,Värmland,PETROL,private,74
2024-04-01,17,Värmland,PHEV,company,67
2024-04-01,17,Värmland,PHEV,dealer,10
2024-04-01,17,Värmland,PHEV,private,45
2024-04-01,18,Örebro,BEV,company,37
2024-04-01,18,Örebro,BEV,dealer,18
2024-04-01,18,Örebro,BEV,private,53
2024-04-01,18,Örebro,DIESEL,company,13
2024-04-01,18,Örebro,DIESEL,dealer,4
2024-04-01,18,Örebro,DIESEL,private,27
2024-04-01,18,Örebro,ETHANOL,dealer,6
2024-04-01,18,Örebro,ETHANOL,private,11
2024-04-01,18,Örebro,GAS,company,4
2024-04-01,18,Örebro,HEV,company,11
2024-04-01,18,Örebro,HEV,dealer,18
2024-04-01,18,Örebro,HEV,private,27
2024-04-01,18,Örebro,PETROL,company,23
2024-04-01,18,Örebro,PETROL,dealer,18
2024-04-01,18,Örebro,PETROL,private,73
2024-04-01,18,Örebro,PHEV,company,55
2024-04-01,18,Örebro,PHEV,dealer,11
2024-04-01,18,Örebro,PHEV,private,51
2024-04-01,19,Västmanland,BEV,company,32
2024-04-01,19,Västmanland,BEV,dealer,6
2024-04-01,19,Västmanland,BEV,private,45
2024-04-01,19,Västmanland,DIESEL,company,12
2024-04-01,19,Västmanland,DIESEL,dealer,1
2024-04-01,19,Västmanland,DIESEL,private,13
2024-04-01,19,Västmanland,ETHANOL,company,2
2024-04-01,19,Västmanland,ETHANOL,private,8
2024-04-01,19,Västmanland,GAS,company,1
2024-04-01,19,Västmanland,GAS,private,1
2024-04-01,19,Västmanland,HEV,company,9
2024-04-01,19,Västmanland,HEV,dealer,9
2024-04-01,19,Västmanland,HEV,private,18
2024-04-01,19,Västmanland,PETROL,company,14
2024-04-01,19,Västmanland,PETROL,dealer,6
2024-04-01,19,Västmanland,PETROL,private,51
2024-04-01,19,Västmanland,PHEV,company,46
2024-04-01,19,Västmanland,PHEV,dealer,10
2024-04-01,19,Västmanland,PHEV,private,63
2024-04-01,20,Dalarna,BEV,company,40
2024-04-01,20,Dalarna,BEV,dealer,11
2024-04-01,20,Dalarna,BEV,private,21
2024-04-01,20,Dalarna,DIESEL,company,13
2024-04-01,20,Dalarna,DIESEL,dealer,1
2024-04-01,20,Dalarna,DIESEL,private,20
2024-04-01,20,Dalarna,ETHANOL,company,2
2024-04-01,20,Dalarna,ETHANOL,dealer,2
2024-04-01,20,Dalarna,ETHANOL,private,5
2024-04-01,20,Dalarna,HEV,company,16
2024-04-01,20,Dalarna,HEV,dealer,4
2024-04-01,20,Dalarna,HEV,private,19
2024-04-01,20,Dalarna,PETROL,company,25
2024-04-01,20,Dalarna,PETROL,dealer,21
2024-04-01,20,Dalarna,PETROL,private,44
2024-04-01,20,Dalarna,PHEV,company,42
2024-04-01,20,Dalarna,PHEV,dealer,17
2024-04-01,20,Dalarna,PHEV,private,44
2024-04-01,21,Gävleborg,BEV,company,34
2024-04-01,21,Gävleborg,BEV,dealer,13
2024-04-01,21,Gävleborg,BEV,private,22
2024-04-01,21,Gävleborg,DIESEL,company,23
2024-04-01,21,Gävleborg,DIESEL,dealer,7
2024-04-01,21,Gävleborg,DIESEL,private,17
2024-04-01,21,Gävleborg,ETHANOL,company,18
2024-04-01,21,Gävleborg,ETHANOL,dealer,3
2024-04-01,21,Gävleborg,ETHANOL,private,7
2024-04-01,21,Gävleborg,HEV,company,30
2024-04-01,21,Gävleborg,HEV,dealer,10
2024-04-01,21,Gävleborg,HEV,private,31
2024-04-01,21,Gävleborg,PETROL,company,23
2024-04-01,21,Gävleborg,PETROL,dealer,16
2024-04-01,21,Gävleborg,PETROL,private,53
2024-04-01,21,Gävleborg,PHEV,company,33
2024-04-01,21,Gävleborg,PHEV,dealer,27
2024-04-01,21,Gävleborg,PHEV,private,27
2024-04-01,22,Västernorrland,BEV,company,27
2024-04-01,22,Västernorrland,BEV,dealer,9
2024-04-01,22,Västernorrland,BEV,private,28
2024-04-01,22,Västernorrland,DIESEL,company,38
2024-04-01,22,Västernorrland,DIESEL,dealer,6
2024-04-01,22,Västernorrland,DIESEL,private,13
2024-04-01,22,Västernorrland,ETHANOL,company,4
2024-04-01,22,Västernorrland,ETHANOL,dealer,7
2024-04-01,22,Västernorrland,ETHANOL,private,9
2024-04-01,22,Västernorrland,HEV,company,11
2024-04-01,22,Västernorrland,HEV,dealer,6
2024-04-01,22,Västernorrland,HEV,private,25
2024-04-01,22,Västernorrland,PETROL,company,8
2024-04-01,22,Västernorrland,PETROL,dealer,14
2024-04-01,22,Västernorrland,PETROL,private,25
2024-04-01,22,Västernorrland,PHEV,company,30
2024-04-01,22,Västernorrland,PHEV,dealer,16
2024-04-01,22,Västernorrland,PHEV,private,43
2024-04-01,23,Jämtland,BEV,company,26
2024-04-01,23,Jämtland,BEV,dealer,2
2024-04-01,23,Jämtland,BEV,private,14
2024-04-01,23,Jämtland,DIESEL,company,8
2024-04-01,23,Jämtland,DIESEL,dealer,5
2024-04-01,23,Jämtland,DIESEL,private,7
2024-04-01,23,Jämtland,ETHANOL,company,2
2024-04-01,23,Jämtland,ETHANOL,dealer,2
2024-04-01,23,Jämtland,ETHANOL,private,2
2024-04-01,23,Jämtland,GAS,company,10
2024-04-01,23,Jämtland,HEV,company,6
2024-04-01,23,Jämtland,HEV,dealer,2
2024-04-01,23,Jämtland,HEV,private,3
2024-04-01,23,Jämtland,PETROL,company,8
2024-04-01,23,Jämtland,PETROL,dealer,18
2024-04-01,23,Jämtland,PETROL,private,9
2024-04-01,23,Jämtland,PHEV,company,21
2024-04-01,23,Jämtland,PHEV,dealer,6
2024-04-01,23,Jämtland,PHEV,private,6
2024-04-01,24,Västerbotten,BEV,company,30
2024-04-01,24,Västerbotten,BEV,dealer,17
2024-04-01,24,Västerbotten,BEV,private,41
2024-04-01,24,Västerbotten,DIESEL,company,9
2024-04-01,24,Västerbotten,DIESEL,dealer,11
2024-04-01,24,Västerbotten,DIESEL,private,13
2024-04-01,24,Västerbotten,ETHANOL,company,2
2024-04-01,24,Västerbotten,ETHANOL,dealer,6
2024-04-01,24,Västerbotten,ETHANOL,private,5
2024-04-01,24,Västerbotten,GAS,company,3
2024-04-01,24,Västerbotten,HEV,company,10
2024-04-01,24,Västerbotten,HEV,dealer,17
2024-04-01,24,Västerbotten,HEV,private,8
2024-04-01,24,Västerbotten,PETROL,company,13
2024-04-01,24,Västerbotten,PETROL,dealer,18
2024-04-01,24,Västerbotten,PETROL,private,29
2024-04-01,24,Västerbotten,PHEV,company,23
2024-04-01,24,Västerbotten,PHEV,dealer,17
2024-04-01,24,Västerbotten,PHEV,private,37
2024-04-01,25,Norrbotten,BEV,company,23
2024-04-01,25,Norrbotten,BEV,dealer,4
2024-04-01,25,Norrbotten,BEV,private,23
2024-04-01,25,Norrbotten,DIESEL,company,37
2024-04-01,25,Norrbotten,DIESEL,dealer,11
2024-04-01,25,Norrbotten,DIESEL,private,15
2024-04-01,25,Norrbotten,ETHANOL,dealer,3
2024-04-01,25,Norrbotten,ETHANOL,private,3
2024-04-01,25,Norrbotten,HEV,company,20
2024-04-01,25,Norrbotten,HEV,dealer,8
2024-04-01,25,Norrbotten,HEV,private,11
2024-04-01,25,Norrbotten,PETROL,company,22
2024-04-01,25,Norrbotten,PETROL,dealer,15
2024-04-01,25,Norrbotten,PETROL,private,17
2024-04-01,25,Norrbotten,PHEV,company,28
2024-04-01,25,Norrbotten,PHEV,dealer,12
2024-04-01,25,Norrbotten,PHEV,private,21
2024-05-01,01,Stockholm,BEV,company,2401
2024-05-01,01,Stockholm,BEV,dealer,904
2024-05-01,01,Stockholm,BEV,private,529
2024-05-01,01,Stockholm,DIESEL,company,454
2024-05-01,01,Stockholm,DIESEL,dealer,32
2024-05-01,01,Stockholm,DIESEL,private,71
2024-05-01,01,Stockholm,ETHANOL,company,30
2024-05-01,01,Stockholm,ETHANOL,dealer,8
2024-05-01,01,Stockholm,ETHANOL,private,37
2024-05-01,01,Stockholm,GAS,company,32
2024-05-01,01,Stockholm,HEV,company,367
2024-05-01,01,Stockholm,HEV,dealer,193
2024-05-01,01,Stockholm,HEV,private,213
2024-05-01,01,Stockholm,OTHER,dealer,1
2024-05-01,01,Stockholm,PETROL,company,1730
2024-05-01,01,Stockholm,PETROL,dealer,241
2024-05-01,01,Stockholm,PETROL,private,631
2024-05-01,01,Stockholm,PHEV,company,2063
2024-05-01,01,Stockholm,PHEV,dealer,207
2024-05-01,01,Stockholm,PHEV,private,281
2024-05-01,03,Uppsala,BEV,company,65
2024-05-01,03,Uppsala,BEV,dealer,16
2024-05-01,03,Uppsala,BEV,private,54
2024-05-01,03,Uppsala,DIESEL,company,33
2024-05-01,03,Uppsala,DIESEL,dealer,11
2024-05-01,03,Uppsala,DIESEL,private,14
2024-05-01,03,Uppsala,ETHANOL,company,6
2024-05-01,03,Uppsala,ETHANOL,dealer,4
2024-05-01,03,Uppsala,ETHANOL,private,6
2024-05-01,03,Uppsala,HEV,company,43
2024-05-01,03,Uppsala,HEV,dealer,20
2024-05-01,03,Uppsala,HEV,private,49
2024-05-01,03,Uppsala,PETROL,company,87
2024-05-01,03,Uppsala,PETROL,dealer,24
2024-05-01,03,Uppsala,PETROL,private,88
2024-05-01,03,Uppsala,PHEV,company,47
2024-05-01,03,Uppsala,PHEV,dealer,20
2024-05-01,03,Uppsala,PHEV,private,46
2024-05-01,04,Södermanland,BEV,company,37
2024-05-01,04,Södermanland,BEV,dealer,24
2024-05-01,04,Södermanland,BEV,private,53
2024-05-01,04,Södermanland,DIESEL,company,19
2024-05-01,04,Södermanland,DIESEL,dealer,3
2024-05-01,04,Södermanland,DIESEL,private,17
2024-05-01,04,Södermanland,ETHANOL,company,1
2024-05-01,04,Södermanland,ETHANOL,dealer,1
2024-05-01,04,Södermanland,ETHANOL,private,5
2024-05-01,04,Södermanland,HEV,company,9
2024-05-01,04,Södermanland,HEV,dealer,19
2024-05-01,04,Södermanland,HEV,private,32
2024-05-01,04,Södermanland,PETROL,company,38
2024-05-01,04,Södermanland,PETROL,dealer,17
2024-05-01,04,Södermanland,PETROL,private,73
2024-05-01,04,Södermanland,PHEV,company,38
2024-05-01,04,Södermanland,PHEV,dealer,20
2024-05-01,04,Södermanland,PHEV,private,43
2024-05-01,05,Östergötland,BEV,company,77
2024-05-01,05,Östergötland,BEV,dealer,25
2024-05-01,05,Östergötland,BEV,private,69
2024-05-01,05,Östergötland,DIESEL,company,35
2024-05-01,05,Östergötland,DIESEL,dealer,8
2024-05-01,05,Östergötland,DIESEL,private,35
2024-05-01,05,Östergötland,ETHANOL,company,5
2024-05-01,05,Östergötland,ETHANOL,dealer,2
2024-05-01,05,Östergötland,ETHANOL,private,11
2024-05-01,05,Östergötland,HEV,company,10
2024-05-01,05,Östergötland,HEV,dealer,55
2024-05-01,05,Östergötland,HEV,private,59
2024-05-01,05,Östergötland,PETROL,company,76
2024-05-01,05,Östergötland,PETROL,dealer,31
2024-05-01,05,Östergötland,PETROL,private,143
2024-05-01,05,Östergötland,PHEV,company,50
2024-05-01,05,Östergötland,PHEV,dealer,41
2024-05-01,05,Östergötland,PHEV,private,61
2024-05-01,06,Jönköping,BEV,company,86
2024-05-01,06,Jönköping,BEV,dealer,54
2024-05-01,06,Jönköping,BEV,private,99
2024-05-01,06,Jönköping,DIESEL,company,101
2024-05-01,06,Jönköping,DIESEL,dealer,13
2024-05-01,06,Jönköping,DIESEL,private,23
2024-05-01,06,Jönköping,ETHANOL,company,2
2024-05-01,06,Jönköping,ETHANOL,dealer,12
2024-05-01,06,Jönköping,ETHANOL,private,8
2024-05-01,06,Jönköping,GAS,dealer,9
2024-05-01,06,Jönköping,HEV,company,34
2024-05-01,06,Jönköping,HEV,dealer,37
2024-05-01,06,Jönköping,HEV,private,52
2024-05-01,06,Jönköping,PETROL,company,101
2024-05-01,06,Jönköping,PETROL,dealer,20
2024-05-01,06,Jönköping,PETROL,private,130
2024-05-01,06,Jönköping,PHEV,company,96
2024-05-01,06,Jönköping,PHEV,dealer,49
2024-05-01,06,Jönköping,PHEV,private,39
2024-05-01,07,Kronoberg,BEV,company,34
2024-05-01,07,Kronoberg,BEV,dealer,11
2024-05-01,07,Kronoberg,BEV,private,45
2024-05-01,07,Kronoberg,DIESEL,company,14
2024-05-01,07,Kronoberg,DIESEL,private,7
2024-05-01,07,Kronoberg,ETHANOL,company,4
2024-05-01,07,Kronoberg,ETHANOL,dealer,1
2024-05-01,07,Kronoberg,ETHANOL,private,4
2024-05-01,07,Kronoberg,GAS,company,3
2024-05-01,07,Kronoberg,HEV,company,2
2024-05-01,07,Kronoberg,HEV,dealer,7
2024-05-01,07,Kronoberg,HEV,private,11
2024-05-01,07,Kronoberg,PETROL,company,11
2024-05-01,07,Kronoberg,PETROL,dealer,18
2024-05-01,07,Kronoberg,PETROL,private,60
2024-05-01,07,Kronoberg,PHEV,company,38
2024-05-01,07,Kronoberg,PHEV,dealer,18
2024-05-01,07,Kronoberg,PHEV,private,28
2024-05-01,08,Kalmar,BEV,company,33
2024-05-01,08,Kalmar,BEV,dealer,37
2024-05-01,08,Kalmar,BEV,private,49
2024-05-01,08,Kalmar,DIESEL,company,35
2024-05-01,08,Kalmar,DIESEL,dealer,8
2024-05-01,08,Kalmar,DIESEL,private,16
2024-05-01,08,Kalmar,ETHANOL,dealer,1
2024-05-01,08,Kalmar,ETHANOL,private,3
2024-05-01,08,Kalmar,GAS,company,2
2024-05-01,08,Kalmar,HEV,company,7
2024-05-01,08,Kalmar,HEV,dealer,11
2024-05-01,08,Kalmar,HEV,private,9
2024-05-01,08,Kalmar,PETROL,company,28
2024-05-01,08,Kalmar,PETROL,dealer,26
2024-05-01,08,Kalmar,PETROL,private,75
2024-05-01,08,Kalmar,PHEV,company,27
2024-05-01,08,Kalmar,PHEV,dealer,20
2024-05-01,08,Kalmar,PHEV,private,22
2024-05-01,09,Gotland,BEV,company,5
2024-05-01,09,Gotland,BEV,dealer,4
2024-05-01,09,Gotland,BEV,private,12
2024-05-01,09,Gotland,DIESEL,company,6
2024-05-01,09,Gotland,DIESEL,private,2
2024-05-01,09,Gotland,ETHANOL,company,2
2024-05-01,09,Gotland,ETHANOL,dealer,1
2024-05-01,09,Gotland,HEV,company,5
2024-05-01,09,Gotland,HEV,dealer,2
2024-05-01,09,Gotland,HEV,private,2
2024-05-01,09,Gotland,PETROL,company,20
2024-05-01,09,Gotland,PETROL,dealer,4
2024-05-01,09,Gotland,PETROL,private,8
2024-05-01,09,Gotland,PHEV,company,5
2024-05-01,09,Gotland,PHEV,dealer,3
2024-05-01,09,Gotland,PHEV,private,1
2024-05-01,10,Blekinge,BEV,company,20
2024-05-01,10,Blekinge,BEV,dealer,15
2024-05-01,10,Blekinge,BEV,private,24
2024-05-01,10,Blekinge,DIESEL,company,13
2024-05-01,10,Blekinge,DIESEL,dealer,2
2024-05-01,10,Blekinge,DIESEL,private,7
2024-05-01,10,Blekinge,ETHANOL,company,2
2024-05-01,10,Blekinge,ETHANOL,dealer,2
2024-05-01,10,Blekinge,ETHANOL,private,3
2024-05-01,10,Blekinge,HEV,company,8
2024-05-01,10,Blekinge,HEV,dealer,4
2024-05-01,10,Blekinge,HEV,private,16
2024-05-01,10,Blekinge,PETROL,company,20
2024-05-01,10,Blekinge,PETROL,dealer,16
2024-05-01,10,Blekinge,PETROL,private,45
2024-05-01,10,Blekinge,PHEV,company,10
2024-05-01,10,Blekinge,PHEV,dealer,26
2024-05-01,10,Blekinge,PHEV,private,23
2024-05-01,12,Skåne,BEV,company,319
2024-05-01,12,Skåne,BEV,dealer,189
2024-05-01,12,Skåne,BEV,private,321
2024-05-01,12,Skåne,DIESEL,company,249
2024-05-01,12,Skåne,DIESEL,dealer,69
2024-05-01,12,Skåne,DIESEL,private,72
2024-05-01,12,Skåne,ETHANOL,company,8
2024-05-01,12,Skåne,ETHANOL,dealer,10
2024-05-01,12,Skåne,ETHANOL,private,23
2024-05-01,12,Skåne,GAS,company,67
2024-05-01,12,Skåne,HEV,company,111
2024-05-01,12,Skåne,HEV,dealer,65
2024-05-01,12,Skåne,HEV,private,124
2024-05-01,12,Skåne,OTHER,company,1
2024-05-01,12,Skåne,PETROL,company,439
2024-05-01,12,Skåne,PETROL,dealer,198
2024-05-01,12,Skåne,PETROL,private,420
2024-05-01,12,Skåne,PHEV,company,380
2024-05-01,12,Skåne,PHEV,dealer,209
2024-05-01,12,Skåne,PHEV,private,162
2024-05-01,13,Halland,BEV,company,76
2024-05-01,13,Halland,BEV,dealer,29
2024-05-01,13,Halland,BEV,private,105
2024-05-01,13,Halland,DIESEL,company,22
2024-05-01,13,Halland,DIESEL,dealer,4
2024-05-01,13,Halland,DIESEL,private,23
2024-05-01,13,Halland,ETHANOL,dealer,13
2024-05-01,13,Halland,ETHANOL,private,7
2024-05-01,13,Halland,GAS,company,10
2024-05-01,13,Halland,HEV,company,13
2024-05-01,13,Halland,HEV,dealer,12
2024-05-01,13,Halland,HEV,private,37
2024-05-01,13,Halland,PETROL,company,24
2024-05-01,13,Halland,PETROL,dealer,28
2024-05-01,13,Halland,PETROL,private,121
2024-05-01,13,Halland,PHEV,company,71
2024-05-01,13,Halland,PHEV,dealer,20
2024-05-01,13,Halland,PHEV,private,46
2024-05-01,14,Västra Götaland,BEV,company,492
2024-05-01,14,Västra Götaland,BEV,dealer,168
2024-05-01,14,Västra Götaland,BEV,private,421
2024-05-01,14,Västra Götaland,DIESEL,company,96
2024-05-01,14,Västra Götaland,DIESEL,dealer,163
2024-05-01,14,Västra Götaland,DIESEL,private,96
2024-05-01,14,Västra Götaland,ETHANOL,company,14
2024-05-01,14,Västra Götaland,ETHANOL,dealer,26
2024-05-01,14,Västra Götaland,ETHANOL,private,22
2024-05-01,14,Västra Götaland,GAS,company,4
2024-05-01,14,Västra Götaland,HEV,company,122
2024-05-01,14,Västra Götaland,HEV,dealer,182
2024-05-01,14,Västra Götaland,HEV,private,188
2024-05-01,14,Västra Götaland,PETROL,company,222
2024-05-01,14,Västra Götaland,PETROL,dealer,208
2024-05-01,14,Västra Götaland,PETROL,private,619
2024-05-01,14,Västra Götaland,PHEV,company,362
2024-05-01,14,Västra Götaland,PHEV,dealer,329
2024-05-01,14,Västra Götaland,PHEV,private,210
2024-05-01,17,Värmland,BEV,company,51
2024-05-01,17,Värmland,BEV,dealer,23
2024-05-01,17,Värmland,BEV,private,42
2024-05-01,17,Värmland,DIESEL,company,48
2024-05-01,17,Värmland,DIESEL,dealer,33
2024-05-01,17,Värmland,DIESEL,private,21
2024-05-01,17,Värmland,ETHANOL,company,2
2024-05-01,17,Värmland,ETHANOL,dealer,2
2024-05-01,17,Värmland,ETHANOL,private,7
2024-05-01,17,Värmland,HEV,company,7
2024-05-01,17,Värmland,HEV,dealer,57
2024-05-01,17,Värmland,HEV,private,27
2024-05-01,17,Värmland,PETROL,company,110
2024-05-01,17,Värmland,PETROL,dealer,36
2024-05-01,17,Värmland,PETROL,private,69
2024-05-01,17,Värmland,PHEV,company,55
2024-05-01,17,Värmland,PHEV,dealer,11
2024-05-01,17,Värmland,PHEV,private,27
2024-05-01,18,Örebro,BEV,company,36
2024-05-01,18,Örebro,BEV,dealer,28
2024-05-01,18,Örebro,BEV,private,53
2024-05-01,18,Örebro,DIESEL,company,28
2024-05-01,18,Örebro,DIESEL,dealer,1
2024-05-01,18,Örebro,DIESEL,private,29
2024-05-01,18,Örebro,ETHANOL,company,1
2024-05-01,18,Örebro,ETHANOL,dealer,3
2024-05-01,18,Örebro,ETHANOL,private,6
2024-05-01,18,Örebro,HEV,company,10
2024-05-01,18,Örebro,HEV,dealer,31
2024-05-01,18,Örebro,HEV,private,30
2024-05-01,18,Örebro,PETROL,company,42
2024-05-01,18,Örebro,PETROL,dealer,16
2024-05-01,18,Örebro,PETROL,private,77
2024-05-01,18,Örebro,PHEV,company,72
2024-05-01,18,Örebro,PHEV,dealer,11
2024-05-01,18,Örebro,PHEV,private,29
2024-05-01,19,Västmanland,BEV,company,36
2024-05-01,19,Västmanland,BEV,dealer,12
2024-05-01,19,Västmanland,BEV,private,53
2024-05-01,19,Västmanland,DIESEL,company,15
2024-05-01,19,Västmanland,DIESEL,dealer,5
2024-05-01,19,Västmanland,DIESEL,private,17
2024-05-01,19,Västmanland,ETHANOL,company,2
2024-05-01,19,Västmanland,ETHANOL,dealer,3
2024-05-01,19,Västmanland,ETHANOL,private,3
2024-05-01,19,Västmanland,HEV,company,16
2024-05-01,19,Västmanland,HEV,dealer,6
2024-05-01,19,Västmanland,HEV,private,16
2024-05-01,19,Västmanland,OTHER,private,1
2024-05-01,19,Västmanland,PETROL,company,28
2024-05-01,19,Västmanland,PETROL,dealer,7
2024-05-01,19,Västmanland,PETROL,private,73
2024-05-01,19,Västmanland,PHEV,company,40
2024-05-01,19,Västmanland,PHEV,dealer,8
2024-05-01,19,Västmanland,PHEV,private,52
2024-05-01,20,Dalarna,BEV,company,44
2024-05-01,20,Dalarna,BEV,dealer,20
2024-05-01,20,Dalarna,BEV,private,31
2024-05-01,20,Dalarna,DIESEL,company,29
2024-05-01,20,Dalarna,DIESEL,dealer,4
2024-05-01,20,Dalarna,DIESEL,private,16
2024-05-01,20,Dalarna,ETHANOL,company,8
2024-05-01,20,Dalarna,ETHANOL,private,1
2024-05-01,20,Dalarna,HEV,company,53
2024-05-01,20,Dalarna,HEV,dealer,13
2024-05-01,20,Dalarna,HEV,private,27
2024-05-01,20,Dalarna,PETROL,company,18
2024-05-01,20,Dalarna,PETROL,dealer,21
2024-05-01,20,Dalarna,PETROL,private,55
2024-05-01,20,Dalarna,PHEV,company,64
2024-05-01,20,Dalarna,PHEV,dealer,15
2024-05-01,20,Dalarna,PHEV,private,33
2024-05-01,21,Gävleborg,BEV,company,27
2024-05-01,21,Gävleborg,BEV,dealer,22
2024-05-01,21,Gävleborg,BEV,private,27
2024-05-01,21,Gävleborg,DIESEL,company,22
2024-05-01,21,Gävleborg,DIESEL,dealer,6
2024-05-01,21,Gävleborg,DIESEL,private,22
2024-05-01,21,Gävleborg,ETHANOL,company,4
2024-05-01,21,Gävleborg,ETHANOL,dealer,2
2024-05-01,21,Gävleborg,ETHANOL,private,10
2024-05-01,21,Gävleborg,HEV,company,21
2024-05-01,21,Gävleborg,HEV,dealer,23
2024-05-01,21,Gävleborg,HEV,private,43
2024-05-01,21,Gävleborg,PETROL,company,52
2024-05-01,21,Gävleborg,PETROL,dealer,37
2024-05-01,21,Gävleborg,PETROL,private,60
2024-05-01,21,Gävleborg,PHEV,company,23
2024-05-01,21,Gävleborg,PHEV,dealer,37
2024-05-01,21,Gävleborg,PHEV,private,27
2024-05-01,22,Västernorrland,BEV,company,20
2024-05-01,22,Västernorrland,BEV,dealer,10
2024-05-01,22,Västernorrland,BEV,private,25
2024-05-01,22,Västernorrland,DIESEL,company,21
2024-05-01,22,Västernorrland,DIESEL,dealer,5
2024-05-01,22,Västernorrland,DIESEL,private,16
2024-05-01,22,Västernorrland,ETHANOL,company,1
2024-05-01,22,Västernorrland,ETHANOL,dealer,4
2024-05-01,22,Västernorrland,ETHANOL,private,7
2024-05-01,22,Västernorrland,HEV,company,21
2024-05-01,22,Västernorrland,HEV,dealer,10
2024-05-01,22,Västernorrland,HEV,private,12
2024-05-01,22,Västernorrland,PETROL,company,13
2024-05-01,22,Västernorrland,PETROL,dealer,24
2024-05-01,22,Västernorrland,PETROL,private,38
2024-05-01,22,Västernorrland,PHEV,company,29
2024-05-01,22,Västernorrland,PHEV,dealer,20
2024-05-01,22,Västernorrland,PHEV,private,27
2024-05-01,23,Jämtland,BEV,company,14
2024-05-01,23,Jämtland,BEV,dealer,1
2024-05-01,23,Jämtland,BEV,private,17
2024-05-01,23,Jämtland,DIESEL,company,14
2024-05-01,23,Jämtland,DIESEL,dealer,1
2024-05-01,23,Jämtland,DIESEL,private,5
2024-05-01,23,Jämtland,ETHANOL,company,1
2024-05-01,23,Jämtland,ETHANOL,dealer,4
2024-05-01,23,Jämtland,ETHANOL,private,2
2024-05-01,23,Jämtland,HEV,company,10
2024-05-01,23,Jämtland,HEV,dealer,5
2024-05-01,23,Jämtland,HEV,private,4
2024-05-01,23,Jämtland,PETROL,company,9
2024-05-01,23,Jämtland,PETROL,dealer,16
2024-05-01,23,Jämtland,PETROL,private,16
2024-05-01,23,Jämtland,PHEV,company,16
2024-05-01,23,Jämtland,PHEV,dealer,5
2024-05-01,23,Jämtland,PHEV,private,5
2024-05-01,24,Västerbotten,BEV,company,32
2024-05-01,24,Västerbotten,BEV,dealer,14
2024-05-01,24,Västerbotten,BEV,private,32
2024-05-01,24,Västerbotten,DIESEL,company,24
2024-05-01,24,Västerbotten,DIESEL,dealer,6
2024-05-01,24,Västerbotten,DIESEL,private,21
2024-05-01,24,Västerbotten,ETHANOL,company,1
2024-05-01,24,Västerbotten,ETHANOL,dealer,13
2024-05-01,24,Västerbotten,ETHANOL,private,3
2024-05-01,24,Västerbotten,HEV,company,30
2024-05-01,24,Västerbotten,HEV,dealer,40
2024-05-01,24,Västerbotten,HEV,private,16
2024-05-01,24,Västerbotten,PETROL,company,16
2024-05-01,24,Västerbotten,PETROL,dealer,21
2024-05-01,24,Västerbotten,PETROL,private,38
2024-05-01,24,Västerbotten,PHEV,company,29
2024-05-01,24,Västerbotten,PHEV,dealer,13
2024-05-01,24,Västerbotten,PHEV,private,34
2024-05-01,25,Norrbotten,BEV,company,19
2024-05-01,25,Norrbotten,BEV,dealer,20
2024-05-01,25,Norrbotten,BEV,private,37
2024-05-01,25,Norrbotten,DIESEL,company,33
2024-05-01,25,Norrbotten,DIESEL,dealer,14
2024-05-01,25,Norrbotten,DIESEL,private,23
2024-05-01,25,Norrbotten,ETHANOL,private,3
2024-05-01,25,Norrbotten,HEV,company,30
2024-05-01,25,Norrbotten,HEV,dealer,9
2024-05-01,25,Norrbotten,HEV,private,17
2024-05-01,25,Norrbotten,PETROL,company,16
2024-05-01,25,Norrbotten,PETROL,dealer,12
2024-05-01,25,Norrbotten,PETROL,private,24
2024-05-01,25,Norrbotten,PHEV,company,20
2024-05-01,25,Norrbotten,PHEV,dealer,9
2024-05-01,25,Norrbotten,PHEV,private,20
2024-06-01,01,Stockholm,BEV,company,2873
2024-06-01,01,Stockholm,BEV,dealer,622
2024-06-01,01,Stockholm,BEV,private,781
2024-06-01,01,Stockholm,DIESEL,company,367
2024-06-01,01,Stockholm,DIESEL,dealer,44
2024-06-01,01,Stockholm,DIESEL,private,64
2024-06-01,01,Stockholm,ETHANOL,company,31
2024-06-01,01,Stockholm,ETHANOL,dealer,4
2024-06-01,01,Stockholm,ETHANOL,private,40
2024-06-01,01,Stockholm,GAS,company,35
2024-06-01,01,Stockholm,GAS,dealer,1
2024-06-01,01,Stockholm,HEV,company,235
2024-06-01,01,Stockholm,HEV,dealer,266
2024-06-01,01,Stockholm,HEV,private,185
2024-06-01,01,Stockholm,OTHER,private,1
2024-06-01,01,Stockholm,PETROL,company,1519
2024-06-01,01,Stockholm,PETROL,dealer,426
2024-06-01,01,Stockholm,PETROL,private,642
2024-06-01,01,Stockholm,PHEV,company,1734
2024-06-01,01,Stockholm,PHEV,dealer,402
2024-06-01,01,Stockholm,PHEV,private,287
2024-06-01,03,Uppsala,BEV,company,73
2024-06-01,03,Uppsala,BEV,dealer,15
2024-06-01,03,Uppsala,BEV,private,98
2024-06-01,03,Uppsala,DIESEL,company,38
2024-06-01,03,Uppsala,DIESEL,dealer,8
2024-06-01,03,Uppsala,DIESEL,private,19
2024-06-01,03,Uppsala,ETHANOL,company,15
2024-06-01,03,Uppsala,ETHANOL,private,6
2024-06-01,03,Uppsala,HEV,company,18
2024-06-01,03,Uppsala,HEV,dealer,25
2024-06-01,03,Uppsala,HEV,private,44
2024-06-01,03,Uppsala,PETROL,company,58
2024-06-01,03,Uppsala,PETROL,dealer,37
2024-06-01,03,Uppsala,PETROL,private,84
2024-06-01,03,Uppsala,PHEV,company,124
2024-06-01,03,Uppsala,PHEV,dealer,21
2024-06-01,03,Uppsala,PHEV,private,34
2024-06-01,04,Södermanland,BEV,company,60
2024-06-01,04,Södermanland,BEV,dealer,21
2024-06-01,04,Södermanland,BEV,private,68
2024-06-01,04,Södermanland,DIESEL,company,20
2024-06-01,04,Södermanland,DIESEL,dealer,5
2024-06-01,04,Södermanland,DIESEL,private,10
2024-06-01,04,Södermanland,ETHANOL,company,1
2024-06-01,04,Södermanland,ETHANOL,private,3
2024-06-01,04,Södermanland,HEV,company,8
2024-06-01,04,Södermanland,HEV,dealer,18
2024-06-01,04,Södermanland,HEV,private,27
2024-06-01,04,Södermanland,PETROL,company,34
2024-06-01,04,Södermanland,PETROL,dealer,29
2024-06-01,04,Södermanland,PETROL,private,73
2024-06-01,04,Södermanland,PHEV,company,26
2024-06-01,04,Södermanland,PHEV,dealer,21
2024-06-01,04,Södermanland,PHEV,private,44
2024-06-01,05,Östergötland,BEV,company,103
2024-06-01,05,Östergötland,BEV,dealer,19
2024-06-01,05,Östergötland,BEV,private,123
2024-06-01,05,Östergötland,DIESEL,company,41
2024-06-01,05,Östergötland,DIESEL,dealer,1
2024-06-01,05,Östergötland,DIESEL,private,29
2024-06-01,05,Östergötland,ETHANOL,company,4
2024-06-01,05,Östergötland,ETHANOL,dealer,2
2024-06-01,05,Östergötland,ETHANOL,private,10
2024-06-01,05,Östergötland,GAS,private,1
2024-06-01,05,Östergötland,HEV,company,16
2024-06-01,05,Östergötland,HEV,dealer,32
2024-06-01,05,Östergötland,HEV,private,44
2024-06-01,05,Östergötland,PETROL,company,49
2024-06-01,05,Östergötland,PETROL,dealer,38
2024-06-01,05,Östergötland,PETROL,private,113
2024-06-01,05,Östergötland,PHEV,company,56
2024-06-01,05,Östergötland,PHEV,dealer,28
2024-06-01,05,Östergötland,PHEV,private,38
2024-06-01,06,Jönköping,BEV,company,118
2024-06-01,06,Jönköping,BEV,dealer,38
2024-06-01,06,Jönköping,BEV,private,132
2024-06-01,06,Jönköping,DIESEL,company,45
2024-06-01,06,Jönköping,DIESEL,dealer,11
2024-06-01,06,Jönköping,DIESEL,private,22
2024-06-01,06,Jönköping,ETHANOL,company,4
2024-06-01,06,Jönköping,ETHANOL,dealer,5
2024-06-01,06,Jönköping,ETHANOL,private,8
2024-06-01,06,Jönköping,GAS,dealer,32
2024-06-01,06,Jönköping,HEV,company,52
2024-06-01,06,Jönköping,HEV,dealer,42
2024-06-01,06,Jönköping,HEV,private,37
2024-06-01,06,Jönköping,PETROL,company,74
2024-06-01,06,Jönköping,PETROL,dealer,64
2024-06-01,06,Jönköping,PETROL,private,137
2024-06-01,06,Jönköping,PHEV,company,66
2024-06-01,06,Jönköping,PHEV,dealer,47
2024-06-01,06,Jönköping,PHEV,private,30
2024-06-01,07,Kronoberg,BEV,company,33
2024-06-01,07,Kronoberg,BEV,dealer,10
2024-06-01,07,Kronoberg,BEV,private,45
2024-06-01,07,Kronoberg,DIESEL,company,13
2024-06-01,07,Kronoberg,DIESEL,dealer,3
2024-06-01,07,Kronoberg,DIESEL,private,10
2024-06-01,07,Kronoberg,ETHANOL,dealer,1
2024-06-01,07,Kronoberg,ETHANOL,private,3
2024-06-01,07,Kronoberg,HEV,company,6
2024-06-01,07,Kronoberg,HEV,dealer,13
2024-06-01,07,Kronoberg,HEV,private,10
2024-06-01,07,Kronoberg,PETROL,company,14
2024-06-01,07,Kronoberg,PETROL,dealer,23
2024-06-01,07,Kronoberg,PETROL,private,71
2024-06-01,07,Kronoberg,PHEV,company,33
2024-06-01,07,Kronoberg,PHEV,dealer,26
2024-06-01,07,Kronoberg,PHEV,private,21
2024-06-01,08,Kalmar,BEV,company,24
2024-06-01,08,Kalmar,BEV,dealer,22
2024-06-01,08,Kalmar,BEV,private,49
2024-06-01,08,Kalmar,DIESEL,company,35
2024-06-01,08,Kalmar,DIESEL,dealer,12
2024-06-01,08,Kalmar,DIESEL,private,13
2024-06-01,08,Kalmar,ETHANOL,company,1
2024-06-01,08,Kalmar,ETHANOL,private,1
2024-06-01,08,Kalmar,HEV,company,6
2024-06-01,08,Kalmar,HEV,dealer,6
2024-06-01,08,Kalmar,HEV,private,17
2024-06-01,08,Kalmar,PETROL,company,22
2024-06-01,08,Kalmar,PETROL,dealer,40
2024-06-01,08,Kalmar,PETROL,private,68
2024-06-01,08,Kalmar,PHEV,company,22
2024-06-01,08,Kalmar,PHEV,dealer,18
2024-06-01,08,Kalmar,PHEV,private,14
2024-06-01,09,Gotland,BEV,company,15
2024-06-01,09,Gotland,BEV,dealer,4
2024-06-01,09,Gotland,BEV,private,15
2024-06-01,09,Gotland,DIESEL,company,3
2024-06-01,09,Gotland,DIESEL,dealer,1
2024-06-01,09,Gotland,ETHANOL,company,5
2024-06-01,09,Gotland,ETHANOL,dealer,2
2024-06-01,09,Gotland,HEV,company,4
2024-06-01,09,Gotland,HEV,private,6
2024-06-01,09,Gotland,PETROL,company,11
2024-06-01,09,Gotland,PETROL,dealer,6
2024-06-01,09,Gotland,PETROL,private,12
2024-06-01,09,Gotland,PHEV,company,4
2024-06-01,09,Gotland,PHEV,dealer,2
2024-06-01,09,Gotland,PHEV,private,1
2024-06-01,10,Blekinge,BEV,company,14
2024-06-01,10,Blekinge,BEV,dealer,15
2024-06-01,10,Blekinge,BEV,private,37
2024-06-01,10,Blekinge,DIESEL,company,13
2024-06-01,10,Blekinge,DIESEL,dealer,2
2024-06-01,10,Blekinge,DIESEL,private,9
2024-06-01,10,Blekinge,ETHANOL,dealer,3
2024-06-01,10,Blekinge,ETHANOL,private,3
2024-06-01,10,Blekinge,GAS,company,3
2024-06-01,10,Blekinge,HEV,company,7
2024-06-01,10,Blekinge,HEV,dealer,2
2024-06-01,10,Blekinge,HEV,private,11
2024-06-01,10,Blekinge,PETROL,company,22
2024-06-01,10,Blekinge,PETROL,dealer,16
2024-06-01,10,Blekinge,PETROL,private,41
2024-06-01,10,Blekinge,PHEV,company,8
2024-06-01,10,Blekinge,PHEV,dealer,17
2024-06-01,10,Blekinge,PHEV,private,21
2024-06-01,12,Skåne,BEV,company,421
2024-06-01,12,Skåne,BEV,dealer,114
2024-06-01,12,Skåne,BEV,private,450
2024-06-01,12,Skåne,DIESEL,company,257
2024-06-01,12,Skåne,DIESEL,dealer,125
2024-06-01,12,Skåne,DIESEL,private,70
2024-06-01,12,Skåne,ETHANOL,company,5
2024-06-01,12,Skåne,ETHANOL,dealer,3
2024-06-01,12,Skåne,ETHANOL,private,15
2024-06-01,12,Skåne,GAS,company,12
2024-06-01,12,Skåne,HEV,company,72
2024-06-01,12,Skåne,HEV,dealer,76
2024-06-01,12,Skåne,HEV,private,88
2024-06-01,12,Skåne,OTHER,private,2
2024-06-01,12,Skåne,PETROL,company,419
2024-06-01,12,Skåne,PETROL,dealer,293
2024-06-01,12,Skåne,PETROL,private,428
2024-06-01,12,Skåne,PHEV,company,306
2024-06-01,12,Skåne,PHEV,dealer,181
2024-06-01,12,Skåne,PHEV,private,117
2024-06-01,13,Halland,BEV,company,87
2024-06-01,13,Halland,BEV,dealer,12
2024-06-01,13,Halland,BEV,private,150
2024-06-01,13,Halland,DIESEL,company,13
2024-06-01,13,Halland,DIESEL,dealer,7
2024-06-01,13,Halland,DIESEL,private,24
2024-06-01,13,Halland,ETHANOL,company,4
2024-06-01,13,Halland,ETHANOL,dealer,4
2024-06-01,13,Halland,ETHANOL,private,5
2024-06-01,13,Halland,HEV,company,12
2024-06-01,13,Halland,HEV,dealer,4
2024-06-01,13,Halland,HEV,private,30
2024-06-01,13,Halland,PETROL,company,34
2024-06-01,13,Halland,PETROL,dealer,32
2024-06-01,13,Halland,PETROL,private,111
2024-06-01,13,Halland,PHEV,company,32
2024-06-01,13,Halland,PHEV,dealer,25
2024-06-01,13,Halland,PHEV,private,37
2024-06-01,14,Västra Götaland,BEV,company,628
2024-06-01,14,Västra Götaland,BEV,dealer,132
2024-06-01,14,Västra Götaland,BEV,private,699
2024-06-01,14,Västra Götaland,DIESEL,company,113
2024-06-01,14,Västra Götaland,DIESEL,dealer,137
2024-06-01,14,Västra Götaland,DIESEL,private,103
2024-06-01,14,Västra Götaland,ETHANOL,company,5
2024-06-01,14,Västra Götaland,ETHANOL,dealer,7
2024-06-01,14,Västra Götaland,ETHANOL,private,11
2024-06-01,14,Västra Götaland,HEV,company,97
2024-06-01,14,Västra Götaland,HEV,dealer,189
2024-06-01,14,Västra Götaland,HEV,private,153
2024-06-01,14,Västra Götaland,OTHER,dealer,2
2024-06-01,14,Västra Götaland,OTHER,private,1
2024-06-01,14,Västra Götaland,PETROL,company,204
2024-06-01,14,Västra Götaland,PETROL,dealer,242
2024-06-01,14,Västra Götaland,PETROL,private,572
2024-06-01,14,Västra Götaland,PHEV,company,276
2024-06-01,14,Västra Götaland,PHEV,dealer,329
2024-06-01,14,Västra Götaland,PHEV,private,174
2024-06-01,17,Värmland,BEV,company,46
2024-06-01,17,Värmland,BEV,dealer,18
2024-06-01,17,Värmland,BEV,private,60
2024-06-01,17,Värmland,DIESEL,company,88
2024-06-01,17,Värmland,DIESEL,dealer,17
2024-06-01,17,Värmland,DIESEL,private,21
2024-06-01,17,Värmland,ETHANOL,company,1
2024-06-01,17,Värmland,ETHANOL,private,5
2024-06-01,17,Värmland,HEV,company,38
2024-06-01,17,Värmland,HEV,dealer,10
2024-06-01,17,Värmland,HEV,private,13
2024-06-01,17,Värmland,OTHER,company,1
2024-06-01,17,Värmland,PETROL,company,69
2024-06-01,17,Värmland,PETROL,dealer,42
2024-06-01,17,Värmland,PETROL,private,46
2024-06-01,17,Värmland,PHEV,company,32
2024-06-01,17,Värmland,PHEV,dealer,21
2024-06-01,17,Värmland,PHEV,private,27
2024-06-01,18,Örebro,BEV,company,47
2024-06-01,18,Örebro,BEV,dealer,15
2024-06-01,18,Örebro,BEV,private,79
2024-06-01,18,Örebro,DIESEL,company,16
2024-06-01,18,Örebro,DIESEL,dealer,4
2024-06-01,18,Örebro,DIESEL,private,16
2024-06-01,18,Örebro,ETHANOL,company,4
2024-06-01,18,Örebro,ETHANOL,dealer,1
2024-06-01,18,Örebro,ETHANOL,private,7
2024-06-01,18,Örebro,HEV,company,3
2024-06-01,18,Örebro,HEV,dealer,20
2024-06-01,18,Örebro,HEV,private,18
2024-06-01,18,Örebro,PETROL,company,38
2024-06-01,18,Örebro,PETROL,dealer,23
2024-06-01,18,Örebro,PETROL,private,65
2024-06-01,18,Örebro,PHEV,company,33
2024-06-01,18,Örebro,PHEV,dealer,24
2024-06-01,18,Örebro,PHEV,private,33
2024-06-01,19,Västmanland,BEV,company,30
2024-06-01,19,Västmanland,BEV,dealer,16
2024-06-01,19,Västmanland,BEV,private,67
2024-06-01,19,Västmanland,DIESEL,company,8
2024-06-01,19,Västmanland,DIESEL,dealer,10
2024-06-01,19,Västmanland,DIESEL,private,17
2024-06-01,19,Västmanland,ETHANOL,dealer,1
2024-06-01,19,Västmanland,ETHANOL,private,4
2024-06-01,19,Västmanland,HEV,company,11
2024-06-01,19,Västmanland,HEV,private,16
2024-06-01,19,Västmanland,PETROL,company,26
2024-06-01,19,Västmanland,PETROL,dealer,17
2024-06-01,19,Västmanland,PETROL,private,77
2024-06-01,19,Västmanland,PHEV,company,27
2024-06-01,19,Västmanland,PHEV,dealer,19
2024-06-01,19,Västmanland,PHEV,private,40
2024-06-01,20,Dalarna,BEV,company,44
2024-06-01,20,Dalarna,BEV,dealer,31
2024-06-01,20,Dalarna,BEV,private,40
2024-06-01,20,Dalarna,DIESEL,company,17
2024-06-01,20,Dalarna,DIESEL,private,23
2024-06-01,20,Dalarna,ETHANOL,company,2
2024-06-01,20,Dalarna,ETHANOL,dealer,2
2024-06-01,20,Dalarna,ETHANOL,private,5
2024-06-01,20,Dalarna,HEV,company,19
2024-06-01,20,Dalarna,HEV,dealer,11
2024-06-01,20,Dalarna,HEV,private,18
2024-06-01,20,Dalarna,PETROL,company,28
2024-06-01,20,Dalarna,PETROL,dealer,28
2024-06-01,20,Dalarna,PETROL,private,50
2024-06-01,20,Dalarna,PHEV,company,38
2024-06-01,20,Dalarna,PHEV,dealer,49
2024-06-01,20,Dalarna,PHEV,private,29
2024-06-01,21,Gävleborg,BEV,company,40
2024-06-01,21,Gävleborg,BEV,dealer,22
2024-06-01,21,Gävleborg,BEV,private,50
2024-06-01,21,Gävleborg,DIESEL,company,11
2024-06-01,21,Gävleborg,DIESEL,dealer,5
2024-06-01,21,Gävleborg,DIESEL,private,12
2024-06-01,21,Gävleborg,ETHANOL,company,4
2024-06-01,21,Gävleborg,ETHANOL,dealer,2
2024-06-01,21,Gävleborg,ETHANOL,private,10
2024-06-01,21,Gävleborg,HEV,company,23
2024-06-01,21,Gävleborg,HEV,dealer,14
2024-06-01,21,Gävleborg,HEV,private,31
2024-06-01,21,Gävleborg,PETROL,company,30
2024-06-01,21,Gävleborg,PETROL,dealer,38
2024-06-01,21,Gävleborg,PETROL,private,43
2024-06-01,21,Gävleborg,PHEV,company,27
2024-06-01,21,Gävleborg,PHEV,dealer,29
2024-06-01,21,Gävleborg,PHEV,private,24
2024-06-01,22,Västernorrland,BEV,company,29
2024-06-01,22,Västernorrland,BEV,dealer,17
2024-06-01,22,Västernorrland,BEV,private,44
2024-06-01,22,Västernorrland,DIESEL,company,40
2024-06-01,22,Västernorrland,DIESEL,dealer,7
2024-06-01,22,Västernorrland,DIESEL,private,7
2024-06-01,22,Västernorrland,ETHANOL,company,3
2024-06-01,22,Västernorrland,ETHANOL,private,6
2024-06-01,22,Västernorrland,HEV,company,10
2024-06-01,22,Västernorrland,HEV,dealer,7
2024-06-01,22,Västernorrland,HEV,private,12
2024-06-01,22,Västernorrland,PETROL,company,27
2024-06-01,22,Västernorrland,PETROL,dealer,11
2024-06-01,22,Västernorrland,PETROL,private,43
2024-06-01,22,Västernorrland,PHEV,company,17
2024-06-01,22,Västernorrland,PHEV,dealer,17
2024-06-01,22,Västernorrland,PHEV,private,27
2024-06-01,23,Jämtland,BEV,company,26
2024-06-01,23,Jämtland,BEV,dealer,2
2024-06-01,23,Jämtland,BEV,private,21
2024-06-01,23,Jämtland,DIESEL,company,16
2024-06-01,23,Jämtland,DIESEL,dealer,10
2024-06-01,23,Jämtland,DIESEL,private,11
2024-06-01,23,Jämtland,ETHANOL,company,1
2024-06-01,23,Jämtland,ETHANOL,dealer,3
2024-06-01,23,Jämtland,ETHANOL,private,1
2024-06-01,23,Jämtland,GAS,company,2
2024-06-01,23,Jämtland,HEV,company,11
2024-06-01,23,Jämtland,HEV,dealer,2
2024-06-01,23,Jämtland,HEV,private,5
2024-06-01,23,Jämtland,PETROL,company,8
2024-06-01,23,Jämtland,PETROL,dealer,8
2024-06-01,23,Jämtland,PETROL,private,10
2024-06-01,23,Jämtland,PHEV,company,17
2024-06-01,23,Jämtland,PHEV,dealer,5
2024-06-01,23,Jämtland,PHEV,private,1
2024-06-01,24,Västerbotten,BEV,company,41
2024-06-01,24,Västerbotten,BEV,dealer,20
2024-06-01,24,Västerbotten,BEV,private,89
2024-06-01,24,Västerbotten,DIESEL,company,11
2024-06-01,24,Västerbotten,DIESEL,dealer,8
2024-06-01,24,Västerbotten,DIESEL,private,14
2024-06-01,24,Västerbotten,ETHANOL,company,3
2024-06-01,24,Västerbotten,ETHANOL,dealer,17
2024-06-01,24,Västerbotten,ETHANOL,private,2
2024-06-01,24,Västerbotten,HEV,company,7
2024-06-01,24,Västerbotten,HEV,dealer,7
2024-06-01,24,Västerbotten,HEV,private,13
2024-06-01,24,Västerbotten,PETROL,company,27
2024-06-01,24,Västerbotten,PETROL,dealer,24
2024-06-01,24,Västerbotten,PETROL,private,37
2024-06-01,24,Västerbotten,PHEV,company,8
2024-06-01,24,Västerbotten,PHEV,dealer,25
2024-06-01,24,Västerbotten,PHEV,private,18
2024-06-01,25,Norrbotten,BEV,company,44
2024-06-01,25,Norrbotten,BEV,dealer,13
2024-06-01,25,Norrbotten,BEV,private,64
2024-06-01,25,Norrbotten,DIESEL,company,36
2024-06-01,25,Norrbotten,DIESEL,dealer,9
2024-06-01,25,Norrbotten,DIESEL,private,20
2024-06-01,25,Norrbotten,ETHANOL,company,2
2024-06-01,25,Norrbotten,ETHANOL,dealer,2
2024-06-01,25,Norrbotten,ETHANOL,private,5
2024-06-01,25,Norrbotten,HEV,company,44
2024-06-01,25,Norrbotten,HEV,dealer,7
2024-06-01,25,Norrbotten,HEV,private,13
2024-06-01,25,Norrbotten,PETROL,company,23
2024-06-01,25,Norrbotten,PETROL,dealer,6
2024-06-01,25,Norrbotten,PETROL,private,28
2024-06-01,25,Norrbotten,PHEV,company,16
2024-06-01,25,Norrbotten,PHEV,dealer,16
2024-06-01,25,Norrbotten,PHEV,private,11
2024-07-01,01,Stockholm,BEV,company,1606
2024-07-01,01,Stockholm,BEV,dealer,465
2024-07-01,01,Stockholm,BEV,private,451
2024-07-01,01,Stockholm,DIESEL,company,259
2024-07-01,01,Stockholm,DIESEL,dealer,30
2024-07-01,01,Stockholm,DIESEL,private,76
2024-07-01,01,Stockholm,ETHANOL,company,9
2024-07-01,01,Stockholm,ETHANOL,dealer,6
2024-07-01,01,Stockholm,ETHANOL,private,15
2024-07-01,01,Stockholm,GAS,company,3
2024-07-01,01,Stockholm,HEV,company,107
2024-07-01,01,Stockholm,HEV,dealer,71
2024-07-01,01,Stockholm,HEV,private,163
2024-07-01,01,Stockholm,OTHER,private,1
2024-07-01,01,Stockholm,PETROL,company,452
2024-07-01,01,Stockholm,PETROL,dealer,227
2024-07-01,01,Stockholm,PETROL,private,460
2024-07-01,01,Stockholm,PHEV,company,1194
2024-07-01,01,Stockholm,PHEV,dealer,329
2024-07-01,01,Stockholm,PHEV,private,192
2024-07-01,03,Uppsala,BEV,company,31
2024-07-01,03,Uppsala,BEV,dealer,12
2024-07-01,03,Uppsala,BEV,private,52
2024-07-01,03,Uppsala,DIESEL,company,11
2024-07-01,03,Uppsala,DIESEL,dealer,5
2024-07-01,03,Uppsala,DIESEL,private,22
2024-07-01,03,Uppsala,ETHANOL,company,1
2024-07-01,03,Uppsala,ETHANOL,dealer,9
2024-07-01,03,Uppsala,ETHANOL,private,2
2024-07-01,03,Uppsala,HEV,company,9
2024-07-01,03,Uppsala,HEV,dealer,11
2024-07-01,03,Uppsala,HEV,private,34
2024-07-01,03,Uppsala,PETROL,company,13
2024-07-01,03,Uppsala,PETROL,dealer,25
2024-07-01,03,Uppsala,PETROL,private,64
2024-07-01,03,Uppsala,PHEV,company,85
2024-07-01,03,Uppsala,PHEV,dealer,10
2024-07-01,03,Uppsala,PHEV,private,25
2024-07-01,04,Södermanland,BEV,company,17
2024-07-01,04,Södermanland,BEV,dealer,15
2024-07-01,04,Södermanland,BEV,private,37
2024-07-01,04,Södermanland,DIESEL,company,15
2024-07-01,04,Södermanland,DIESEL,dealer,4
2024-07-01,04,Södermanland,DIESEL,private,16
2024-07-01,04,Södermanland,ETHANOL,dealer,2
2024-07-01,04,Södermanland,HEV,company,6
2024-07-01,04,Södermanland,HEV,dealer,9
2024-07-01,04,Södermanland,HEV,private,15
2024-07-01,04,Södermanland,PETROL,company,15
2024-07-01,04,Södermanland,PETROL,dealer,25
2024-07-01,04,Södermanland,PETROL,private,62
2024-07-01,04,Södermanland,PHEV,company,18
2024-07-01,04,Södermanland,PHEV,dealer,20
2024-07-01,04,Södermanland,PHEV,private,26
2024-07-01,05,Östergötland,BEV,company,73
2024-07-01,05,Östergötland,BEV,dealer,14
2024-07-01,05,Östergötland,BEV,private,87
2024-07-01,05,Östergötland,DIESEL,company,21
2024-07-01,05,Östergötland,DIESEL,dealer,2
2024-07-01,05,Östergötland,DIESEL,private,24
2024-07-01,05,Östergötland,ETHANOL,dealer,1
2024-07-01,05,Östergötland,ETHANOL,private,3
2024-07-01,05,Östergötland,HEV,company,9
2024-07-01,05,Östergötland,HEV,dealer,32
2024-07-01,05,Östergötland,HEV,private,29
2024-07-01,05,Östergötland,PETROL,company,32
2024-07-01,05,Östergötland,PETROL,dealer,25
2024-07-01,05,Östergötland,PETROL,private,98
2024-07-01,05,Östergötland,PHEV,company,40
2024-07-01,05,Östergötland,PHEV,dealer,15
2024-07-01,05,Östergötland,PHEV,private,40
2024-07-01,06,Jönköping,BEV,company,47
2024-07-01,06,Jönköping,BEV,dealer,57
2024-07-01,06,Jönköping,BEV,private,47
2024-07-01,06,Jönköping,DIESEL,company,36
2024-07-01,06,Jönköping,DIESEL,dealer,34
2024-07-01,06,Jönköping,DIESEL,private,28
2024-07-01,06,Jönköping,ETHANOL,company,2
2024-07-01,06,Jönköping,ETHANOL,private,2
2024-07-01,06,Jönköping,HEV,company,36
2024-07-01,06,Jönköping,HEV,dealer,15
2024-07-01,06,Jönköping,HEV,private,37
2024-07-01,06,Jönköping,PETROL,company,90
2024-07-01,06,Jönköping,PETROL,dealer,30
2024-07-01,06,Jönköping,PETROL,private,78
2024-07-01,06,Jönköping,PHEV,company,41
2024-07-01,06,Jönköping,PHEV,dealer,39
2024-07-01,06,Jönköping,PHEV,private,27
2024-07-01,07,Kronoberg,BEV,company,20
2024-07-01,07,Kronoberg,BEV,dealer,7
2024-07-01,07,Kronoberg,BEV,private,44
2024-07-01,07,Kronoberg,DIESEL,company,11
2024-07-01,07,Kronoberg,DIESEL,dealer,3
2024-07-01,07,Kronoberg,DIESEL,private,6
2024-07-01,07,Kronoberg,ETHANOL,company,2
2024-07-01,07,Kronoberg,ETHANOL,private,1
2024-07-01,07,Kronoberg,HEV,company,6
2024-07-01,07,Kronoberg,HEV,dealer,7
2024-07-01,07,Kronoberg,HEV,private,9
2024-07-01,07,Kronoberg,PETROL,company,8
2024-07-01,07,Kronoberg,PETROL,dealer,14
2024-07-01,07,Kronoberg,PETROL,private,46
2024-07-01,07,Kronoberg,PHEV,company,20
2024-07-01,07,Kronoberg,PHEV,dealer,15
2024-07-01,07,Kronoberg,PHEV,private,14
2024-07-01,08,Kalmar,BEV,company,16
2024-07-01,08,Kalmar,BEV,dealer,20
2024-07-01,08,Kalmar,BEV,private,24
2024-07-01,08,Kalmar,DIESEL,company,35
2024-07-01,08,Kalmar,DIESEL,dealer,5
2024-07-01,08,Kalmar,DIESEL,private,15
2024-07-01,08,Kalmar,ETHANOL,company,1
2024-07-01,08,Kalmar,ETHANOL,private,1
2024-07-01,08,Kalmar,HEV,company,6
2024-07-01,08,Kalmar,HEV,dealer,9
2024-07-01,08,Kalmar,HEV,private,12
2024-07-01,08,Kalmar,PETROL,company,10
2024-07-01,08,Kalmar,PETROL,dealer,20
2024-07-01,08,Kalmar,PETROL,private,47
2024-07-01,08,Kalmar,PHEV,company,12
2024-07-01,08,Kalmar,PHEV,dealer,27
2024-07-01,08,Kalmar,PHEV,private,14
2024-07-01,09,Gotland,BEV,company,11
2024-07-01,09,Gotland,BEV,dealer,3
2024-07-01,09,Gotland,BEV,private,5
2024-07-01,09,Gotland,DIESEL,company,7
2024-07-01,09,Gotland,DIESEL,dealer,4
2024-07-01,09,Gotland,HEV,dealer,5
2024-07-01,09,Gotland,HEV,private,1
2024-07-01,09,Gotland,PETROL,company,1
2024-07-01,09,Gotland,PETROL,dealer,3
2024-07-01,09,Gotland,PETROL,private,7
2024-07-01,09,Gotland,PHEV,company,2
2024-07-01,09,Gotland,PHEV,dealer,6
2024-07-01,09,Gotland,PHEV,private,3
2024-07-01,10,Blekinge,BEV,company,8
2024-07-01,10,Blekinge,BEV,dealer,7
2024-07-01,10,Blekinge,BEV,private,26
2024-07-01,10,Blekinge,DIESEL,company,8
2024-07-01,10,Blekinge,DIESEL,dealer,3
2024-07-01,10,Blekinge,DIESEL,private,8
2024-07-01,10,Blekinge,ETHANOL,company,1
2024-07-01,10,Blekinge,HEV,company,2
2024-07-01,10,Blekinge,HEV,dealer,4
2024-07-01,10,Blekinge,HEV,private,8
2024-07-01,10,Blekinge,PETROL,company,6
2024-07-01,10,Blekinge,PETROL,dealer,14
2024-07-01,10,Blekinge,PETROL,private,30
2024-07-01,10,Blekinge,PHEV,company,8
2024-07-01,10,Blekinge,PHEV,dealer,6
2024-07-01,10,Blekinge,PHEV,private,14
2024-07-01,12,Skåne,BEV,company,210
2024-07-01,12,Skåne,BEV,dealer,261
2024-07-01,12,Skåne,BEV,private,289
2024-07-01,12,Skåne,DIESEL,company,197
2024-07-01,12,Skåne,DIESEL,dealer,106
2024-07-01,12,Skåne,DIESEL,private,76
2024-07-01,12,Skåne,ETHANOL,company,2
2024-07-01,12,Skåne,ETHANOL,dealer,3
2024-07-01,12,Skåne,ETHANOL,private,4
2024-07-01,12,Skåne,GAS,company,5
2024-07-01,12,Skåne,HEV,company,35
2024-07-01,12,Skåne,HEV,dealer,53
2024-07-01,12,Skåne,HEV,private,74
2024-07-01,12,Skåne,OTHER,private,1
2024-07-01,12,Skåne,PETROL,company,180
2024-07-01,12,Skåne,PETROL,dealer,138
2024-07-01,12,Skåne,PETROL,private,343
2024-07-01,12,Skåne,PHEV,company,346
2024-07-01,12,Skåne,PHEV,dealer,282
2024-07-01,12,Skåne,PHEV,private,119
2024-07-01,13,Halland,BEV,company,40
2024-07-01,13,Halland,BEV,dealer,28
2024-07-01,13,Halland,BEV,private,103
2024-07-01,13,Halland,DIESEL,company,18
2024-07-01,13,Halland,DIESEL,dealer,1
2024-07-01,13,Halland,DIESEL,private,33
2024-07-01,13,Halland,ETHANOL,company,1
2024-07-01,13,Halland,ETHANOL,private,2
2024-07-01,13,Halland,HEV,company,12
2024-07-01,13,Halland,HEV,dealer,9
2024-07-01,13,Halland,HEV,private,19
2024-07-01,13,Halland,PETROL,company,29
2024-07-01,13,Halland,PETROL,dealer,21
2024-07-01,13,Halland,PETROL,private,85
2024-07-01,13,Halland,PHEV,company,34
2024-07-01,13,Halland,PHEV,dealer,17
2024-07-01,13,Halland,PHEV,private,30
2024-07-01,14,Västra Götaland,BEV,company,315
2024-07-01,14,Västra Götaland,BEV,dealer,139
2024-07-01,14,Västra Götaland,BEV,private,333
2024-07-01,14,Västra Götaland,DIESEL,company,61
2024-07-01,14,Västra Götaland,DIESEL,dealer,72
2024-07-01,14,Västra Götaland,DIESEL,private,115
2024-07-01,14,Västra Götaland,ETHANOL,company,6
2024-07-01,14,Västra Götaland,ETHANOL,dealer,3
2024-07-01,14,Västra Götaland,ETHANOL,private,13
2024-07-01,14,Västra Götaland,HEV,company,50
2024-07-01,14,Västra Götaland,HEV,dealer,98
2024-07-01,14,Västra Götaland,HEV,private,126
2024-07-01,14,Västra Götaland,PETROL,company,71
2024-07-01,14,Västra Götaland,PETROL,dealer,156
2024-07-01,14,Västra Götaland,PETROL,private,383
2024-07-01,14,Västra Götaland,PHEV,company,208
2024-07-01,14,Västra Götaland,PHEV,dealer,273
2024-07-01,14,Västra Götaland,PHEV,private,132
2024-07-01,17,Värmland,BEV,company,19
2024-07-01,17,Värmland,BEV,dealer,15
2024-07-01,17,Värmland,BEV,private,26
2024-07-01,17,Värmland,DIESEL,company,45
2024-07-01,17,Värmland,DIESEL,dealer,13
2024-07-01,17,Värmland,DIESEL,private,15
2024-07-01,17,Värmland,ETHANOL,company,2
2024-07-01,17,Värmland,ETHANOL,dealer,1
2024-07-01,17,Värmland,ETHANOL,private,1
2024-07-01,17,Värmland,HEV,company,20
2024-07-01,17,Värmland,HEV,dealer,6
2024-07-01,17,Värmland,HEV,private,17
2024-07-01,17,Värmland,PETROL,company,86
2024-07-01,17,Värmland,PETROL,dealer,18
2024-07-01,17,Värmland,PETROL,private,67
2024-07-01,17,Värmland,PHEV,company,21
2024-07-01,17,Värmland,PHEV,dealer,14
2024-07-01,17,Värmland,PHEV,private,25
2024-07-01,18,Örebro,BEV,company,41
2024-07-01,18,Örebro,BEV,dealer,10
2024-07-01,18,Örebro,BEV,private,54
2024-07-01,18,Örebro,DIESEL,company,12
2024-07-01,18,Örebro,DIESEL,dealer,1
2024-07-01,18,Örebro,DIESEL,private,25
2024-07-01,18,Örebro,ETHANOL,company,1
2024-07-01,18,Örebro,ETHANOL,private,2
2024-07-01,18,Örebro,HEV,company,6
2024-07-01,18,Örebro,HEV,dealer,11
2024-07-01,18,Örebro,HEV,private,12
2024-07-01,18,Örebro,PETROL,company,8
2024-07-01,18,Örebro,PETROL,dealer,18
2024-07-01,18,Örebro,PETROL,private,73
2024-07-01,18,Örebro,PHEV,company,21
2024-07-01,18,Örebro,PHEV,dealer,9
2024-07-01,18,Örebro,PHEV,private,19
2024-07-01,19,Västmanland,BEV,company,29
2024-07-01,19,Västmanland,BEV,dealer,17
2024-07-01,19,Västmanland,BEV,private,42
2024-07-01,19,Västmanland,DIESEL,company,10
2024-07-01,19,Västmanland,DIESEL,dealer,4
2024-07-01,19,Västmanland,DIESEL,private,16
2024-07-01,19,Västmanland,ETHANOL,company,2
2024-07-01,19,Västmanland,ETHANOL,private,3
2024-07-01,19,Västmanland,GAS,private,1
2024-07-01,19,Västmanland,HEV,company,4
2024-07-01,19,Västmanland,HEV,dealer,3
2024-07-01,19,Västmanland,HEV,private,8
2024-07-01,19,Västmanland,PETROL,company,8
2024-07-01,19,Västmanland,PETROL,dealer,13
2024-07-01,19,Västmanland,PETROL,private,58
2024-07-01,19,Västmanland,PHEV,company,25
2024-07-01,19,Västmanland,PHEV,dealer,34
2024-07-01,19,Västmanland,PHEV,private,26
2024-07-01,20,Dalarna,BEV,company,15
2024-07-01,20,Dalarna,BEV,dealer,8
2024-07-01,20,Dalarna,BEV,private,23
2024-07-01,20,Dalarna,DIESEL,company,16
2024-07-01,20,Dalarna,DIESEL,private,22
2024-07-01,20,Dalarna,ETHANOL,company,2
2024-07-01,20,Dalarna,ETHANOL,dealer,2
2024-07-01,20,Dalarna,ETHANOL,private,1
2024-07-01,20,Dalarna,HEV,company,5
2024-07-01,20,Dalarna,HEV,dealer,6
2024-07-01,20,Dalarna,HEV,private,7
2024-07-01,20,Dalarna,PETROL,company,18
2024-07-01,20,Dalarna,PETROL,dealer,24
2024-07-01,20,Dalarna,PETROL,private,31
2024-07-01,20,Dalarna,PHEV,company,21
2024-07-01,20,Dalarna,PHEV,dealer,59
2024-07-01,20,Dalarna,PHEV,private,24
2024-07-01,21,Gävleborg,BEV,company,18
2024-07-01,21,Gävleborg,BEV,dealer,21
2024-07-01,21,Gävleborg,BEV,private,28
2024-07-01,21,Gävleborg,DIESEL,company,9
2024-07-01,21,Gävleborg,DIESEL,dealer,1
2024-07-01,21,Gävleborg,DIESEL,private,18
2024-07-01,21,Gävleborg,ETHANOL,company,4
2024-07-01,21,Gävleborg,ETHANOL,dealer,1
2024-07-01,21,Gävleborg,ETHANOL,private,4
2024-07-01,21,Gävleborg,HEV,company,9
2024-07-01,21,Gävleborg,HEV,dealer,15
2024-07-01,21,Gävleborg,HEV,private,25
2024-07-01,21,Gävleborg,PETROL,company,8
2024-07-01,21,Gävleborg,PETROL,dealer,30
2024-07-01,21,Gävleborg,PETROL,private,45
2024-07-01,21,Gävleborg,PHEV,company,11
2024-07-01,21,Gävleborg,PHEV,dealer,30
2024-07-01,21,Gävleborg,PHEV,private,24
2024-07-01,22,Västernorrland,BEV,company,19
2024-07-01,22,Västernorrland,BEV,dealer,13
2024-07-01,22,Västernorrland,BEV,private,31
2024-07-01,22,Västernorrland,DIESEL,company,27
2024-07-01,22,Västernorrland,DIESEL,dealer,3
2024-07-01,22,Västernorrland,DIESEL,private,14
2024-07-01,22,Västernorrland,ETHANOL,dealer,1
2024-07-01,22,Västernorrland,ETHANOL,private,3
2024-07-01,22,Västernorrland,HEV,company,9
2024-07-01,22,Västernorrland,HEV,dealer,10
2024-07-01,22,Västernorrland,HEV,private,12
2024-07-01,22,Västernorrland,PETROL,company,20
2024-07-01,22,Västernorrland,PETROL,dealer,13
2024-07-01,22,Västernorrland,PETROL,private,35
2024-07-01,22,Västernorrland,PHEV,company,16
2024-07-01,22,Västernorrland,PHEV,dealer,47
2024-07-01,22,Västernorrland,PHEV,private,18
2024-07-01,23,Jämtland,BEV,company,9
2024-07-01,23,Jämtland,BEV,dealer,3
2024-07-01,23,Jämtland,BEV,private,7
2024-07-01,23,Jämtland,DIESEL,company,12
2024-07-01,23,Jämtland,DIESEL,dealer,1
2024-07-01,23,Jämtland,DIESEL,private,5
2024-07-01,23,Jämtland,ETHANOL,dealer,2
2024-07-01,23,Jämtland,ETHANOL,private,1
2024-07-01,23,Jämtland,HEV,company,11
2024-07-01,23,Jämtland,HEV,dealer,1
2024-07-01,23,Jämtland,HEV,private,5
2024-07-01,23,Jämtland,PETROL,company,4
2024-07-01,23,Jämtland,PETROL,dealer,2
2024-07-01,23,Jämtland,PETROL,private,7
2024-07-01,23,Jämtland,PHEV,company,6
2024-07-01,23,Jämtland,PHEV,dealer,7
2024-07-01,23,Jämtland,PHEV,private,4
2024-07-01,24,Västerbotten,BEV,company,23
2024-07-01,24,Västerbotten,BEV,dealer,14
2024-07-01,24,Västerbotten,BEV,private,40
2024-07-01,24,Västerbotten,DIESEL,company,8
2024-07-01,24,Västerbotten,DIESEL,dealer,2
2024-07-01,24,Västerbotten,DIESEL,private,12
2024-07-01,24,Västerbotten,ETHANOL,company,2
2024-07-01,24,Västerbotten,ETHANOL,dealer,3
2024-07-01,24,Västerbotten,ETHANOL,private,3
2024-07-01,24,Västerbotten,HEV,company,4
2024-07-01,24,Västerbotten,HEV,dealer,3
2024-07-01,24,Västerbotten,HEV,private,12
2024-07-01,24,Västerbotten,PETROL,company,5
2024-07-01,24,Västerbotten,PETROL,dealer,12
2024-07-01,24,Västerbotten,PETROL,private,18
2024-07-01,24,Västerbotten,PHEV,company,12
2024-07-01,24,Västerbotten,PHEV,dealer,24
2024-07-01,24,Västerbotten,PHEV,private,18
2024-07-01,25,Norrbotten,BEV,company,33
2024-07-01,25,Norrbotten,BEV,dealer,7
2024-07-01,25,Norrbotten,BEV,private,45
2024-07-01,25,Norrbotten,DIESEL,company,12
2024-07-01,25,Norrbotten,DIESEL,dealer,7
2024-07-01,25,Norrbotten,DIESEL,private,13
2024-07-01,25,Norrbotten,ETHANOL,dealer,1
2024-07-01,25,Norrbotten,ETHANOL,private,2
2024-07-01,25,Norrbotten,HEV,company,18
2024-07-01,25,Norrbotten,HEV,dealer,5
2024-07-01,25,Norrbotten,HEV,private,3
2024-07-01,25,Norrbotten,PETROL,company,12
2024-07-01,25,Norrbotten,PETROL,dealer,9
2024-07-01,25,Norrbotten,PETROL,private,20
2024-07-01,25,Norrbotten,PHEV,company,19
2024-07-01,25,Norrbotten,PHEV,dealer,18
2024-07-01,25,Norrbotten,PHEV,private,9
2024-08-01,01,Stockholm,BEV,company,2045
2024-08-01,01,Stockholm,BEV,dealer,813
2024-08-01,01,Stockholm,BEV,private,504
2024-08-01,01,Stockholm,DIESEL,company,369
2024-08-01,01,Stockholm,DIESEL,dealer,23
2024-08-01,01,Stockholm,DIESEL,private,64
2024-08-01,01,Stockholm,ETHANOL,company,15
2024-08-01,01,Stockholm,ETHANOL,dealer,3
2024-08-01,01,Stockholm,ETHANOL,private,28
2024-08-01,01,Stockholm,GAS,company,22
2024-08-01,01,Stockholm,HEV,company,228
2024-08-01,01,Stockholm,HEV,dealer,142
2024-08-01,01,Stockholm,HEV,private,230
2024-08-01,01,Stockholm,OTHER,private,1
2024-08-01,01,Stockholm,PETROL,company,447
2024-08-01,01,Stockholm,PETROL,dealer,280
2024-08-01,01,Stockholm,PETROL,private,543
2024-08-01,01,Stockholm,PHEV,company,1154
2024-08-01,01,Stockholm,PHEV,dealer,350
2024-08-01,01,Stockholm,PHEV,private,223
2024-08-01,03,Uppsala,BEV,company,39
2024-08-01,03,Uppsala,BEV,dealer,10
2024-08-01,03,Uppsala,BEV,private,68
2024-08-01,03,Uppsala,DIESEL,company,30
2024-08-01,03,Uppsala,DIESEL,dealer,1
2024-08-01,03,Uppsala,DIESEL,private,14
2024-08-01,03,Uppsala,ETHANOL,company,2
2024-08-01,03,Uppsala,ETHANOL,dealer,2
2024-08-01,03,Uppsala,ETHANOL,private,3
2024-08-01,03,Uppsala,HEV,company,6
2024-08-01,03,Uppsala,HEV,dealer,30
2024-08-01,03,Uppsala,HEV,private,30
2024-08-01,03,Uppsala,PETROL,company,36
2024-08-01,03,Uppsala,PETROL,dealer,6
2024-08-01,03,Uppsala,PETROL,private,69
2024-08-01,03,Uppsala,PHEV,company,39
2024-08-01,03,Uppsala,PHEV,dealer,13
2024-08-01,03,Uppsala,PHEV,private,37
2024-08-01,04,Södermanland,BEV,company,32
2024-08-01,04,Södermanland,BEV,dealer,18
2024-08-01,04,Södermanland,BEV,private,41
2024-08-01,04,Södermanland,DIESEL,company,15
2024-08-01,04,Södermanland,DIESEL,dealer,5
2024-08-01,04,Södermanland,DIESEL,private,17
2024-08-01,04,Södermanland,ETHANOL,dealer,1
2024-08-01,04,Södermanland,ETHANOL,private,2
2024-08-01,04,Södermanland,HEV,dealer,11
2024-08-01,04,Södermanland,HEV,private,39
2024-08-01,04,Södermanland,OTHER,private,1
2024-08-01,04,Södermanland,PETROL,company,13
2024-08-01,04,Södermanland,PETROL,dealer,25
2024-08-01,04,Södermanland,PETROL,private,74
2024-08-01,04,Södermanland,PHEV,company,13
2024-08-01,04,Södermanland,PHEV,dealer,8
2024-08-01,04,Södermanland,PHEV,private,23
2024-08-01,05,Östergötland,BEV,company,78
2024-08-01,05,Östergötland,BEV,dealer,13
2024-08-01,05,Östergötland,BEV,private,92
2024-08-01,05,Östergötland,DIESEL,company,9
2024-08-01,05,Östergötland,DIESEL,dealer,2
2024-08-01,05,Östergötland,DIESEL,private,12
2024-08-01,05,Östergötland,ETHANOL,company,4
2024-08-01,05,Östergötland,ETHANOL,dealer,2
2024-08-01,05,Östergötland,ETHANOL,private,8
2024-08-01,05,Östergötland,HEV,company,16
2024-08-01,05,Östergötland,HEV,dealer,35
2024-08-01,05,Östergötland,HEV,private,45
2024-08-01,05,Östergötland,PETROL,company,35
2024-08-01,05,Östergötland,PETROL,dealer,32
2024-08-01,05,Östergötland,PETROL,private,129
2024-08-01,05,Östergötland,PHEV,company,59
2024-08-01,05,Östergötland,PHEV,dealer,26
2024-08-01,05,Östergötland,PHEV,private,40
2024-08-01,06,Jönköping,BEV,company,82
2024-08-01,06,Jönköping,BEV,dealer,71
2024-08-01,06,Jönköping,BEV,private,88
2024-08-01,06,Jönköping,DIESEL,company,115
2024-08-01,06,Jönköping,DIESEL,dealer,10
2024-08-01,06,Jönköping,DIESEL,private,21
2024-08-01,06,Jönköping,ETHANOL,company,1
2024-08-01,06,Jönköping,ETHANOL,dealer,2
2024-08-01,06,Jönköping,ETHANOL,private,7
2024-08-01,06,Jönköping,HEV,company,28
2024-08-01,06,Jönköping,HEV,dealer,31
2024-08-01,06,Jönköping,HEV,private,51
2024-08-01,06,Jönköping,PETROL,company,94
2024-08-01,06,Jönköping,PETROL,dealer,62
2024-08-01,06,Jönköping,PETROL,private,111
2024-08-01,06,Jönköping,PHEV,company,76
2024-08-01,06,Jönköping,PHEV,dealer,29
2024-08-01,06,Jönköping,PHEV,private,32
2024-08-01,07,Kronoberg,BEV,company,29
2024-08-01,07,Kronoberg,BEV,dealer,12
2024-08-01,07,Kronoberg,BEV,private,34
2024-08-01,07,Kronoberg,DIESEL,company,8
2024-08-01,07,Kronoberg,DIESEL,dealer,2
2024-08-01,07,Kronoberg,DIESEL,private,13
2024-08-01,07,Kronoberg,ETHANOL,company,2
2024-08-01,07,Kronoberg,ETHANOL,private,1
2024-08-01,07,Kronoberg,HEV,company,3
2024-08-01,07,Kronoberg,HEV,dealer,17
2024-08-01,07,Kronoberg,HEV,private,13
2024-08-01,07,Kronoberg,PETROL,company,10
2024-08-01,07,Kronoberg,PETROL,dealer,24
2024-08-01,07,Kronoberg,PETROL,private,53
2024-08-01,07,Kronoberg,PHEV,company,32
2024-08-01,07,Kronoberg,PHEV,dealer,12
2024-08-01,07,Kronoberg,PHEV,private,17
2024-08-01,08,Kalmar,BEV,company,29
2024-08-01,08,Kalmar,BEV,dealer,21
2024-08-01,08,Kalmar,BEV,private,37
2024-08-01,08,Kalmar,DIESEL,company,10
2024-08-01,08,Kalmar,DIESEL,dealer,12
2024-08-01,08,Kalmar,DIESEL,private,22
2024-08-01,08,Kalmar,ETHANOL,company,1
2024-08-01,08,Kalmar,HEV,company,1
2024-08-01,08,Kalmar,HEV,dealer,14
2024-08-01,08,Kalmar,HEV,private,8
2024-08-01,08,Kalmar,OTHER,private,1
2024-08-01,08,Kalmar,PETROL,company,9
2024-08-01,08,Kalmar,PETROL,dealer,33
2024-08-01,08,Kalmar,PETROL,private,71
2024-08-01,08,Kalmar,PHEV,company,18
2024-08-01,08,Kalmar,PHEV,dealer,19
2024-08-01,08,Kalmar,PHEV,private,10
2024-08-01,09,Gotland,BEV,company,6
2024-08-01,09,Gotland,BEV,dealer,3
2024-08-01,09,Gotland,BEV,private,5
2024-08-01,09,Gotland,DIESEL,company,3
2024-08-01,09,Gotland,DIESEL,private,6
2024-08-01,09,Gotland,HEV,dealer,1
2024-08-01,09,Gotland,HEV,private,6
2024-08-01,09,Gotland,PETROL,company,1
2024-08-01,09,Gotland,PETROL,dealer,3
2024-08-01,09,Gotland,PETROL,private,10
2024-08-01,09,Gotland,PHEV,company,7
2024-08-01,09,Gotland,PHEV,dealer,2
2024-08-01,09,Gotland,PHEV,private,2
2024-08-01,10,Blekinge,BEV,company,14
2024-08-01,10,Blekinge,BEV,dealer,22
2024-08-01,10,Blekinge,BEV,private,25
2024-08-01,10,Blekinge,DIESEL,company,13
2024-08-01,10,Blekinge,DIESEL,dealer,1
2024-08-01,10,Blekinge,DIESEL,private,12
2024-08-01,10,Blekinge,ETHANOL,private,2
2024-08-01,10,Blekinge,HEV,company,5
2024-08-01,10,Blekinge,HEV,dealer,8
2024-08-01,10,Blekinge,HEV,private,4
2024-08-01,10,Blekinge,PETROL,company,15
2024-08-01,10,Blekinge,PETROL,dealer,14
2024-08-01,10,Blekinge,PETROL,private,54
2024-08-01,10,Blekinge,PHEV,company,9
2024-08-01,10,Blekinge,PHEV,dealer,15
2024-08-01,10,Blekinge,PHEV,private,10
2024-08-01,12,Skåne,BEV,company,252
2024-08-01,12,Skåne,BEV,dealer,110
2024-08-01,12,Skåne,BEV,private,304
2024-08-01,12,Skåne,DIESEL,company,208
2024-08-01,12,Skåne,DIESEL,dealer,53
2024-08-01,12,Skåne,DIESEL,private,79
2024-08-01,12,Skåne,ETHANOL,company,7
2024-08-01,12,Skåne,ETHANOL,dealer,5
2024-08-01,12,Skåne,ETHANOL,private,7
2024-08-01,12,Skåne,GAS,company,17
2024-08-01,12,Skåne,HEV,company,41
2024-08-01,12,Skåne,HEV,dealer,76
2024-08-01,12,Skåne,HEV,private,101
2024-08-01,12,Skåne,OTHER,private,1
2024-08-01,12,Skåne,PETROL,company,142
2024-08-01,12,Skåne,PETROL,dealer,165
2024-08-01,12,Skåne,PETROL,private,404
2024-08-01,12,Skåne,PHEV,company,204
2024-08-01,12,Skåne,PHEV,dealer,172
2024-08-01,12,Skåne,PHEV,private,108
2024-08-01,13,Halland,BEV,company,46
2024-08-01,13,Halland,BEV,dealer,17
2024-08-01,13,Halland,BEV,private,90
2024-08-01,13,Halland,DIESEL,company,25
2024-08-01,13,Halland,DIESEL,dealer,2
2024-08-01,13,Halland,DIESEL,private,25
2024-08-01,13,Halland,ETHANOL,company,2
2024-08-01,13,Halland,ETHANOL,private,1
2024-08-01,13,Halland,HEV,company,3
2024-08-01,13,Halland,HEV,dealer,15
2024-08-01,13,Halland,HEV,private,31
2024-08-01,13,Halland,PETROL,company,33
2024-08-01,13,Halland,PETROL,dealer,38
2024-08-01,13,Halland,PETROL,private,96
2024-08-01,13,Halland,PHEV,company,34
2024-08-01,13,Halland,PHEV,dealer,23
2024-08-01,13,Halland,PHEV,private,37
2024-08-01,14,Västra Götaland,BEV,company,457
2024-08-01,14,Västra Götaland,BEV,dealer,188
2024-08-01,14,Västra Götaland,BEV,private,381
2024-08-01,14,Västra Götaland,DIESEL,company,68
2024-08-01,14,Västra Götaland,DIESEL,dealer,98
2024-08-01,14,Västra Götaland,DIESEL,private,92
2024-08-01,14,Västra Götaland,ETHANOL,company,4
2024-08-01,14,Västra Götaland,ETHANOL,private,15
2024-08-01,14,Västra Götaland,HEV,company,90
2024-08-01,14,Västra Götaland,HEV,dealer,165
2024-08-01,14,Västra Götaland,HEV,private,102
2024-08-01,14,Västra Götaland,PETROL,company,102
2024-08-01,14,Västra Götaland,PETROL,dealer,220
2024-08-01,14,Västra Götaland,PETROL,private,495
2024-08-01,14,Västra Götaland,PHEV,company,215
2024-08-01,14,Västra Götaland,PHEV,dealer,141
2024-08-01,14,Västra Götaland,PHEV,private,135
2024-08-01,17,Värmland,BEV,company,31
2024-08-01,17,Värmland,BEV,dealer,19
2024-08-01,17,Värmland,BEV,private,42
2024-08-01,17,Värmland,DIESEL,company,51
2024-08-01,17,Värmland,DIESEL,dealer,20
2024-08-01,17,Värmland,DIESEL,private,17
2024-08-01,17,Värmland,ETHANOL,company,1
2024-08-01,17,Värmland,ETHANOL,dealer,1
2024-08-01,17,Värmland,ETHANOL,private,3
2024-08-01,17,Värmland,HEV,company,17
2024-08-01,17,Värmland,HEV,dealer,15
2024-08-01,17,Värmland,HEV,private,15
2024-08-01,17,Värmland,OTHER,company,1
2024-08-01,17,Värmland,PETROL,company,60
2024-08-01,17,Värmland,PETROL,dealer,29
2024-08-01,17,Värmland,PETROL,private,70
2024-08-01,17,Värmland,PHEV,company,34
2024-08-01,17,Värmland,PHEV,dealer,12
2024-08-01,17,Värmland,PHEV,private,24
2024-08-01,18,Örebro,BEV,company,34
2024-08-01,18,Örebro,BEV,dealer,15
2024-08-01,18,Örebro,BEV,private,57
2024-08-01,18,Örebro,DIESEL,company,8
2024-08-01,18,Örebro,DIESEL,dealer,1
2024-08-01,18,Örebro,DIESEL,private,22
2024-08-01,18,Örebro,ETHANOL,company,1
2024-08-01,18,Örebro,ETHANOL,dealer,2
2024-08-01,18,Örebro,ETHANOL,private,4
2024-08-01,18,Örebro,HEV,company,21
2024-08-01,18,Örebro,HEV,dealer,19
2024-08-01,18,Örebro,HEV,private,24
2024-08-01,18,Örebro,PETROL,company,10
2024-08-01,18,Örebro,PETROL,dealer,18
2024-08-01,18,Örebro,PETROL,private,81
2024-08-01,18,Örebro,PHEV,company,33
2024-08-01,18,Örebro,PHEV,dealer,14
2024-08-01,18,Örebro,PHEV,private,20
2024-08-01,19,Västmanland,BEV,company,49
2024-08-01,19,Västmanland,BEV,dealer,21
2024-08-01,19,Västmanland,BEV,private,50
2024-08-01,19,Västmanland,DIESEL,company,13
2024-08-01,19,Västmanland,DIESEL,dealer,2
2024-08-01,19,Västmanland,DIESEL,private,21
2024-08-01,19,Västmanland,ETHANOL,company,1
2024-08-01,19,Västmanland,ETHANOL,private,2
2024-08-01,19,Västmanland,HEV,company,37
2024-08-01,19,Västmanland,HEV,dealer,9
2024-08-01,19,Västmanland,HEV,private,10
2024-08-01,19,Västmanland,PETROL,company,34
2024-08-01,19,Västmanland,PETROL,dealer,18
2024-08-01,19,Västmanland,PETROL,private,72
2024-08-01,19,Västmanland,PHEV,company,25
2024-08-01,19,Västmanland,PHEV,dealer,12
2024-08-01,19,Västmanland,PHEV,private,34
2024-08-01,20,Dalarna,BEV,company,23
2024-08-01,20,Dalarna,BEV,dealer,13
2024-08-01,20,Dalarna,BEV,private,35
2024-08-01,20,Dalarna,DIESEL,company,21
2024-08-01,20,Dalarna,DIESEL,dealer,4
2024-08-01,20,Dalarna,DIESEL,private,13
2024-08-01,20,Dalarna,ETHANOL,company,2
2024-08-01,20,Dalarna,ETHANOL,private,5
2024-08-01,20,Dalarna,HEV,company,14
2024-08-01,20,Dalarna,HEV,dealer,8
2024-08-01,20,Dalarna,HEV,private,13
2024-08-01,20,Dalarna,PETROL,company,9
2024-08-01,20,Dalarna,PETROL,dealer,27
2024-08-01,20,Dalarna,PETROL,private,48
2024-08-01,20,Dalarna,PHEV,company,16
2024-08-01,20,Dalarna,PHEV,dealer,25
2024-08-01,20,Dalarna,PHEV,private,30
2024-08-01,21,Gävleborg,BEV,company,30
2024-08-01,21,Gävleborg,BEV,dealer,18
2024-08-01,21,Gävleborg,BEV,private,34
2024-08-01,21,Gävleborg,DIESEL,company,21
2024-08-01,21,Gävleborg,DIESEL,dealer,2
2024-08-01,21,Gävleborg,DIESEL,private,10
2024-08-01,21,Gävleborg,ETHANOL,company,5
2024-08-01,21,Gävleborg,ETHANOL,dealer,2
2024-08-01,21,Gävleborg,ETHANOL,private,5
2024-08-01,21,Gävleborg,HEV,company,17
2024-08-01,21,Gävleborg,HEV,dealer,13
2024-08-01,21,Gävleborg,HEV,private,41
2024-08-01,21,Gävleborg,PETROL,company,10
2024-08-01,21,Gävleborg,PETROL,dealer,27
2024-08-01,21,Gävleborg,PETROL,private,61
2024-08-01,21,Gävleborg,PHEV,company,27
2024-08-01,21,Gävleborg,PHEV,dealer,14
2024-08-01,21,Gävleborg,PHEV,private,19
2024-08-01,22,Västernorrland,BEV,company,26
2024-08-01,22,Västernorrland,BEV,dealer,10
2024-08-01,22,Västernorrland,BEV,private,26
2024-08-01,22,Västernorrland,DIESEL,company,37
2024-08-01,22,Västernorrland,DIESEL,dealer,8
2024-08-01,22,Västernorrland,DIESEL,private,11
2024-08-01,22,Västernorrland,ETHANOL,company,1
2024-08-01,22,Västernorrland,ETHANOL,private,3
2024-08-01,22,Västernorrland,HEV,company,11
2024-08-01,22,Västernorrland,HEV,dealer,16
2024-08-01,22,Västernorrland,HEV,private,11
2024-08-01,22,Västernorrland,PETROL,company,15
2024-08-01,22,Västernorrland,PETROL,dealer,29
2024-08-01,22,Västernorrland,PETROL,private,44
2024-08-01,22,Västernorrland,PHEV,company,14
2024-08-01,22,Västernorrland,PHEV,dealer,41
2024-08-01,22,Västernorrland,PHEV,private,23
2024-08-01,23,Jämtland,BEV,company,25
2024-08-01,23,Jämtland,BEV,dealer,5
2024-08-01,23,Jämtland,BEV,private,15
2024-08-01,23,Jämtland,DIESEL,company,20
2024-08-01,23,Jämtland,DIESEL,dealer,1
2024-08-01,23,Jämtland,DIESEL,private,4
2024-08-01,23,Jämtland,ETHANOL,company,1
2024-08-01,23,Jämtland,ETHANOL,dealer,2
2024-08-01,23,Jämtland,ETHANOL,private,1
2024-08-01,23,Jämtland,HEV,company,9
2024-08-01,23,Jämtland,HEV,dealer,4
2024-08-01,23,Jämtland,HEV,private,4
2024-08-01,23,Jämtland,PETROL,company,7
2024-08-01,23,Jämtland,PETROL,dealer,21
2024-08-01,23,Jämtland,PETROL,private,7
2024-08-01,23,Jämtland,PHEV,company,11
2024-08-01,23,Jämtland,PHEV,dealer,3
2024-08-01,23,Jämtland,PHEV,private,2
2024-08-01,24,Västerbotten,BEV,company,31
2024-08-01,24,Västerbotten,BEV,dealer,9
2024-08-01,24,Västerbotten,BEV,private,51
2024-08-01,24,Västerbotten,DIESEL,company,10
2024-08-01,24,Västerbotten,DIESEL,dealer,2
2024-08-01,24,Västerbotten,DIESEL,private,15
2024-08-01,24,Västerbotten,ETHANOL,company,4
2024-08-01,24,Västerbotten,ETHANOL,dealer,6
2024-08-01,24,Västerbotten,ETHANOL,private,4
2024-08-01,24,Västerbotten,HEV,company,12
2024-08-01,24,Västerbotten,HEV,dealer,11
2024-08-01,24,Västerbotten,HEV,private,18
2024-08-01,24,Västerbotten,OTHER,private,1
2024-08-01,24,Västerbotten,PETROL,company,13
2024-08-01,24,Västerbotten,PETROL,dealer,46
2024-08-01,24,Västerbotten,PETROL,private,41
2024-08-01,24,Västerbotten,PHEV,company,14
2024-08-01,24,Västerbotten,PHEV,dealer,26
2024-08-01,24,Västerbotten,PHEV,private,10
2024-08-01,25,Norrbotten,BEV,company,29
2024-08-01,25,Norrbotten,BEV,dealer,8
2024-08-01,25,Norrbotten,BEV,private,37
2024-08-01,25,Norrbotten,DIESEL,company,33
2024-08-01,25,Norrbotten,DIESEL,dealer,3
2024-08-01,25,Norrbotten,DIESEL,private,26
2024-08-01,25,Norrbotten,ETHANOL,company,12
2024-08-01,25,Norrbotten,ETHANOL,private,3
2024-08-01,25,Norrbotten,HEV,company,65
2024-08-01,25,Norrbotten,HEV,dealer,12
2024-08-01,25,Norrbotten,HEV,private,19
2024-08-01,25,Norrbotten,PETROL,company,7
2024-08-01,25,Norrbotten,PETROL,dealer,48
2024-08-01,25,Norrbotten,PETROL,private,22
2024-08-01,25,Norrbotten,PHEV,company,17
2024-08-01,25,Norrbotten,PHEV,dealer,26
2024-08-01,25,Norrbotten,PHEV,private,11
2024-09-01,01,Stockholm,BEV,company,3537
2024-09-01,01,Stockholm,BEV,dealer,919
2024-09-01,01,Stockholm,BEV,private,1111
2024-09-01,01,Stockholm,DIESEL,company,260
2024-09-01,01,Stockholm,DIESEL,dealer,35
2024-09-01,01,Stockholm,DIESEL,private,77
2024-09-01,01,Stockholm,ETHANOL,company,12
2024-09-01,01,Stockholm,ETHANOL,dealer,11
2024-09-01,01,Stockholm,ETHANOL,private,27
2024-09-01,01,Stockholm,GAS,company,11
2024-09-01,01,Stockholm,GAS,private,1
2024-09-01,01,Stockholm,HEV,company,195
2024-09-01,01,Stockholm,HEV,dealer,129
2024-09-01,01,Stockholm,HEV,private,182
2024-09-01,01,Stockholm,PETROL,company,782
2024-09-01,01,Stockholm,PETROL,dealer,311
2024-09-01,01,Stockholm,PETROL,private,574
2024-09-01,01,Stockholm,PHEV,company,1470
2024-09-01,01,Stockholm,PHEV,dealer,587
2024-09-01,01,Stockholm,PHEV,private,286
2024-09-01,03,Uppsala,BEV,company,110
2024-09-01,03,Uppsala,BEV,dealer,14
2024-09-01,03,Uppsala,BEV,private,151
2024-09-01,03,Uppsala,DIESEL,company,31
2024-09-01,03,Uppsala,DIESEL,dealer,7
2024-09-01,03,Uppsala,DIESEL,private,22
2024-09-01,03,Uppsala,ETHANOL,company,8
2024-09-01,03,Uppsala,ETHANOL,dealer,2
2024-09-01,03,Uppsala,ETHANOL,private,9
2024-09-01,03,Uppsala,HEV,company,24
2024-09-01,03,Uppsala,HEV,dealer,9
2024-09-01,03,Uppsala,HEV,private,35
2024-09-01,03,Uppsala,OTHER,company,1
2024-09-01,03,Uppsala,PETROL,company,29
2024-09-01,03,Uppsala,PETROL,dealer,28
2024-09-01,03,Uppsala,PETROL,private,75
2024-09-01,03,Uppsala,PHEV,company,46
2024-09-01,03,Uppsala,PHEV,dealer,31
2024-09-01,03,Uppsala,PHEV,private,43
2024-09-01,04,Södermanland,BEV,company,83
2024-09-01,04,Södermanland,BEV,dealer,20
2024-09-01,04,Södermanland,BEV,private,137
2024-09-01,04,Södermanland,DIESEL,company,29
2024-09-01,04,Södermanland,DIESEL,dealer,2
2024-09-01,04,Södermanland,DIESEL,private,13
2024-09-01,04,Södermanland,ETHANOL,company,1
2024-09-01,04,Södermanland,ETHANOL,dealer,1
2024-09-01,04,Södermanland,ETHANOL,private,3
2024-09-01,04,Södermanland,HEV,company,5
2024-09-01,04,Södermanland,HEV,dealer,10
2024-09-01,04,Södermanland,HEV,private,32
2024-09-01,04,Södermanland,PETROL,company,16
2024-09-01,04,Södermanland,PETROL,dealer,30
2024-09-01,04,Södermanland,PETROL,private,57
2024-09-01,04,Södermanland,PHEV,company,23
2024-09-01,04,Södermanland,PHEV,dealer,18
2024-09-01,04,Södermanland,PHEV,private,32
2024-09-01,05,Östergötland,BEV,company,135
2024-09-01,05,Östergötland,BEV,dealer,22
2024-09-01,05,Östergötland,BEV,private,205
2024-09-01,05,Östergötland,DIESEL,company,25
2024-09-01,05,Östergötland,DIESEL,dealer,6
2024-09-01,05,Östergötland,DIESEL,private,14
2024-09-01,05,Östergötland,ETHANOL,company,8
2024-09-01,05,Östergötland,ETHANOL,dealer,1
2024-09-01,05,Östergötland,ETHANOL,private,8
2024-09-01,05,Östergötland,HEV,company,15
2024-09-01,05,Östergötland,HEV,dealer,64
2024-09-01,05,Östergötland,HEV,private,49
2024-09-01,05,Östergötland,PETROL,company,30
2024-09-01,05,Östergötland,PETROL,dealer,35
2024-09-01,05,Östergötland,PETROL,private,111
2024-09-01,05,Östergötland,PHEV,company,90
2024-09-01,05,Östergötland,PHEV,dealer,28
2024-09-01,05,Östergötland,PHEV,private,61
2024-09-01,06,Jönköping,BEV,company,166
2024-09-01,06,Jönköping,BEV,dealer,40
2024-09-01,06,Jönköping,BEV,private,149
2024-09-01,06,Jönköping,DIESEL,company,50
2024-09-01,06,Jönköping,DIESEL,dealer,5
2024-09-01,06,Jönköping,DIESEL,private,14
2024-09-01,06,Jönköping,ETHANOL,company,3
2024-09-01,06,Jönköping,ETHANOL,private,5
2024-09-01,06,Jönköping,HEV,company,37
2024-09-01,06,Jönköping,HEV,dealer,23
2024-09-01,06,Jönköping,HEV,private,35
2024-09-01,06,Jönköping,PETROL,company,73
2024-09-01,06,Jönköping,PETROL,dealer,53
2024-09-01,06,Jönköping,PETROL,private,97
2024-09-01,06,Jönköping,PHEV,company,84
2024-09-01,06,Jönköping,PHEV,dealer,115
2024-09-01,06,Jönköping,PHEV,private,30
2024-09-01,07,Kronoberg,BEV,company,34
2024-09-01,07,Kronoberg,BEV,dealer,9
2024-09-01,07,Kronoberg,BEV,private,62
2024-09-01,07,Kronoberg,DIESEL,company,9
2024-09-01,07,Kronoberg,DIESEL,dealer,3
2024-09-01,07,Kronoberg,DIESEL,private,12
2024-09-01,07,Kronoberg,ETHANOL,company,3
2024-09-01,07,Kronoberg,ETHANOL,dealer,1
2024-09-01,07,Kronoberg,ETHANOL,private,1
2024-09-01,07,Kronoberg,GAS,company,1
2024-09-01,07,Kronoberg,HEV,company,6
2024-09-01,07,Kronoberg,HEV,dealer,13
2024-09-01,07,Kronoberg,HEV,private,10
2024-09-01,07,Kronoberg,PETROL,company,11
2024-09-01,07,Kronoberg,PETROL,dealer,20
2024-09-01,07,Kronoberg,PETROL,private,53
2024-09-01,07,Kronoberg,PHEV,company,32
2024-09-01,07,Kronoberg,PHEV,dealer,14
2024-09-01,07,Kronoberg,PHEV,private,21
2024-09-01,08,Kalmar,BEV,company,28
2024-09-01,08,Kalmar,BEV,dealer,23
2024-09-01,08,Kalmar,BEV,private,54
2024-09-01,08,Kalmar,DIESEL,company,9
2024-09-01,08,Kalmar,DIESEL,dealer,7
2024-09-01,08,Kalmar,DIESEL,private,18
2024-09-01,08,Kalmar,ETHANOL,company,2
2024-09-01,08,Kalmar,ETHANOL,private,2
2024-09-01,08,Kalmar,GAS,company,3
2024-09-01,08,Kalmar,HEV,company,1
2024-09-01,08,Kalmar,HEV,dealer,13
2024-09-01,08,Kalmar,HEV,private,13
2024-09-01,08,Kalmar,PETROL,company,25
2024-09-01,08,Kalmar,PETROL,dealer,60
2024-09-01,08,Kalmar,PETROL,private,62
2024-09-01,08,Kalmar,PHEV,company,18
2024-09-01,08,Kalmar,PHEV,dealer,30
2024-09-01,08,Kalmar,PHEV,private,27
2024-09-01,09,Gotland,BEV,company,8
2024-09-01,09,Gotland,BEV,dealer,2
2024-09-01,09,Gotland,BEV,private,7
2024-09-01,09,Gotland,DIESEL,company,3
2024-09-01,09,Gotland,DIESEL,private,3
2024-09-01,09,Gotland,HEV,company,1
2024-09-01,09,Gotland,HEV,dealer,3
2024-09-01,09,Gotland,HEV,private,4
2024-09-01,09,Gotland,PETROL,dealer,7
2024-09-01,09,Gotland,PETROL,private,4
2024-09-01,09,Gotland,PHEV,company,1
2024-09-01,09,Gotland,PHEV,dealer,1
2024-09-01,09,Gotland,PHEV,private,5
2024-09-01,10,Blekinge,BEV,company,23
2024-09-01,10,Blekinge,BEV,dealer,8
2024-09-01,10,Blekinge,BEV,private,42
2024-09-01,10,Blekinge,DIESEL,company,3
2024-09-01,10,Blekinge,DIESEL,dealer,1
2024-09-01,10,Blekinge,DIESEL,private,5
2024-09-01,10,Blekinge,ETHANOL,company,1
2024-09-01,10,Blekinge,ETHANOL,private,2
2024-09-01,10,Blekinge,HEV,company,2
2024-09-01,10,Blekinge,HEV,dealer,18
2024-09-01,10,Blekinge,HEV,private,11
2024-09-01,10,Blekinge,PETROL,company,11
2024-09-01,10,Blekinge,PETROL,dealer,19
2024-09-01,10,Blekinge,PETROL,private,45
2024-09-01,10,Blekinge,PHEV,company,14
2024-09-01,10,Blekinge,PHEV,dealer,17
2024-09-01,10,Blekinge,PHEV,private,18
2024-09-01,12,Skåne,BEV,company,444
2024-09-01,12,Skåne,BEV,dealer,166
2024-09-01,12,Skåne,BEV,private,585
2024-09-01,12,Skåne,DIESEL,company,105
2024-09-01,12,Skåne,DIESEL,dealer,78
2024-09-01,12,Skåne,DIESEL,private,72
2024-09-01,12,Skåne,ETHANOL,company,10
2024-09-01,12,Skåne,ETHANOL,dealer,6
2024-09-01,12,Skåne,ETHANOL,private,12
2024-09-01,12,Skåne,GAS,company,20
2024-09-01,12,Skåne,HEV,company,39
2024-09-01,12,Skåne,HEV,dealer,65
2024-09-01,12,Skåne,HEV,private,100
2024-09-01,12,Skåne,OTHER,private,1
2024-09-01,12,Skåne,PETROL,company,171
2024-09-01,12,Skåne,PETROL,dealer,662
2024-09-01,12,Skåne,PETROL,private,389
2024-09-01,12,Skåne,PHEV,company,233
2024-09-01,12,Skåne,PHEV,dealer,201
2024-09-01,12,Skåne,PHEV,private,131
2024-09-01,13,Halland,BEV,company,113
2024-09-01,13,Halland,BEV,dealer,23
2024-09-01,13,Halland,BEV,private,185
2024-09-01,13,Halland,DIESEL,company,12
2024-09-01,13,Halland,DIESEL,dealer,8
2024-09-01,13,Halland,DIESEL,private,15
2024-09-01,13,Halland,ETHANOL,dealer,2
2024-09-01,13,Halland,ETHANOL,private,1
2024-09-01,13,Halland,HEV,company,30
2024-09-01,13,Halland,HEV,dealer,13
2024-09-01,13,Halland,HEV,private,25
2024-09-01,13,Halland,PETROL,company,46
2024-09-01,13,Halland,PETROL,dealer,37
2024-09-01,13,Halland,PETROL,private,114
2024-09-01,13,Halland,PHEV,company,59
2024-09-01,13,Halland,PHEV,dealer,28
2024-09-01,13,Halland,PHEV,private,42
2024-09-01,14,Västra Götaland,BEV,company,759
2024-09-01,14,Västra Götaland,BEV,dealer,175
2024-09-01,14,Västra Götaland,BEV,private,758
2024-09-01,14,Västra Götaland,DIESEL,company,73
2024-09-01,14,Västra Götaland,DIESEL,dealer,47
2024-09-01,14,Västra Götaland,DIESEL,private,74
2024-09-01,14,Västra Götaland,ETHANOL,company,11
2024-09-01,14,Västra Götaland,ETHANOL,dealer,5
2024-09-01,14,Västra Götaland,ETHANOL,private,25
2024-09-01,14,Västra Götaland,HEV,company,76
2024-09-01,14,Västra Götaland,HEV,dealer,151
2024-09-01,14,Västra Götaland,HEV,private,136
2024-09-01,14,Västra Götaland,PETROL,company,132
2024-09-01,14,Västra Götaland,PETROL,dealer,425
2024-09-01,14,Västra Götaland,PETROL,private,483
2024-09-01,14,Västra Götaland,PHEV,company,268
2024-09-01,14,Västra Götaland,PHEV,dealer,207
2024-09-01,14,Västra Götaland,PHEV,private,205
2024-09-01,17,Värmland,BEV,company,57
2024-09-01,17,Värmland,BEV,dealer,13
2024-09-01,17,Värmland,BEV,private,83
2024-09-01,17,Värmland,DIESEL,company,80
2024-09-01,17,Värmland,DIESEL,dealer,25
2024-09-01,17,Värmland,DIESEL,private,18
2024-09-01,17,Värmland,ETHANOL,company,6
2024-09-01,17,Värmland,ETHANOL,dealer,2
2024-09-01,17,Värmland,ETHANOL,private,4
2024-09-01,17,Värmland,HEV,company,17
2024-09-01,17,Värmland,HEV,dealer,25
2024-09-01,17,Värmland,HEV,private,17
2024-09-01,17,Värmland,PETROL,company,123
2024-09-01,17,Värmland,PETROL,dealer,22
2024-09-01,17,Värmland,PETROL,private,56
2024-09-01,17,Värmland,PHEV,company,47
2024-09-01,17,Värmland,PHEV,dealer,17
2024-09-01,17,Värmland,PHEV,private,34
2024-09-01,18,Örebro,BEV,company,68
2024-09-01,18,Örebro,BEV,dealer,16
2024-09-01,18,Örebro,BEV,private,124
2024-09-01,18,Örebro,DIESEL,company,12
2024-09-01,18,Örebro,DIESEL,dealer,1
2024-09-01,18,Örebro,DIESEL,private,20
2024-09-01,18,Örebro,ETHANOL,dealer,2
2024-09-01,18,Örebro,ETHANOL,private,7
2024-09-01,18,Örebro,HEV,company,14
2024-09-01,18,Örebro,HEV,dealer,19
2024-09-01,18,Örebro,HEV,private,25
2024-09-01,18,Örebro,PETROL,company,19
2024-09-01,18,Örebro,PETROL,dealer,15
2024-09-01,18,Örebro,PETROL,private,62
2024-09-01,18,Örebro,PHEV,company,53
2024-09-01,18,Örebro,PHEV,dealer,26
2024-09-01,18,Örebro,PHEV,private,31
2024-09-01,19,Västmanland,BEV,company,76
2024-09-01,19,Västmanland,BEV,dealer,14
2024-09-01,19,Västmanland,BEV,private,126
2024-09-01,19,Västmanland,DIESEL,company,5
2024-09-01,19,Västmanland,DIESEL,dealer,9
2024-09-01,19,Västmanland,DIESEL,private,8
2024-09-01,19,Västmanland,ETHANOL,dealer,1
2024-09-01,19,Västmanland,ETHANOL,private,11
2024-09-01,19,Västmanland,HEV,company,4
2024-09-01,19,Västmanland,HEV,dealer,13
2024-09-01,19,Västmanland,HEV,private,16
2024-09-01,19,Västmanland,PETROL,company,12
2024-09-01,19,Västmanland,PETROL,dealer,26
2024-09-01,19,Västmanland,PETROL,private,65
2024-09-01,19,Västmanland,PHEV,company,32
2024-09-01,19,Västmanland,PHEV,dealer,9
2024-09-01,19,Västmanland,PHEV,private,42
2024-09-01,20,Dalarna,BEV,company,60
2024-09-01,20,Dalarna,BEV,dealer,23
2024-09-01,20,Dalarna,BEV,private,65
2024-09-01,20,Dalarna,DIESEL,company,14
2024-09-01,20,Dalarna,DIESEL,dealer,4
2024-09-01,20,Dalarna,DIESEL,private,12
2024-09-01,20,Dalarna,ETHANOL,dealer,4
2024-09-01,20,Dalarna,ETHANOL,private,7
2024-09-01,20,Dalarna,HEV,company,6
2024-09-01,20,Dalarna,HEV,dealer,13
2024-09-01,20,Dalarna,HEV,private,19
2024-09-01,20,Dalarna,PETROL,company,14
2024-09-01,20,Dalarna,PETROL,dealer,30
2024-09-01,20,Dalarna,PETROL,private,36
2024-09-01,20,Dalarna,PHEV,company,30
2024-09-01,20,Dalarna,PHEV,dealer,35
2024-09-01,20,Dalarna,PHEV,private,24
2024-09-01,21,Gävleborg,BEV,company,54
2024-09-01,21,Gävleborg,BEV,dealer,18
2024-09-01,21,Gävleborg,BEV,private,49
2024-09-01,21,Gävleborg,DIESEL,company,20
2024-09-01,21,Gävleborg,DIESEL,dealer,4
2024-09-01,21,Gävleborg,DIESEL,private,9
2024-09-01,21,Gävleborg,ETHANOL,company,4
2024-09-01,21,Gävleborg,ETHANOL,dealer,1
2024-09-01,21,Gävleborg,ETHANOL,private,8
2024-09-01,21,Gävleborg,HEV,company,11
2024-09-01,21,Gävleborg,HEV,dealer,17
2024-09-01,21,Gävleborg,HEV,private,27
2024-09-01,21,Gävleborg,PETROL,company,13
2024-09-01,21,Gävleborg,PETROL,dealer,27
2024-09-01,21,Gävleborg,PETROL,private,59
2024-09-01,21,Gävleborg,PHEV,company,28
2024-09-01,21,Gävleborg,PHEV,dealer,41
2024-09-01,21,Gävleborg,PHEV,private,34
2024-09-01,22,Västernorrland,BEV,company,32
2024-09-01,22,Västernorrland,BEV,dealer,11
2024-09-01,22,Västernorrland,BEV,private,48
2024-09-01,22,Västernorrland,DIESEL,company,26
2024-09-01,22,Västernorrland,DIESEL,dealer,5
2024-09-01,22,Västernorrland,DIESEL,private,6
2024-09-01,22,Västernorrland,ETHANOL,dealer,5
2024-09-01,22,Västernorrland,ETHANOL,private,6
2024-09-01,22,Västernorrland,HEV,company,1
2024-09-01,22,Västernorrland,HEV,dealer,5
2024-09-01,22,Västernorrland,HEV,private,16
2024-09-01,22,Västernorrland,PETROL,company,12
2024-09-01,22,Västernorrland,PETROL,dealer,10
2024-09-01,22,Västernorrland,PETROL,private,25
2024-09-01,22,Västernorrland,PHEV,company,23
2024-09-01,22,Västernorrland,PHEV,dealer,31
2024-09-01,22,Västernorrland,PHEV,private,28
2024-09-01,23,Jämtland,BEV,company,20
2024-09-01,23,Jämtland,BEV,dealer,2
2024-09-01,23,Jämtland,BEV,private,26
2024-09-01,23,Jämtland,DIESEL,company,2
2024-09-01,23,Jämtland,DIESEL,private,6
2024-09-01,23,Jämtland,ETHANOL,company,1
2024-09-01,23,Jämtland,ETHANOL,dealer,2
2024-09-01,23,Jämtland,ETHANOL,private,2
2024-09-01,23,Jämtland,HEV,company,9
2024-09-01,23,Jämtland,HEV,dealer,1
2024-09-01,23,Jämtland,HEV,private,7
2024-09-01,23,Jämtland,PETROL,company,8
2024-09-01,23,Jämtland,PETROL,dealer,1
2024-09-01,23,Jämtland,PETROL,private,10
2024-09-01,23,Jämtland,PHEV,company,12
2024-09-01,23,Jämtland,PHEV,dealer,7
2024-09-01,23,Jämtland,PHEV,private,7
2024-09-01,24,Västerbotten,BEV,company,62
2024-09-01,24,Västerbotten,BEV,dealer,24
2024-09-01,24,Västerbotten,BEV,private,71
2024-09-01,24,Västerbotten,DIESEL,company,14
2024-09-01,24,Västerbotten,DIESEL,dealer,8
2024-09-01,24,Västerbotten,DIESEL,private,14
2024-09-01,24,Västerbotten,ETHANOL,company,3
2024-09-01,24,Västerbotten,ETHANOL,dealer,4
2024-09-01,24,Västerbotten,ETHANOL,private,5
2024-09-01,24,Västerbotten,HEV,company,4
2024-09-01,24,Västerbotten,HEV,dealer,15
2024-09-01,24,Västerbotten,HEV,private,20
2024-09-01,24,Västerbotten,OTHER,private,1
2024-09-01,24,Västerbotten,PETROL,company,7
2024-09-01,24,Västerbotten,PETROL,dealer,21
2024-09-01,24,Västerbotten,PETROL,private,31
2024-09-01,24,Västerbotten,PHEV,company,21
2024-09-01,24,Västerbotten,PHEV,dealer,23
2024-09-01,24,Västerbotten,PHEV,private,30
2024-09-01,25,Norrbotten,BEV,company,54
2024-09-01,25,Norrbotten,BEV,dealer,10
2024-09-01,25,Norrbotten,BEV,private,53
2024-09-01,25,Norrbotten,DIESEL,company,27
2024-09-01,25,Norrbotten,DIESEL,private,25
2024-09-01,25,Norrbotten,ETHANOL,company,5
2024-09-01,25,Norrbotten,ETHANOL,dealer,1
2024-09-01,25,Norrbotten,ETHANOL,private,4
2024-09-01,25,Norrbotten,HEV,company,38
2024-09-01,25,Norrbotten,HEV,dealer,18
2024-09-01,25,Norrbotten,HEV,private,15
2024-09-01,25,Norrbotten,PETROL,company,15
2024-09-01,25,Norrbotten,PETROL,dealer,6
2024-09-01,25,Norrbotten,PETROL,private,23
2024-09-01,25,Norrbotten,PHEV,company,25
2024-09-01,25,Norrbotten,PHEV,dealer,9
2024-09-01,25,Norrbotten,PHEV,private,8
2024-10-01,01,Stockholm,BEV,company,2880
2024-10-01,01,Stockholm,BEV,dealer,991
2024-10-01,01,Stockholm,BEV,private,689
2024-10-01,01,Stockholm,DIESEL,company,345
2024-10-01,01,Stockholm,DIESEL,dealer,28
2024-10-01,01,Stockholm,DIESEL,private,82
2024-10-01,01,Stockholm,ETHANOL,company,18
2024-10-01,01,Stockholm,ETHANOL,private,27
2024-10-01,01,Stockholm,GAS,company,1
2024-10-01,01,Stockholm,HEV,company,167
2024-10-01,01,Stockholm,HEV,dealer,159
2024-10-01,01,Stockholm,HEV,private,226
2024-10-01,01,Stockholm,PETROL,company,654
2024-10-01,01,Stockholm,PETROL,dealer,351
2024-10-01,01,Stockholm,PETROL,private,622
2024-10-01,01,Stockholm,PHEV,company,1944
2024-10-01,01,Stockholm,PHEV,dealer,729
2024-10-01,01,Stockholm,PHEV,private,392
2024-10-01,03,Uppsala,BEV,company,47
2024-10-01,03,Uppsala,BEV,dealer,16
2024-10-01,03,Uppsala,BEV,private,92
2024-10-01,03,Uppsala,DIESEL,company,14
2024-10-01,03,Uppsala,DIESEL,dealer,14
2024-10-01,03,Uppsala,DIESEL,private,10
2024-10-01,03,Uppsala,ETHANOL,company,3
2024-10-01,03,Uppsala,ETHANOL,dealer,4
2024-10-01,03,Uppsala,ETHANOL,private,9
2024-10-01,03,Uppsala,HEV,company,29
2024-10-01,03,Uppsala,HEV,dealer,18
2024-10-01,03,Uppsala,HEV,private,53
2024-10-01,03,Uppsala,PETROL,company,37
2024-10-01,03,Uppsala,PETROL,dealer,17
2024-10-01,03,Uppsala,PETROL,private,67
2024-10-01,03,Uppsala,PHEV,company,69
2024-10-01,03,Uppsala,PHEV,dealer,30
2024-10-01,03,Uppsala,PHEV,private,69
2024-10-01,04,Södermanland,BEV,company,58
2024-10-01,04,Södermanland,BEV,dealer,15
2024-10-01,04,Södermanland,BEV,private,86
2024-10-01,04,Södermanland,DIESEL,company,13
2024-10-01,04,Södermanland,DIESEL,dealer,8
2024-10-01,04,Södermanland,DIESEL,private,9
2024-10-01,04,Södermanland,ETHANOL,private,7
2024-10-01,04,Södermanland,HEV,company,5
2024-10-01,04,Södermanland,HEV,dealer,12
2024-10-01,04,Södermanland,HEV,private,28
2024-10-01,04,Södermanland,PETROL,company,14
2024-10-01,04,Södermanland,PETROL,dealer,29
2024-10-01,04,Södermanland,PETROL,private,72
2024-10-01,04,Södermanland,PHEV,company,24
2024-10-01,04,Södermanland,PHEV,dealer,27
2024-10-01,04,Södermanland,PHEV,private,61
2024-10-01,05,Östergötland,BEV,company,88
2024-10-01,05,Östergötland,BEV,dealer,21
2024-10-01,05,Östergötland,BEV,private,118
2024-10-01,05,Östergötland,DIESEL,company,42
2024-10-01,05,Östergötland,DIESEL,dealer,6
2024-10-01,05,Östergötland,DIESEL,private,24
2024-10-01,05,Östergötland,ETHANOL,company,6
2024-10-01,05,Östergötland,ETHANOL,dealer,5
2024-10-01,05,Östergötland,ETHANOL,private,14
2024-10-01,05,Östergötland,HEV,company,14
2024-10-01,05,Östergötland,HEV,dealer,64
2024-10-01,05,Östergötland,HEV,private,50
2024-10-01,05,Östergötland,PETROL,company,48
2024-10-01,05,Östergötland,PETROL,dealer,23
2024-10-01,05,Östergötland,PETROL,private,137
2024-10-01,05,Östergötland,PHEV,company,137
2024-10-01,05,Östergötland,PHEV,dealer,45
2024-10-01,05,Östergötland,PHEV,private,47
2024-10-01,06,Jönköping,BEV,company,120
2024-10-01,06,Jönköping,BEV,dealer,40
2024-10-01,06,Jönköping,BEV,private,103
2024-10-01,06,Jönköping,DIESEL,company,26
2024-10-01,06,Jönköping,DIESEL,dealer,12
2024-10-01,06,Jönköping,DIESEL,private,18
2024-10-01,06,Jönköping,ETHANOL,company,3
2024-10-01,06,Jönköping,ETHANOL,private,12
2024-10-01,06,Jönköping,GAS,dealer,7
2024-10-01,06,Jönköping,HEV,company,30
2024-10-01,06,Jönköping,HEV,dealer,30
2024-10-01,06,Jönköping,HEV,private,37
2024-10-01,06,Jönköping,PETROL,company,156
2024-10-01,06,Jönköping,PETROL,dealer,23
2024-10-01,06,Jönköping,PETROL,private,125
2024-10-01,06,Jönköping,PHEV,company,91
2024-10-01,06,Jönköping,PHEV,dealer,75
2024-10-01,06,Jönköping,PHEV,private,46
2024-10-01,07,Kronoberg,BEV,company,33
2024-10-01,07,Kronoberg,BEV,dealer,12
2024-10-01,07,Kronoberg,BEV,private,45
2024-10-01,07,Kronoberg,DIESEL,company,17
2024-10-01,07,Kronoberg,DIESEL,dealer,7
2024-10-01,07,Kronoberg,DIESEL,private,10
2024-10-01,07,Kronoberg,ETHANOL,company,2
2024-10-01,07,Kronoberg,ETHANOL,private,3
2024-10-01,07,Kronoberg,HEV,company,1
2024-10-01,07,Kronoberg,HEV,dealer,9
2024-10-01,07,Kronoberg,HEV,private,21
2024-10-01,07,Kronoberg,PETROL,company,19
2024-10-01,07,Kronoberg,PETROL,dealer,11
2024-10-01,07,Kronoberg,PETROL,private,66
2024-10-01,07,Kronoberg,PHEV,company,37
2024-10-01,07,Kronoberg,PHEV,dealer,20
2024-10-01,07,Kronoberg,PHEV,private,25
2024-10-01,08,Kalmar,BEV,company,37
2024-10-01,08,Kalmar,BEV,dealer,20
2024-10-01,08,Kalmar,BEV,private,72
2024-10-01,08,Kalmar,DIESEL,company,13
2024-10-01,08,Kalmar,DIESEL,dealer,4
2024-10-01,08,Kalmar,DIESEL,private,12
2024-10-01,08,Kalmar,ETHANOL,dealer,1
2024-10-01,08,Kalmar,ETHANOL,private,1
2024-10-01,08,Kalmar,HEV,company,1
2024-10-01,08,Kalmar,HEV,dealer,13
2024-10-01,08,Kalmar,HEV,private,12
2024-10-01,08,Kalmar,PETROL,company,46
2024-10-01,08,Kalmar,PETROL,dealer,21
2024-10-01,08,Kalmar,PETROL,private,85
2024-10-01,08,Kalmar,PHEV,company,33
2024-10-01,08,Kalmar,PHEV,dealer,26
2024-10-01,08,Kalmar,PHEV,private,23
2024-10-01,09,Gotland,BEV,company,8
2024-10-01,09,Gotland,BEV,dealer,1
2024-10-01,09,Gotland,BEV,private,7
2024-10-01,09,Gotland,DIESEL,company,2
2024-10-01,09,Gotland,DIESEL,private,2
2024-10-01,09,Gotland,GAS,private,1
2024-10-01,09,Gotland,HEV,dealer,2
2024-10-01,09,Gotland,HEV,private,9
2024-10-01,09,Gotland,PETROL,company,1
2024-10-01,09,Gotland,PETROL,dealer,1
2024-10-01,09,Gotland,PETROL,private,9
2024-10-01,09,Gotland,PHEV,company,1
2024-10-01,09,Gotland,PHEV,dealer,2
2024-10-01,09,Gotland,PHEV,private,2
2024-10-01,10,Blekinge,BEV,company,26
2024-10-01,10,Blekinge,BEV,dealer,8
2024-10-01,10,Blekinge,BEV,private,28
2024-10-01,10,Blekinge,DIESEL,company,4
2024-10-01,10,Blekinge,DIESEL,dealer,4
2024-10-01,10,Blekinge,DIESEL,private,10
2024-10-01,10,Blekinge,ETHANOL,private,2
2024-10-01,10,Blekinge,HEV,company,2
2024-10-01,10,Blekinge,HEV,dealer,5
2024-10-01,10,Blekinge,HEV,private,12
2024-10-01,10,Blekinge,PETROL,company,9
2024-10-01,10,Blekinge,PETROL,dealer,7
2024-10-01,10,Blekinge,PETROL,private,49
2024-10-01,10,Blekinge,PHEV,company,12
2024-10-01,10,Blekinge,PHEV,dealer,20
2024-10-01,10,Blekinge,PHEV,private,19
2024-10-01,12,Skåne,BEV,company,361
2024-10-01,12,Skåne,BEV,dealer,130
2024-10-01,12,Skåne,BEV,private,408
2024-10-01,12,Skåne,DIESEL,company,138
2024-10-01,12,Skåne,DIESEL,dealer,171
2024-10-01,12,Skåne,DIESEL,private,84
2024-10-01,12,Skåne,ETHANOL,company,7
2024-10-01,12,Skåne,ETHANOL,dealer,6
2024-10-01,12,Skåne,ETHANOL,private,10
2024-10-01,12,Skåne,GAS,company,5
2024-10-01,12,Skåne,HEV,company,52
2024-10-01,12,Skåne,HEV,dealer,56
2024-10-01,12,Skåne,HEV,private,132
2024-10-01,12,Skåne,PETROL,company,162
2024-10-01,12,Skåne,PETROL,dealer,301
2024-10-01,12,Skåne,PETROL,private,478
2024-10-01,12,Skåne,PHEV,company,379
2024-10-01,12,Skåne,PHEV,dealer,242
2024-10-01,12,Skåne,PHEV,private,189
2024-10-01,13,Halland,BEV,company,55
2024-10-01,13,Halland,BEV,dealer,10
2024-10-01,13,Halland,BEV,private,156
2024-10-01,13,Halland,DIESEL,company,17
2024-10-01,13,Halland,DIESEL,dealer,6
2024-10-01,13,Halland,DIESEL,private,23
2024-10-01,13,Halland,ETHANOL,company,1
2024-10-01,13,Halland,ETHANOL,private,5
2024-10-01,13,Halland,HEV,company,12
2024-10-01,13,Halland,HEV,dealer,19
2024-10-01,13,Halland,HEV,private,29
2024-10-01,13,Halland,PETROL,company,25
2024-10-01,13,Halland,PETROL,dealer,44
2024-10-01,13,Halland,PETROL,private,132
2024-10-01,13,Halland,PHEV,company,66
2024-10-01,13,Halland,PHEV,dealer,39
2024-10-01,13,Halland,PHEV,private,58
2024-10-01,14,Västra Götaland,BEV,company,447
2024-10-01,14,Västra Götaland,BEV,dealer,118
2024-10-01,14,Västra Götaland,BEV,private,550
2024-10-01,14,Västra Götaland,DIESEL,company,67
2024-10-01,14,Västra Götaland,DIESEL,dealer,64
2024-10-01,14,Västra Götaland,DIESEL,private,71
2024-10-01,14,Västra Götaland,ETHANOL,company,22
2024-10-01,14,Västra Götaland,ETHANOL,dealer,6
2024-10-01,14,Västra Götaland,ETHANOL,private,29
2024-10-01,14,Västra Götaland,HEV,company,81
2024-10-01,14,Västra Götaland,HEV,dealer,182
2024-10-01,14,Västra Götaland,HEV,private,123
2024-10-01,14,Västra Götaland,PETROL,company,190
2024-10-01,14,Västra Götaland,PETROL,dealer,331
2024-10-01,14,Västra Götaland,PETROL,private,632
2024-10-01,14,Västra Götaland,PHEV,company,323
2024-10-01,14,Västra Götaland,PHEV,dealer,280
2024-10-01,14,Västra Götaland,PHEV,private,276
2024-10-01,17,Värmland,BEV,company,47
2024-10-01,17,Värmland,BEV,dealer,17
2024-10-01,17,Värmland,BEV,private,54
2024-10-01,17,Värmland,DIESEL,company,57
2024-10-01,17,Värmland,DIESEL,dealer,17
2024-10-01,17,Värmland,DIESEL,private,20
2024-10-01,17,Värmland,ETHANOL,company,5
2024-10-01,17,Värmland,ETHANOL,dealer,3
2024-10-01,17,Värmland,ETHANOL,private,5
2024-10-01,17,Värmland,HEV,company,10
2024-10-01,17,Värmland,HEV,dealer,20
2024-10-01,17,Värmland,HEV,private,36
2024-10-01,17,Värmland,PETROL,company,109
2024-10-01,17,Värmland,PETROL,dealer,20
2024-10-01,17,Värmland,PETROL,private,62
2024-10-01,17,Värmland,PHEV,company,63
2024-10-01,17,Värmland,PHEV,dealer,30
2024-10-01,17,Värmland,PHEV,private,41
2024-10-01,18,Örebro,BEV,company,41
2024-10-01,18,Örebro,BEV,dealer,13
2024-10-01,18,Örebro,BEV,private,75
2024-10-01,18,Örebro,DIESEL,company,18
2024-10-01,18,Örebro,DIESEL,dealer,1
2024-10-01,18,Örebro,DIESEL,private,25
2024-10-01,18,Örebro,ETHANOL,company,5
2024-10-01,18,Örebro,ETHANOL,dealer,3
2024-10-01,18,Örebro,ETHANOL,private,10
2024-10-01,18,Örebro,HEV,company,23
2024-10-01,18,Örebro,HEV,dealer,23
2024-10-01,18,Örebro,HEV,private,37
2024-10-01,18,Örebro,PETROL,company,22
2024-10-01,18,Örebro,PETROL,dealer,13
2024-10-01,18,Örebro,PETROL,private,77
2024-10-01,18,Örebro,PHEV,company,52
2024-10-01,18,Örebro,PHEV,dealer,24
2024-10-01,18,Örebro,PHEV,private,57
2024-10-01,19,Västmanland,BEV,company,48
2024-10-01,19,Västmanland,BEV,dealer,15
2024-10-01,19,Västmanland,BEV,private,83
2024-10-01,19,Västmanland,DIESEL,company,11
2024-10-01,19,Västmanland,DIESEL,dealer,2
2024-10-01,19,Västmanland,DIESEL,private,18
2024-10-01,19,Västmanland,ETHANOL,dealer,1
2024-10-01,19,Västmanland,ETHANOL,private,14
2024-10-01,19,Västmanland,HEV,company,27
2024-10-01,19,Västmanland,HEV,dealer,15
2024-10-01,19,Västmanland,HEV,private,28
2024-10-01,19,Västmanland,PETROL,company,20
2024-10-01,19,Västmanland,PETROL,dealer,7
2024-10-01,19,Västmanland,PETROL,private,64
2024-10-01,19,Västmanland,PHEV,company,32
2024-10-01,19,Västmanland,PHEV,dealer,24
2024-10-01,19,Västmanland,PHEV,private,56
2024-10-01,20,Dalarna,BEV,company,41
2024-10-01,20,Dalarna,BEV,dealer,13
2024-10-01,20,Dalarna,BEV,private,37
2024-10-01,20,Dalarna,DIESEL,company,16
2024-10-01,20,Dalarna,DIESEL,dealer,7
2024-10-01,20,Dalarna,DIESEL,private,14
2024-10-01,20,Dalarna,ETHANOL,company,5
2024-10-01,20,Dalarna,ETHANOL,dealer,10
2024-10-01,20,Dalarna,ETHANOL,private,10
2024-10-01,20,Dalarna,HEV,company,24
2024-10-01,20,Dalarna,HEV,dealer,9
2024-10-01,20,Dalarna,HEV,private,14
2024-10-01,20,Dalarna,PETROL,company,10
2024-10-01,20,Dalarna,PETROL,dealer,26
2024-10-01,20,Dalarna,PETROL,private,48
2024-10-01,20,Dalarna,PHEV,company,36
2024-10-01,20,Dalarna,PHEV,dealer,44
2024-10-01,20,Dalarna,PHEV,private,44
2024-10-01,21,Gävleborg,BEV,company,34
2024-10-01,21,Gävleborg,BEV,dealer,20
2024-10-01,21,Gävleborg,BEV,private,46
2024-10-01,21,Gävleborg,DIESEL,company,13
2024-10-01,21,Gävleborg,DIESEL,dealer,1
2024-10-01,21,Gävleborg,DIESEL,private,16
2024-10-01,21,Gävleborg,ETHANOL,company,10
2024-10-01,21,Gävleborg,ETHANOL,dealer,1
2024-10-01,21,Gävleborg,ETHANOL,private,4
2024-10-01,21,Gävleborg,HEV,company,39
2024-10-01,21,Gävleborg,HEV,dealer,20
2024-10-01,21,Gävleborg,HEV,private,28
2024-10-01,21,Gävleborg,PETROL,company,20
2024-10-01,21,Gävleborg,PETROL,dealer,18
2024-10-01,21,Gävleborg,PETROL,private,60
2024-10-01,21,Gävleborg,PHEV,company,23
2024-10-01,21,Gävleborg,PHEV,dealer,102
2024-10-01,21,Gävleborg,PHEV,private,43
2024-10-01,22,Västernorrland,BEV,company,31
2024-10-01,22,Västernorrland,BEV,dealer,13
2024-10-01,22,Västernorrland,BEV,private,55
2024-10-01,22,Västernorrland,DIESEL,company,19
2024-10-01,22,Västernorrland,DIESEL,dealer,7
2024-10-01,22,Västernorrland,DIESEL,private,10
2024-10-01,22,Västernorrland,ETHANOL,company,2
2024-10-01,22,Västernorrland,ETHANOL,dealer,2
2024-10-01,22,Västernorrland,ETHANOL,private,12
2024-10-01,22,Västernorrland,GAS,dealer,1
2024-10-01,22,Västernorrland,HEV,company,4
2024-10-01,22,Västernorrland,HEV,dealer,8
2024-10-01,22,Västernorrland,HEV,private,18
2024-10-01,22,Västernorrland,PETROL,company,6
2024-10-01,22,Västernorrland,PETROL,dealer,13
2024-10-01,22,Västernorrland,PETROL,private,36
2024-10-01,22,Västernorrland,PHEV,company,28
2024-10-01,22,Västernorrland,PHEV,dealer,45
2024-10-01,22,Västernorrland,PHEV,private,38
2024-10-01,23,Jämtland,BEV,company,18
2024-10-01,23,Jämtland,BEV,dealer,2
2024-10-01,23,Jämtland,BEV,private,15
2024-10-01,23,Jämtland,DIESEL,company,9
2024-10-01,23,Jämtland,DIESEL,private,4
2024-10-01,23,Jämtland,ETHANOL,company,2
2024-10-01,23,Jämtland,ETHANOL,dealer,2
2024-10-01,23,Jämtland,ETHANOL,private,1
2024-10-01,23,Jämtland,HEV,company,7
2024-10-01,23,Jämtland,HEV,dealer,4
2024-10-01,23,Jämtland,HEV,private,6
2024-10-01,23,Jämtland,PETROL,company,4
2024-10-01,23,Jämtland,PETROL,dealer,1
2024-10-01,23,Jämtland,PETROL,private,11
2024-10-01,23,Jämtland,PHEV,company,12
2024-10-01,23,Jämtland,PHEV,dealer,5
2024-10-01,23,Jämtland,PHEV,private,10
2024-10-01,24,Västerbotten,BEV,company,40
2024-10-01,24,Västerbotten,BEV,dealer,24
2024-10-01,24,Västerbotten,BEV,private,68
2024-10-01,24,Västerbotten,DIESEL,company,20
2024-10-01,24,Västerbotten,DIESEL,dealer,6
2024-10-01,24,Västerbotten,DIESEL,private,12
2024-10-01,24,Västerbotten,ETHANOL,company,2
2024-10-01,24,Västerbotten,ETHANOL,dealer,1
2024-10-01,24,Västerbotten,ETHANOL,private,3
2024-10-01,24,Västerbotten,HEV,company,8
2024-10-01,24,Västerbotten,HEV,dealer,13
2024-10-01,24,Västerbotten,HEV,private,24
2024-10-01,24,Västerbotten,OTHER,company,1
2024-10-01,24,Västerbotten,PETROL,company,9
2024-10-01,24,Västerbotten,PETROL,dealer,11
2024-10-01,24,Västerbotten,PETROL,private,34
2024-10-01,24,Västerbotten,PHEV,company,28
2024-10-01,24,Västerbotten,PHEV,dealer,21
2024-10-01,24,Västerbotten,PHEV,private,40
2024-10-01,25,Norrbotten,BEV,company,35
2024-10-01,25,Norrbotten,BEV,dealer,3
2024-10-01,25,Norrbotten,BEV,private,35
2024-10-01,25,Norrbotten,DIESEL,company,28
2024-10-01,25,Norrbotten,DIESEL,dealer,7
2024-10-01,25,Norrbotten,DIESEL,private,10
2024-10-01,25,Norrbotten,ETHANOL,company,2
2024-10-01,25,Norrbotten,ETHANOL,dealer,4
2024-10-01,25,Norrbotten,ETHANOL,private,11
2024-10-01,25,Norrbotten,HEV,company,22
2024-10-01,25,Norrbotten,HEV,dealer,47
2024-10-01,25,Norrbotten,HEV,private,14
2024-10-01,25,Norrbotten,PETROL,company,20
2024-10-01,25,Norrbotten,PETROL,dealer,4
2024-10-01,25,Norrbotten,PETROL,private,16
2024-10-01,25,Norrbotten,PHEV,company,23
2024-10-01,25,Norrbotten,PHEV,dealer,5
2024-10-01,25,Norrbotten,PHEV,private,27
2024-11-01,01,Stockholm,BEV,company,2575
2024-11-01,01,Stockholm,BEV,dealer,1154
2024-11-01,01,Stockholm,BEV,private,744
2024-11-01,01,Stockholm,DIESEL,company,351
2024-11-01,01,Stockholm,DIESEL,dealer,63
2024-11-01,01,Stockholm,DIESEL,private,66
2024-11-01,01,Stockholm,ETHANOL,company,10
2024-11-01,01,Stockholm,ETHANOL,dealer,3
2024-11-01,01,Stockholm,ETHANOL,private,26
2024-11-01,01,Stockholm,HEV,company,215
2024-11-01,01,Stockholm,HEV,dealer,131
2024-11-01,01,Stockholm,HEV,private,206
2024-11-01,01,Stockholm,PETROL,company,446
2024-11-01,01,Stockholm,PETROL,dealer,480
2024-11-01,01,Stockholm,PETROL,private,644
2024-11-01,01,Stockholm,PHEV,company,2020
2024-11-01,01,Stockholm,PHEV,dealer,622
2024-11-01,01,Stockholm,PHEV,private,368
2024-11-01,03,Uppsala,BEV,company,75
2024-11-01,03,Uppsala,BEV,dealer,31
2024-11-01,03,Uppsala,BEV,private,101
2024-11-01,03,Uppsala,DIESEL,company,13
2024-11-01,03,Uppsala,DIESEL,dealer,17
2024-11-01,03,Uppsala,DIESEL,private,16
2024-11-01,03,Uppsala,ETHANOL,company,1
2024-11-01,03,Uppsala,ETHANOL,dealer,2
2024-11-01,03,Uppsala,ETHANOL,private,13
2024-11-01,03,Uppsala,HEV,company,16
2024-11-01,03,Uppsala,HEV,dealer,16
2024-11-01,03,Uppsala,HEV,private,62
2024-11-01,03,Uppsala,OTHER,company,1
2024-11-01,03,Uppsala,PETROL,company,28
2024-11-01,03,Uppsala,PETROL,dealer,29
2024-11-01,03,Uppsala,PETROL,private,85
2024-11-01,03,Uppsala,PHEV,company,55
2024-11-01,03,Uppsala,PHEV,dealer,29
2024-11-01,03,Uppsala,PHEV,private,52
2024-11-01,04,Södermanland,BEV,company,67
2024-11-01,04,Södermanland,BEV,dealer,25
2024-11-01,04,Södermanland,BEV,private,71
2024-11-01,04,Södermanland,DIESEL,company,23
2024-11-01,04,Södermanland,DIESEL,dealer,9
2024-11-01,04,Södermanland,DIESEL,private,15
2024-11-01,04,Södermanland,ETHANOL,dealer,2
2024-11-01,04,Södermanland,ETHANOL,private,2
2024-11-01,04,Södermanland,HEV,company,5
2024-11-01,04,Södermanland,HEV,dealer,11
2024-11-01,04,Södermanland,HEV,private,33
2024-11-01,04,Södermanland,PETROL,company,10
2024-11-01,04,Södermanland,PETROL,dealer,20
2024-11-01,04,Södermanland,PETROL,private,97
2024-11-01,04,Södermanland,PHEV,company,35
2024-11-01,04,Södermanland,PHEV,dealer,17
2024-11-01,04,Södermanland,PHEV,private,50
2024-11-01,05,Östergötland,BEV,company,108
2024-11-01,05,Östergötland,BEV,dealer,23
2024-11-01,05,Östergötland,BEV,private,108
2024-11-01,05,Östergötland,DIESEL,company,59
2024-11-01,05,Östergötland,DIESEL,dealer,12
2024-11-01,05,Östergötland,DIESEL,private,22
2024-11-01,05,Östergötland,ETHANOL,company,7
2024-11-01,05,Östergötland,ETHANOL,dealer,1
2024-11-01,05,Östergötland,ETHANOL,private,17
2024-11-01,05,Östergötland,GAS,dealer,1
2024-11-01,05,Östergötland,HEV,company,16
2024-11-01,05,Östergötland,HEV,dealer,52
2024-11-01,05,Östergötland,HEV,private,48
2024-11-01,05,Östergötland,PETROL,company,35
2024-11-01,05,Östergötland,PETROL,dealer,39
2024-11-01,05,Östergötland,PETROL,private,153
2024-11-01,05,Östergötland,PHEV,company,81
2024-11-01,05,Östergötland,PHEV,dealer,42
2024-11-01,05,Östergötland,PHEV,private,77
2024-11-01,06,Jönköping,BEV,company,98
2024-11-01,06,Jönköping,BEV,dealer,73
2024-11-01,06,Jönköping,BEV,private,99
2024-11-01,06,Jönköping,DIESEL,company,60
2024-11-01,06,Jönköping,DIESEL,dealer,16
2024-11-01,06,Jönköping,DIESEL,private,25
2024-11-01,06,Jönköping,ETHANOL,company,3
2024-11-01,06,Jönköping,ETHANOL,dealer,3
2024-11-01,06,Jönköping,ETHANOL,private,15
2024-11-01,06,Jönköping,GAS,dealer,10
2024-11-01,06,Jönköping,HEV,company,23
2024-11-01,06,Jönköping,HEV,dealer,30
2024-11-01,06,Jönköping,HEV,private,52
2024-11-01,06,Jönköping,PETROL,company,176
2024-11-01,06,Jönköping,PETROL,dealer,23
2024-11-01,06,Jönköping,PETROL,private,137
2024-11-01,06,Jönköping,PHEV,company,94
2024-11-01,06,Jönköping,PHEV,dealer,62
2024-11-01,06,Jönköping,PHEV,private,38
2024-11-01,07,Kronoberg,BEV,company,33
2024-11-01,07,Kronoberg,BEV,dealer,26
2024-11-01,07,Kronoberg,BEV,private,58
2024-11-01,07,Kronoberg,DIESEL,company,11
2024-11-01,07,Kronoberg,DIESEL,dealer,5
2024-11-01,07,Kronoberg,DIESEL,private,11
2024-11-01,07,Kronoberg,ETHANOL,company,3
2024-11-01,07,Kronoberg,ETHANOL,private,5
2024-11-01,07,Kronoberg,HEV,company,4
2024-11-01,07,Kronoberg,HEV,dealer,8
2024-11-01,07,Kronoberg,HEV,private,18
2024-11-01,07,Kronoberg,PETROL,company,18
2024-11-01,07,Kronoberg,PETROL,dealer,23
2024-11-01,07,Kronoberg,PETROL,private,61
2024-11-01,07,Kronoberg,PHEV,company,33
2024-11-01,07,Kronoberg,PHEV,dealer,17
2024-11-01,07,Kronoberg,PHEV,private,32
2024-11-01,08,Kalmar,BEV,company,26
2024-11-01,08,Kalmar,BEV,dealer,29
2024-11-01,08,Kalmar,BEV,private,39
2024-11-01,08,Kalmar,DIESEL,company,10
2024-11-01,08,Kalmar,DIESEL,dealer,12
2024-11-01,08,Kalmar,DIESEL,private,8
2024-11-01,08,Kalmar,ETHANOL,company,1
2024-11-01,08,Kalmar,GAS,company,7
2024-11-01,08,Kalmar,HEV,company,5
2024-11-01,08,Kalmar,HEV,dealer,13
2024-11-01,08,Kalmar,HEV,private,19
2024-11-01,08,Kalmar,PETROL,company,20
2024-11-01,08,Kalmar,PETROL,dealer,28
2024-11-01,08,Kalmar,PETROL,private,92
2024-11-01,08,Kalmar,PHEV,company,23
2024-11-01,08,Kalmar,PHEV,dealer,32
2024-11-01,08,Kalmar,PHEV,private,19
2024-11-01,09,Gotland,BEV,company,8
2024-11-01,09,Gotland,BEV,dealer,6
2024-11-01,09,Gotland,BEV,private,10
2024-11-01,09,Gotland,DIESEL,company,1
2024-11-01,09,Gotland,DIESEL,dealer,1
2024-11-01,09,Gotland,DIESEL,private,2
2024-11-01,09,Gotland,HEV,company,1
2024-11-01,09,Gotland,HEV,dealer,3
2024-11-01,09,Gotland,HEV,private,6
2024-11-01,09,Gotland,PETROL,company,2
2024-11-01,09,Gotland,PETROL,dealer,3
2024-11-01,09,Gotland,PETROL,private,11
2024-11-01,09,Gotland,PHEV,company,2
2024-11-01,09,Gotland,PHEV,dealer,1
2024-11-01,09,Gotland,PHEV,private,2
2024-11-01,10,Blekinge,BEV,company,11
2024-11-01,10,Blekinge,BEV,dealer,13
2024-11-01,10,Blekinge,BEV,private,44
2024-11-01,10,Blekinge,DIESEL,company,7
2024-11-01,10,Blekinge,DIESEL,dealer,2
2024-11-01,10,Blekinge,DIESEL,private,5
2024-11-01,10,Blekinge,ETHANOL,private,1
2024-11-01,10,Blekinge,HEV,company,1
2024-11-01,10,Blekinge,HEV,dealer,4
2024-11-01,10,Blekinge,HEV,private,9
2024-11-01,10,Blekinge,PETROL,company,10
2024-11-01,10,Blekinge,PETROL,dealer,31
2024-11-01,10,Blekinge,PETROL,private,32
2024-11-01,10,Blekinge,PHEV,company,22
2024-11-01,10,Blekinge,PHEV,dealer,15
2024-11-01,10,Blekinge,PHEV,private,25
2024-11-01,12,Skåne,BEV,company,297
2024-11-01,12,Skåne,BEV,dealer,164
2024-11-01,12,Skåne,BEV,private,388
2024-11-01,12,Skåne,DIESEL,company,109
2024-11-01,12,Skåne,DIESEL,dealer,48
2024-11-01,12,Skåne,DIESEL,private,57
2024-11-01,12,Skåne,ETHANOL,company,6
2024-11-01,12,Skåne,ETHANOL,dealer,4
2024-11-01,12,Skåne,ETHANOL,private,12
2024-11-01,12,Skåne,HEV,company,23
2024-11-01,12,Skåne,HEV,dealer,78
2024-11-01,12,Skåne,HEV,private,105
2024-11-01,12,Skåne,PETROL,company,189
2024-11-01,12,Skåne,PETROL,dealer,536
2024-11-01,12,Skåne,PETROL,private,486
2024-11-01,12,Skåne,PHEV,company,305
2024-11-01,12,Skåne,PHEV,dealer,129
2024-11-01,12,Skåne,PHEV,private,181
2024-11-01,13,Halland,BEV,company,63
2024-11-01,13,Halland,BEV,dealer,34
2024-11-01,13,Halland,BEV,private,122
2024-11-01,13,Halland,DIESEL,company,17
2024-11-01,13,Halland,DIESEL,dealer,3
2024-11-01,13,Halland,DIESEL,private,25
2024-11-01,13,Halland,ETHANOL,company,5
2024-11-01,13,Halland,ETHANOL,dealer,3
2024-11-01,13,Halland,ETHANOL,private,2
2024-11-01,13,Halland,HEV,company,15
2024-11-01,13,Halland,HEV,dealer,16
2024-11-01,13,Halland,HEV,private,29
2024-11-01,13,Halland,PETROL,company,18
2024-11-01,13,Halland,PETROL,dealer,28
2024-11-01,13,Halland,PETROL,private,126
2024-11-01,13,Halland,PHEV,company,66
2024-11-01,13,Halland,PHEV,dealer,18
2024-11-01,13,Halland,PHEV,private,57
2024-11-01,14,Västra Götaland,BEV,company,469
2024-11-01,14,Västra Götaland,BEV,dealer,191
2024-11-01,14,Västra Götaland,BEV,private,592
2024-11-01,14,Västra Götaland,DIESEL,company,73
2024-11-01,14,Västra Götaland,DIESEL,dealer,78
2024-11-01,14,Västra Götaland,DIESEL,private,80
2024-11-01,14,Västra Götaland,ETHANOL,company,9
2024-11-01,14,Västra Götaland,ETHANOL,dealer,6
2024-11-01,14,Västra Götaland,ETHANOL,private,31
2024-11-01,14,Västra Götaland,HEV,company,65
2024-11-01,14,Västra Götaland,HEV,dealer,183
2024-11-01,14,Västra Götaland,HEV,private,165
2024-11-01,14,Västra Götaland,PETROL,company,116
2024-11-01,14,Västra Götaland,PETROL,dealer,236
2024-11-01,14,Västra Götaland,PETROL,private,586
2024-11-01,14,Västra Götaland,PHEV,company,341
2024-11-01,14,Västra Götaland,PHEV,dealer,261
2024-11-01,14,Västra Götaland,PHEV,private,251
2024-11-01,17,Värmland,BEV,company,36
2024-11-01,17,Värmland,BEV,dealer,22
2024-11-01,17,Värmland,BEV,private,61
2024-11-01,17,Värmland,DIESEL,company,42
2024-11-01,17,Värmland,DIESEL,dealer,21
2024-11-01,17,Värmland,DIESEL,private,15
2024-11-01,17,Värmland,ETHANOL,company,3
2024-11-01,17,Värmland,ETHANOL,private,11
2024-11-01,17,Värmland,HEV,company,10
2024-11-01,17,Värmland,HEV,dealer,17
2024-11-01,17,Värmland,HEV,private,30
2024-11-01,17,Värmland,PETROL,company,70
2024-11-01,17,Värmland,PETROL,dealer,46
2024-11-01,17,Värmland,PETROL,private,71
2024-11-01,17,Värmland,PHEV,company,54
2024-11-01,17,Värmland,PHEV,dealer,25
2024-11-01,17,Värmland,PHEV,private,43
2024-11-01,18,Örebro,BEV,company,47
2024-11-01,18,Örebro,BEV,dealer,22
2024-11-01,18,Örebro,BEV,private,77
2024-11-01,18,Örebro,DIESEL,company,33
2024-11-01,18,Örebro,DIESEL,dealer,1
2024-11-01,18,Örebro,DIESEL,private,16
2024-11-01,18,Örebro,ETHANOL,company,2
2024-11-01,18,Örebro,ETHANOL,dealer,1
2024-11-01,18,Örebro,ETHANOL,private,10
2024-11-01,18,Örebro,HEV,company,9
2024-11-01,18,Örebro,HEV,dealer,29
2024-11-01,18,Örebro,HEV,private,26
2024-11-01,18,Örebro,PETROL,company,23
2024-11-01,18,Örebro,PETROL,dealer,5
2024-11-01,18,Örebro,PETROL,private,97
2024-11-01,18,Örebro,PHEV,company,41
2024-11-01,18,Örebro,PHEV,dealer,17
2024-11-01,18,Örebro,PHEV,private,48
2024-11-01,19,Västmanland,BEV,company,48
2024-11-01,19,Västmanland,BEV,dealer,33
2024-11-01,19,Västmanland,BEV,private,69
2024-11-01,19,Västmanland,DIESEL,company,9
2024-11-01,19,Västmanland,DIESEL,dealer,9
2024-11-01,19,Västmanland,DIESEL,private,6
2024-11-01,19,Västmanland,ETHANOL,company,1
2024-11-01,19,Västmanland,ETHANOL,private,6
2024-11-01,19,Västmanland,HEV,company,6
2024-11-01,19,Västmanland,HEV,dealer,7
2024-11-01,19,Västmanland,HEV,private,21
2024-11-01,19,Västmanland,PETROL,company,12
2024-11-01,19,Västmanland,PETROL,dealer,36
2024-11-01,19,Västmanland,PETROL,private,103
2024-11-01,19,Västmanland,PHEV,company,32
2024-11-01,19,Västmanland,PHEV,dealer,7
2024-11-01,19,Västmanland,PHEV,private,48
2024-11-01,20,Dalarna,BEV,company,56
2024-11-01,20,Dalarna,BEV,dealer,34
2024-11-01,20,Dalarna,BEV,private,65
2024-11-01,20,Dalarna,DIESEL,company,15
2024-11-01,20,Dalarna,DIESEL,dealer,7
2024-11-01,20,Dalarna,DIESEL,private,12
2024-11-01,20,Dalarna,ETHANOL,company,3
2024-11-01,20,Dalarna,ETHANOL,private,11
2024-11-01,20,Dalarna,HEV,company,22
2024-11-01,20,Dalarna,HEV,dealer,20
2024-11-01,20,Dalarna,HEV,private,20
2024-11-01,20,Dalarna,OTHER,private,1
2024-11-01,20,Dalarna,PETROL,company,20
2024-11-01,20,Dalarna,PETROL,dealer,23
2024-11-01,20,Dalarna,PETROL,private,48
2024-11-01,20,Dalarna,PHEV,company,47
2024-11-01,20,Dalarna,PHEV,dealer,27
2024-11-01,20,Dalarna,PHEV,private,30
2024-11-01,21,Gävleborg,BEV,company,34
2024-11-01,21,Gävleborg,BEV,dealer,54
2024-11-01,21,Gävleborg,BEV,private,48
2024-11-01,21,Gävleborg,DIESEL,company,10
2024-11-01,21,Gävleborg,DIESEL,dealer,15
2024-11-01,21,Gävleborg,DIESEL,private,4
2024-11-01,21,Gävleborg,ETHANOL,company,5
2024-11-01,21,Gävleborg,ETHANOL,dealer,1
2024-11-01,21,Gävleborg,ETHANOL,private,12
2024-11-01,21,Gävleborg,HEV,company,31
2024-11-01,21,Gävleborg,HEV,dealer,14
2024-11-01,21,Gävleborg,HEV,private,43
2024-11-01,21,Gävleborg,PETROL,company,17
2024-11-01,21,Gävleborg,PETROL,dealer,39
2024-11-01,21,Gävleborg,PETROL,private,42
2024-11-01,21,Gävleborg,PHEV,company,30
2024-11-01,21,Gävleborg,PHEV,dealer,45
2024-11-01,21,Gävleborg,PHEV,private,37
2024-11-01,22,Västernorrland,BEV,company,34
2024-11-01,22,Västernorrland,BEV,dealer,38
2024-11-01,22,Västernorrland,BEV,private,38
2024-11-01,22,Västernorrland,DIESEL,company,14
2024-11-01,22,Västernorrland,DIESEL,dealer,1
2024-11-01,22,Västernorrland,DIESEL,private,7
2024-11-01,22,Västernorrland,ETHANOL,company,1
2024-11-01,22,Västernorrland,ETHANOL,dealer,2
2024-11-01,22,Västernorrland,ETHANOL,private,11
2024-11-01,22,Västernorrland,HEV,company,6
2024-11-01,22,Västernorrland,HEV,dealer,15
2024-11-01,22,Västernorrland,HEV,private,16
2024-11-01,22,Västernorrland,PETROL,company,8
2024-11-01,22,Västernorrland,PETROL,dealer,19
2024-11-01,22,Västernorrland,PETROL,private,33
2024-11-01,22,Västernorrland,PHEV,company,34
2024-11-01,22,Västernorrland,PHEV,dealer,31
2024-11-01,22,Västernorrland,PHEV,private,32
2024-11-01,23,Jämtland,BEV,company,32
2024-11-01,23,Jämtland,BEV,dealer,3
2024-11-01,23,Jämtland,BEV,private,15
2024-11-01,23,Jämtland,DIESEL,company,7
2024-11-01,23,Jämtland,DIESEL,private,5
2024-11-01,23,Jämtland,ETHANOL,dealer,1
2024-11-01,23,Jämtland,ETHANOL,private,3
2024-11-01,23,Jämtland,HEV,company,3
2024-11-01,23,Jämtland,HEV,dealer,3
2024-11-01,23,Jämtland,HEV,private,6
2024-11-01,23,Jämtland,PETROL,company,2
2024-11-01,23,Jämtland,PETROL,dealer,2
2024-11-01,23,Jämtland,PETROL,private,8
2024-11-01,23,Jämtland,PHEV,company,22
2024-11-01,23,Jämtland,PHEV,dealer,2
2024-11-01,23,Jämtland,PHEV,private,1
2024-11-01,24,Västerbotten,BEV,company,53
2024-11-01,24,Västerbotten,BEV,dealer,23
2024-11-01,24,Västerbotten,BEV,private,53
2024-11-01,24,Västerbotten,DIESEL,company,12
2024-11-01,24,Västerbotten,DIESEL,dealer,7
2024-11-01,24,Västerbotten,DIESEL,private,11
2024-11-01,24,Västerbotten,ETHANOL,company,3
2024-11-01,24,Västerbotten,ETHANOL,dealer,7
2024-11-01,24,Västerbotten,ETHANOL,private,4
2024-11-01,24,Västerbotten,HEV,company,11
2024-11-01,24,Västerbotten,HEV,dealer,46
2024-11-01,24,Västerbotten,HEV,private,16
2024-11-01,24,Västerbotten,PETROL,company,12
2024-11-01,24,Västerbotten,PETROL,dealer,15
2024-11-01,24,Västerbotten,PETROL,private,38
2024-11-01,24,Västerbotten,PHEV,company,48
2024-11-01,24,Västerbotten,PHEV,dealer,19
2024-11-01,24,Västerbotten,PHEV,private,49
2024-11-01,25,Norrbotten,BEV,company,45
2024-11-01,25,Norrbotten,BEV,dealer,8
2024-11-01,25,Norrbotten,BEV,private,27
2024-11-01,25,Norrbotten,DIESEL,company,40
2024-11-01,25,Norrbotten,DIESEL,dealer,18
2024-11-01,25,Norrbotten,DIESEL,private,8
2024-11-01,25,Norrbotten,ETHANOL,company,4
2024-11-01,25,Norrbotten,ETHANOL,private,7
2024-11-01,25,Norrbotten,HEV,company,9
2024-11-01,25,Norrbotten,HEV,dealer,34
2024-11-01,25,Norrbotten,HEV,private,14
2024-11-01,25,Norrbotten,PETROL,company,23
2024-11-01,25,Norrbotten,PETROL,dealer,1
2024-11-01,25,Norrbotten,PETROL,private,29
2024-11-01,25,Norrbotten,PHEV,company,31
2024-11-01,25,Norrbotten,PHEV,dealer,18
2024-11-01,25,Norrbotten,PHEV,private,36
2024-12-01,01,Stockholm,BEV,company,3098
2024-12-01,01,Stockholm,BEV,dealer,1136
2024-12-01,01,Stockholm,BEV,private,955
2024-12-01,01,Stockholm,DIESEL,company,301
2024-12-01,01,Stockholm,DIESEL,dealer,115
2024-12-01,01,Stockholm,DIESEL,private,70
2024-12-01,01,Stockholm,ETHANOL,company,26
2024-12-01,01,Stockholm,ETHANOL,dealer,5
2024-12-01,01,Stockholm,ETHANOL,private,20
2024-12-01,01,Stockholm,HEV,company,150
2024-12-01,01,Stockholm,HEV,dealer,253
2024-12-01,01,Stockholm,HEV,private,178
2024-12-01,01,Stockholm,PETROL,company,377
2024-12-01,01,Stockholm,PETROL,dealer,553
2024-12-01,01,Stockholm,PETROL,private,604
2024-12-01,01,Stockholm,PHEV,company,1848
2024-12-01,01,Stockholm,PHEV,dealer,300
2024-12-01,01,Stockholm,PHEV,private,433
2024-12-01,03,Uppsala,BEV,company,93
2024-12-01,03,Uppsala,BEV,dealer,35
2024-12-01,03,Uppsala,BEV,private,127
2024-12-01,03,Uppsala,DIESEL,company,17
2024-12-01,03,Uppsala,DIESEL,dealer,18
2024-12-01,03,Uppsala,DIESEL,private,12
2024-12-01,03,Uppsala,ETHANOL,company,4
2024-12-01,03,Uppsala,ETHANOL,dealer,1
2024-12-01,03,Uppsala,ETHANOL,private,13
2024-12-01,03,Uppsala,HEV,company,6
2024-12-01,03,Uppsala,HEV,dealer,16
2024-12-01,03,Uppsala,HEV,private,42
2024-12-01,03,Uppsala,PETROL,company,18
2024-12-01,03,Uppsala,PETROL,dealer,21
2024-12-01,03,Uppsala,PETROL,private,83
2024-12-01,03,Uppsala,PHEV,company,43
2024-12-01,03,Uppsala,PHEV,dealer,18
2024-12-01,03,Uppsala,PHEV,private,47
2024-12-01,04,Södermanland,BEV,company,64
2024-12-01,04,Södermanland,BEV,dealer,19
2024-12-01,04,Södermanland,BEV,private,97
2024-12-01,04,Södermanland,DIESEL,company,26
2024-12-01,04,Södermanland,DIESEL,dealer,8
2024-12-01,04,Södermanland,DIESEL,private,7
2024-12-01,04,Södermanland,ETHANOL,dealer,1
2024-12-01,04,Södermanland,ETHANOL,private,2
2024-12-01,04,Södermanland,HEV,company,4
2024-12-01,04,Södermanland,HEV,dealer,25
2024-12-01,04,Södermanland,HEV,private,33
2024-12-01,04,Södermanland,OTHER,company,1
2024-12-01,04,Södermanland,PETROL,company,15
2024-12-01,04,Södermanland,PETROL,dealer,43
2024-12-01,04,Södermanland,PETROL,private,74
2024-12-01,04,Södermanland,PHEV,company,26
2024-12-01,04,Södermanland,PHEV,dealer,13
2024-12-01,04,Södermanland,PHEV,private,43
2024-12-01,05,Östergötland,BEV,company,90
2024-12-01,05,Östergötland,BEV,dealer,23
2024-12-01,05,Östergötland,BEV,private,173
2024-12-01,05,Östergötland,DIESEL,company,62
2024-12-01,05,Östergötland,DIESEL,dealer,19
2024-12-01,05,Östergötland,DIESEL,private,12
2024-12-01,05,Östergötland,ETHANOL,company,2
2024-12-01,05,Östergötland,ETHANOL,dealer,1
2024-12-01,05,Östergötland,ETHANOL,private,3
2024-12-01,05,Östergötland,HEV,company,17
2024-12-01,05,Östergötland,HEV,dealer,77
2024-12-01,05,Östergötland,HEV,private,41
2024-12-01,05,Östergötland,PETROL,company,47
2024-12-01,05,Östergötland,PETROL,dealer,44
2024-12-01,05,Östergötland,PETROL,private,138
2024-12-01,05,Östergötland,PHEV,company,78
2024-12-01,05,Östergötland,PHEV,dealer,28
2024-12-01,05,Östergötland,PHEV,private,78
2024-12-01,06,Jönköping,BEV,company,122
2024-12-01,06,Jönköping,BEV,dealer,46
2024-12-01,06,Jönköping,BEV,private,144
2024-12-01,06,Jönköping,DIESEL,company,40
2024-12-01,06,Jönköping,DIESEL,dealer,3
2024-12-01,06,Jönköping,DIESEL,private,16
2024-12-01,06,Jönköping,ETHANOL,company,3
2024-12-01,06,Jönköping,ETHANOL,private,3
2024-12-01,06,Jönköping,HEV,company,82
2024-12-01,06,Jönköping,HEV,dealer,41
2024-12-01,06,Jönköping,HEV,private,56
2024-12-01,06,Jönköping,PETROL,company,203
2024-12-01,06,Jönköping,PETROL,dealer,28
2024-12-01,06,Jönköping,PETROL,private,114
2024-12-01,06,Jönköping,PHEV,company,85
2024-12-01,06,Jönköping,PHEV,dealer,29
2024-12-01,06,Jönköping,PHEV,private,59
2024-12-01,07,Kronoberg,BEV,company,41
2024-12-01,07,Kronoberg,BEV,dealer,10
2024-12-01,07,Kronoberg,BEV,private,72
2024-12-01,07,Kronoberg,DIESEL,company,13
2024-12-01,07,Kronoberg,DIESEL,dealer,44
2024-12-01,07,Kronoberg,DIESEL,private,9
2024-12-01,07,Kronoberg,ETHANOL,company,3
2024-12-01,07,Kronoberg,HEV,company,7
2024-12-01,07,Kronoberg,HEV,dealer,6
2024-12-01,07,Kronoberg,HEV,private,17
2024-12-01,07,Kronoberg,PETROL,company,8
2024-12-01,07,Kronoberg,PETROL,dealer,11
2024-12-01,07,Kronoberg,PETROL,private,69
2024-12-01,07,Kronoberg,PHEV,company,25
2024-12-01,07,Kronoberg,PHEV,dealer,10
2024-12-01,07,Kronoberg,PHEV,private,31
2024-12-01,08,Kalmar,BEV,company,41
2024-12-01,08,Kalmar,BEV,dealer,22
2024-12-01,08,Kalmar,BEV,private,69
2024-12-01,08,Kalmar,DIESEL,company,29
2024-12-01,08,Kalmar,DIESEL,dealer,5
2024-12-01,08,Kalmar,DIESEL,private,9
2024-12-01,08,Kalmar,GAS,private,1
2024-12-01,08,Kalmar,HEV,company,3
2024-12-01,08,Kalmar,HEV,dealer,13
2024-12-01,08,Kalmar,HEV,private,15
2024-12-01,08,Kalmar,PETROL,company,24
2024-12-01,08,Kalmar,PETROL,dealer,36
2024-12-01,08,Kalmar,PETROL,private,68
2024-12-01,08,Kalmar,PHEV,company,21
2024-12-01,08,Kalmar,PHEV,dealer,19
2024-12-01,08,Kalmar,PHEV,private,23
2024-12-01,09,Gotland,BEV,company,9
2024-12-01,09,Gotland,BEV,dealer,1
2024-12-01,09,Gotland,BEV,private,14
2024-12-01,09,Gotland,DIESEL,company,18
2024-12-01,09,Gotland,DIESEL,dealer,1
2024-12-01,09,Gotland,DIESEL,private,1
2024-12-01,09,Gotland,HEV,company,1
2024-12-01,09,Gotland,HEV,dealer,3
2024-12-01,09,Gotland,HEV,private,3
2024-12-01,09,Gotland,PETROL,company,1
2024-12-01,09,Gotland,PETROL,dealer,4
2024-12-01,09,Gotland,PETROL,private,10
2024-12-01,09,Gotland,PHEV,company,3
2024-12-01,09,Gotland,PHEV,dealer,5
2024-12-01,09,Gotland,PHEV,private,7
2024-12-01,10,Blekinge,BEV,company,15
2024-12-01,10,Blekinge,BEV,dealer,8
2024-12-01,10,Blekinge,BEV,private,56
2024-12-01,10,Blekinge,DIESEL,company,9
2024-12-01,10,Blekinge,DIESEL,dealer,4
2024-12-01,10,Blekinge,DIESEL,private,4
2024-12-01,10,Blekinge,HEV,company,1
2024-12-01,10,Blekinge,HEV,dealer,6
2024-12-01,10,Blekinge,HEV,private,4
2024-12-01,10,Blekinge,PETROL,company,11
2024-12-01,10,Blekinge,PETROL,dealer,17
2024-12-01,10,Blekinge,PETROL,private,47
2024-12-01,10,Blekinge,PHEV,company,16
2024-12-01,10,Blekinge,PHEV,dealer,11
2024-12-01,10,Blekinge,PHEV,private,26
2024-12-01,12,Skåne,BEV,company,396
2024-12-01,12,Skåne,BEV,dealer,187
2024-12-01,12,Skåne,BEV,private,515
2024-12-01,12,Skåne,DIESEL,company,184
2024-12-01,12,Skåne,DIESEL,dealer,55
2024-12-01,12,Skåne,DIESEL,private,67
2024-12-01,12,Skåne,ETHANOL,company,2
2024-12-01,12,Skåne,ETHANOL,dealer,3
2024-12-01,12,Skåne,ETHANOL,private,9
2024-12-01,12,Skåne,HEV,company,25
2024-12-01,12,Skåne,HEV,dealer,76
2024-12-01,12,Skåne,HEV,private,111
2024-12-01,12,Skåne,OTHER,private,1
2024-12-01,12,Skåne,PETROL,company,281
2024-12-01,12,Skåne,PETROL,dealer,500
2024-12-01,12,Skåne,PETROL,private,467
2024-12-01,12,Skåne,PHEV,company,345
2024-12-01,12,Skåne,PHEV,dealer,188
2024-12-01,12,Skåne,PHEV,private,212
2024-12-01,13,Halland,BEV,company,85
2024-12-01,13,Halland,BEV,dealer,23
2024-12-01,13,Halland,BEV,private,183
2024-12-01,13,Halland,DIESEL,company,18
2024-12-01,13,Halland,DIESEL,dealer,9
2024-12-01,13,Halland,DIESEL,private,23
2024-12-01,13,Halland,ETHANOL,company,5
2024-12-01,13,Halland,ETHANOL,dealer,1
2024-12-01,13,Halland,ETHANOL,private,1
2024-12-01,13,Halland,HEV,company,8
2024-12-01,13,Halland,HEV,dealer,11
2024-12-01,13,Halland,HEV,private,17
2024-12-01,13,Halland,PETROL,company,27
2024-12-01,13,Halland,PETROL,dealer,21
2024-12-01,13,Halland,PETROL,private,121
2024-12-01,13,Halland,PHEV,company,53
2024-12-01,13,Halland,PHEV,dealer,23
2024-12-01,13,Halland,PHEV,private,54
2024-12-01,14,Västra Götaland,BEV,company,642
2024-12-01,14,Västra Götaland,BEV,dealer,255
2024-12-01,14,Västra Götaland,BEV,private,731
2024-12-01,14,Västra Götaland,DIESEL,company,73
2024-12-01,14,Västra Götaland,DIESEL,dealer,95
2024-12-01,14,Västra Götaland,DIESEL,private,64
2024-12-01,14,Västra Götaland,ETHANOL,company,15
2024-12-01,14,Västra Götaland,ETHANOL,dealer,6
2024-12-01,14,Västra Götaland,ETHANOL,private,16
2024-12-01,14,Västra Götaland,HEV,company,54
2024-12-01,14,Västra Götaland,HEV,dealer,179
2024-12-01,14,Västra Götaland,HEV,private,163
2024-12-01,14,Västra Götaland,PETROL,company,106
2024-12-01,14,Västra Götaland,PETROL,dealer,345
2024-12-01,14,Västra Götaland,PETROL,private,579
2024-12-01,14,Västra Götaland,PHEV,company,312
2024-12-01,14,Västra Götaland,PHEV,dealer,176
2024-12-01,14,Västra Götaland,PHEV,private,325
2024-12-01,17,Värmland,BEV,company,35
2024-12-01,17,Värmland,BEV,dealer,47
2024-12-01,17,Värmland,BEV,private,68
2024-12-01,17,Värmland,DIESEL,company,62
2024-12-01,17,Värmland,DIESEL,dealer,23
2024-12-01,17,Värmland,DIESEL,private,15
2024-12-01,17,Värmland,ETHANOL,company,4
2024-12-01,17,Värmland,ETHANOL,dealer,2
2024-12-01,17,Värmland,ETHANOL,private,4
2024-12-01,17,Värmland,HEV,company,14
2024-12-01,17,Värmland,HEV,dealer,13
2024-12-01,17,Värmland,HEV,private,26
2024-12-01,17,Värmland,PETROL,company,13
2024-12-01,17,Värmland,PETROL,dealer,45
2024-12-01,17,Värmland,PETROL,private,64
2024-12-01,17,Värmland,PHEV,company,45
2024-12-01,17,Värmland,PHEV,dealer,16
2024-12-01,17,Värmland,PHEV,private,36
2024-12-01,18,Örebro,BEV,company,73
2024-12-01,18,Örebro,BEV,dealer,24
2024-12-01,18,Örebro,BEV,private,104
2024-12-01,18,Örebro,DIESEL,company,27
2024-12-01,18,Örebro,DIESEL,dealer,7
2024-12-01,18,Örebro,DIESEL,private,22
2024-12-01,18,Örebro,ETHANOL,company,1
2024-12-01,18,Örebro,ETHANOL,private,6
2024-12-01,18,Örebro,HEV,company,7
2024-12-01,18,Örebro,HEV,dealer,20
2024-12-01,18,Örebro,HEV,private,24
2024-12-01,18,Örebro,PETROL,company,28
2024-12-01,18,Örebro,PETROL,dealer,26
2024-12-01,18,Örebro,PETROL,private,79
2024-12-01,18,Örebro,PHEV,company,30
2024-12-01,18,Örebro,PHEV,dealer,8
2024-12-01,18,Örebro,PHEV,private,26
2024-12-01,19,Västmanland,BEV,company,46
2024-12-01,19,Västmanland,BEV,dealer,11
2024-12-01,19,Västmanland,BEV,private,81
2024-12-01,19,Västmanland,DIESEL,company,15
2024-12-01,19,Västmanland,DIESEL,dealer,3
2024-12-01,19,Västmanland,DIESEL,private,11
2024-12-01,19,Västmanland,ETHANOL,company,3
2024-12-01,19,Västmanland,ETHANOL,private,8
2024-12-01,19,Västmanland,HEV,company,12
2024-12-01,19,Västmanland,HEV,dealer,2
2024-12-01,19,Västmanland,HEV,private,24
2024-12-01,19,Västmanland,PETROL,company,11
2024-12-01,19,Västmanland,PETROL,dealer,18
2024-12-01,19,Västmanland,PETROL,private,99
2024-12-01,19,Västmanland,PHEV,company,45
2024-12-01,19,Västmanland,PHEV,dealer,11
2024-12-01,19,Västmanland,PHEV,private,33
2024-12-01,20,Dalarna,BEV,company,50
2024-12-01,20,Dalarna,BEV,dealer,10
2024-12-01,20,Dalarna,BEV,private,55
2024-12-01,20,Dalarna,DIESEL,company,32
2024-12-01,20,Dalarna,DIESEL,dealer,7
2024-12-01,20,Dalarna,DIESEL,private,7
2024-12-01,20,Dalarna,ETHANOL,company,5
2024-12-01,20,Dalarna,ETHANOL,dealer,1
2024-12-01,20,Dalarna,ETHANOL,private,9
2024-12-01,20,Dalarna,HEV,company,21
2024-12-01,20,Dalarna,HEV,dealer,17
2024-12-01,20,Dalarna,HEV,private,19
2024-12-01,20,Dalarna,PETROL,company,21
2024-12-01,20,Dalarna,PETROL,dealer,48
2024-12-01,20,Dalarna,PETROL,private,33
2024-12-01,20,Dalarna,PHEV,company,30
2024-12-01,20,Dalarna,PHEV,dealer,24
2024-12-01,20,Dalarna,PHEV,private,46
2024-12-01,21,Gävleborg,BEV,company,30
2024-12-01,21,Gävleborg,BEV,dealer,36
2024-12-01,21,Gävleborg,BEV,private,35
2024-12-01,21,Gävleborg,DIESEL,company,3
2024-12-01,21,Gävleborg,DIESEL,dealer,8
2024-12-01,21,Gävleborg,DIESEL,private,11
2024-12-01,21,Gävleborg,ETHANOL,company,3
2024-12-01,21,Gävleborg,ETHANOL,dealer,3
2024-12-01,21,Gävleborg,ETHANOL,private,13
2024-12-01,21,Gävleborg,HEV,company,14
2024-12-01,21,Gävleborg,HEV,dealer,21
2024-12-01,21,Gävleborg,HEV,private,41
2024-12-01,21,Gävleborg,PETROL,company,8
2024-12-01,21,Gävleborg,PETROL,dealer,46
2024-12-01,21,Gävleborg,PETROL,private,47
2024-12-01,21,Gävleborg,PHEV,company,24
2024-12-01,21,Gävleborg,PHEV,dealer,16
2024-12-01,21,Gävleborg,PHEV,private,33
2024-12-01,22,Västernorrland,BEV,company,74
2024-12-01,22,Västernorrland,BEV,dealer,20
2024-12-01,22,Västernorrland,BEV,private,44
2024-12-01,22,Västernorrland,DIESEL,company,33
2024-12-01,22,Västernorrland,DIESEL,dealer,20
2024-12-01,22,Västernorrland,DIESEL,private,14
2024-12-01,22,Västernorrland,ETHANOL,company,2
2024-12-01,22,Västernorrland,ETHANOL,dealer,2
2024-12-01,22,Västernorrland,ETHANOL,private,3
2024-12-01,22,Västernorrland,HEV,company,13
2024-12-01,22,Västernorrland,HEV,dealer,5
2024-12-01,22,Västernorrland,HEV,private,22
2024-12-01,22,Västernorrland,PETROL,company,17
2024-12-01,22,Västernorrland,PETROL,dealer,56
2024-12-01,22,Västernorrland,PETROL,private,40
2024-12-01,22,Västernorrland,PHEV,company,24
2024-12-01,22,Västernorrland,PHEV,dealer,25
2024-12-01,22,Västernorrland,PHEV,private,28
2024-12-01,23,Jämtland,BEV,company,36
2024-12-01,23,Jämtland,BEV,dealer,4
2024-12-01,23,Jämtland,BEV,private,16
2024-12-01,23,Jämtland,DIESEL,company,11
2024-12-01,23,Jämtland,DIESEL,private,5
2024-12-01,23,Jämtland,ETHANOL,dealer,5
2024-12-01,23,Jämtland,ETHANOL,private,3
2024-12-01,23,Jämtland,HEV,company,1
2024-12-01,23,Jämtland,HEV,dealer,11
2024-12-01,23,Jämtland,HEV,private,5
2024-12-01,23,Jämtland,PETROL,company,7
2024-12-01,23,Jämtland,PETROL,private,9
2024-12-01,23,Jämtland,PHEV,company,15
2024-12-01,23,Jämtland,PHEV,dealer,15
2024-12-01,23,Jämtland,PHEV,private,5
2024-12-01,24,Västerbotten,BEV,company,53
2024-12-01,24,Västerbotten,BEV,dealer,30
2024-12-01,24,Västerbotten,BEV,private,63
2024-12-01,24,Västerbotten,DIESEL,company,18
2024-12-01,24,Västerbotten,DIESEL,dealer,27
2024-12-01,24,Västerbotten,DIESEL,private,7
2024-12-01,24,Västerbotten,ETHANOL,company,3
2024-12-01,24,Västerbotten,ETHANOL,dealer,3
2024-12-01,24,Västerbotten,ETHANOL,private,4
2024-12-01,24,Västerbotten,GAS,private,1
2024-12-01,24,Västerbotten,HEV,company,3
2024-12-01,24,Västerbotten,HEV,dealer,21
2024-12-01,24,Västerbotten,HEV,private,11
2024-12-01,24,Västerbotten,PETROL,company,5
2024-12-01,24,Västerbotten,PETROL,dealer,35
2024-12-01,24,Västerbotten,PETROL,private,32
2024-12-01,24,Västerbotten,PHEV,company,36
2024-12-01,24,Västerbotten,PHEV,dealer,52
2024-12-01,24,Västerbotten,PHEV,private,32
2024-12-01,25,Norrbotten,BEV,company,46
2024-12-01,25,Norrbotten,BEV,dealer,10
2024-12-01,25,Norrbotten,BEV,private,36
2024-12-01,25,Norrbotten,DIESEL,company,27
2024-12-01,25,Norrbotten,DIESEL,dealer,16
2024-12-01,25,Norrbotten,DIESEL,private,14
2024-12-01,25,Norrbotten,ETHANOL,company,3
2024-12-01,25,Norrbotten,ETHANOL,private,3
2024-12-01,25,Norrbotten,HEV,company,9
2024-12-01,25,Norrbotten,HEV,dealer,11
2024-12-01,25,Norrbotten,HEV,private,13
2024-12-01,25,Norrbotten,PETROL,company,32
2024-12-01,25,Norrbotten,PETROL,dealer,26
2024-12-01,25,Norrbotten,PETROL,private,36
2024-12-01,25,Norrbotten,PHEV,company,51
2024-12-01,25,Norrbotten,PHEV,dealer,49
2024-12-01,25,Norrbotten,PHEV,private,30
2025-01-01,01,Stockholm,BEV,company,2014
2025-01-01,01,Stockholm,BEV,dealer,618
2025-01-01,01,Stockholm,BEV,private,410
2025-01-01,01,Stockholm,DIESEL,company,183
2025-01-01,01,Stockholm,DIESEL,dealer,102
2025-01-01,01,Stockholm,DIESEL,private,41
2025-01-01,01,Stockholm,ETHANOL,company,16
2025-01-01,01,Stockholm,ETHANOL,dealer,31
2025-01-01,01,Stockholm,ETHANOL,private,15
2025-01-01,01,Stockholm,HEV,company,150
2025-01-01,01,Stockholm,HEV,dealer,238
2025-01-01,01,Stockholm,HEV,private,227
2025-01-01,01,Stockholm,OTHER,private,1
2025-01-01,01,Stockholm,PETROL,company,376
2025-01-01,01,Stockholm,PETROL,dealer,235
2025-01-01,01,Stockholm,PETROL,private,461
2025-01-01,01,Stockholm,PHEV,company,1345
2025-01-01,01,Stockholm,PHEV,dealer,350
2025-01-01,01,Stockholm,PHEV,private,276
2025-01-01,03,Uppsala,BEV,company,47
2025-01-01,03,Uppsala,BEV,dealer,8
2025-01-01,03,Uppsala,BEV,private,53
2025-01-01,03,Uppsala,DIESEL,company,9
2025-01-01,03,Uppsala,DIESEL,private,8
2025-01-01,03,Uppsala,ETHANOL,company,1
2025-01-01,03,Uppsala,ETHANOL,dealer,37
2025-01-01,03,Uppsala,ETHANOL,private,6
2025-01-01,03,Uppsala,HEV,company,5
2025-01-01,03,Uppsala,HEV,dealer,20
2025-01-01,03,Uppsala,HEV,private,38
2025-01-01,03,Uppsala,PETROL,company,59
2025-01-01,03,Uppsala,PETROL,dealer,33
2025-01-01,03,Uppsala,PETROL,private,63
2025-01-01,03,Uppsala,PHEV,company,54
2025-01-01,03,Uppsala,PHEV,dealer,17
2025-01-01,03,Uppsala,PHEV,private,36
2025-01-01,04,Södermanland,BEV,company,21
2025-01-01,04,Södermanland,BEV,dealer,11
2025-01-01,04,Södermanland,BEV,private,26
2025-01-01,04,Södermanland,DIESEL,company,9
2025-01-01,04,Södermanland,DIESEL,dealer,3
2025-01-01,04,Södermanland,DIESEL,private,6
2025-01-01,04,Södermanland,ETHANOL,company,1
2025-01-01,04,Södermanland,ETHANOL,private,4
2025-01-01,04,Södermanland,HEV,company,4
2025-01-01,04,Södermanland,HEV,dealer,13
2025-01-01,04,Södermanland,HEV,private,17
2025-01-01,04,Södermanland,PETROL,company,9
2025-01-01,04,Södermanland,PETROL,dealer,31
2025-01-01,04,Södermanland,PETROL,private,60
2025-01-01,04,Södermanland,PHEV,company,21
2025-01-01,04,Södermanland,PHEV,dealer,19
2025-01-01,04,Södermanland,PHEV,private,25
2025-01-01,05,Östergötland,BEV,company,64
2025-01-01,05,Östergötland,BEV,dealer,17
2025-01-01,05,Östergötland,BEV,private,77
2025-01-01,05,Östergötland,DIESEL,company,99
2025-01-01,05,Östergötland,DIESEL,dealer,4
2025-01-01,05,Östergötland,DIESEL,private,15
2025-01-01,05,Östergötland,ETHANOL,company,2
2025-01-01,05,Östergötland,ETHANOL,dealer,17
2025-01-01,05,Östergötland,ETHANOL,private,6
2025-01-01,05,Östergötland,HEV,company,6
2025-01-01,05,Östergötland,HEV,dealer,30
2025-01-01,05,Östergötland,HEV,private,47
2025-01-01,05,Östergötland,PETROL,company,22
2025-01-01,05,Östergötland,PETROL,dealer,17
2025-01-01,05,Östergötland,PETROL,private,112
2025-01-01,05,Östergötland,PHEV,company,67
2025-01-01,05,Östergötland,PHEV,dealer,32
2025-01-01,05,Östergötland,PHEV,private,61
2025-01-01,06,Jönköping,BEV,company,90
2025-01-01,06,Jönköping,BEV,dealer,43
2025-01-01,06,Jönköping,BEV,private,67
2025-01-01,06,Jönköping,DIESEL,company,42
2025-01-01,06,Jönköping,DIESEL,dealer,12
2025-01-01,06,Jönköping,DIESEL,private,7
2025-01-01,06,Jönköping,ETHANOL,company,2
2025-01-01,06,Jönköping,ETHANOL,dealer,11
2025-01-01,06,Jönköping,HEV,company,19
2025-01-01,06,Jönköping,HEV,dealer,38
2025-01-01,06,Jönköping,HEV,private,34
2025-01-01,06,Jönköping,PETROL,company,72
2025-01-01,06,Jönköping,PETROL,dealer,28
2025-01-01,06,Jönköping,PETROL,private,77
2025-01-01,06,Jönköping,PHEV,company,94
2025-01-01,06,Jönköping,PHEV,dealer,44
2025-01-01,06,Jönköping,PHEV,private,34
2025-01-01,07,Kronoberg,BEV,company,13
2025-01-01,07,Kronoberg,BEV,dealer,13
2025-01-01,07,Kronoberg,BEV,private,24
2025-01-01,07,Kronoberg,DIESEL,company,13
2025-01-01,07,Kronoberg,DIESEL,dealer,7
2025-01-01,07,Kronoberg,DIESEL,private,5
2025-01-01,07,Kronoberg,ETHANOL,dealer,3
2025-01-01,07,Kronoberg,ETHANOL,private,1
2025-01-01,07,Kronoberg,HEV,company,11
2025-01-01,07,Kronoberg,HEV,dealer,6
2025-01-01,07,Kronoberg,HEV,private,14
2025-01-01,07,Kronoberg,PETROL,company,5
2025-01-01,07,Kronoberg,PETROL,dealer,8
2025-01-01,07,Kronoberg,PETROL,private,42
2025-01-01,07,Kronoberg,PHEV,company,29
2025-01-01,07,Kronoberg,PHEV,dealer,11
2025-01-01,07,Kronoberg,PHEV,private,22
2025-01-01,08,Kalmar,BEV,company,14
2025-01-01,08,Kalmar,BEV,dealer,16
2025-01-01,08,Kalmar,BEV,private,33
2025-01-01,08,Kalmar,DIESEL,company,13
2025-01-01,08,Kalmar,DIESEL,dealer,13
2025-01-01,08,Kalmar,DIESEL,private,15
2025-01-01,08,Kalmar,HEV,company,2
2025-01-01,08,Kalmar,HEV,dealer,11
2025-01-01,08,Kalmar,HEV,private,14
2025-01-01,08,Kalmar,PETROL,company,28
2025-01-01,08,Kalmar,PETROL,dealer,27
2025-01-01,08,Kalmar,PETROL,private,59
2025-01-01,08,Kalmar,PHEV,company,25
2025-01-01,08,Kalmar,PHEV,dealer,17
2025-01-01,08,Kalmar,PHEV,private,22
2025-01-01,09,Gotland,BEV,company,6
2025-01-01,09,Gotland,BEV,dealer,1
2025-01-01,09,Gotland,BEV,private,6
2025-01-01,09,Gotland,DIESEL,company,1
2025-01-01,09,Gotland,DIESEL,private,1
2025-01-01,09,Gotland,HEV,company,1
2025-01-01,09,Gotland,HEV,dealer,2
2025-01-01,09,Gotland,HEV,private,7
2025-01-01,09,Gotland,PETROL,dealer,3
2025-01-01,09,Gotland,PETROL,private,4
2025-01-01,09,Gotland,PHEV,company,3
2025-01-01,09,Gotland,PHEV,private,3
2025-01-01,10,Blekinge,BEV,company,9
2025-01-01,10,Blekinge,BEV,dealer,6
2025-01-01,10,Blekinge,BEV,private,26
2025-01-01,10,Blekinge,DIESEL,company,10
2025-01-01,10,Blekinge,DIESEL,dealer,5
2025-01-01,10,Blekinge,DIESEL,private,3
2025-01-01,10,Blekinge,ETHANOL,company,2
2025-01-01,10,Blekinge,ETHANOL,private,1
2025-01-01,10,Blekinge,HEV,company,1
2025-01-01,10,Blekinge,HEV,dealer,9
2025-01-01,10,Blekinge,HEV,private,11
2025-01-01,10,Blekinge,PETROL,company,13
2025-01-01,10,Blekinge,PETROL,dealer,11
2025-01-01,10,Blekinge,PETROL,private,40
2025-01-01,10,Blekinge,PHEV,company,7
2025-01-01,10,Blekinge,PHEV,dealer,17
2025-01-01,10,Blekinge,PHEV,private,11
2025-01-01,12,Skåne,BEV,company,234
2025-01-01,12,Skåne,BEV,dealer,83
2025-01-01,12,Skåne,BEV,private,234
2025-01-01,12,Skåne,DIESEL,company,114
2025-01-01,12,Skåne,DIESEL,dealer,53
2025-01-01,12,Skåne,DIESEL,private,56
2025-01-01,12,Skåne,ETHANOL,company,3
2025-01-01,12,Skåne,ETHANOL,dealer,1215
2025-01-01,12,Skåne,ETHANOL,private,7
2025-01-01,12,Skåne,HEV,company,29
2025-01-01,12,Skåne,HEV,dealer,77
2025-01-01,12,Skåne,HEV,private,111
2025-01-01,12,Skåne,OTHER,private,3
2025-01-01,12,Skåne,PETROL,company,208
2025-01-01,12,Skåne,PETROL,dealer,1108
2025-01-01,12,Skåne,PETROL,private,377
2025-01-01,12,Skåne,PHEV,company,243
2025-01-01,12,Skåne,PHEV,dealer,117
2025-01-01,12,Skåne,PHEV,private,150
2025-01-01,13,Halland,BEV,company,35
2025-01-01,13,Halland,BEV,dealer,11
2025-01-01,13,Halland,BEV,private,63
2025-01-01,13,Halland,DIESEL,company,8
2025-01-01,13,Halland,DIESEL,dealer,10
2025-01-01,13,Halland,DIESEL,private,16
2025-01-01,13,Halland,ETHANOL,company,3
2025-01-01,13,Halland,ETHANOL,dealer,2
2025-01-01,13,Halland,ETHANOL,private,2
2025-01-01,13,Halland,HEV,company,22
2025-01-01,13,Halland,HEV,dealer,11
2025-01-01,13,Halland,HEV,private,29
2025-01-01,13,Halland,PETROL,company,21
2025-01-01,13,Halland,PETROL,dealer,32
2025-01-01,13,Halland,PETROL,private,118
2025-01-01,13,Halland,PHEV,company,46
2025-01-01,13,Halland,PHEV,dealer,13
2025-01-01,13,Halland,PHEV,private,40
2025-01-01,14,Västra Götaland,BEV,company,324
2025-01-01,14,Västra Götaland,BEV,dealer,145
2025-01-01,14,Västra Götaland,BEV,private,273
2025-01-01,14,Västra Götaland,DIESEL,company,82
2025-01-01,14,Västra Götaland,DIESEL,dealer,25
2025-01-01,14,Västra Götaland,DIESEL,private,41
2025-01-01,14,Västra Götaland,ETHANOL,company,8
2025-01-01,14,Västra Götaland,ETHANOL,dealer,69
2025-01-01,14,Västra Götaland,ETHANOL,private,9
2025-01-01,14,Västra Götaland,HEV,company,42
2025-01-01,14,Västra Götaland,HEV,dealer,105
2025-01-01,14,Västra Götaland,HEV,private,130
2025-01-01,14,Västra Götaland,PETROL,company,82
2025-01-01,14,Västra Götaland,PETROL,dealer,148
2025-01-01,14,Västra Götaland,PETROL,private,440
2025-01-01,14,Västra Götaland,PHEV,company,219
2025-01-01,14,Västra Götaland,PHEV,dealer,135
2025-01-01,14,Västra Götaland,PHEV,private,220
2025-01-01,17,Värmland,BEV,company,16
2025-01-01,17,Värmland,BEV,dealer,20
2025-01-01,17,Värmland,BEV,private,33
2025-01-01,17,Värmland,DIESEL,company,62
2025-01-01,17,Värmland,DIESEL,dealer,54
2025-01-01,17,Värmland,DIESEL,private,13
2025-01-01,17,Värmland,ETHANOL,company,8
2025-01-01,17,Värmland,ETHANOL,dealer,13
2025-01-01,17,Värmland,ETHANOL,private,5
2025-01-01,17,Värmland,HEV,company,8
2025-01-01,17,Värmland,HEV,dealer,11
2025-01-01,17,Värmland,HEV,private,19
2025-01-01,17,Värmland,PETROL,company,64
2025-01-01,17,Värmland,PETROL,dealer,35
2025-01-01,17,Värmland,PETROL,private,58
2025-01-01,17,Värmland,PHEV,company,37
2025-01-01,17,Värmland,PHEV,dealer,11
2025-01-01,17,Värmland,PHEV,private,32
2025-01-01,18,Örebro,BEV,company,26
2025-01-01,18,Örebro,BEV,dealer,13
2025-01-01,18,Örebro,BEV,private,33
2025-01-01,18,Örebro,DIESEL,company,20
2025-01-01,18,Örebro,DIESEL,dealer,4
2025-01-01,18,Örebro,DIESEL,private,17
2025-01-01,18,Örebro,ETHANOL,dealer,22
2025-01-01,18,Örebro,ETHANOL,private,7
2025-01-01,18,Örebro,HEV,company,4
2025-01-01,18,Örebro,HEV,dealer,14
2025-01-01,18,Örebro,HEV,private,22
2025-01-01,18,Örebro,PETROL,company,25
2025-01-01,18,Örebro,PETROL,dealer,11
2025-01-01,18,Örebro,PETROL,private,74
2025-01-01,18,Örebro,PHEV,company,32
2025-01-01,18,Örebro,PHEV,dealer,18
2025-01-01,18,Örebro,PHEV,private,37
2025-01-01,19,Västmanland,BEV,company,26
2025-01-01,19,Västmanland,BEV,dealer,11
2025-01-01,19,Västmanland,BEV,private,36
2025-01-01,19,Västmanland,DIESEL,company,5
2025-01-01,19,Västmanland,DIESEL,dealer,5
2025-01-01,19,Västmanland,DIESEL,private,7
2025-01-01,19,Västmanland,ETHANOL,company,2
2025-01-01,19,Västmanland,ETHANOL,dealer,8
2025-01-01,19,Västmanland,ETHANOL,private,4
2025-01-01,19,Västmanland,HEV,company,8
2025-01-01,19,Västmanland,HEV,dealer,3
2025-01-01,19,Västmanland,HEV,private,17
2025-01-01,19,Västmanland,PETROL,company,16
2025-01-01,19,Västmanland,PETROL,dealer,13
2025-01-01,19,Västmanland,PETROL,private,64
2025-01-01,19,Västmanland,PHEV,company,31
2025-01-01,19,Västmanland,PHEV,dealer,6
2025-01-01,19,Västmanland,PHEV,private,30
2025-01-01,20,Dalarna,BEV,company,36
2025-01-01,20,Dalarna,BEV,dealer,12
2025-01-01,20,Dalarna,BEV,private,31
2025-01-01,20,Dalarna,DIESEL,company,18
2025-01-01,20,Dalarna,DIESEL,dealer,4
2025-01-01,20,Dalarna,DIESEL,private,11
2025-01-01,20,Dalarna,ETHANOL,company,2
2025-01-01,20,Dalarna,ETHANOL,dealer,14
2025-01-01,20,Dalarna,ETHANOL,private,1
2025-01-01,20,Dalarna,HEV,company,7
2025-01-01,20,Dalarna,HEV,dealer,2
2025-01-01,20,Dalarna,HEV,private,14
2025-01-01,20,Dalarna,PETROL,company,39
2025-01-01,20,Dalarna,PETROL,dealer,31
2025-01-01,20,Dalarna,PETROL,private,50
2025-01-01,20,Dalarna,PHEV,company,37
2025-01-01,20,Dalarna,PHEV,dealer,11
2025-01-01,20,Dalarna,PHEV,private,46
2025-01-01,21,Gävleborg,BEV,company,20
2025-01-01,21,Gävleborg,BEV,dealer,16
2025-01-01,21,Gävleborg,BEV,private,25
2025-01-01,21,Gävleborg,DIESEL,company,8
2025-01-01,21,Gävleborg,DIESEL,dealer,4
2025-01-01,21,Gävleborg,DIESEL,private,7
2025-01-01,21,Gävleborg,ETHANOL,company,5
2025-01-01,21,Gävleborg,ETHANOL,dealer,29
2025-01-01,21,Gävleborg,ETHANOL,private,14
2025-01-01,21,Gävleborg,HEV,company,28
2025-01-01,21,Gävleborg,HEV,dealer,15
2025-01-01,21,Gävleborg,HEV,private,28
2025-01-01,21,Gävleborg,PETROL,company,19
2025-01-01,21,Gävleborg,PETROL,dealer,24
2025-01-01,21,Gävleborg,PETROL,private,45
2025-01-01,21,Gävleborg,PHEV,company,26
2025-01-01,21,Gävleborg,PHEV,dealer,17
2025-01-01,21,Gävleborg,PHEV,private,30
2025-01-01,22,Västernorrland,BEV,company,28
2025-01-01,22,Västernorrland,BEV,dealer,7
2025-01-01,22,Västernorrland,BEV,private,28
2025-01-01,22,Västernorrland,DIESEL,company,29
2025-01-01,22,Västernorrland,DIESEL,dealer,3
2025-01-01,22,Västernorrland,DIESEL,private,6
2025-01-01,22,Västernorrland,ETHANOL,company,2
2025-01-01,22,Västernorrland,ETHANOL,dealer,9
2025-01-01,22,Västernorrland,ETHANOL,private,2
2025-01-01,22,Västernorrland,HEV,company,1
2025-01-01,22,Västernorrland,HEV,dealer,13
2025-01-01,22,Västernorrland,HEV,private,8
2025-01-01,22,Västernorrland,PETROL,company,15
2025-01-01,22,Västernorrland,PETROL,dealer,25
2025-01-01,22,Västernorrland,PETROL,private,26
2025-01-01,22,Västernorrland,PHEV,company,24
2025-01-01,22,Västernorrland,PHEV,dealer,17
2025-01-01,22,Västernorrland,PHEV,private,28
2025-01-01,23,Jämtland,BEV,company,14
2025-01-01,23,Jämtland,BEV,private,12
2025-01-01,23,Jämtland,DIESEL,company,8
2025-01-01,23,Jämtland,DIESEL,private,7
2025-01-01,23,Jämtland,ETHANOL,company,1
2025-01-01,23,Jämtland,ETHANOL,dealer,24
2025-01-01,23,Jämtland,HEV,dealer,7
2025-01-01,23,Jämtland,HEV,private,6
2025-01-01,23,Jämtland,PETROL,company,3
2025-01-01,23,Jämtland,PETROL,dealer,19
2025-01-01,23,Jämtland,PETROL,private,7
2025-01-01,23,Jämtland,PHEV,company,10
2025-01-01,23,Jämtland,PHEV,dealer,1
2025-01-01,23,Jämtland,PHEV,private,8
2025-01-01,24,Västerbotten,BEV,company,37
2025-01-01,24,Västerbotten,BEV,dealer,25
2025-01-01,24,Västerbotten,BEV,private,42
2025-01-01,24,Västerbotten,DIESEL,company,8
2025-01-01,24,Västerbotten,DIESEL,dealer,5
2025-01-01,24,Västerbotten,DIESEL,private,10
2025-01-01,24,Västerbotten,ETHANOL,company,1
2025-01-01,24,Västerbotten,ETHANOL,dealer,14
2025-01-01,24,Västerbotten,ETHANOL,private,2
2025-01-01,24,Västerbotten,HEV,company,6
2025-01-01,24,Västerbotten,HEV,dealer,5
2025-01-01,24,Västerbotten,HEV,private,12
2025-01-01,24,Västerbotten,PETROL,company,9
2025-01-01,24,Västerbotten,PETROL,dealer,14
2025-01-01,24,Västerbotten,PETROL,private,31
2025-01-01,24,Västerbotten,PHEV,company,38
2025-01-01,24,Västerbotten,PHEV,dealer,31
2025-01-01,24,Västerbotten,PHEV,private,28
2025-01-01,25,Norrbotten,BEV,company,15
2025-01-01,25,Norrbotten,BEV,dealer,10
2025-01-01,25,Norrbotten,BEV,private,15
2025-01-01,25,Norrbotten,DIESEL,company,13
2025-01-01,25,Norrbotten,DIESEL,dealer,12
2025-01-01,25,Norrbotten,DIESEL,private,7
2025-01-01,25,Norrbotten,ETHANOL,company,7
2025-01-01,25,Norrbotten,ETHANOL,dealer,10
2025-01-01,25,Norrbotten,ETHANOL,private,2
2025-01-01,25,Norrbotten,HEV,company,18
2025-01-01,25,Norrbotten,HEV,dealer,11
2025-01-01,25,Norrbotten,HEV,private,6
2025-01-01,25,Norrbotten,PETROL,company,17
2025-01-01,25,Norrbotten,PETROL,dealer,11
2025-01-01,25,Norrbotten,PETROL,private,11
2025-01-01,25,Norrbotten,PHEV,company,56
2025-01-01,25,Norrbotten,PHEV,dealer,27
2025-01-01,25,Norrbotten,PHEV,private,19
2025-02-01,01,Stockholm,BEV,company,2340
2025-02-01,01,Stockholm,BEV,dealer,795
2025-02-01,01,Stockholm,BEV,private,492
2025-02-01,01,Stockholm,DIESEL,company,248
2025-02-01,01,Stockholm,DIESEL,dealer,55
2025-02-01,01,Stockholm,DIESEL,private,55
2025-02-01,01,Stockholm,ETHANOL,dealer,1
2025-02-01,01,Stockholm,HEV,company,145
2025-02-01,01,Stockholm,HEV,dealer,309
2025-02-01,01,Stockholm,HEV,private,162
2025-02-01,01,Stockholm,PETROL,company,404
2025-02-01,01,Stockholm,PETROL,dealer,326
2025-02-01,01,Stockholm,PETROL,private,436
2025-02-01,01,Stockholm,PHEV,company,1566
2025-02-01,01,Stockholm,PHEV,dealer,377
2025-02-01,01,Stockholm,PHEV,private,334
2025-02-01,03,Uppsala,BEV,company,48
2025-02-01,03,Uppsala,BEV,dealer,17
2025-02-01,03,Uppsala,BEV,private,82
2025-02-01,03,Uppsala,DIESEL,company,5
2025-02-01,03,Uppsala,DIESEL,private,9
2025-02-01,03,Uppsala,HEV,company,8
2025-02-01,03,Uppsala,HEV,dealer,14
2025-02-01,03,Uppsala,HEV,private,28
2025-02-01,03,Uppsala,PETROL,company,92
2025-02-01,03,Uppsala,PETROL,dealer,13
2025-02-01,03,Uppsala,PETROL,private,51
2025-02-01,03,Uppsala,PHEV,company,32
2025-02-01,03,Uppsala,PHEV,dealer,11
2025-02-01,03,Uppsala,PHEV,private,38
2025-02-01,04,Södermanland,BEV,company,29
2025-02-01,04,Södermanland,BEV,dealer,21
2025-02-01,04,Södermanland,BEV,private,44
2025-02-01,04,Södermanland,DIESEL,company,11
2025-02-01,04,Södermanland,DIESEL,dealer,5
2025-02-01,04,Södermanland,DIESEL,private,15
2025-02-01,04,Södermanland,HEV,company,5
2025-02-01,04,Södermanland,HEV,dealer,6
2025-02-01,04,Södermanland,HEV,private,23
2025-02-01,04,Södermanland,OTHER,company,1
2025-02-01,04,Södermanland,PETROL,company,7
2025-02-01,04,Södermanland,PETROL,dealer,15
2025-02-01,04,Södermanland,PETROL,private,54
2025-02-01,04,Södermanland,PHEV,company,24
2025-02-01,04,Södermanland,PHEV,dealer,12
2025-02-01,04,Södermanland,PHEV,private,38
2025-02-01,05,Östergötland,BEV,company,75
2025-02-01,05,Östergötland,BEV,dealer,14
2025-02-01,05,Östergötland,BEV,private,83
2025-02-01,05,Östergötland,DIESEL,company,44
2025-02-01,05,Östergötland,DIESEL,dealer,12
2025-02-01,05,Östergötland,DIESEL,private,17
2025-02-01,05,Östergötland,GAS,private,1
2025-02-01,05,Östergötland,HEV,company,1
2025-02-01,05,Östergötland,HEV,dealer,29
2025-02-01,05,Östergötland,HEV,private,31
2025-02-01,05,Östergötland,PETROL,company,25
2025-02-01,05,Östergötland,PETROL,dealer,30
2025-02-01,05,Östergötland,PETROL,private,92
2025-02-01,05,Östergötland,PHEV,company,52
2025-02-01,05,Östergötland,PHEV,dealer,26
2025-02-01,05,Östergötland,PHEV,private,42
2025-02-01,06,Jönköping,BEV,company,83
2025-02-01,06,Jönköping,BEV,dealer,47
2025-02-01,06,Jönköping,BEV,private,64
2025-02-01,06,Jönköping,DIESEL,company,51
2025-02-01,06,Jönköping,DIESEL,dealer,11
2025-02-01,06,Jönköping,DIESEL,private,15
2025-02-01,06,Jönköping,HEV,company,47
2025-02-01,06,Jönköping,HEV,dealer,17
2025-02-01,06,Jönköping,HEV,private,35
2025-02-01,06,Jönköping,PETROL,company,126
2025-02-01,06,Jönköping,PETROL,dealer,34
2025-02-01,06,Jönköping,PETROL,private,84
2025-02-01,06,Jönköping,PHEV,company,141
2025-02-01,06,Jönköping,PHEV,dealer,49
2025-02-01,06,Jönköping,PHEV,private,56
2025-02-01,07,Kronoberg,BEV,company,34
2025-02-01,07,Kronoberg,BEV,dealer,14
2025-02-01,07,Kronoberg,BEV,private,35
2025-02-01,07,Kronoberg,DIESEL,company,4
2025-02-01,07,Kronoberg,DIESEL,dealer,3
2025-02-01,07,Kronoberg,DIESEL,private,7
2025-02-01,07,Kronoberg,HEV,dealer,6
2025-02-01,07,Kronoberg,HEV,private,6
2025-02-01,07,Kronoberg,PETROL,company,32
2025-02-01,07,Kronoberg,PETROL,dealer,15
2025-02-01,07,Kronoberg,PETROL,private,50
2025-02-01,07,Kronoberg,PHEV,company,37
2025-02-01,07,Kronoberg,PHEV,dealer,17
2025-02-01,07,Kronoberg,PHEV,private,34
2025-02-01,08,Kalmar,BEV,company,22
2025-02-01,08,Kalmar,BEV,dealer,13
2025-02-01,08,Kalmar,BEV,private,37
2025-02-01,08,Kalmar,DIESEL,company,15
2025-02-01,08,Kalmar,DIESEL,dealer,8
2025-02-01,08,Kalmar,DIESEL,private,9
2025-02-01,08,Kalmar,HEV,company,8
2025-02-01,08,Kalmar,HEV,dealer,20
2025-02-01,08,Kalmar,HEV,private,6
2025-02-01,08,Kalmar,PETROL,company,21
2025-02-01,08,Kalmar,PETROL,dealer,33
2025-02-01,08,Kalmar,PETROL,private,61
2025-02-01,08,Kalmar,PHEV,company,36
2025-02-01,08,Kalmar,PHEV,dealer,24
2025-02-01,08,Kalmar,PHEV,private,34
2025-02-01,09,Gotland,BEV,company,17
2025-02-01,09,Gotland,BEV,dealer,2
2025-02-01,09,Gotland,BEV,private,5
2025-02-01,09,Gotland,DIESEL,private,4
2025-02-01,09,Gotland,HEV,dealer,3
2025-02-01,09,Gotland,HEV,private,2
2025-02-01,09,Gotland,PETROL,company,1
2025-02-01,09,Gotland,PETROL,dealer,3
2025-02-01,09,Gotland,PETROL,private,6
2025-02-01,09,Gotland,PHEV,company,4
2025-02-01,09,Gotland,PHEV,dealer,4
2025-02-01,09,Gotland,PHEV,private,8
2025-02-01,10,Blekinge,BEV,company,14
2025-02-01,10,Blekinge,BEV,dealer,11
2025-02-01,10,Blekinge,BEV,private,26
2025-02-01,10,Blekinge,DIESEL,company,6
2025-02-01,10,Blekinge,DIESEL,private,5
2025-02-01,10,Blekinge,HEV,company,2
2025-02-01,10,Blekinge,HEV,dealer,4
2025-02-01,10,Blekinge,HEV,private,4
2025-02-01,10,Blekinge,PETROL,company,9
2025-02-01,10,Blekinge,PETROL,dealer,19
2025-02-01,10,Blekinge,PETROL,private,43
2025-02-01,10,Blekinge,PHEV,company,13
2025-02-01,10,Blekinge,PHEV,dealer,17
2025-02-01,10,Blekinge,PHEV,private,25
2025-02-01,12,Skåne,BEV,company,236
2025-02-01,12,Skåne,BEV,dealer,197
2025-02-01,12,Skåne,BEV,private,264
2025-02-01,12,Skåne,DIESEL,company,191
2025-02-01,12,Skåne,DIESEL,dealer,39
2025-02-01,12,Skåne,DIESEL,private,47
2025-02-01,12,Skåne,HEV,company,26
2025-02-01,12,Skåne,HEV,dealer,37
2025-02-01,12,Skåne,HEV,private,84
2025-02-01,12,Skåne,OTHER,private,1
2025-02-01,12,Skåne,PETROL,company,368
2025-02-01,12,Skåne,PETROL,dealer,614
2025-02-01,12,Skåne,PETROL,private,407
2025-02-01,12,Skåne,PHEV,company,322
2025-02-01,12,Skåne,PHEV,dealer,152
2025-02-01,12,Skåne,PHEV,private,156
2025-02-01,13,Halland,BEV,company,71
2025-02-01,13,Halland,BEV,dealer,15
2025-02-01,13,Halland,BEV,private,97
2025-02-01,13,Halland,DIESEL,company,14
2025-02-01,13,Halland,DIESEL,dealer,2
2025-02-01,13,Halland,DIESEL,private,19
2025-02-01,13,Halland,HEV,company,6
2025-02-01,13,Halland,HEV,dealer,6
2025-02-01,13,Halland,HEV,private,21
2025-02-01,13,Halland,PETROL,company,14
2025-02-01,13,Halland,PETROL,dealer,19
2025-02-01,13,Halland,PETROL,private,82
2025-02-01,13,Halland,PHEV,company,55
2025-02-01,13,Halland,PHEV,dealer,18
2025-02-01,13,Halland,PHEV,private,71
2025-02-01,14,Västra Götaland,BEV,company,400
2025-02-01,14,Västra Götaland,BEV,dealer,135
2025-02-01,14,Västra Götaland,BEV,private,391
2025-02-01,14,Västra Götaland,DIESEL,company,72
2025-02-01,14,Västra Götaland,DIESEL,dealer,34
2025-02-01,14,Västra Götaland,DIESEL,private,73
2025-02-01,14,Västra Götaland,ETHANOL,company,1
2025-02-01,14,Västra Götaland,HEV,company,40
2025-02-01,14,Västra Götaland,HEV,dealer,122
2025-02-01,14,Västra Götaland,HEV,private,115
2025-02-01,14,Västra Götaland,PETROL,company,101
2025-02-01,14,Västra Götaland,PETROL,dealer,166
2025-02-01,14,Västra Götaland,PETROL,private,480
2025-02-01,14,Västra Götaland,PHEV,company,243
2025-02-01,14,Västra Götaland,PHEV,dealer,160
2025-02-01,14,Västra Götaland,PHEV,private,225
2025-02-01,17,Värmland,BEV,company,30
2025-02-01,17,Värmland,BEV,dealer,16
2025-02-01,17,Värmland,BEV,private,34
2025-02-01,17,Värmland,DIESEL,company,70
2025-02-01,17,Värmland,DIESEL,dealer,79
2025-02-01,17,Värmland,DIESEL,private,18
2025-02-01,17,Värmland,HEV,company,10
2025-02-01,17,Värmland,HEV,dealer,10
2025-02-01,17,Värmland,HEV,private,18
2025-02-01,17,Värmland,PETROL,company,71
2025-02-01,17,Värmland,PETROL,dealer,23
2025-02-01,17,Värmland,PETROL,private,63
2025-02-01,17,Värmland,PHEV,company,52
2025-02-01,17,Värmland,PHEV,dealer,6
2025-02-01,17,Värmland,PHEV,private,35
2025-02-01,18,Örebro,BEV,company,43
2025-02-01,18,Örebro,BEV,dealer,9
2025-02-01,18,Örebro,BEV,private,55
2025-02-01,18,Örebro,DIESEL,company,12
2025-02-01,18,Örebro,DIESEL,dealer,2
2025-02-01,18,Örebro,DIESEL,private,14
2025-02-01,18,Örebro,HEV,company,5
2025-02-01,18,Örebro,HEV,dealer,4
2025-02-01,18,Örebro,HEV,private,24
2025-02-01,18,Örebro,PETROL,company,24
2025-02-01,18,Örebro,PETROL,dealer,10
2025-02-01,18,Örebro,PETROL,private,64
2025-02-01,18,Örebro,PHEV,company,28
2025-02-01,18,Örebro,PHEV,dealer,12
2025-02-01,18,Örebro,PHEV,private,35
2025-02-01,19,Västmanland,BEV,company,31
2025-02-01,19,Västmanland,BEV,dealer,14
2025-02-01,19,Västmanland,BEV,private,58
2025-02-01,19,Västmanland,DIESEL,company,7
2025-02-01,19,Västmanland,DIESEL,dealer,1
2025-02-01,19,Västmanland,DIESEL,private,18
2025-02-01,19,Västmanland,HEV,dealer,2
2025-02-01,19,Västmanland,HEV,private,12
2025-02-01,19,Västmanland,PETROL,company,15
2025-02-01,19,Västmanland,PETROL,dealer,10
2025-02-01,19,Västmanland,PETROL,private,71
2025-02-01,19,Västmanland,PHEV,company,35
2025-02-01,19,Västmanland,PHEV,dealer,9
2025-02-01,19,Västmanland,PHEV,private,35
2025-02-01,20,Dalarna,BEV,company,36
2025-02-01,20,Dalarna,BEV,dealer,9
2025-02-01,20,Dalarna,BEV,private,28
2025-02-01,20,Dalarna,DIESEL,company,25
2025-02-01,20,Dalarna,DIESEL,dealer,3
2025-02-01,20,Dalarna,DIESEL,private,9
2025-02-01,20,Dalarna,ETHANOL,private,1
2025-02-01,20,Dalarna,HEV,company,6
2025-02-01,20,Dalarna,HEV,dealer,7
2025-02-01,20,Dalarna,HEV,private,11
2025-02-01,20,Dalarna,PETROL,company,26
2025-02-01,20,Dalarna,PETROL,dealer,12
2025-02-01,20,Dalarna,PETROL,private,39
2025-02-01,20,Dalarna,PHEV,company,42
2025-02-01,20,Dalarna,PHEV,dealer,12
2025-02-01,20,Dalarna,PHEV,private,25
2025-02-01,21,Gävleborg,BEV,company,17
2025-02-01,21,Gävleborg,BEV,dealer,12
2025-02-01,21,Gävleborg,BEV,private,33
2025-02-01,21,Gävleborg,DIESEL,company,11
2025-02-01,21,Gävleborg,DIESEL,dealer,3
2025-02-01,21,Gävleborg,DIESEL,private,10
2025-02-01,21,Gävleborg,HEV,company,12
2025-02-01,21,Gävleborg,HEV,dealer,9
2025-02-01,21,Gävleborg,HEV,private,22
2025-02-01,21,Gävleborg,PETROL,company,23
2025-02-01,21,Gävleborg,PETROL,dealer,27
2025-02-01,21,Gävleborg,PETROL,private,31
2025-02-01,21,Gävleborg,PHEV,company,28
2025-02-01,21,Gävleborg,PHEV,dealer,23
2025-02-01,21,Gävleborg,PHEV,private,34
2025-02-01,22,Västernorrland,BEV,company,22
2025-02-01,22,Västernorrland,BEV,dealer,20
2025-02-01,22,Västernorrland,BEV,private,36
2025-02-01,22,Västernorrland,DIESEL,company,46
2025-02-01,22,Västernorrland,DIESEL,dealer,5
2025-02-01,22,Västernorrland,DIESEL,private,10
2025-02-01,22,Västernorrland,ETHANOL,dealer,1
2025-02-01,22,Västernorrland,ETHANOL,private,1
2025-02-01,22,Västernorrland,HEV,company,4
2025-02-01,22,Västernorrland,HEV,dealer,5
2025-02-01,22,Västernorrland,HEV,private,10
2025-02-01,22,Västernorrland,PETROL,company,7
2025-02-01,22,Västernorrland,PETROL,dealer,5
2025-02-01,22,Västernorrland,PETROL,private,27
2025-02-01,22,Västernorrland,PHEV,company,31
2025-02-01,22,Västernorrland,PHEV,dealer,14
2025-02-01,22,Västernorrland,PHEV,private,34
2025-02-01,23,Jämtland,BEV,company,14
2025-02-01,23,Jämtland,BEV,dealer,1
2025-02-01,23,Jämtland,BEV,private,6
2025-02-01,23,Jämtland,DIESEL,company,10
2025-02-01,23,Jämtland,DIESEL,private,5
2025-02-01,23,Jämtland,ETHANOL,dealer,1
2025-02-01,23,Jämtland,HEV,company,3
2025-02-01,23,Jämtland,HEV,dealer,3
2025-02-01,23,Jämtland,HEV,private,2
2025-02-01,23,Jämtland,PETROL,company,4
2025-02-01,23,Jämtland,PETROL,dealer,5
2025-02-01,23,Jämtland,PETROL,private,7
2025-02-01,23,Jämtland,PHEV,company,17
2025-02-01,23,Jämtland,PHEV,dealer,6
2025-02-01,23,Jämtland,PHEV,private,12
2025-02-01,24,Västerbotten,BEV,company,36
2025-02-01,24,Västerbotten,BEV,dealer,20
2025-02-01,24,Västerbotten,BEV,private,28
2025-02-01,24,Västerbotten,DIESEL,company,11
2025-02-01,24,Västerbotten,DIESEL,dealer,12
2025-02-01,24,Västerbotten,DIESEL,private,5
2025-02-01,24,Västerbotten,HEV,company,4
2025-02-01,24,Västerbotten,HEV,dealer,3
2025-02-01,24,Västerbotten,HEV,private,15
2025-02-01,24,Västerbotten,PETROL,company,13
2025-02-01,24,Västerbotten,PETROL,dealer,16
2025-02-01,24,Västerbotten,PETROL,private,20
2025-02-01,24,Västerbotten,PHEV,company,26
2025-02-01,24,Västerbotten,PHEV,dealer,13
2025-02-01,24,Västerbotten,PHEV,private,32
2025-02-01,25,Norrbotten,BEV,company,24
2025-02-01,25,Norrbotten,BEV,dealer,2
2025-02-01,25,Norrbotten,BEV,private,24
2025-02-01,25,Norrbotten,DIESEL,company,25
2025-02-01,25,Norrbotten,DIESEL,dealer,2
2025-02-01,25,Norrbotten,DIESEL,private,7
2025-02-01,25,Norrbotten,HEV,company,21
2025-02-01,25,Norrbotten,HEV,dealer,10
2025-02-01,25,Norrbotten,HEV,private,10
2025-02-01,25,Norrbotten,PETROL,company,10
2025-02-01,25,Norrbotten,PETROL,dealer,11
2025-02-01,25,Norrbotten,PETROL,private,27
2025-02-01,25,Norrbotten,PHEV,company,52
2025-02-01,25,Norrbotten,PHEV,dealer,7
2025-02-01,25,Norrbotten,PHEV,private,25
2025-03-01,01,Stockholm,BEV,company,2981
2025-03-01,01,Stockholm,BEV,dealer,897
2025-03-01,01,Stockholm,BEV,private,641
2025-03-01,01,Stockholm,DIESEL,company,299
2025-03-01,01,Stockholm,DIESEL,dealer,73
2025-03-01,01,Stockholm,DIESEL,private,100
2025-03-01,01,Stockholm,ETHANOL,company,3
2025-03-01,01,Stockholm,ETHANOL,private,2
2025-03-01,01,Stockholm,GAS,dealer,1
2025-03-01,01,Stockholm,HEV,company,254
2025-03-01,01,Stockholm,HEV,dealer,400
2025-03-01,01,Stockholm,HEV,private,202
2025-03-01,01,Stockholm,OTHER,private,1
2025-03-01,01,Stockholm,PETROL,company,649
2025-03-01,01,Stockholm,PETROL,dealer,363
2025-03-01,01,Stockholm,PETROL,private,578
2025-03-01,01,Stockholm,PHEV,company,1999
2025-03-01,01,Stockholm,PHEV,dealer,558
2025-03-01,01,Stockholm,PHEV,private,388
2025-03-01,03,Uppsala,BEV,company,53
2025-03-01,03,Uppsala,BEV,dealer,24
2025-03-01,03,Uppsala,BEV,private,86
2025-03-01,03,Uppsala,DIESEL,company,19
2025-03-01,03,Uppsala,DIESEL,dealer,6
2025-03-01,03,Uppsala,DIESEL,private,20
2025-03-01,03,Uppsala,HEV,company,8
2025-03-01,03,Uppsala,HEV,dealer,20
2025-03-01,03,Uppsala,HEV,private,31
2025-03-01,03,Uppsala,PETROL,company,56
2025-03-01,03,Uppsala,PETROL,dealer,5
2025-03-01,03,Uppsala,PETROL,private,68
2025-03-01,03,Uppsala,PHEV,company,75
2025-03-01,03,Uppsala,PHEV,dealer,13
2025-03-01,03,Uppsala,PHEV,private,51
2025-03-01,04,Södermanland,BEV,company,34
2025-03-01,04,Södermanland,BEV,dealer,7
2025-03-01,04,Södermanland,BEV,private,60
2025-03-01,04,Södermanland,DIESEL,company,8
2025-03-01,04,Södermanland,DIESEL,dealer,6
2025-03-01,04,Södermanland,DIESEL,private,19
2025-03-01,04,Södermanland,ETHANOL,dealer,1
2025-03-01,04,Södermanland,HEV,company,9
2025-03-01,04,Södermanland,HEV,dealer,8
2025-03-01,04,Södermanland,HEV,private,19
2025-03-01,04,Södermanland,PETROL,company,31
2025-03-01,04,Södermanland,PETROL,dealer,19
2025-03-01,04,Södermanland,PETROL,private,80
2025-03-01,04,Södermanland,PHEV,company,30
2025-03-01,04,Södermanland,PHEV,dealer,31
2025-03-01,04,Södermanland,PHEV,private,44
2025-03-01,05,Östergötland,BEV,company,81
2025-03-01,05,Östergötland,BEV,dealer,20
2025-03-01,05,Östergötland,BEV,private,119
2025-03-01,05,Östergötland,DIESEL,company,51
2025-03-01,05,Östergötland,DIESEL,dealer,8
2025-03-01,05,Östergötland,DIESEL,private,36
2025-03-01,05,Östergötland,ETHANOL,private,1
2025-03-01,05,Östergötland,HEV,company,4
2025-03-01,05,Östergötland,HEV,dealer,67
2025-03-01,05,Östergötland,HEV,private,41
2025-03-01,05,Östergötland,PETROL,company,62
2025-03-01,05,Östergötland,PETROL,dealer,21
2025-03-01,05,Östergötland,PETROL,private,129
2025-03-01,05,Östergötland,PHEV,company,66
2025-03-01,05,Östergötland,PHEV,dealer,37
2025-03-01,05,Östergötland,PHEV,private,73
2025-03-01,06,Jönköping,BEV,company,117
2025-03-01,06,Jönköping,BEV,dealer,34
2025-03-01,06,Jönköping,BEV,private,92
2025-03-01,06,Jönköping,DIESEL,company,42
2025-03-01,06,Jönköping,DIESEL,dealer,12
2025-03-01,06,Jönköping,DIESEL,private,27
2025-03-01,06,Jönköping,HEV,company,15
2025-03-01,06,Jönköping,HEV,dealer,27
2025-03-01,06,Jönköping,HEV,private,38
2025-03-01,06,Jönköping,PETROL,company,60
2025-03-01,06,Jönköping,PETROL,dealer,44
2025-03-01,06,Jönköping,PETROL,private,115
2025-03-01,06,Jönköping,PHEV,company,130
2025-03-01,06,Jönköping,PHEV,dealer,44
2025-03-01,06,Jönköping,PHEV,private,82
2025-03-01,07,Kronoberg,BEV,company,34
2025-03-01,07,Kronoberg,BEV,dealer,10
2025-03-01,07,Kronoberg,BEV,private,53
2025-03-01,07,Kronoberg,DIESEL,company,13
2025-03-01,07,Kronoberg,DIESEL,dealer,4
2025-03-01,07,Kronoberg,DIESEL,private,22
2025-03-01,07,Kronoberg,HEV,company,1
2025-03-01,07,Kronoberg,HEV,dealer,9
2025-03-01,07,Kronoberg,HEV,private,17
2025-03-01,07,Kronoberg,PETROL,company,9
2025-03-01,07,Kronoberg,PETROL,dealer,17
2025-03-01,07,Kronoberg,PETROL,private,59
2025-03-01,07,Kronoberg,PHEV,company,40
2025-03-01,07,Kronoberg,PHEV,dealer,15
2025-03-01,07,Kronoberg,PHEV,private,34
2025-03-01,08,Kalmar,BEV,company,31
2025-03-01,08,Kalmar,BEV,dealer,15
2025-03-01,08,Kalmar,BEV,private,41
2025-03-01,08,Kalmar,DIESEL,company,12
2025-03-01,08,Kalmar,DIESEL,dealer,4
2025-03-01,08,Kalmar,DIESEL,private,21
2025-03-01,08,Kalmar,HEV,company,10
2025-03-01,08,Kalmar,HEV,dealer,4
2025-03-01,08,Kalmar,HEV,private,11
2025-03-01,08,Kalmar,OTHER,private,2
2025-03-01,08,Kalmar,PETROL,company,24
2025-03-01,08,Kalmar,PETROL,dealer,22
2025-03-01,08,Kalmar,PETROL,private,58
2025-03-01,08,Kalmar,PHEV,company,41
2025-03-01,08,Kalmar,PHEV,dealer,26
2025-03-01,08,Kalmar,PHEV,private,40
2025-03-01,09,Gotland,BEV,company,8
2025-03-01,09,Gotland,BEV,dealer,2
2025-03-01,09,Gotland,BEV,private,8
2025-03-01,09,Gotland,DIESEL,private,3
2025-03-01,09,Gotland,HEV,dealer,2
2025-03-01,09,Gotland,HEV,private,2
2025-03-01,09,Gotland,PETROL,company,7
2025-03-01,09,Gotland,PETROL,dealer,1
2025-03-01,09,Gotland,PETROL,private,7
2025-03-01,09,Gotland,PHEV,company,5
2025-03-01,09,Gotland,PHEV,dealer,4
2025-03-01,09,Gotland,PHEV,private,5
2025-03-01,10,Blekinge,BEV,company,17
2025-03-01,10,Blekinge,BEV,dealer,4
2025-03-01,10,Blekinge,BEV,private,41
2025-03-01,10,Blekinge,DIESEL,company,4
2025-03-01,10,Blekinge,DIESEL,dealer,2
2025-03-01,10,Blekinge,DIESEL,private,10
2025-03-01,10,Blekinge,HEV,company,5
2025-03-01,10,Blekinge,HEV,dealer,25
2025-03-01,10,Blekinge,HEV,private,15
2025-03-01,10,Blekinge,PETROL,company,13
2025-03-01,10,Blekinge,PETROL,dealer,10
2025-03-01,10,Blekinge,PETROL,private,56
2025-03-01,10,Blekinge,PHEV,company,16
2025-03-01,10,Blekinge,PHEV,dealer,14
2025-03-01,10,Blekinge,PHEV,private,31
2025-03-01,12,Skåne,BEV,company,277
2025-03-01,12,Skåne,BEV,dealer,220
2025-03-01,12,Skåne,BEV,private,402
2025-03-01,12,Skåne,DIESEL,company,211
2025-03-01,12,Skåne,DIESEL,dealer,112
2025-03-01,12,Skåne,DIESEL,private,99
2025-03-01,12,Skåne,HEV,company,29
2025-03-01,12,Skåne,HEV,dealer,38
2025-03-01,12,Skåne,HEV,private,101
2025-03-01,12,Skåne,OTHER,company,1
2025-03-01,12,Skåne,PETROL,company,279
2025-03-01,12,Skåne,PETROL,dealer,854
2025-03-01,12,Skåne,PETROL,private,453
2025-03-01,12,Skåne,PHEV,company,314
2025-03-01,12,Skåne,PHEV,dealer,211
2025-03-01,12,Skåne,PHEV,private,187
2025-03-01,13,Halland,BEV,company,86
2025-03-01,13,Halland,BEV,dealer,16
2025-03-01,13,Halland,BEV,private,118
2025-03-01,13,Halland,DIESEL,company,13
2025-03-01,13,Halland,DIESEL,dealer,13
2025-03-01,13,Halland,DIESEL,private,38
2025-03-01,13,Halland,HEV,company,5
2025-03-01,13,Halland,HEV,dealer,14
2025-03-01,13,Halland,HEV,private,27
2025-03-01,13,Halland,PETROL,company,53
2025-03-01,13,Halland,PETROL,dealer,18
2025-03-01,13,Halland,PETROL,private,103
2025-03-01,13,Halland,PHEV,company,63
2025-03-01,13,Halland,PHEV,dealer,28
2025-03-01,13,Halland,PHEV,private,74
2025-03-01,14,Västra Götaland,BEV,company,438
2025-03-01,14,Västra Götaland,BEV,dealer,136
2025-03-01,14,Västra Götaland,BEV,private,510
2025-03-01,14,Västra Götaland,DIESEL,company,76
2025-03-01,14,Västra Götaland,DIESEL,dealer,64
2025-03-01,14,Västra Götaland,DIESEL,private,125
2025-03-01,14,Västra Götaland,HEV,company,47
2025-03-01,14,Västra Götaland,HEV,dealer,179
2025-03-01,14,Västra Götaland,HEV,private,126
2025-03-01,14,Västra Götaland,OTHER,private,1
2025-03-01,14,Västra Götaland,PETROL,company,137
2025-03-01,14,Västra Götaland,PETROL,dealer,222
2025-03-01,14,Västra Götaland,PETROL,private,555
2025-03-01,14,Västra Götaland,PHEV,company,264
2025-03-01,14,Västra Götaland,PHEV,dealer,300
2025-03-01,14,Västra Götaland,PHEV,private,268
2025-03-01,17,Värmland,BEV,company,35
2025-03-01,17,Värmland,BEV,dealer,12
2025-03-01,17,Värmland,BEV,private,43
2025-03-01,17,Värmland,DIESEL,company,71
2025-03-01,17,Värmland,DIESEL,dealer,42
2025-03-01,17,Värmland,DIESEL,private,26
2025-03-01,17,Värmland,HEV,company,22
2025-03-01,17,Värmland,HEV,dealer,21
2025-03-01,17,Värmland,HEV,private,21
2025-03-01,17,Värmland,PETROL,company,103
2025-03-01,17,Värmland,PETROL,dealer,36
2025-03-01,17,Värmland,PETROL,private,50
2025-03-01,17,Värmland,PHEV,company,48
2025-03-01,17,Värmland,PHEV,dealer,14
2025-03-01,17,Värmland,PHEV,private,40
2025-03-01,18,Örebro,BEV,company,41
2025-03-01,18,Örebro,BEV,dealer,14
2025-03-01,18,Örebro,BEV,private,56
2025-03-01,18,Örebro,DIESEL,company,23
2025-03-01,18,Örebro,DIESEL,dealer,2
2025-03-01,18,Örebro,DIESEL,private,27
2025-03-01,18,Örebro,ETHANOL,private,1
2025-03-01,18,Örebro,HEV,company,6
2025-03-01,18,Örebro,HEV,dealer,17
2025-03-01,18,Örebro,HEV,private,20
2025-03-01,18,Örebro,PETROL,company,31
2025-03-01,18,Örebro,PETROL,dealer,14
2025-03-01,18,Örebro,PETROL,private,81
2025-03-01,18,Örebro,PHEV,company,52
2025-03-01,18,Örebro,PHEV,dealer,16
2025-03-01,18,Örebro,PHEV,private,52
2025-03-01,19,Västmanland,BEV,company,39
2025-03-01,19,Västmanland,BEV,dealer,8
2025-03-01,19,Västmanland,BEV,private,61
2025-03-01,19,Västmanland,DIESEL,company,24
2025-03-01,19,Västmanland,DIESEL,dealer,8
2025-03-01,19,Västmanland,DIESEL,private,28
2025-03-01,19,Västmanland,HEV,company,1
2025-03-01,19,Västmanland,HEV,dealer,6
2025-03-01,19,Västmanland,HEV,private,9
2025-03-01,19,Västmanland,PETROL,company,25
2025-03-01,19,Västmanland,PETROL,dealer,10
2025-03-01,19,Västmanland,PETROL,private,94
2025-03-01,19,Västmanland,PHEV,company,39
2025-03-01,19,Västmanland,PHEV,dealer,21
2025-03-01,19,Västmanland,PHEV,private,31
2025-03-01,20,Dalarna,BEV,company,31
2025-03-01,20,Dalarna,BEV,dealer,12
2025-03-01,20,Dalarna,BEV,private,39
2025-03-01,20,Dalarna,DIESEL,company,45
2025-03-01,20,Dalarna,DIESEL,dealer,6
2025-03-01,20,Dalarna,DIESEL,private,18
2025-03-01,20,Dalarna,ETHANOL,private,1
2025-03-01,20,Dalarna,HEV,company,37
2025-03-01,20,Dalarna,HEV,dealer,5
2025-03-01,20,Dalarna,HEV,private,14
2025-03-01,20,Dalarna,PETROL,company,16
2025-03-01,20,Dalarna,PETROL,dealer,23
2025-03-01,20,Dalarna,PETROL,private,42
2025-03-01,20,Dalarna,PHEV,company,29
2025-03-01,20,Dalarna,PHEV,dealer,20
2025-03-01,20,Dalarna,PHEV,private,42
2025-03-01,21,Gävleborg,BEV,company,37
2025-03-01,21,Gävleborg,BEV,dealer,19
2025-03-01,21,Gävleborg,BEV,private,38
2025-03-01,21,Gävleborg,DIESEL,company,4
2025-03-01,21,Gävleborg,DIESEL,dealer,3
2025-03-01,21,Gävleborg,DIESEL,private,9
2025-03-01,21,Gävleborg,HEV,company,15
2025-03-01,21,Gävleborg,HEV,dealer,13
2025-03-01,21,Gävleborg,HEV,private,33
2025-03-01,21,Gävleborg,PETROL,company,5
2025-03-01,21,Gävleborg,PETROL,dealer,40
2025-03-01,21,Gävleborg,PETROL,private,27
2025-03-01,21,Gävleborg,PHEV,company,20
2025-03-01,21,Gävleborg,PHEV,dealer,31
2025-03-01,21,Gävleborg,PHEV,private,38
2025-03-01,22,Västernorrland,BEV,company,23
2025-03-01,22,Västernorrland,BEV,dealer,7
2025-03-01,22,Västernorrland,BEV,private,31
2025-03-01,22,Västernorrland,DIESEL,company,18
2025-03-01,22,Västernorrland,DIESEL,dealer,2
2025-03-01,22,Västernorrland,DIESEL,private,14
2025-03-01,22,Västernorrland,GAS,company,1
2025-03-01,22,Västernorrland,HEV,dealer,5
2025-03-01,22,Västernorrland,HEV,private,8
2025-03-01,22,Västernorrland,PETROL,company,16
2025-03-01,22,Västernorrland,PETROL,dealer,15
2025-03-01,22,Västernorrland,PETROL,private,30
2025-03-01,22,Västernorrland,PHEV,company,30
2025-03-01,22,Västernorrland,PHEV,dealer,10
2025-03-01,22,Västernorrland,PHEV,private,33
2025-03-01,23,Jämtland,BEV,company,17
2025-03-01,23,Jämtland,BEV,dealer,1
2025-03-01,23,Jämtland,BEV,private,18
2025-03-01,23,Jämtland,DIESEL,company,10
2025-03-01,23,Jämtland,DIESEL,private,7
2025-03-01,23,Jämtland,ETHANOL,company,1
2025-03-01,23,Jämtland,HEV,company,6
2025-03-01,23,Jämtland,HEV,private,3
2025-03-01,23,Jämtland,PETROL,company,6
2025-03-01,23,Jämtland,PETROL,dealer,3
2025-03-01,23,Jämtland,PETROL,private,10
2025-03-01,23,Jämtland,PHEV,company,14
2025-03-01,23,Jämtland,PHEV,dealer,9
2025-03-01,23,Jämtland,PHEV,private,11
2025-03-01,24,Västerbotten,BEV,company,29
2025-03-01,24,Västerbotten,BEV,dealer,25
2025-03-01,24,Västerbotten,BEV,private,36
2025-03-01,24,Västerbotten,DIESEL,company,12
2025-03-01,24,Västerbotten,DIESEL,dealer,11
2025-03-01,24,Västerbotten,DIESEL,private,10
2025-03-01,24,Västerbotten,HEV,company,5
2025-03-01,24,Västerbotten,HEV,dealer,5
2025-03-01,24,Västerbotten,HEV,private,13
2025-03-01,24,Västerbotten,PETROL,company,20
2025-03-01,24,Västerbotten,PETROL,dealer,20
2025-03-01,24,Västerbotten,PETROL,private,21
2025-03-01,24,Västerbotten,PHEV,company,25
2025-03-01,24,Västerbotten,PHEV,dealer,13
2025-03-01,24,Västerbotten,PHEV,private,22
2025-03-01,25,Norrbotten,BEV,company,29
2025-03-01,25,Norrbotten,BEV,dealer,8
2025-03-01,25,Norrbotten,BEV,private,13
2025-03-01,25,Norrbotten,DIESEL,company,15
2025-03-01,25,Norrbotten,DIESEL,dealer,8
2025-03-01,25,Norrbotten,DIESEL,private,8
2025-03-01,25,Norrbotten,HEV,company,15
2025-03-01,25,Norrbotten,HEV,dealer,12
2025-03-01,25,Norrbotten,HEV,private,5
2025-03-01,25,Norrbotten,PETROL,company,22
2025-03-01,25,Norrbotten,PETROL,dealer,4
2025-03-01,25,Norrbotten,PETROL,private,17
2025-03-01,25,Norrbotten,PHEV,company,44
2025-03-01,25,Norrbotten,PHEV,dealer,8
2025-03-01,25,Norrbotten,PHEV,private,26
2025-04-01,01,Stockholm,BEV,company,3005
2025-04-01,01,Stockholm,BEV,dealer,1018
2025-04-01,01,Stockholm,BEV,private,596
2025-04-01,01,Stockholm,DIESEL,company,305
2025-04-01,01,Stockholm,DIESEL,dealer,45
2025-04-01,01,Stockholm,DIESEL,private,137
2025-04-01,01,Stockholm,ETHANOL,company,1
2025-04-01,01,Stockholm,HEV,company,389
2025-04-01,01,Stockholm,HEV,dealer,154
2025-04-01,01,Stockholm,HEV,private,155
2025-04-01,01,Stockholm,PETROL,company,896
2025-04-01,01,Stockholm,PETROL,dealer,143
2025-04-01,01,Stockholm,PETROL,private,591
2025-04-01,01,Stockholm,PHEV,company,2467
2025-04-01,01,Stockholm,PHEV,dealer,508
2025-04-01,01,Stockholm,PHEV,private,392
2025-04-01,03,Uppsala,BEV,company,84
2025-04-01,03,Uppsala,BEV,dealer,13
2025-04-01,03,Uppsala,BEV,private,90
2025-04-01,03,Uppsala,DIESEL,company,33
2025-04-01,03,Uppsala,DIESEL,dealer,5
2025-04-01,03,Uppsala,DIESEL,private,23
2025-04-01,03,Uppsala,HEV,company,15
2025-04-01,03,Uppsala,HEV,dealer,12
2025-04-01,03,Uppsala,HEV,private,31
2025-04-01,03,Uppsala,OTHER,private,1
2025-04-01,03,Uppsala,PETROL,company,39
2025-04-01,03,Uppsala,PETROL,dealer,5
2025-04-01,03,Uppsala,PETROL,private,68
2025-04-01,03,Uppsala,PHEV,company,117
2025-04-01,03,Uppsala,PHEV,dealer,17
2025-04-01,03,Uppsala,PHEV,private,47
2025-04-01,04,Södermanland,BEV,company,31
2025-04-01,04,Södermanland,BEV,dealer,15
2025-04-01,04,Södermanland,BEV,private,52
2025-04-01,04,Södermanland,DIESEL,company,14
2025-04-01,04,Södermanland,DIESEL,dealer,3
2025-04-01,04,Södermanland,DIESEL,private,30
2025-04-01,04,Södermanland,HEV,company,10
2025-04-01,04,Södermanland,HEV,dealer,12
2025-04-01,04,Södermanland,HEV,private,14
2025-04-01,04,Södermanland,PETROL,company,9
2025-04-01,04,Södermanland,PETROL,dealer,11
2025-04-01,04,Södermanland,PETROL,private,71
2025-04-01,04,Södermanland,PHEV,company,30
2025-04-01,04,Södermanland,PHEV,dealer,20
2025-04-01,04,Södermanland,PHEV,private,46
2025-04-01,05,Östergötland,BEV,company,65
2025-04-01,05,Östergötland,BEV,dealer,29
2025-04-01,05,Östergötland,BEV,private,121
2025-04-01,05,Östergötland,DIESEL,company,48
2025-04-01,05,Östergötland,DIESEL,dealer,4
2025-04-01,05,Östergötland,DIESEL,private,49
2025-04-01,05,Östergötland,HEV,company,12
2025-04-01,05,Östergötland,HEV,dealer,41
2025-04-01,05,Östergötland,HEV,private,35
2025-04-01,05,Östergötland,PETROL,company,36
2025-04-01,05,Östergötland,PETROL,dealer,18
2025-04-01,05,Östergötland,PETROL,private,121
2025-04-01,05,Östergötland,PHEV,company,64
2025-04-01,05,Östergötland,PHEV,dealer,31
2025-04-01,05,Östergötland,PHEV,private,81
2025-04-01,06,Jönköping,BEV,company,141
2025-04-01,06,Jönköping,BEV,dealer,72
2025-04-01,06,Jönköping,BEV,private,62
2025-04-01,06,Jönköping,DIESEL,company,42
2025-04-01,06,Jönköping,DIESEL,dealer,21
2025-04-01,06,Jönköping,DIESEL,private,40
2025-04-01,06,Jönköping,ETHANOL,company,1
2025-04-01,06,Jönköping,HEV,company,35
2025-04-01,06,Jönköping,HEV,dealer,21
2025-04-01,06,Jönköping,HEV,private,36
2025-04-01,06,Jönköping,PETROL,company,126
2025-04-01,06,Jönköping,PETROL,dealer,31
2025-04-01,06,Jönköping,PETROL,private,83
2025-04-01,06,Jönköping,PHEV,company,144
2025-04-01,06,Jönköping,PHEV,dealer,52
2025-04-01,06,Jönköping,PHEV,private,59
2025-04-01,07,Kronoberg,BEV,company,45
2025-04-01,07,Kronoberg,BEV,dealer,11
2025-04-01,07,Kronoberg,BEV,private,33
2025-04-01,07,Kronoberg,DIESEL,company,29
2025-04-01,07,Kronoberg,DIESEL,dealer,10
2025-04-01,07,Kronoberg,DIESEL,private,19
2025-04-01,07,Kronoberg,HEV,company,1
2025-04-01,07,Kronoberg,HEV,dealer,5
2025-04-01,07,Kronoberg,HEV,private,13
2025-04-01,07,Kronoberg,OTHER,company,3
2025-04-01,07,Kronoberg,PETROL,company,19
2025-04-01,07,Kronoberg,PETROL,dealer,8
2025-04-01,07,Kronoberg,PETROL,private,62
2025-04-01,07,Kronoberg,PHEV,company,56
2025-04-01,07,Kronoberg,PHEV,dealer,17
2025-04-01,07,Kronoberg,PHEV,private,45
2025-04-01,08,Kalmar,BEV,company,25
2025-04-01,08,Kalmar,BEV,dealer,29
2025-04-01,08,Kalmar,BEV,private,45
2025-04-01,08,Kalmar,DIESEL,company,7
2025-04-01,08,Kalmar,DIESEL,dealer,9
2025-04-01,08,Kalmar,DIESEL,private,26
2025-04-01,08,Kalmar,HEV,company,3
2025-04-01,08,Kalmar,HEV,private,7
2025-04-01,08,Kalmar,PETROL,company,10
2025-04-01,08,Kalmar,PETROL,dealer,29
2025-04-01,08,Kalmar,PETROL,private,72
2025-04-01,08,Kalmar,PHEV,company,27
2025-04-01,08,Kalmar,PHEV,dealer,23
2025-04-01,08,Kalmar,PHEV,private,38
2025-04-01,09,Gotland,BEV,company,8
2025-04-01,09,Gotland,BEV,private,12
2025-04-01,09,Gotland,DIESEL,private,5
2025-04-01,09,Gotland,HEV,dealer,1
2025-04-01,09,Gotland,HEV,private,6
2025-04-01,09,Gotland,PETROL,company,33
2025-04-01,09,Gotland,PETROL,dealer,3
2025-04-01,09,Gotland,PETROL,private,9
2025-04-01,09,Gotland,PHEV,company,14
2025-04-01,09,Gotland,PHEV,dealer,2
2025-04-01,09,Gotland,PHEV,private,4
2025-04-01,10,Blekinge,BEV,company,14
2025-04-01,10,Blekinge,BEV,dealer,17
2025-04-01,10,Blekinge,BEV,private,28
2025-04-01,10,Blekinge,DIESEL,company,4
2025-04-01,10,Blekinge,DIESEL,private,15
2025-04-01,10,Blekinge,HEV,company,8
2025-04-01,10,Blekinge,HEV,dealer,25
2025-04-01,10,Blekinge,HEV,private,9
2025-04-01,10,Blekinge,PETROL,company,6
2025-04-01,10,Blekinge,PETROL,dealer,11
2025-04-01,10,Blekinge,PETROL,private,29
2025-04-01,10,Blekinge,PHEV,company,11
2025-04-01,10,Blekinge,PHEV,dealer,10
2025-04-01,10,Blekinge,PHEV,private,19
2025-04-01,12,Skåne,BEV,company,273
2025-04-01,12,Skåne,BEV,dealer,142
2025-04-01,12,Skåne,BEV,private,335
2025-04-01,12,Skåne,DIESEL,company,212
2025-04-01,12,Skåne,DIESEL,dealer,78
2025-04-01,12,Skåne,DIESEL,private,102
2025-04-01,12,Skåne,HEV,company,67
2025-04-01,12,Skåne,HEV,dealer,23
2025-04-01,12,Skåne,HEV,private,101
2025-04-01,12,Skåne,PETROL,company,254
2025-04-01,12,Skåne,PETROL,dealer,751
2025-04-01,12,Skåne,PETROL,private,401
2025-04-01,12,Skåne,PHEV,company,350
2025-04-01,12,Skåne,PHEV,dealer,121
2025-04-01,12,Skåne,PHEV,private,213
2025-04-01,13,Halland,BEV,company,78
2025-04-01,13,Halland,BEV,dealer,17
2025-04-01,13,Halland,BEV,private,107
2025-04-01,13,Halland,DIESEL,company,9
2025-04-01,13,Halland,DIESEL,dealer,6
2025-04-01,13,Halland,DIESEL,private,35
2025-04-01,13,Halland,ETHANOL,company,1
2025-04-01,13,Halland,HEV,company,9
2025-04-01,13,Halland,HEV,dealer,10
2025-04-01,13,Halland,HEV,private,29
2025-04-01,13,Halland,PETROL,company,28
2025-04-01,13,Halland,PETROL,dealer,23
2025-04-01,13,Halland,PETROL,private,129
2025-04-01,13,Halland,PHEV,company,66
2025-04-01,13,Halland,PHEV,dealer,21
2025-04-01,13,Halland,PHEV,private,64
2025-04-01,14,Västra Götaland,BEV,company,470
2025-04-01,14,Västra Götaland,BEV,dealer,220
2025-04-01,14,Västra Götaland,BEV,private,473
2025-04-01,14,Västra Götaland,DIESEL,company,78
2025-04-01,14,Västra Götaland,DIESEL,dealer,42
2025-04-01,14,Västra Götaland,DIESEL,private,183
2025-04-01,14,Västra Götaland,ETHANOL,company,1
2025-04-01,14,Västra Götaland,ETHANOL,private,1
2025-04-01,14,Västra Götaland,GAS,private,1
2025-04-01,14,Västra Götaland,HEV,company,55
2025-04-01,14,Västra Götaland,HEV,dealer,111
2025-04-01,14,Västra Götaland,HEV,private,129
2025-04-01,14,Västra Götaland,PETROL,company,165
2025-04-01,14,Västra Götaland,PETROL,dealer,137
2025-04-01,14,Västra Götaland,PETROL,private,501
2025-04-01,14,Västra Götaland,PHEV,company,364
2025-04-01,14,Västra Götaland,PHEV,dealer,278
2025-04-01,14,Västra Götaland,PHEV,private,263
2025-04-01,17,Värmland,BEV,company,34
2025-04-01,17,Värmland,BEV,dealer,16
2025-04-01,17,Värmland,BEV,private,52
2025-04-01,17,Värmland,DIESEL,company,42
2025-04-01,17,Värmland,DIESEL,dealer,16
2025-04-01,17,Värmland,DIESEL,private,39
2025-04-01,17,Värmland,HEV,company,10
2025-04-01,17,Värmland,HEV,dealer,14
2025-04-01,17,Värmland,HEV,private,21
2025-04-01,17,Värmland,PETROL,company,100
2025-04-01,17,Värmland,PETROL,dealer,23
2025-04-01,17,Värmland,PETROL,private,78
2025-04-01,17,Värmland,PHEV,company,66
2025-04-01,17,Värmland,PHEV,dealer,26
2025-04-01,17,Värmland,PHEV,private,53
2025-04-01,18,Örebro,BEV,company,40
2025-04-01,18,Örebro,BEV,dealer,10
2025-04-01,18,Örebro,BEV,private,59
2025-04-01,18,Örebro,DIESEL,company,91
2025-04-01,18,Örebro,DIESEL,dealer,2
2025-04-01,18,Örebro,DIESEL,private,39
2025-04-01,18,Örebro,ETHANOL,private,1
2025-04-01,18,Örebro,HEV,company,8
2025-04-01,18,Örebro,HEV,dealer,12
2025-04-01,18,Örebro,HEV,private,14
2025-04-01,18,Örebro,PETROL,company,18
2025-04-01,18,Örebro,PETROL,dealer,16
2025-04-01,18,Örebro,PETROL,private,94
2025-04-01,18,Örebro,PHEV,company,54
2025-04-01,18,Örebro,PHEV,dealer,32
2025-04-01,18,Örebro,PHEV,private,51
2025-04-01,19,Västmanland,BEV,company,47
2025-04-01,19,Västmanland,BEV,dealer,10
2025-04-01,19,Västmanland,BEV,private,65
2025-04-01,19,Västmanland,DIESEL,company,13
2025-04-01,19,Västmanland,DIESEL,dealer,3
2025-04-01,19,Västmanland,DIESEL,private,22
2025-04-01,19,Västmanland,HEV,company,3
2025-04-01,19,Västmanland,HEV,dealer,12
2025-04-01,19,Västmanland,HEV,private,9
2025-04-01,19,Västmanland,PETROL,company,13
2025-04-01,19,Västmanland,PETROL,dealer,6
2025-04-01,19,Västmanland,PETROL,private,88
2025-04-01,19,Västmanland,PHEV,company,32
2025-04-01,19,Västmanland,PHEV,dealer,24
2025-04-01,19,Västmanland,PHEV,private,33
2025-04-01,20,Dalarna,BEV,company,34
2025-04-01,20,Dalarna,BEV,dealer,14
2025-04-01,20,Dalarna,BEV,private,35
2025-04-01,20,Dalarna,DIESEL,company,16
2025-04-01,20,Dalarna,DIESEL,dealer,8
2025-04-01,20,Dalarna,DIESEL,private,25
2025-04-01,20,Dalarna,ETHANOL,dealer,1
2025-04-01,20,Dalarna,ETHANOL,private,2
2025-04-01,20,Dalarna,HEV,company,18
2025-04-01,20,Dalarna,HEV,dealer,7
2025-04-01,20,Dalarna,HEV,private,9
2025-04-01,20,Dalarna,PETROL,company,29
2025-04-01,20,Dalarna,PETROL,dealer,7
2025-04-01,20,Dalarna,PETROL,private,53
2025-04-01,20,Dalarna,PHEV,company,59
2025-04-01,20,Dalarna,PHEV,dealer,14
2025-04-01,20,Dalarna,PHEV,private,31
2025-04-01,21,Gävleborg,BEV,company,32
2025-04-01,21,Gävleborg,BEV,dealer,18
2025-04-01,21,Gävleborg,BEV,private,43
2025-04-01,21,Gävleborg,DIESEL,company,28
2025-04-01,21,Gävleborg,DIESEL,dealer,2
2025-04-01,21,Gävleborg,DIESEL,private,24
2025-04-01,21,Gävleborg,ETHANOL,company,1
2025-04-01,21,Gävleborg,HEV,company,24
2025-04-01,21,Gävleborg,HEV,dealer,9
2025-04-01,21,Gävleborg,HEV,private,18
2025-04-01,21,Gävleborg,PETROL,company,14
2025-04-01,21,Gävleborg,PETROL,dealer,3
2025-04-01,21,Gävleborg,PETROL,private,37
2025-04-01,21,Gävleborg,PHEV,company,23
2025-04-01,21,Gävleborg,PHEV,dealer,17
2025-04-01,21,Gävleborg,PHEV,private,29
2025-04-01,22,Västernorrland,BEV,company,33
2025-04-01,22,Västernorrland,BEV,dealer,21
2025-04-01,22,Västernorrland,BEV,private,36
2025-04-01,22,Västernorrland,DIESEL,company,12
2025-04-01,22,Västernorrland,DIESEL,dealer,2
2025-04-01,22,Västernorrland,DIESEL,private,16
2025-04-01,22,Västernorrland,HEV,company,7
2025-04-01,22,Västernorrland,HEV,dealer,4
2025-04-01,22,Västernorrland,HEV,private,13
2025-04-01,22,Västernorrland,PETROL,company,8
2025-04-01,22,Västernorrland,PETROL,dealer,12
2025-04-01,22,Västernorrland,PETROL,private,37
2025-04-01,22,Västernorrland,PHEV,company,39
2025-04-01,22,Västernorrland,PHEV,dealer,7
2025-04-01,22,Västernorrland,PHEV,private,23
2025-04-01,23,Jämtland,BEV,company,19
2025-04-01,23,Jämtland,BEV,dealer,3
2025-04-01,23,Jämtland,BEV,private,14
2025-04-01,23,Jämtland,DIESEL,company,12
2025-04-01,23,Jämtland,DIESEL,dealer,1
2025-04-01,23,Jämtland,DIESEL,private,6
2025-04-01,23,Jämtland,HEV,company,5
2025-04-01,23,Jämtland,PETROL,company,7
2025-04-01,23,Jämtland,PETROL,private,15
2025-04-01,23,Jämtland,PHEV,company,16
2025-04-01,23,Jämtland,PHEV,dealer,2
2025-04-01,23,Jämtland,PHEV,private,5
2025-04-01,24,Västerbotten,BEV,company,36
2025-04-01,24,Västerbotten,BEV,dealer,21
2025-04-01,24,Västerbotten,BEV,private,44
2025-04-01,24,Västerbotten,DIESEL,company,16
2025-04-01,24,Västerbotten,DIESEL,dealer,7
2025-04-01,24,Västerbotten,DIESEL,private,20
2025-04-01,24,Västerbotten,ETHANOL,private,1
2025-04-01,24,Västerbotten,HEV,company,14
2025-04-01,24,Västerbotten,HEV,dealer,5
2025-04-01,24,Västerbotten,HEV,private,8
2025-04-01,24,Västerbotten,PETROL,company,15
2025-04-01,24,Västerbotten,PETROL,dealer,18
2025-04-01,24,Västerbotten,PETROL,private,35
2025-04-01,24,Västerbotten,PHEV,company,27
2025-04-01,24,Västerbotten,PHEV,dealer,10
2025-04-01,24,Västerbotten,PHEV,private,34
2025-04-01,25,Norrbotten,BEV,company,59
2025-04-01,25,Norrbotten,BEV,dealer,9
2025-04-01,25,Norrbotten,BEV,private,26
2025-04-01,25,Norrbotten,DIESEL,company,15
2025-04-01,25,Norrbotten,DIESEL,dealer,3
2025-04-01,25,Norrbotten,DIESEL,private,21
2025-04-01,25,Norrbotten,HEV,company,21
2025-04-01,25,Norrbotten,HEV,dealer,21
2025-04-01,25,Norrbotten,HEV,private,15
2025-04-01,25,Norrbotten,PETROL,company,25
2025-04-01,25,Norrbotten,PETROL,private,28
2025-04-01,25,Norrbotten,PHEV,company,38
2025-04-01,25,Norrbotten,PHEV,dealer,1
2025-04-01,25,Norrbotten,PHEV,private,22
2025-05-01,01,Stockholm,BEV,company,2929
2025-05-01,01,Stockholm,BEV,dealer,1320
2025-05-01,01,Stockholm,BEV,private,659
2025-05-01,01,Stockholm,DIESEL,company,286
2025-05-01,01,Stockholm,DIESEL,dealer,52
2025-05-01,01,Stockholm,DIESEL,private,96
2025-05-01,01,Stockholm,ETHANOL,company,1
2025-05-01,01,Stockholm,ETHANOL,private,1
2025-05-01,01,Stockholm,HEV,company,489
2025-05-01,01,Stockholm,HEV,dealer,233
2025-05-01,01,Stockholm,HEV,private,161
2025-05-01,01,Stockholm,OTHER,private,1
2025-05-01,01,Stockholm,PETROL,company,1260
2025-05-01,01,Stockholm,PETROL,dealer,136
2025-05-01,01,Stockholm,PETROL,private,613
2025-05-01,01,Stockholm,PHEV,company,1968
2025-05-01,01,Stockholm,PHEV,dealer,385
2025-05-01,01,Stockholm,PHEV,private,450
2025-05-01,03,Uppsala,BEV,company,118
2025-05-01,03,Uppsala,BEV,dealer,31
2025-05-01,03,Uppsala,BEV,private,103
2025-05-01,03,Uppsala,DIESEL,company,41
2025-05-01,03,Uppsala,DIESEL,dealer,7
2025-05-01,03,Uppsala,DIESEL,private,21
2025-05-01,03,Uppsala,HEV,company,20
2025-05-01,03,Uppsala,HEV,dealer,3
2025-05-01,03,Uppsala,HEV,private,32
2025-05-01,03,Uppsala,PETROL,company,67
2025-05-01,03,Uppsala,PETROL,dealer,11
2025-05-01,03,Uppsala,PETROL,private,70
2025-05-01,03,Uppsala,PHEV,company,84
2025-05-01,03,Uppsala,PHEV,dealer,20
2025-05-01,03,Uppsala,PHEV,private,63
2025-05-01,04,Södermanland,BEV,company,40
2025-05-01,04,Södermanland,BEV,dealer,21
2025-05-01,04,Södermanland,BEV,private,73
2025-05-01,04,Södermanland,DIESEL,company,20
2025-05-01,04,Södermanland,DIESEL,dealer,4
2025-05-01,04,Södermanland,DIESEL,private,25
2025-05-01,04,Södermanland,HEV,company,12
2025-05-01,04,Södermanland,HEV,dealer,6
2025-05-01,04,Södermanland,HEV,private,26
2025-05-01,04,Södermanland,PETROL,company,27
2025-05-01,04,Södermanland,PETROL,dealer,14
2025-05-01,04,Södermanland,PETROL,private,53
2025-05-01,04,Södermanland,PHEV,company,30
2025-05-01,04,Södermanland,PHEV,dealer,29
2025-05-01,04,Södermanland,PHEV,private,37
2025-05-01,05,Östergötland,BEV,company,75
2025-05-01,05,Östergötland,BEV,dealer,34
2025-05-01,05,Östergötland,BEV,private,121
2025-05-01,05,Östergötland,DIESEL,company,74
2025-05-01,05,Östergötland,DIESEL,dealer,5
2025-05-01,05,Östergötland,DIESEL,private,24
2025-05-01,05,Östergötland,HEV,company,9
2025-05-01,05,Östergötland,HEV,dealer,71
2025-05-01,05,Östergötland,HEV,private,46
2025-05-01,05,Östergötland,PETROL,company,57
2025-05-01,05,Östergötland,PETROL,dealer,23
2025-05-01,05,Östergötland,PETROL,private,143
2025-05-01,05,Östergötland,PHEV,company,92
2025-05-01,05,Östergötland,PHEV,dealer,33
2025-05-01,05,Östergötland,PHEV,private,79
2025-05-01,06,Jönköping,BEV,company,97
2025-05-01,06,Jönköping,BEV,dealer,54
2025-05-01,06,Jönköping,BEV,private,115
2025-05-01,06,Jönköping,DIESEL,company,57
2025-05-01,06,Jönköping,DIESEL,dealer,16
2025-05-01,06,Jönköping,DIESEL,private,31
2025-05-01,06,Jönköping,HEV,company,30
2025-05-01,06,Jönköping,HEV,dealer,28
2025-05-01,06,Jönköping,HEV,private,24
2025-05-01,06,Jönköping,PETROL,company,94
2025-05-01,06,Jönköping,PETROL,dealer,34
2025-05-01,06,Jönköping,PETROL,private,110
2025-05-01,06,Jönköping,PHEV,company,114
2025-05-01,06,Jönköping,PHEV,dealer,67
2025-05-01,06,Jönköping,PHEV,private,79
2025-05-01,07,Kronoberg,BEV,company,46
2025-05-01,07,Kronoberg,BEV,dealer,6
2025-05-01,07,Kronoberg,BEV,private,35
2025-05-01,07,Kronoberg,DIESEL,company,25
2025-05-01,07,Kronoberg,DIESEL,dealer,7
2025-05-01,07,Kronoberg,DIESEL,private,14
2025-05-01,07,Kronoberg,HEV,company,14
2025-05-01,07,Kronoberg,HEV,dealer,10
2025-05-01,07,Kronoberg,HEV,private,10
2025-05-01,07,Kronoberg,OTHER,company,1
2025-05-01,07,Kronoberg,PETROL,company,11
2025-05-01,07,Kronoberg,PETROL,dealer,13
2025-05-01,07,Kronoberg,PETROL,private,53
2025-05-01,07,Kronoberg,PHEV,company,43
2025-05-01,07,Kronoberg,PHEV,dealer,18
2025-05-01,07,Kronoberg,PHEV,private,32
2025-05-01,08,Kalmar,BEV,company,34
2025-05-01,08,Kalmar,BEV,dealer,38
2025-05-01,08,Kalmar,BEV,private,43
2025-05-01,08,Kalmar,DIESEL,company,17
2025-05-01,08,Kalmar,DIESEL,dealer,5
2025-05-01,08,Kalmar,DIESEL,private,19
2025-05-01,08,Kalmar,HEV,company,5
2025-05-01,08,Kalmar,HEV,dealer,3
2025-05-01,08,Kalmar,HEV,private,17
2025-05-01,08,Kalmar,PETROL,company,29
2025-05-01,08,Kalmar,PETROL,dealer,15
2025-05-01,08,Kalmar,PETROL,private,71
2025-05-01,08,Kalmar,PHEV,company,37
2025-05-01,08,Kalmar,PHEV,dealer,41
2025-05-01,08,Kalmar,PHEV,private,44
2025-05-01,09,Gotland,BEV,company,12
2025-05-01,09,Gotland,BEV,dealer,4
2025-05-01,09,Gotland,BEV,private,8
2025-05-01,09,Gotland,DIESEL,company,2
2025-05-01,09,Gotland,DIESEL,private,8
2025-05-01,09,Gotland,HEV,company,12
2025-05-01,09,Gotland,HEV,dealer,1
2025-05-01,09,Gotland,HEV,private,3
2025-05-01,09,Gotland,PETROL,company,8
2025-05-01,09,Gotland,PETROL,dealer,2
2025-05-01,09,Gotland,PETROL,private,4
2025-05-01,09,Gotland,PHEV,company,6
2025-05-01,09,Gotland,PHEV,dealer,4
2025-05-01,09,Gotland,PHEV,private,3
2025-05-01,10,Blekinge,BEV,company,21
2025-05-01,10,Blekinge,BEV,dealer,15
2025-05-01,10,Blekinge,BEV,private,40
2025-05-01,10,Blekinge,DIESEL,company,5
2025-05-01,10,Blekinge,DIESEL,dealer,3
2025-05-01,10,Blekinge,DIESEL,private,12
2025-05-01,10,Blekinge,HEV,company,2
2025-05-01,10,Blekinge,HEV,dealer,7
2025-05-01,10,Blekinge,HEV,private,8
2025-05-01,10,Blekinge,PETROL,company,4
2025-05-01,10,Blekinge,PETROL,dealer,38
2025-05-01,10,Blekinge,PETROL,private,41
2025-05-01,10,Blekinge,PHEV,company,23
2025-05-01,10,Blekinge,PHEV,dealer,15
2025-05-01,10,Blekinge,PHEV,private,28
2025-05-01,12,Skåne,BEV,company,410
2025-05-01,12,Skåne,BEV,dealer,169
2025-05-01,12,Skåne,BEV,private,412
2025-05-01,12,Skåne,DIESEL,company,116
2025-05-01,12,Skåne,DIESEL,dealer,69
2025-05-01,12,Skåne,DIESEL,private,103
2025-05-01,12,Skåne,HEV,company,105
2025-05-01,12,Skåne,HEV,dealer,49
2025-05-01,12,Skåne,HEV,private,81
2025-05-01,12,Skåne,PETROL,company,253
2025-05-01,12,Skåne,PETROL,dealer,456
2025-05-01,12,Skåne,PETROL,private,436
2025-05-01,12,Skåne,PHEV,company,568
2025-05-01,12,Skåne,PHEV,dealer,213
2025-05-01,12,Skåne,PHEV,private,233
2025-05-01,13,Halland,BEV,company,58
2025-05-01,13,Halland,BEV,dealer,40
2025-05-01,13,Halland,BEV,private,106
2025-05-01,13,Halland,DIESEL,company,22
2025-05-01,13,Halland,DIESEL,dealer,4
2025-05-01,13,Halland,DIESEL,private,30
2025-05-01,13,Halland,HEV,company,10
2025-05-01,13,Halland,HEV,dealer,15
2025-05-01,13,Halland,HEV,private,22
2025-05-01,13,Halland,PETROL,company,45
2025-05-01,13,Halland,PETROL,dealer,38
2025-05-01,13,Halland,PETROL,private,110
2025-05-01,13,Halland,PHEV,company,86
2025-05-01,13,Halland,PHEV,dealer,27
2025-05-01,13,Halland,PHEV,private,73
2025-05-01,14,Västra Götaland,BEV,company,507
2025-05-01,14,Västra Götaland,BEV,dealer,253
2025-05-01,14,Västra Götaland,BEV,private,518
2025-05-01,14,Västra Götaland,DIESEL,company,97
2025-05-01,14,Västra Götaland,DIESEL,dealer,101
2025-05-01,14,Västra Götaland,DIESEL,private,135
2025-05-01,14,Västra Götaland,ETHANOL,private,1
2025-05-01,14,Västra Götaland,HEV,company,67
2025-05-01,14,Västra Götaland,HEV,dealer,118
2025-05-01,14,Västra Götaland,HEV,private,130
2025-05-01,14,Västra Götaland,PETROL,company,164
2025-05-01,14,Västra Götaland,PETROL,dealer,167
2025-05-01,14,Västra Götaland,PETROL,private,505
2025-05-01,14,Västra Götaland,PHEV,company,389
2025-05-01,14,Västra Götaland,PHEV,dealer,279
2025-05-01,14,Västra Götaland,PHEV,private,306
2025-05-01,17,Värmland,BEV,company,35
2025-05-01,17,Värmland,BEV,dealer,20
2025-05-01,17,Värmland,BEV,private,61
2025-05-01,17,Värmland,DIESEL,company,96
2025-05-01,17,Värmland,DIESEL,dealer,29
2025-05-01,17,Värmland,DIESEL,private,26
2025-05-01,17,Värmland,HEV,company,26
2025-05-01,17,Värmland,HEV,dealer,36
2025-05-01,17,Värmland,HEV,private,6
2025-05-01,17,Värmland,PETROL,company,60
2025-05-01,17,Värmland,PETROL,dealer,31
2025-05-01,17,Värmland,PETROL,private,83
2025-05-01,17,Värmland,PHEV,company,55
2025-05-01,17,Värmland,PHEV,dealer,17
2025-05-01,17,Värmland,PHEV,private,43
2025-05-01,18,Örebro,BEV,company,49
2025-05-01,18,Örebro,BEV,dealer,18
2025-05-01,18,Örebro,BEV,private,63
2025-05-01,18,Örebro,DIESEL,company,21
2025-05-01,18,Örebro,DIESEL,dealer,3
2025-05-01,18,Örebro,DIESEL,private,34
2025-05-01,18,Örebro,HEV,company,5
2025-05-01,18,Örebro,HEV,dealer,16
2025-05-01,18,Örebro,HEV,private,18
2025-05-01,18,Örebro,PETROL,company,23
2025-05-01,18,Örebro,PETROL,dealer,9
2025-05-01,18,Örebro,PETROL,private,74
2025-05-01,18,Örebro,PHEV,company,69
2025-05-01,18,Örebro,PHEV,dealer,15
2025-05-01,18,Örebro,PHEV,private,37
2025-05-01,19,Västmanland,BEV,company,42
2025-05-01,19,Västmanland,BEV,dealer,22
2025-05-01,19,Västmanland,BEV,private,69
2025-05-01,19,Västmanland,DIESEL,company,12
2025-05-01,19,Västmanland,DIESEL,dealer,4
2025-05-01,19,Västmanland,DIESEL,private,32
2025-05-01,19,Västmanland,HEV,company,2
2025-05-01,19,Västmanland,HEV,dealer,8
2025-05-01,19,Västmanland,HEV,private,10
2025-05-01,19,Västmanland,PETROL,company,32
2025-05-01,19,Västmanland,PETROL,dealer,12
2025-05-01,19,Västmanland,PETROL,private,69
2025-05-01,19,Västmanland,PHEV,company,33
2025-05-01,19,Västmanland,PHEV,dealer,13
2025-05-01,19,Västmanland,PHEV,private,41
2025-05-01,20,Dalarna,BEV,company,47
2025-05-01,20,Dalarna,BEV,dealer,19
2025-05-01,20,Dalarna,BEV,private,57
2025-05-01,20,Dalarna,DIESEL,company,23
2025-05-01,20,Dalarna,DIESEL,dealer,6
2025-05-01,20,Dalarna,DIESEL,private,16
2025-05-01,20,Dalarna,HEV,company,13
2025-05-01,20,Dalarna,HEV,dealer,14
2025-05-01,20,Dalarna,HEV,private,15
2025-05-01,20,Dalarna,PETROL,company,25
2025-05-01,20,Dalarna,PETROL,dealer,15
2025-05-01,20,Dalarna,PETROL,private,49
2025-05-01,20,Dalarna,PHEV,company,46
2025-05-01,20,Dalarna,PHEV,dealer,28
2025-05-01,20,Dalarna,PHEV,private,52
2025-05-01,21,Gävleborg,BEV,company,39
2025-05-01,21,Gävleborg,BEV,dealer,34
2025-05-01,21,Gävleborg,BEV,private,54
2025-05-01,21,Gävleborg,DIESEL,company,33
2025-05-01,21,Gävleborg,DIESEL,dealer,3
2025-05-01,21,Gävleborg,DIESEL,private,21
2025-05-01,21,Gävleborg,HEV,company,25
2025-05-01,21,Gävleborg,HEV,dealer,8
2025-05-01,21,Gävleborg,HEV,private,17
2025-05-01,21,Gävleborg,PETROL,company,25
2025-05-01,21,Gävleborg,PETROL,dealer,27
2025-05-01,21,Gävleborg,PETROL,private,55
2025-05-01,21,Gävleborg,PHEV,company,34
2025-05-01,21,Gävleborg,PHEV,dealer,18
2025-05-01,21,Gävleborg,PHEV,private,38
2025-05-01,22,Västernorrland,BEV,company,37
2025-05-01,22,Västernorrland,BEV,dealer,16
2025-05-01,22,Västernorrland,BEV,private,48
2025-05-01,22,Västernorrland,DIESEL,company,21
2025-05-01,22,Västernorrland,DIESEL,dealer,6
2025-05-01,22,Västernorrland,DIESEL,private,19
2025-05-01,22,Västernorrland,HEV,company,15
2025-05-01,22,Västernorrland,HEV,dealer,11
2025-05-01,22,Västernorrland,HEV,private,9
2025-05-01,22,Västernorrland,PETROL,company,25
2025-05-01,22,Västernorrland,PETROL,dealer,4
2025-05-01,22,Västernorrland,PETROL,private,32
2025-05-01,22,Västernorrland,PHEV,company,23
2025-05-01,22,Västernorrland,PHEV,dealer,19
2025-05-01,22,Västernorrland,PHEV,private,30
2025-05-01,23,Jämtland,BEV,company,20
2025-05-01,23,Jämtland,BEV,dealer,1
2025-05-01,23,Jämtland,BEV,private,11
2025-05-01,23,Jämtland,DIESEL,company,14
2025-05-01,23,Jämtland,DIESEL,dealer,3
2025-05-01,23,Jämtland,DIESEL,private,16
2025-05-01,23,Jämtland,HEV,company,9
2025-05-01,23,Jämtland,HEV,dealer,4
2025-05-01,23,Jämtland,HEV,private,3
2025-05-01,23,Jämtland,PETROL,company,10
2025-05-01,23,Jämtland,PETROL,dealer,2
2025-05-01,23,Jämtland,PETROL,private,15
2025-05-01,23,Jämtland,PHEV,company,13
2025-05-01,23,Jämtland,PHEV,private,10
2025-05-01,24,Västerbotten,BEV,company,36
2025-05-01,24,Västerbotten,BEV,dealer,30
2025-05-01,24,Västerbotten,BEV,private,58
2025-05-01,24,Västerbotten,DIESEL,company,14
2025-05-01,24,Västerbotten,DIESEL,dealer,10
2025-05-01,24,Västerbotten,DIESEL,private,14
2025-05-01,24,Västerbotten,ETHANOL,dealer,1
2025-05-01,24,Västerbotten,HEV,company,6
2025-05-01,24,Västerbotten,HEV,dealer,6
2025-05-01,24,Västerbotten,HEV,private,15
2025-05-01,24,Västerbotten,PETROL,company,29
2025-05-01,24,Västerbotten,PETROL,dealer,8
2025-05-01,24,Västerbotten,PETROL,private,24
2025-05-01,24,Västerbotten,PHEV,company,42
2025-05-01,24,Västerbotten,PHEV,dealer,26
2025-05-01,24,Västerbotten,PHEV,private,28
2025-05-01,25,Norrbotten,BEV,company,41
2025-05-01,25,Norrbotten,BEV,dealer,11
2025-05-01,25,Norrbotten,BEV,private,23
2025-05-01,25,Norrbotten,DIESEL,company,13
2025-05-01,25,Norrbotten,DIESEL,dealer,1
2025-05-01,25,Norrbotten,DIESEL,private,36
2025-05-01,25,Norrbotten,HEV,company,18
2025-05-01,25,Norrbotten,HEV,dealer,2
2025-05-01,25,Norrbotten,HEV,private,13
2025-05-01,25,Norrbotten,PETROL,company,37
2025-05-01,25,Norrbotten,PETROL,dealer,4
2025-05-01,25,Norrbotten,PETROL,private,22
2025-05-01,25,Norrbotten,PHEV,company,39
2025-05-01,25,Norrbotten,PHEV,dealer,9
2025-05-01,25,Norrbotten,PHEV,private,35
2025-06-01,01,Stockholm,BEV,company,2942
2025-06-01,01,Stockholm,BEV,dealer,1422
2025-06-01,01,Stockholm,BEV,private,714
2025-06-01,01,Stockholm,DIESEL,company,298
2025-06-01,01,Stockholm,DIESEL,dealer,41
2025-06-01,01,Stockholm,DIESEL,private,111
2025-06-01,01,Stockholm,ETHANOL,company,1
2025-06-01,01,Stockholm,ETHANOL,private,2
2025-06-01,01,Stockholm,HEV,company,224
2025-06-01,01,Stockholm,HEV,dealer,280
2025-06-01,01,Stockholm,HEV,private,168
2025-06-01,01,Stockholm,OTHER,private,2
2025-06-01,01,Stockholm,PETROL,company,1640
2025-06-01,01,Stockholm,PETROL,dealer,213
2025-06-01,01,Stockholm,PETROL,private,640
2025-06-01,01,Stockholm,PHEV,company,2255
2025-06-01,01,Stockholm,PHEV,dealer,405
2025-06-01,01,Stockholm,PHEV,private,518
2025-06-01,03,Uppsala,BEV,company,62
2025-06-01,03,Uppsala,BEV,dealer,55
2025-06-01,03,Uppsala,BEV,private,92
2025-06-01,03,Uppsala,DIESEL,company,40
2025-06-01,03,Uppsala,DIESEL,dealer,40
2025-06-01,03,Uppsala,DIESEL,private,19
2025-06-01,03,Uppsala,HEV,company,11
2025-06-01,03,Uppsala,HEV,dealer,13
2025-06-01,03,Uppsala,HEV,private,21
2025-06-01,03,Uppsala,PETROL,company,68
2025-06-01,03,Uppsala,PETROL,dealer,10
2025-06-01,03,Uppsala,PETROL,private,82
2025-06-01,03,Uppsala,PHEV,company,106
2025-06-01,03,Uppsala,PHEV,dealer,30
2025-06-01,03,Uppsala,PHEV,private,71
2025-06-01,04,Södermanland,BEV,company,44
2025-06-01,04,Södermanland,BEV,dealer,42
2025-06-01,04,Södermanland,BEV,private,77
2025-06-01,04,Södermanland,DIESEL,company,7
2025-06-01,04,Södermanland,DIESEL,dealer,4
2025-06-01,04,Södermanland,DIESEL,private,16
2025-06-01,04,Södermanland,HEV,company,3
2025-06-01,04,Södermanland,HEV,dealer,12
2025-06-01,04,Södermanland,HEV,private,15
2025-06-01,04,Södermanland,PETROL,company,39
2025-06-01,04,Södermanland,PETROL,dealer,26
2025-06-01,04,Södermanland,PETROL,private,73
2025-06-01,04,Södermanland,PHEV,company,26
2025-06-01,04,Södermanland,PHEV,dealer,29
2025-06-01,04,Södermanland,PHEV,private,39
2025-06-01,05,Östergötland,BEV,company,114
2025-06-01,05,Östergötland,BEV,dealer,23
2025-06-01,05,Östergötland,BEV,private,131
2025-06-01,05,Östergötland,DIESEL,company,99
2025-06-01,05,Östergötland,DIESEL,dealer,35
2025-06-01,05,Östergötland,DIESEL,private,41
2025-06-01,05,Östergötland,ETHANOL,private,1
2025-06-01,05,Östergötland,HEV,company,6
2025-06-01,05,Östergötland,HEV,dealer,93
2025-06-01,05,Östergötland,HEV,private,33
2025-06-01,05,Östergötland,PETROL,company,43
2025-06-01,05,Östergötland,PETROL,dealer,26
2025-06-01,05,Östergötland,PETROL,private,142
2025-06-01,05,Östergötland,PHEV,company,100
2025-06-01,05,Östergötland,PHEV,dealer,53
2025-06-01,05,Östergötland,PHEV,private,76
2025-06-01,06,Jönköping,BEV,company,112
2025-06-01,06,Jönköping,BEV,dealer,61
2025-06-01,06,Jönköping,BEV,private,124
2025-06-01,06,Jönköping,DIESEL,company,56
2025-06-01,06,Jönköping,DIESEL,dealer,9
2025-06-01,06,Jönköping,DIESEL,private,40
2025-06-01,06,Jönköping,HEV,company,9
2025-06-01,06,Jönköping,HEV,dealer,20
2025-06-01,06,Jönköping,HEV,private,25
2025-06-01,06,Jönköping,PETROL,company,160
2025-06-01,06,Jönköping,PETROL,dealer,71
2025-06-01,06,Jönköping,PETROL,private,101
2025-06-01,06,Jönköping,PHEV,company,150
2025-06-01,06,Jönköping,PHEV,dealer,70
2025-06-01,06,Jönköping,PHEV,private,78
2025-06-01,07,Kronoberg,BEV,company,47
2025-06-01,07,Kronoberg,BEV,dealer,13
2025-06-01,07,Kronoberg,BEV,private,53
2025-06-01,07,Kronoberg,DIESEL,company,16
2025-06-01,07,Kronoberg,DIESEL,dealer,3
2025-06-01,07,Kronoberg,DIESEL,private,23
2025-06-01,07,Kronoberg,HEV,company,2
2025-06-01,07,Kronoberg,HEV,dealer,12
2025-06-01,07,Kronoberg,HEV,private,11
2025-06-01,07,Kronoberg,PETROL,company,23
2025-06-01,07,Kronoberg,PETROL,dealer,9
2025-06-01,07,Kronoberg,PETROL,private,53
2025-06-01,07,Kronoberg,PHEV,company,42
2025-06-01,07,Kronoberg,PHEV,dealer,25
2025-06-01,07,Kronoberg,PHEV,private,38
2025-06-01,08,Kalmar,BEV,company,32
2025-06-01,08,Kalmar,BEV,dealer,52
2025-06-01,08,Kalmar,BEV,private,76
2025-06-01,08,Kalmar,DIESEL,company,34
2025-06-01,08,Kalmar,DIESEL,dealer,13
2025-06-01,08,Kalmar,DIESEL,private,19
2025-06-01,08,Kalmar,HEV,company,4
2025-06-01,08,Kalmar,HEV,dealer,1
2025-06-01,08,Kalmar,HEV,private,13
2025-06-01,08,Kalmar,PETROL,company,14
2025-06-01,08,Kalmar,PETROL,dealer,26
2025-06-01,08,Kalmar,PETROL,private,66
2025-06-01,08,Kalmar,PHEV,company,23
2025-06-01,08,Kalmar,PHEV,dealer,28
2025-06-01,08,Kalmar,PHEV,private,47
2025-06-01,09,Gotland,BEV,company,7
2025-06-01,09,Gotland,BEV,dealer,3
2025-06-01,09,Gotland,BEV,private,7
2025-06-01,09,Gotland,DIESEL,company,3
2025-06-01,09,Gotland,DIESEL,private,7
2025-06-01,09,Gotland,HEV,company,2
2025-06-01,09,Gotland,HEV,dealer,1
2025-06-01,09,Gotland,HEV,private,6
2025-06-01,09,Gotland,PETROL,company,15
2025-06-01,09,Gotland,PETROL,dealer,2
2025-06-01,09,Gotland,PETROL,private,8
2025-06-01,09,Gotland,PHEV,company,9
2025-06-01,09,Gotland,PHEV,dealer,1
2025-06-01,09,Gotland,PHEV,private,2
2025-06-01,10,Blekinge,BEV,company,19
2025-06-01,10,Blekinge,BEV,dealer,16
2025-06-01,10,Blekinge,BEV,private,45
2025-06-01,10,Blekinge,DIESEL,company,11
2025-06-01,10,Blekinge,DIESEL,dealer,3
2025-06-01,10,Blekinge,DIESEL,private,8
2025-06-01,10,Blekinge,HEV,company,3
2025-06-01,10,Blekinge,HEV,dealer,3
2025-06-01,10,Blekinge,HEV,private,11
2025-06-01,10,Blekinge,PETROL,company,14
2025-06-01,10,Blekinge,PETROL,dealer,10
2025-06-01,10,Blekinge,PETROL,private,45
2025-06-01,10,Blekinge,PHEV,company,22
2025-06-01,10,Blekinge,PHEV,dealer,17
2025-06-01,10,Blekinge,PHEV,private,25
2025-06-01,12,Skåne,BEV,company,442
2025-06-01,12,Skåne,BEV,dealer,204
2025-06-01,12,Skåne,BEV,private,378
2025-06-01,12,Skåne,DIESEL,company,130
2025-06-01,12,Skåne,DIESEL,dealer,77
2025-06-01,12,Skåne,DIESEL,private,87
2025-06-01,12,Skåne,ETHANOL,private,1
2025-06-01,12,Skåne,HEV,company,27
2025-06-01,12,Skåne,HEV,dealer,66
2025-06-01,12,Skåne,HEV,private,104
2025-06-01,12,Skåne,PETROL,company,250
2025-06-01,12,Skåne,PETROL,dealer,114
2025-06-01,12,Skåne,PETROL,private,460
2025-06-01,12,Skåne,PHEV,company,416
2025-06-01,12,Skåne,PHEV,dealer,223
2025-06-01,12,Skåne,PHEV,private,236
2025-06-01,13,Halland,BEV,company,87
2025-06-01,13,Halland,BEV,dealer,24
2025-06-01,13,Halland,BEV,private,175
2025-06-01,13,Halland,DIESEL,company,14
2025-06-01,13,Halland,DIESEL,dealer,8
2025-06-01,13,Halland,DIESEL,private,47
2025-06-01,13,Halland,HEV,company,5
2025-06-01,13,Halland,HEV,dealer,8
2025-06-01,13,Halland,HEV,private,19
2025-06-01,13,Halland,PETROL,company,40
2025-06-01,13,Halland,PETROL,dealer,19
2025-06-01,13,Halland,PETROL,private,96
2025-06-01,13,Halland,PHEV,company,75
2025-06-01,13,Halland,PHEV,dealer,32
2025-06-01,13,Halland,PHEV,private,74
2025-06-01,14,Västra Götaland,BEV,company,627
2025-06-01,14,Västra Götaland,BEV,dealer,789
2025-06-01,14,Västra Götaland,BEV,private,607
2025-06-01,14,Västra Götaland,DIESEL,company,97
2025-06-01,14,Västra Götaland,DIESEL,dealer,76
2025-06-01,14,Västra Götaland,DIESEL,private,162
2025-06-01,14,Västra Götaland,ETHANOL,company,1
2025-06-01,14,Västra Götaland,ETHANOL,dealer,1
2025-06-01,14,Västra Götaland,HEV,company,38
2025-06-01,14,Västra Götaland,HEV,dealer,142
2025-06-01,14,Västra Götaland,HEV,private,131
2025-06-01,14,Västra Götaland,PETROL,company,185
2025-06-01,14,Västra Götaland,PETROL,dealer,297
2025-06-01,14,Västra Götaland,PETROL,private,576
2025-06-01,14,Västra Götaland,PHEV,company,363
2025-06-01,14,Västra Götaland,PHEV,dealer,299
2025-06-01,14,Västra Götaland,PHEV,private,339
2025-06-01,17,Värmland,BEV,company,70
2025-06-01,17,Värmland,BEV,dealer,36
2025-06-01,17,Värmland,BEV,private,58
2025-06-01,17,Värmland,DIESEL,company,80
2025-06-01,17,Värmland,DIESEL,dealer,20
2025-06-01,17,Värmland,DIESEL,private,27
2025-06-01,17,Värmland,GAS,private,1
2025-06-01,17,Värmland,HEV,company,7
2025-06-01,17,Värmland,HEV,dealer,2
2025-06-01,17,Värmland,HEV,private,20
2025-06-01,17,Värmland,OTHER,private,1
2025-06-01,17,Värmland,PETROL,company,100
2025-06-01,17,Värmland,PETROL,dealer,52
2025-06-01,17,Värmland,PETROL,private,71
2025-06-01,17,Värmland,PHEV,company,67
2025-06-01,17,Värmland,PHEV,dealer,22
2025-06-01,17,Värmland,PHEV,private,46
2025-06-01,18,Örebro,BEV,company,61
2025-06-01,18,Örebro,BEV,dealer,24
2025-06-01,18,Örebro,BEV,private,91
2025-06-01,18,Örebro,DIESEL,company,12
2025-06-01,18,Örebro,DIESEL,dealer,2
2025-06-01,18,Örebro,DIESEL,private,23
2025-06-01,18,Örebro,HEV,company,8
2025-06-01,18,Örebro,HEV,dealer,13
2025-06-01,18,Örebro,HEV,private,10
2025-06-01,18,Örebro,OTHER,private,1
2025-06-01,18,Örebro,PETROL,company,30
2025-06-01,18,Örebro,PETROL,dealer,10
2025-06-01,18,Örebro,PETROL,private,85
2025-06-01,18,Örebro,PHEV,company,49
2025-06-01,18,Örebro,PHEV,dealer,20
2025-06-01,18,Örebro,PHEV,private,66
2025-06-01,19,Västmanland,BEV,company,43
2025-06-01,19,Västmanland,BEV,dealer,12
2025-06-01,19,Västmanland,BEV,private,94
2025-06-01,19,Västmanland,DIESEL,company,6
2025-06-01,19,Västmanland,DIESEL,dealer,8
2025-06-01,19,Västmanland,DIESEL,private,15
2025-06-01,19,Västmanland,HEV,company,3
2025-06-01,19,Västmanland,HEV,dealer,2
2025-06-01,19,Västmanland,HEV,private,10
2025-06-01,19,Västmanland,PETROL,company,32
2025-06-01,19,Västmanland,PETROL,dealer,7
2025-06-01,19,Västmanland,PETROL,private,79
2025-06-01,19,Västmanland,PHEV,company,46
2025-06-01,19,Västmanland,PHEV,dealer,11
2025-06-01,19,Västmanland,PHEV,private,56
2025-06-01,20,Dalarna,BEV,company,42
2025-06-01,20,Dalarna,BEV,dealer,21
2025-06-01,20,Dalarna,BEV,private,51
2025-06-01,20,Dalarna,DIESEL,company,39
2025-06-01,20,Dalarna,DIESEL,dealer,5
2025-06-01,20,Dalarna,DIESEL,private,19
2025-06-01,20,Dalarna,ETHANOL,company,1
2025-06-01,20,Dalarna,HEV,company,16
2025-06-01,20,Dalarna,HEV,dealer,16
2025-06-01,20,Dalarna,HEV,private,12
2025-06-01,20,Dalarna,PETROL,company,26
2025-06-01,20,Dalarna,PETROL,dealer,24
2025-06-01,20,Dalarna,PETROL,private,61
2025-06-01,20,Dalarna,PHEV,company,46
2025-06-01,20,Dalarna,PHEV,dealer,36
2025-06-01,20,Dalarna,PHEV,private,41
2025-06-01,21,Gävleborg,BEV,company,53
2025-06-01,21,Gävleborg,BEV,dealer,25
2025-06-01,21,Gävleborg,BEV,private,51
2025-06-01,21,Gävleborg,DIESEL,company,20
2025-06-01,21,Gävleborg,DIESEL,dealer,6
2025-06-01,21,Gävleborg,DIESEL,private,18
2025-06-01,21,Gävleborg,HEV,company,3
2025-06-01,21,Gävleborg,HEV,dealer,4
2025-06-01,21,Gävleborg,HEV,private,18
2025-06-01,21,Gävleborg,PETROL,company,15
2025-06-01,21,Gävleborg,PETROL,dealer,28
2025-06-01,21,Gävleborg,PETROL,private,44
2025-06-01,21,Gävleborg,PHEV,company,40
2025-06-01,21,Gävleborg,PHEV,dealer,22
2025-06-01,21,Gävleborg,PHEV,private,32
2025-06-01,22,Västernorrland,BEV,company,50
2025-06-01,22,Västernorrland,BEV,dealer,28
2025-06-01,22,Västernorrland,BEV,private,43
2025-06-01,22,Västernorrland,DIESEL,company,26
2025-06-01,22,Västernorrland,DIESEL,dealer,5
2025-06-01,22,Västernorrland,DIESEL,private,23
2025-06-01,22,Västernorrland,HEV,company,4
2025-06-01,22,Västernorrland,HEV,dealer,10
2025-06-01,22,Västernorrland,HEV,private,7
2025-06-01,22,Västernorrland,PETROL,company,33
2025-06-01,22,Västernorrland,PETROL,dealer,8
2025-06-01,22,Västernorrland,PETROL,private,36
2025-06-01,22,Västernorrland,PHEV,company,41
2025-06-01,22,Västernorrland,PHEV,dealer,29
2025-06-01,22,Västernorrland,PHEV,private,38
2025-06-01,23,Jämtland,BEV,company,29
2025-06-01,23,Jämtland,BEV,dealer,3
2025-06-01,23,Jämtland,BEV,private,20
2025-06-01,23,Jämtland,DIESEL,company,4
2025-06-01,23,Jämtland,DIESEL,dealer,1
2025-06-01,23,Jämtland,DIESEL,private,8
2025-06-01,23,Jämtland,HEV,company,6
2025-06-01,23,Jämtland,HEV,dealer,1
2025-06-01,23,Jämtland,HEV,private,5
2025-06-01,23,Jämtland,PETROL,company,5
2025-06-01,23,Jämtland,PETROL,dealer,3
2025-06-01,23,Jämtland,PETROL,private,8
2025-06-01,23,Jämtland,PHEV,company,20
2025-06-01,23,Jämtland,PHEV,dealer,7
2025-06-01,23,Jämtland,PHEV,private,12
2025-06-01,24,Västerbotten,BEV,company,42
2025-06-01,24,Västerbotten,BEV,dealer,14
2025-06-01,24,Västerbotten,BEV,private,59
2025-06-01,24,Västerbotten,DIESEL,company,44
2025-06-01,24,Västerbotten,DIESEL,dealer,3
2025-06-01,24,Västerbotten,DIESEL,private,17
2025-06-01,24,Västerbotten,ETHANOL,private,1
2025-06-01,24,Västerbotten,HEV,company,3
2025-06-01,24,Västerbotten,HEV,dealer,8
2025-06-01,24,Västerbotten,HEV,private,6
2025-06-01,24,Västerbotten,PETROL,company,19
2025-06-01,24,Västerbotten,PETROL,dealer,4
2025-06-01,24,Västerbotten,PETROL,private,44
2025-06-01,24,Västerbotten,PHEV,company,53
2025-06-01,24,Västerbotten,PHEV,dealer,26
2025-06-01,24,Västerbotten,PHEV,private,37
2025-06-01,25,Norrbotten,BEV,company,48
2025-06-01,25,Norrbotten,BEV,dealer,12
2025-06-01,25,Norrbotten,BEV,private,47
2025-06-01,25,Norrbotten,DIESEL,company,30
2025-06-01,25,Norrbotten,DIESEL,dealer,2
2025-06-01,25,Norrbotten,DIESEL,private,23
2025-06-01,25,Norrbotten,HEV,company,26
2025-06-01,25,Norrbotten,HEV,dealer,6
2025-06-01,25,Norrbotten,HEV,private,5
2025-06-01,25,Norrbotten,PETROL,company,25
2025-06-01,25,Norrbotten,PETROL,dealer,2
2025-06-01,25,Norrbotten,PETROL,private,20
2025-06-01,25,Norrbotten,PHEV,company,50
2025-06-01,25,Norrbotten,PHEV,dealer,12
2025-06-01,25,Norrbotten,PHEV,private,31
2025-07-01,01,Stockholm,BEV,company,1732
2025-07-01,01,Stockholm,BEV,dealer,731
2025-07-01,01,Stockholm,BEV,private,536
2025-07-01,01,Stockholm,DIESEL,company,216
2025-07-01,01,Stockholm,DIESEL,dealer,41
2025-07-01,01,Stockholm,DIESEL,private,127
2025-07-01,01,Stockholm,ETHANOL,company,1
2025-07-01,01,Stockholm,HEV,company,90
2025-07-01,01,Stockholm,HEV,dealer,93
2025-07-01,01,Stockholm,HEV,private,159
2025-07-01,01,Stockholm,OTHER,private,1
2025-07-01,01,Stockholm,PETROL,company,663
2025-07-01,01,Stockholm,PETROL,dealer,134
2025-07-01,01,Stockholm,PETROL,private,579
2025-07-01,01,Stockholm,PHEV,company,1206
2025-07-01,01,Stockholm,PHEV,dealer,285
2025-07-01,01,Stockholm,PHEV,private,414
2025-07-01,03,Uppsala,BEV,company,46
2025-07-01,03,Uppsala,BEV,dealer,11
2025-07-01,03,Uppsala,BEV,private,73
2025-07-01,03,Uppsala,DIESEL,company,29
2025-07-01,03,Uppsala,DIESEL,dealer,5
2025-07-01,03,Uppsala,DIESEL,private,17
2025-07-01,03,Uppsala,HEV,company,4
2025-07-01,03,Uppsala,HEV,dealer,4
2025-07-01,03,Uppsala,HEV,private,32
2025-07-01,03,Uppsala,PETROL,company,40
2025-07-01,03,Uppsala,PETROL,dealer,12
2025-07-01,03,Uppsala,PETROL,private,99
2025-07-01,03,Uppsala,PHEV,company,57
2025-07-01,03,Uppsala,PHEV,dealer,16
2025-07-01,03,Uppsala,PHEV,private,46
2025-07-01,04,Södermanland,BEV,company,35
2025-07-01,04,Södermanland,BEV,dealer,10
2025-07-01,04,Södermanland,BEV,private,53
2025-07-01,04,Södermanland,DIESEL,company,4
2025-07-01,04,Södermanland,DIESEL,dealer,11
2025-07-01,04,Södermanland,DIESEL,private,19
2025-07-01,04,Södermanland,HEV,company,2
2025-07-01,04,Södermanland,HEV,dealer,13
2025-07-01,04,Södermanland,HEV,private,16
2025-07-01,04,Södermanland,PETROL,company,7
2025-07-01,04,Södermanland,PETROL,dealer,9
2025-07-01,04,Södermanland,PETROL,private,71
2025-07-01,04,Södermanland,PHEV,company,29
2025-07-01,04,Södermanland,PHEV,dealer,11
2025-07-01,04,Södermanland,PHEV,private,56
2025-07-01,05,Östergötland,BEV,company,51
2025-07-01,05,Östergötland,BEV,dealer,19
2025-07-01,05,Östergötland,BEV,private,93
2025-07-01,05,Östergötland,DIESEL,company,35
2025-07-01,05,Östergötland,DIESEL,dealer,15
2025-07-01,05,Östergötland,DIESEL,private,31
2025-07-01,05,Östergötland,HEV,company,4
2025-07-01,05,Östergötland,HEV,dealer,48
2025-07-01,05,Östergötland,HEV,private,34
2025-07-01,05,Östergötland,PETROL,company,28
2025-07-01,05,Östergötland,PETROL,dealer,30
2025-07-01,05,Östergötland,PETROL,private,117
2025-07-01,05,Östergötland,PHEV,company,53
2025-07-01,05,Östergötland,PHEV,dealer,25
2025-07-01,05,Östergötland,PHEV,private,70
2025-07-01,06,Jönköping,BEV,company,78
2025-07-01,06,Jönköping,BEV,dealer,36
2025-07-01,06,Jönköping,BEV,private,98
2025-07-01,06,Jönköping,DIESEL,company,73
2025-07-01,06,Jönköping,DIESEL,dealer,2
2025-07-01,06,Jönköping,DIESEL,private,20
2025-07-01,06,Jönköping,HEV,company,12
2025-07-01,06,Jönköping,HEV,dealer,18
2025-07-01,06,Jönköping,HEV,private,22
2025-07-01,06,Jönköping,PETROL,company,124
2025-07-01,06,Jönköping,PETROL,dealer,15
2025-07-01,06,Jönköping,PETROL,private,73
2025-07-01,06,Jönköping,PHEV,company,96
2025-07-01,06,Jönköping,PHEV,dealer,26
2025-07-01,06,Jönköping,PHEV,private,62
2025-07-01,07,Kronoberg,BEV,company,18
2025-07-01,07,Kronoberg,BEV,dealer,6
2025-07-01,07,Kronoberg,BEV,private,38
2025-07-01,07,Kronoberg,DIESEL,company,14
2025-07-01,07,Kronoberg,DIESEL,private,15
2025-07-01,07,Kronoberg,HEV,company,4
2025-07-01,07,Kronoberg,HEV,dealer,5
2025-07-01,07,Kronoberg,HEV,private,14
2025-07-01,07,Kronoberg,PETROL,company,10
2025-07-01,07,Kronoberg,PETROL,dealer,10
2025-07-01,07,Kronoberg,PETROL,private,47
2025-07-01,07,Kronoberg,PHEV,company,15
2025-07-01,07,Kronoberg,PHEV,dealer,8
2025-07-01,07,Kronoberg,PHEV,private,24
2025-07-01,08,Kalmar,BEV,company,16
2025-07-01,08,Kalmar,BEV,dealer,17
2025-07-01,08,Kalmar,BEV,private,51
2025-07-01,08,Kalmar,DIESEL,company,9
2025-07-01,08,Kalmar,DIESEL,dealer,4
2025-07-01,08,Kalmar,DIESEL,private,21
2025-07-01,08,Kalmar,HEV,company,1
2025-07-01,08,Kalmar,HEV,dealer,2
2025-07-01,08,Kalmar,HEV,private,12
2025-07-01,08,Kalmar,PETROL,company,8
2025-07-01,08,Kalmar,PETROL,dealer,14
2025-07-01,08,Kalmar,PETROL,private,76
2025-07-01,08,Kalmar,PHEV,company,11
2025-07-01,08,Kalmar,PHEV,dealer,16
2025-07-01,08,Kalmar,PHEV,private,26
2025-07-01,09,Gotland,BEV,company,3
2025-07-01,09,Gotland,BEV,dealer,4
2025-07-01,09,Gotland,BEV,private,11
2025-07-01,09,Gotland,DIESEL,company,3
2025-07-01,09,Gotland,DIESEL,private,2
2025-07-01,09,Gotland,HEV,company,2
2025-07-01,09,Gotland,HEV,dealer,5
2025-07-01,09,Gotland,HEV,private,2
2025-07-01,09,Gotland,PETROL,company,1
2025-07-01,09,Gotland,PETROL,dealer,1
2025-07-01,09,Gotland,PETROL,private,11
2025-07-01,09,Gotland,PHEV,company,7
2025-07-01,09,Gotland,PHEV,dealer,3
2025-07-01,09,Gotland,PHEV,private,4
2025-07-01,10,Blekinge,BEV,company,11
2025-07-01,10,Blekinge,BEV,dealer,8
2025-07-01,10,Blekinge,BEV,private,33
2025-07-01,10,Blekinge,DIESEL,company,6
2025-07-01,10,Blekinge,DIESEL,dealer,2
2025-07-01,10,Blekinge,DIESEL,private,12
2025-07-01,10,Blekinge,HEV,company,2
2025-07-01,10,Blekinge,HEV,dealer,2
2025-07-01,10,Blekinge,HEV,private,11
2025-07-01,10,Blekinge,PETROL,company,12
2025-07-01,10,Blekinge,PETROL,dealer,4
2025-07-01,10,Blekinge,PETROL,private,36
2025-07-01,10,Blekinge,PHEV,company,9
2025-07-01,10,Blekinge,PHEV,dealer,4
2025-07-01,10,Blekinge,PHEV,private,25
2025-07-01,12,Skåne,BEV,company,229
2025-07-01,12,Skåne,BEV,dealer,117
2025-07-01,12,Skåne,BEV,private,347
2025-07-01,12,Skåne,DIESEL,company,71
2025-07-01,12,Skåne,DIESEL,dealer,54
2025-07-01,12,Skåne,DIESEL,private,116
2025-07-01,12,Skåne,GAS,private,2
2025-07-01,12,Skåne,HEV,company,19
2025-07-01,12,Skåne,HEV,dealer,30
2025-07-01,12,Skåne,HEV,private,79
2025-07-01,12,Skåne,PETROL,company,158
2025-07-01,12,Skåne,PETROL,dealer,312
2025-07-01,12,Skåne,PETROL,private,380
2025-07-01,12,Skåne,PHEV,company,338
2025-07-01,12,Skåne,PHEV,dealer,168
2025-07-01,12,Skåne,PHEV,private,205
2025-07-01,13,Halland,BEV,company,25
2025-07-01,13,Halland,BEV,dealer,14
2025-07-01,13,Halland,BEV,private,79
2025-07-01,13,Halland,DIESEL,company,16
2025-07-01,13,Halland,DIESEL,dealer,2
2025-07-01,13,Halland,DIESEL,private,35
2025-07-01,13,Halland,ETHANOL,private,1
2025-07-01,13,Halland,HEV,company,12
2025-07-01,13,Halland,HEV,dealer,11
2025-07-01,13,Halland,HEV,private,16
2025-07-01,13,Halland,PETROL,company,34
2025-07-01,13,Halland,PETROL,dealer,13
2025-07-01,13,Halland,PETROL,private,104
2025-07-01,13,Halland,PHEV,company,55
2025-07-01,13,Halland,PHEV,dealer,13
2025-07-01,13,Halland,PHEV,private,59
2025-07-01,14,Västra Götaland,BEV,company,365
2025-07-01,14,Västra Götaland,BEV,dealer,182
2025-07-01,14,Västra Götaland,BEV,private,389
2025-07-01,14,Västra Götaland,DIESEL,company,53
2025-07-01,14,Västra Götaland,DIESEL,dealer,27
2025-07-01,14,Västra Götaland,DIESEL,private,141
2025-07-01,14,Västra Götaland,ETHANOL,dealer,1
2025-07-01,14,Västra Götaland,ETHANOL,private,1
2025-07-01,14,Västra Götaland,HEV,company,22
2025-07-01,14,Västra Götaland,HEV,dealer,115
2025-07-01,14,Västra Götaland,HEV,private,113
2025-07-01,14,Västra Götaland,PETROL,company,67
2025-07-01,14,Västra Götaland,PETROL,dealer,209
2025-07-01,14,Västra Götaland,PETROL,private,437
2025-07-01,14,Västra Götaland,PHEV,company,214
2025-07-01,14,Västra Götaland,PHEV,dealer,280
2025-07-01,14,Västra Götaland,PHEV,private,261
2025-07-01,17,Värmland,BEV,company,27
2025-07-01,17,Värmland,BEV,dealer,6
2025-07-01,17,Värmland,BEV,private,38
2025-07-01,17,Värmland,DIESEL,company,42
2025-07-01,17,Värmland,DIESEL,dealer,12
2025-07-01,17,Värmland,DIESEL,private,25
2025-07-01,17,Värmland,HEV,company,2
2025-07-01,17,Värmland,HEV,dealer,4
2025-07-01,17,Värmland,HEV,private,17
2025-07-01,17,Värmland,PETROL,company,24
2025-07-01,17,Värmland,PETROL,dealer,15
2025-07-01,17,Värmland,PETROL,private,52
2025-07-01,17,Värmland,PHEV,company,28
2025-07-01,17,Värmland,PHEV,dealer,12
2025-07-01,17,Värmland,PHEV,private,48
2025-07-01,18,Örebro,BEV,company,31
2025-07-01,18,Örebro,BEV,dealer,8
2025-07-01,18,Örebro,BEV,private,51
2025-07-01,18,Örebro,DIESEL,company,11
2025-07-01,18,Örebro,DIESEL,dealer,2
2025-07-01,18,Örebro,DIESEL,private,39
2025-07-01,18,Örebro,HEV,company,5
2025-07-01,18,Örebro,HEV,dealer,8
2025-07-01,18,Örebro,HEV,private,26
2025-07-01,18,Örebro,OTHER,private,1
2025-07-01,18,Örebro,PETROL,company,11
2025-07-01,18,Örebro,PETROL,dealer,13
2025-07-01,18,Örebro,PETROL,private,87
2025-07-01,18,Örebro,PHEV,company,27
2025-07-01,18,Örebro,PHEV,dealer,11
2025-07-01,18,Örebro,PHEV,private,44
2025-07-01,19,Västmanland,BEV,company,32
2025-07-01,19,Västmanland,BEV,dealer,13
2025-07-01,19,Västmanland,BEV,private,52
2025-07-01,19,Västmanland,DIESEL,company,6
2025-07-01,19,Västmanland,DIESEL,dealer,1
2025-07-01,19,Västmanland,DIESEL,private,16
2025-07-01,19,Västmanland,HEV,company,1
2025-07-01,19,Västmanland,HEV,private,12
2025-07-01,19,Västmanland,PETROL,company,6
2025-07-01,19,Västmanland,PETROL,dealer,6
2025-07-01,19,Västmanland,PETROL,private,81
2025-07-01,19,Västmanland,PHEV,company,27
2025-07-01,19,Västmanland,PHEV,dealer,8
2025-07-01,19,Västmanland,PHEV,private,38
2025-07-01,20,Dalarna,BEV,company,29
2025-07-01,20,Dalarna,BEV,dealer,10
2025-07-01,20,Dalarna,BEV,private,32
2025-07-01,20,Dalarna,DIESEL,company,15
2025-07-01,20,Dalarna,DIESEL,dealer,6
2025-07-01,20,Dalarna,DIESEL,private,16
2025-07-01,20,Dalarna,HEV,company,8
2025-07-01,20,Dalarna,HEV,dealer,13
2025-07-01,20,Dalarna,HEV,private,8
2025-07-01,20,Dalarna,PETROL,company,13
2025-07-01,20,Dalarna,PETROL,dealer,5
2025-07-01,20,Dalarna,PETROL,private,50
2025-07-01,20,Dalarna,PHEV,company,30
2025-07-01,20,Dalarna,PHEV,dealer,15
2025-07-01,20,Dalarna,PHEV,private,46
2025-07-01,21,Gävleborg,BEV,company,23
2025-07-01,21,Gävleborg,BEV,dealer,11
2025-07-01,21,Gävleborg,BEV,private,47
2025-07-01,21,Gävleborg,DIESEL,company,13
2025-07-01,21,Gävleborg,DIESEL,dealer,38
2025-07-01,21,Gävleborg,DIESEL,private,18
2025-07-01,21,Gävleborg,HEV,company,1
2025-07-01,21,Gävleborg,HEV,dealer,14
2025-07-01,21,Gävleborg,HEV,private,28
2025-07-01,21,Gävleborg,PETROL,company,27
2025-07-01,21,Gävleborg,PETROL,dealer,31
2025-07-01,21,Gävleborg,PETROL,private,48
2025-07-01,21,Gävleborg,PHEV,company,34
2025-07-01,21,Gävleborg,PHEV,dealer,16
2025-07-01,21,Gävleborg,PHEV,private,32
2025-07-01,22,Västernorrland,BEV,company,18
2025-07-01,22,Västernorrland,BEV,dealer,8
2025-07-01,22,Västernorrland,BEV,private,44
2025-07-01,22,Västernorrland,DIESEL,company,12
2025-07-01,22,Västernorrland,DIESEL,dealer,14
2025-07-01,22,Västernorrland,DIESEL,private,15
2025-07-01,22,Västernorrland,HEV,company,18
2025-07-01,22,Västernorrland,HEV,private,12
2025-07-01,22,Västernorrland,PETROL,company,7
2025-07-01,22,Västernorrland,PETROL,dealer,5
2025-07-01,22,Västernorrland,PETROL,private,22
2025-07-01,22,Västernorrland,PHEV,company,34
2025-07-01,22,Västernorrland,PHEV,dealer,7
2025-07-01,22,Västernorrland,PHEV,private,30
2025-07-01,23,Jämtland,BEV,company,24
2025-07-01,23,Jämtland,BEV,dealer,3
2025-07-01,23,Jämtland,BEV,private,11
2025-07-01,23,Jämtland,DIESEL,company,7
2025-07-01,23,Jämtland,DIESEL,private,15
2025-07-01,23,Jämtland,HEV,dealer,5
2025-07-01,23,Jämtland,HEV,private,2
2025-07-01,23,Jämtland,PETROL,company,7
2025-07-01,23,Jämtland,PETROL,private,14
2025-07-01,23,Jämtland,PHEV,company,11
2025-07-01,23,Jämtland,PHEV,dealer,2
2025-07-01,23,Jämtland,PHEV,private,7
2025-07-01,24,Västerbotten,BEV,company,30
2025-07-01,24,Västerbotten,BEV,dealer,24
2025-07-01,24,Västerbotten,BEV,private,43
2025-07-01,24,Västerbotten,DIESEL,company,9
2025-07-01,24,Västerbotten,DIESEL,dealer,2
2025-07-01,24,Västerbotten,DIESEL,private,12
2025-07-01,24,Västerbotten,ETHANOL,dealer,1
2025-07-01,24,Västerbotten,HEV,company,17
2025-07-01,24,Västerbotten,HEV,dealer,13
2025-07-01,24,Västerbotten,HEV,private,12
2025-07-01,24,Västerbotten,PETROL,company,10
2025-07-01,24,Västerbotten,PETROL,dealer,13
2025-07-01,24,Västerbotten,PETROL,private,36
2025-07-01,24,Västerbotten,PHEV,company,41
2025-07-01,24,Västerbotten,PHEV,dealer,21
2025-07-01,24,Västerbotten,PHEV,private,37
2025-07-01,25,Norrbotten,BEV,company,21
2025-07-01,25,Norrbotten,BEV,dealer,1
2025-07-01,25,Norrbotten,BEV,private,22
2025-07-01,25,Norrbotten,DIESEL,company,18
2025-07-01,25,Norrbotten,DIESEL,private,32
2025-07-01,25,Norrbotten,GAS,company,1
2025-07-01,25,Norrbotten,HEV,company,18
2025-07-01,25,Norrbotten,HEV,dealer,2
2025-07-01,25,Norrbotten,HEV,private,12
2025-07-01,25,Norrbotten,PETROL,company,30
2025-07-01,25,Norrbotten,PETROL,dealer,7
2025-07-01,25,Norrbotten,PETROL,private,21
2025-07-01,25,Norrbotten,PHEV,company,36
2025-07-01,25,Norrbotten,PHEV,dealer,3
2025-07-01,25,Norrbotten,PHEV,private,23
2025-08-01,01,Stockholm,BEV,company,2104
2025-08-01,01,Stockholm,BEV,dealer,607
2025-08-01,01,Stockholm,BEV,private,547
2025-08-01,01,Stockholm,DIESEL,company,349
2025-08-01,01,Stockholm,DIESEL,dealer,50
2025-08-01,01,Stockholm,DIESEL,private,116
2025-08-01,01,Stockholm,GAS,private,1
2025-08-01,01,Stockholm,HEV,company,225
2025-08-01,01,Stockholm,HEV,dealer,85
2025-08-01,01,Stockholm,HEV,private,212
2025-08-01,01,Stockholm,PETROL,company,599
2025-08-01,01,Stockholm,PETROL,dealer,182
2025-08-01,01,Stockholm,PETROL,private,520
2025-08-01,01,Stockholm,PHEV,company,1128
2025-08-01,01,Stockholm,PHEV,dealer,411
2025-08-01,01,Stockholm,PHEV,private,398
2025-08-01,03,Uppsala,BEV,company,75
2025-08-01,03,Uppsala,BEV,dealer,10
2025-08-01,03,Uppsala,BEV,private,67
2025-08-01,03,Uppsala,DIESEL,company,23
2025-08-01,03,Uppsala,DIESEL,dealer,4
2025-08-01,03,Uppsala,DIESEL,private,20
2025-08-01,03,Uppsala,HEV,company,13
2025-08-01,03,Uppsala,HEV,dealer,11
2025-08-01,03,Uppsala,HEV,private,43
2025-08-01,03,Uppsala,PETROL,company,41
2025-08-01,03,Uppsala,PETROL,dealer,13
2025-08-01,03,Uppsala,PETROL,private,67
2025-08-01,03,Uppsala,PHEV,company,72
2025-08-01,03,Uppsala,PHEV,dealer,19
2025-08-01,03,Uppsala,PHEV,private,65
2025-08-01,04,Södermanland,BEV,company,36
2025-08-01,04,Södermanland,BEV,dealer,17
2025-08-01,04,Södermanland,BEV,private,66
2025-08-01,04,Södermanland,DIESEL,company,15
2025-08-01,04,Södermanland,DIESEL,dealer,3
2025-08-01,04,Södermanland,DIESEL,private,25
2025-08-01,04,Södermanland,HEV,company,6
2025-08-01,04,Södermanland,HEV,dealer,10
2025-08-01,04,Södermanland,HEV,private,37
2025-08-01,04,Södermanland,PETROL,company,18
2025-08-01,04,Södermanland,PETROL,dealer,18
2025-08-01,04,Södermanland,PETROL,private,85
2025-08-01,04,Södermanland,PHEV,company,21
2025-08-01,04,Södermanland,PHEV,dealer,21
2025-08-01,04,Södermanland,PHEV,private,57
2025-08-01,05,Östergötland,BEV,company,47
2025-08-01,05,Östergötland,BEV,dealer,17
2025-08-01,05,Östergötland,BEV,private,102
2025-08-01,05,Östergötland,DIESEL,company,27
2025-08-01,05,Östergötland,DIESEL,dealer,17
2025-08-01,05,Östergötland,DIESEL,private,22
2025-08-01,05,Östergötland,HEV,company,12
2025-08-01,05,Östergötland,HEV,dealer,102
2025-08-01,05,Östergötland,HEV,private,49
2025-08-01,05,Östergötland,OTHER,private,1
2025-08-01,05,Östergötland,PETROL,company,32
2025-08-01,05,Östergötland,PETROL,dealer,39
2025-08-01,05,Östergötland,PETROL,private,127
2025-08-01,05,Östergötland,PHEV,company,62
2025-08-01,05,Östergötland,PHEV,dealer,33
2025-08-01,05,Östergötland,PHEV,private,81
2025-08-01,06,Jönköping,BEV,company,95
2025-08-01,06,Jönköping,BEV,dealer,37
2025-08-01,06,Jönköping,BEV,private,115
2025-08-01,06,Jönköping,DIESEL,company,104
2025-08-01,06,Jönköping,DIESEL,dealer,2
2025-08-01,06,Jönköping,DIESEL,private,21
2025-08-01,06,Jönköping,HEV,company,20
2025-08-01,06,Jönköping,HEV,dealer,40
2025-08-01,06,Jönköping,HEV,private,50
2025-08-01,06,Jönköping,PETROL,company,102
2025-08-01,06,Jönköping,PETROL,dealer,43
2025-08-01,06,Jönköping,PETROL,private,106
2025-08-01,06,Jönköping,PHEV,company,112
2025-08-01,06,Jönköping,PHEV,dealer,35
2025-08-01,06,Jönköping,PHEV,private,59
2025-08-01,07,Kronoberg,BEV,company,62
2025-08-01,07,Kronoberg,BEV,dealer,15
2025-08-01,07,Kronoberg,BEV,private,37
2025-08-01,07,Kronoberg,DIESEL,company,8
2025-08-01,07,Kronoberg,DIESEL,dealer,4
2025-08-01,07,Kronoberg,DIESEL,private,14
2025-08-01,07,Kronoberg,HEV,company,3
2025-08-01,07,Kronoberg,HEV,dealer,13
2025-08-01,07,Kronoberg,HEV,private,18
2025-08-01,07,Kronoberg,PETROL,company,3
2025-08-01,07,Kronoberg,PETROL,dealer,11
2025-08-01,07,Kronoberg,PETROL,private,53
2025-08-01,07,Kronoberg,PHEV,company,27
2025-08-01,07,Kronoberg,PHEV,dealer,22
2025-08-01,07,Kronoberg,PHEV,private,22
2025-08-01,08,Kalmar,BEV,company,17
2025-08-01,08,Kalmar,BEV,dealer,17
2025-08-01,08,Kalmar,BEV,private,37
2025-08-01,08,Kalmar,DIESEL,company,18
2025-08-01,08,Kalmar,DIESEL,dealer,1
2025-08-01,08,Kalmar,DIESEL,private,14
2025-08-01,08,Kalmar,HEV,company,32
2025-08-01,08,Kalmar,HEV,dealer,13
2025-08-01,08,Kalmar,HEV,private,12
2025-08-01,08,Kalmar,PETROL,company,11
2025-08-01,08,Kalmar,PETROL,dealer,19
2025-08-01,08,Kalmar,PETROL,private,58
2025-08-01,08,Kalmar,PHEV,company,24
2025-08-01,08,Kalmar,PHEV,dealer,18
2025-08-01,08,Kalmar,PHEV,private,29
2025-08-01,09,Gotland,BEV,company,3
2025-08-01,09,Gotland,BEV,dealer,3
2025-08-01,09,Gotland,BEV,private,9
2025-08-01,09,Gotland,DIESEL,company,21
2025-08-01,09,Gotland,DIESEL,private,1
2025-08-01,09,Gotland,HEV,company,3
2025-08-01,09,Gotland,HEV,dealer,4
2025-08-01,09,Gotland,HEV,private,5
2025-08-01,09,Gotland,PETROL,company,2
2025-08-01,09,Gotland,PETROL,dealer,1
2025-08-01,09,Gotland,PETROL,private,5
2025-08-01,09,Gotland,PHEV,company,5
2025-08-01,09,Gotland,PHEV,dealer,3
2025-08-01,09,Gotland,PHEV,private,6
2025-08-01,10,Blekinge,BEV,company,16
2025-08-01,10,Blekinge,BEV,dealer,7
2025-08-01,10,Blekinge,BEV,private,27
2025-08-01,10,Blekinge,DIESEL,company,22
2025-08-01,10,Blekinge,DIESEL,dealer,2
2025-08-01,10,Blekinge,DIESEL,private,3
2025-08-01,10,Blekinge,HEV,company,10
2025-08-01,10,Blekinge,HEV,dealer,34
2025-08-01,10,Blekinge,HEV,private,22
2025-08-01,10,Blekinge,PETROL,company,7
2025-08-01,10,Blekinge,PETROL,dealer,9
2025-08-01,10,Blekinge,PETROL,private,46
2025-08-01,10,Blekinge,PHEV,company,13
2025-08-01,10,Blekinge,PHEV,dealer,10
2025-08-01,10,Blekinge,PHEV,private,29
2025-08-01,12,Skåne,BEV,company,256
2025-08-01,12,Skåne,BEV,dealer,176
2025-08-01,12,Skåne,BEV,private,297
2025-08-01,12,Skåne,DIESEL,company,103
2025-08-01,12,Skåne,DIESEL,dealer,53
2025-08-01,12,Skåne,DIESEL,private,68
2025-08-01,12,Skåne,ETHANOL,dealer,1
2025-08-01,12,Skåne,HEV,company,52
2025-08-01,12,Skåne,HEV,dealer,60
2025-08-01,12,Skåne,HEV,private,132
2025-08-01,12,Skåne,PETROL,company,122
2025-08-01,12,Skåne,PETROL,dealer,407
2025-08-01,12,Skåne,PETROL,private,399
2025-08-01,12,Skåne,PHEV,company,370
2025-08-01,12,Skåne,PHEV,dealer,112
2025-08-01,12,Skåne,PHEV,private,205
2025-08-01,13,Halland,BEV,company,52
2025-08-01,13,Halland,BEV,dealer,22
2025-08-01,13,Halland,BEV,private,106
2025-08-01,13,Halland,DIESEL,company,15
2025-08-01,13,Halland,DIESEL,dealer,2
2025-08-01,13,Halland,DIESEL,private,29
2025-08-01,13,Halland,HEV,company,13
2025-08-01,13,Halland,HEV,dealer,20
2025-08-01,13,Halland,HEV,private,34
2025-08-01,13,Halland,PETROL,company,16
2025-08-01,13,Halland,PETROL,dealer,16
2025-08-01,13,Halland,PETROL,private,121
2025-08-01,13,Halland,PHEV,company,41
2025-08-01,13,Halland,PHEV,dealer,38
2025-08-01,13,Halland,PHEV,private,44
2025-08-01,14,Västra Götaland,BEV,company,344
2025-08-01,14,Västra Götaland,BEV,dealer,146
2025-08-01,14,Västra Götaland,BEV,private,466
2025-08-01,14,Västra Götaland,DIESEL,company,70
2025-08-01,14,Västra Götaland,DIESEL,dealer,38
2025-08-01,14,Västra Götaland,DIESEL,private,102
2025-08-01,14,Västra Götaland,ETHANOL,private,1
2025-08-01,14,Västra Götaland,HEV,company,67
2025-08-01,14,Västra Götaland,HEV,dealer,247
2025-08-01,14,Västra Götaland,HEV,private,162
2025-08-01,14,Västra Götaland,PETROL,company,67
2025-08-01,14,Västra Götaland,PETROL,dealer,224
2025-08-01,14,Västra Götaland,PETROL,private,466
2025-08-01,14,Västra Götaland,PHEV,company,234
2025-08-01,14,Västra Götaland,PHEV,dealer,237
2025-08-01,14,Västra Götaland,PHEV,private,259
2025-08-01,17,Värmland,BEV,company,34
2025-08-01,17,Värmland,BEV,dealer,13
2025-08-01,17,Värmland,BEV,private,48
2025-08-01,17,Värmland,DIESEL,company,42
2025-08-01,17,Värmland,DIESEL,dealer,4
2025-08-01,17,Värmland,DIESEL,private,19
2025-08-01,17,Värmland,HEV,company,10
2025-08-01,17,Värmland,HEV,dealer,19
2025-08-01,17,Värmland,HEV,private,28
2025-08-01,17,Värmland,PETROL,company,63
2025-08-01,17,Värmland,PETROL,dealer,12
2025-08-01,17,Värmland,PETROL,private,65
2025-08-01,17,Värmland,PHEV,company,43
2025-08-01,17,Värmland,PHEV,dealer,17
2025-08-01,17,Värmland,PHEV,private,51
2025-08-01,18,Örebro,BEV,company,32
2025-08-01,18,Örebro,BEV,dealer,7
2025-08-01,18,Örebro,BEV,private,51
2025-08-01,18,Örebro,DIESEL,company,18
2025-08-01,18,Örebro,DIESEL,dealer,1
2025-08-01,18,Örebro,DIESEL,private,23
2025-08-01,18,Örebro,ETHANOL,company,1
2025-08-01,18,Örebro,ETHANOL,private,1
2025-08-01,18,Örebro,HEV,company,7
2025-08-01,18,Örebro,HEV,dealer,24
2025-08-01,18,Örebro,HEV,private,26
2025-08-01,18,Örebro,PETROL,company,23
2025-08-01,18,Örebro,PETROL,dealer,12
2025-08-01,18,Örebro,PETROL,private,88
2025-08-01,18,Örebro,PHEV,company,29
2025-08-01,18,Örebro,PHEV,dealer,12
2025-08-01,18,Örebro,PHEV,private,51
2025-08-01,19,Västmanland,BEV,company,49
2025-08-01,19,Västmanland,BEV,dealer,15
2025-08-01,19,Västmanland,BEV,private,47
2025-08-01,19,Västmanland,DIESEL,company,10
2025-08-01,19,Västmanland,DIESEL,dealer,3
2025-08-01,19,Västmanland,DIESEL,private,21
2025-08-01,19,Västmanland,HEV,company,31
2025-08-01,19,Västmanland,HEV,dealer,3
2025-08-01,19,Västmanland,HEV,private,14
2025-08-01,19,Västmanland,PETROL,company,34
2025-08-01,19,Västmanland,PETROL,dealer,15
2025-08-01,19,Västmanland,PETROL,private,60
2025-08-01,19,Västmanland,PHEV,company,32
2025-08-01,19,Västmanland,PHEV,dealer,12
2025-08-01,19,Västmanland,PHEV,private,61
2025-08-01,20,Dalarna,BEV,company,30
2025-08-01,20,Dalarna,BEV,dealer,15
2025-08-01,20,Dalarna,BEV,private,38
2025-08-01,20,Dalarna,DIESEL,company,24
2025-08-01,20,Dalarna,DIESEL,dealer,11
2025-08-01,20,Dalarna,DIESEL,private,36
2025-08-01,20,Dalarna,ETHANOL,private,1
2025-08-01,20,Dalarna,HEV,company,7
2025-08-01,20,Dalarna,HEV,dealer,16
2025-08-01,20,Dalarna,HEV,private,16
2025-08-01,20,Dalarna,PETROL,company,10
2025-08-01,20,Dalarna,PETROL,dealer,14
2025-08-01,20,Dalarna,PETROL,private,50
2025-08-01,20,Dalarna,PHEV,company,23
2025-08-01,20,Dalarna,PHEV,dealer,22
2025-08-01,20,Dalarna,PHEV,private,49
2025-08-01,21,Gävleborg,BEV,company,42
2025-08-01,21,Gävleborg,BEV,dealer,11
2025-08-01,21,Gävleborg,BEV,private,38
2025-08-01,21,Gävleborg,DIESEL,company,12
2025-08-01,21,Gävleborg,DIESEL,dealer,51
2025-08-01,21,Gävleborg,DIESEL,private,12
2025-08-01,21,Gävleborg,HEV,company,13
2025-08-01,21,Gävleborg,HEV,dealer,27
2025-08-01,21,Gävleborg,HEV,private,29
2025-08-01,21,Gävleborg,PETROL,company,15
2025-08-01,21,Gävleborg,PETROL,dealer,19
2025-08-01,21,Gävleborg,PETROL,private,55
2025-08-01,21,Gävleborg,PHEV,company,118
2025-08-01,21,Gävleborg,PHEV,dealer,29
2025-08-01,21,Gävleborg,PHEV,private,25
2025-08-01,22,Västernorrland,BEV,company,31
2025-08-01,22,Västernorrland,BEV,dealer,4
2025-08-01,22,Västernorrland,BEV,private,40
2025-08-01,22,Västernorrland,DIESEL,company,31
2025-08-01,22,Västernorrland,DIESEL,dealer,1
2025-08-01,22,Västernorrland,DIESEL,private,10
2025-08-01,22,Västernorrland,HEV,company,9
2025-08-01,22,Västernorrland,HEV,dealer,12
2025-08-01,22,Västernorrland,HEV,private,22
2025-08-01,22,Västernorrland,PETROL,company,21
2025-08-01,22,Västernorrland,PETROL,dealer,12
2025-08-01,22,Västernorrland,PETROL,private,27
2025-08-01,22,Västernorrland,PHEV,company,32
2025-08-01,22,Västernorrland,PHEV,dealer,17
2025-08-01,22,Västernorrland,PHEV,private,44
2025-08-01,23,Jämtland,BEV,company,11
2025-08-01,23,Jämtland,BEV,dealer,4
2025-08-01,23,Jämtland,BEV,private,15
2025-08-01,23,Jämtland,DIESEL,company,22
2025-08-01,23,Jämtland,DIESEL,private,15
2025-08-01,23,Jämtland,HEV,dealer,1
2025-08-01,23,Jämtland,HEV,private,2
2025-08-01,23,Jämtland,PETROL,company,2
2025-08-01,23,Jämtland,PETROL,dealer,2
2025-08-01,23,Jämtland,PETROL,private,10
2025-08-01,23,Jämtland,PHEV,company,13
2025-08-01,23,Jämtland,PHEV,dealer,2
2025-08-01,23,Jämtland,PHEV,private,9
2025-08-01,24,Västerbotten,BEV,company,35
2025-08-01,24,Västerbotten,BEV,dealer,22
2025-08-01,24,Västerbotten,BEV,private,30
2025-08-01,24,Västerbotten,DIESEL,company,8
2025-08-01,24,Västerbotten,DIESEL,dealer,5
2025-08-01,24,Västerbotten,DIESEL,private,16
2025-08-01,24,Västerbotten,HEV,company,13
2025-08-01,24,Västerbotten,HEV,dealer,7
2025-08-01,24,Västerbotten,HEV,private,14
2025-08-01,24,Västerbotten,PETROL,company,17
2025-08-01,24,Västerbotten,PETROL,dealer,9
2025-08-01,24,Västerbotten,PETROL,private,28
2025-08-01,24,Västerbotten,PHEV,company,31
2025-08-01,24,Västerbotten,PHEV,dealer,24
2025-08-01,24,Västerbotten,PHEV,private,35
2025-08-01,25,Norrbotten,BEV,company,37
2025-08-01,25,Norrbotten,BEV,dealer,12
2025-08-01,25,Norrbotten,BEV,private,22
2025-08-01,25,Norrbotten,DIESEL,company,23
2025-08-01,25,Norrbotten,DIESEL,dealer,2
2025-08-01,25,Norrbotten,DIESEL,private,18
2025-08-01,25,Norrbotten,HEV,company,15
2025-08-01,25,Norrbotten,HEV,dealer,17
2025-08-01,25,Norrbotten,HEV,private,7
2025-08-01,25,Norrbotten,PETROL,company,30
2025-08-01,25,Norrbotten,PETROL,dealer,4
2025-08-01,25,Norrbotten,PETROL,private,22
2025-08-01,25,Norrbotten,PHEV,company,24
2025-08-01,25,Norrbotten,PHEV,dealer,8
2025-08-01,25,Norrbotten,PHEV,private,24
2025-09-01,01,Stockholm,BEV,company,2539
2025-09-01,01,Stockholm,BEV,dealer,672
2025-09-01,01,Stockholm,BEV,private,875
2025-09-01,01,Stockholm,DIESEL,company,267
2025-09-01,01,Stockholm,DIESEL,dealer,63
2025-09-01,01,Stockholm,DIESEL,private,96
2025-09-01,01,Stockholm,ETHANOL,company,1
2025-09-01,01,Stockholm,ETHANOL,dealer,3
2025-09-01,01,Stockholm,HEV,company,217
2025-09-01,01,Stockholm,HEV,dealer,57
2025-09-01,01,Stockholm,HEV,private,221
2025-09-01,01,Stockholm,PETROL,company,470
2025-09-01,01,Stockholm,PETROL,dealer,112
2025-09-01,01,Stockholm,PETROL,private,545
2025-09-01,01,Stockholm,PHEV,company,1803
2025-09-01,01,Stockholm,PHEV,dealer,562
2025-09-01,01,Stockholm,PHEV,private,547
2025-09-01,03,Uppsala,BEV,company,69
2025-09-01,03,Uppsala,BEV,dealer,38
2025-09-01,03,Uppsala,BEV,private,116
2025-09-01,03,Uppsala,DIESEL,company,21
2025-09-01,03,Uppsala,DIESEL,dealer,5
2025-09-01,03,Uppsala,DIESEL,private,15
2025-09-01,03,Uppsala,HEV,company,21
2025-09-01,03,Uppsala,HEV,dealer,16
2025-09-01,03,Uppsala,HEV,private,46
2025-09-01,03,Uppsala,PETROL,company,53
2025-09-01,03,Uppsala,PETROL,dealer,30
2025-09-01,03,Uppsala,PETROL,private,97
2025-09-01,03,Uppsala,PHEV,company,106
2025-09-01,03,Uppsala,PHEV,dealer,37
2025-09-01,03,Uppsala,PHEV,private,92
2025-09-01,04,Södermanland,BEV,company,48
2025-09-01,04,Södermanland,BEV,dealer,29
2025-09-01,04,Södermanland,BEV,private,89
2025-09-01,04,Södermanland,DIESEL,company,6
2025-09-01,04,Södermanland,DIESEL,dealer,3
2025-09-01,04,Södermanland,DIESEL,private,20
2025-09-01,04,Södermanland,HEV,company,5
2025-09-01,04,Södermanland,HEV,dealer,9
2025-09-01,04,Södermanland,HEV,private,25
2025-09-01,04,Södermanland,PETROL,company,9
2025-09-01,04,Södermanland,PETROL,dealer,20
2025-09-01,04,Södermanland,PETROL,private,98
2025-09-01,04,Södermanland,PHEV,company,34
2025-09-01,04,Södermanland,PHEV,dealer,44
2025-09-01,04,Södermanland,PHEV,private,78
2025-09-01,05,Östergötland,BEV,company,100
2025-09-01,05,Östergötland,BEV,dealer,25
2025-09-01,05,Östergötland,BEV,private,157
2025-09-01,05,Östergötland,DIESEL,company,24
2025-09-01,05,Östergötland,DIESEL,dealer,7
2025-09-01,05,Östergötland,DIESEL,private,22
2025-09-01,05,Östergötland,HEV,company,18
2025-09-01,05,Östergötland,HEV,dealer,127
2025-09-01,05,Östergötland,HEV,private,41
2025-09-01,05,Östergötland,PETROL,company,82
2025-09-01,05,Östergötland,PETROL,dealer,59
2025-09-01,05,Östergötland,PETROL,private,111
2025-09-01,05,Östergötland,PHEV,company,120
2025-09-01,05,Östergötland,PHEV,dealer,50
2025-09-01,05,Östergötland,PHEV,private,118
2025-09-01,06,Jönköping,BEV,company,107
2025-09-01,06,Jönköping,BEV,dealer,101
2025-09-01,06,Jönköping,BEV,private,150
2025-09-01,06,Jönköping,DIESEL,company,74
2025-09-01,06,Jönköping,DIESEL,dealer,4
2025-09-01,06,Jönköping,DIESEL,private,25
2025-09-01,06,Jönköping,HEV,company,15
2025-09-01,06,Jönköping,HEV,dealer,33
2025-09-01,06,Jönköping,HEV,private,39
2025-09-01,06,Jönköping,PETROL,company,110
2025-09-01,06,Jönköping,PETROL,dealer,38
2025-09-01,06,Jönköping,PETROL,private,85
2025-09-01,06,Jönköping,PHEV,company,145
2025-09-01,06,Jönköping,PHEV,dealer,70
2025-09-01,06,Jönköping,PHEV,private,91
2025-09-01,07,Kronoberg,BEV,company,27
2025-09-01,07,Kronoberg,BEV,dealer,11
2025-09-01,07,Kronoberg,BEV,private,76
2025-09-01,07,Kronoberg,DIESEL,company,11
2025-09-01,07,Kronoberg,DIESEL,dealer,1
2025-09-01,07,Kronoberg,DIESEL,private,12
2025-09-01,07,Kronoberg,HEV,company,2
2025-09-01,07,Kronoberg,HEV,dealer,9
2025-09-01,07,Kronoberg,HEV,private,15
2025-09-01,07,Kronoberg,PETROL,company,23
2025-09-01,07,Kronoberg,PETROL,dealer,10
2025-09-01,07,Kronoberg,PETROL,private,59
2025-09-01,07,Kronoberg,PHEV,company,35
2025-09-01,07,Kronoberg,PHEV,dealer,20
2025-09-01,07,Kronoberg,PHEV,private,37
2025-09-01,08,Kalmar,BEV,company,29
2025-09-01,08,Kalmar,BEV,dealer,41
2025-09-01,08,Kalmar,BEV,private,98
2025-09-01,08,Kalmar,DIESEL,company,13
2025-09-01,08,Kalmar,DIESEL,dealer,9
2025-09-01,08,Kalmar,DIESEL,private,12
2025-09-01,08,Kalmar,HEV,company,4
2025-09-01,08,Kalmar,HEV,dealer,14
2025-09-01,08,Kalmar,HEV,private,15
2025-09-01,08,Kalmar,PETROL,company,17
2025-09-01,08,Kalmar,PETROL,dealer,25
2025-09-01,08,Kalmar,PETROL,private,81
2025-09-01,08,Kalmar,PHEV,company,37
2025-09-01,08,Kalmar,PHEV,dealer,41
2025-09-01,08,Kalmar,PHEV,private,45
2025-09-01,09,Gotland,BEV,company,10
2025-09-01,09,Gotland,BEV,dealer,3
2025-09-01,09,Gotland,BEV,private,20
2025-09-01,09,Gotland,DIESEL,company,1
2025-09-01,09,Gotland,DIESEL,dealer,1
2025-09-01,09,Gotland,DIESEL,private,5
2025-09-01,09,Gotland,HEV,company,2
2025-09-01,09,Gotland,HEV,dealer,4
2025-09-01,09,Gotland,HEV,private,4
2025-09-01,09,Gotland,PETROL,company,2
2025-09-01,09,Gotland,PETROL,dealer,1
2025-09-01,09,Gotland,PETROL,private,7
2025-09-01,09,Gotland,PHEV,company,3
2025-09-01,09,Gotland,PHEV,dealer,4
2025-09-01,09,Gotland,PHEV,private,8
2025-09-01,10,Blekinge,BEV,company,31
2025-09-01,10,Blekinge,BEV,dealer,20
2025-09-01,10,Blekinge,BEV,private,35
2025-09-01,10,Blekinge,DIESEL,company,6
2025-09-01,10,Blekinge,DIESEL,dealer,3
2025-09-01,10,Blekinge,DIESEL,private,12
2025-09-01,10,Blekinge,HEV,company,5
2025-09-01,10,Blekinge,HEV,dealer,14
2025-09-01,10,Blekinge,HEV,private,10
2025-09-01,10,Blekinge,PETROL,company,10
2025-09-01,10,Blekinge,PETROL,dealer,17
2025-09-01,10,Blekinge,PETROL,private,38
2025-09-01,10,Blekinge,PHEV,company,13
2025-09-01,10,Blekinge,PHEV,dealer,37
2025-09-01,10,Blekinge,PHEV,private,38
2025-09-01,12,Skåne,BEV,company,339
2025-09-01,12,Skåne,BEV,dealer,180
2025-09-01,12,Skåne,BEV,private,487
2025-09-01,12,Skåne,DIESEL,company,77
2025-09-01,12,Skåne,DIESEL,dealer,44
2025-09-01,12,Skåne,DIESEL,private,89
2025-09-01,12,Skåne,HEV,company,85
2025-09-01,12,Skåne,HEV,dealer,38
2025-09-01,12,Skåne,HEV,private,123
2025-09-01,12,Skåne,OTHER,private,2
2025-09-01,12,Skåne,PETROL,company,210
2025-09-01,12,Skåne,PETROL,dealer,618
2025-09-01,12,Skåne,PETROL,private,385
2025-09-01,12,Skåne,PHEV,company,533
2025-09-01,12,Skåne,PHEV,dealer,202
2025-09-01,12,Skåne,PHEV,private,298
2025-09-01,13,Halland,BEV,company,95
2025-09-01,13,Halland,BEV,dealer,21
2025-09-01,13,Halland,BEV,private,181
2025-09-01,13,Halland,DIESEL,company,14
2025-09-01,13,Halland,DIESEL,dealer,2
2025-09-01,13,Halland,DIESEL,private,27
2025-09-01,13,Halland,HEV,company,10
2025-09-01,13,Halland,HEV,dealer,19
2025-09-01,13,Halland,HEV,private,32
2025-09-01,13,Halland,PETROL,company,21
2025-09-01,13,Halland,PETROL,dealer,31
2025-09-01,13,Halland,PETROL,private,106
2025-09-01,13,Halland,PHEV,company,75
2025-09-01,13,Halland,PHEV,dealer,29
2025-09-01,13,Halland,PHEV,private,98
2025-09-01,14,Västra Götaland,BEV,company,566
2025-09-01,14,Västra Götaland,BEV,dealer,400
2025-09-01,14,Västra Götaland,BEV,private,769
2025-09-01,14,Västra Götaland,DIESEL,company,72
2025-09-01,14,Västra Götaland,DIESEL,dealer,39
2025-09-01,14,Västra Götaland,DIESEL,private,101
2025-09-01,14,Västra Götaland,HEV,company,67
2025-09-01,14,Västra Götaland,HEV,dealer,113
2025-09-01,14,Västra Götaland,HEV,private,164
2025-09-01,14,Västra Götaland,PETROL,company,106
2025-09-01,14,Västra Götaland,PETROL,dealer,190
2025-09-01,14,Västra Götaland,PETROL,private,485
2025-09-01,14,Västra Götaland,PHEV,company,322
2025-09-01,14,Västra Götaland,PHEV,dealer,320
2025-09-01,14,Västra Götaland,PHEV,private,391
2025-09-01,17,Värmland,BEV,company,38
2025-09-01,17,Värmland,BEV,dealer,19
2025-09-01,17,Värmland,BEV,private,67
2025-09-01,17,Värmland,DIESEL,company,45
2025-09-01,17,Värmland,DIESEL,dealer,9
2025-09-01,17,Värmland,DIESEL,private,23
2025-09-01,17,Värmland,HEV,company,7
2025-09-01,17,Värmland,HEV,dealer,21
2025-09-01,17,Värmland,HEV,private,20
2025-09-01,17,Värmland,PETROL,company,83
2025-09-01,17,Värmland,PETROL,dealer,50
2025-09-01,17,Värmland,PETROL,private,69
2025-09-01,17,Värmland,PHEV,company,83
2025-09-01,17,Värmland,PHEV,dealer,22
2025-09-01,17,Värmland,PHEV,private,84
2025-09-01,18,Örebro,BEV,company,43
2025-09-01,18,Örebro,BEV,dealer,40
2025-09-01,18,Örebro,BEV,private,100
2025-09-01,18,Örebro,DIESEL,company,14
2025-09-01,18,Örebro,DIESEL,dealer,3
2025-09-01,18,Örebro,DIESEL,private,18
2025-09-01,18,Örebro,ETHANOL,private,1
2025-09-01,18,Örebro,HEV,company,7
2025-09-01,18,Örebro,HEV,dealer,17
2025-09-01,18,Örebro,HEV,private,28
2025-09-01,18,Örebro,PETROL,company,26
2025-09-01,18,Örebro,PETROL,dealer,16
2025-09-01,18,Örebro,PETROL,private,73
2025-09-01,18,Örebro,PHEV,company,71
2025-09-01,18,Örebro,PHEV,dealer,26
2025-09-01,18,Örebro,PHEV,private,90
2025-09-01,19,Västmanland,BEV,company,62
2025-09-01,19,Västmanland,BEV,dealer,20
2025-09-01,19,Västmanland,BEV,private,68
2025-09-01,19,Västmanland,DIESEL,company,14
2025-09-01,19,Västmanland,DIESEL,dealer,3
2025-09-01,19,Västmanland,DIESEL,private,16
2025-09-01,19,Västmanland,HEV,company,12
2025-09-01,19,Västmanland,HEV,dealer,1
2025-09-01,19,Västmanland,HEV,private,17
2025-09-01,19,Västmanland,PETROL,company,10
2025-09-01,19,Västmanland,PETROL,dealer,18
2025-09-01,19,Västmanland,PETROL,private,75
2025-09-01,19,Västmanland,PHEV,company,50
2025-09-01,19,Västmanland,PHEV,dealer,23
2025-09-01,19,Västmanland,PHEV,private,76
2025-09-01,20,Dalarna,BEV,company,46
2025-09-01,20,Dalarna,BEV,dealer,21
2025-09-01,20,Dalarna,BEV,private,60
2025-09-01,20,Dalarna,DIESEL,company,57
2025-09-01,20,Dalarna,DIESEL,dealer,5
2025-09-01,20,Dalarna,DIESEL,private,19
2025-09-01,20,Dalarna,HEV,company,5
2025-09-01,20,Dalarna,HEV,dealer,7
2025-09-01,20,Dalarna,HEV,private,12
2025-09-01,20,Dalarna,PETROL,company,8
2025-09-01,20,Dalarna,PETROL,dealer,40
2025-09-01,20,Dalarna,PETROL,private,44
2025-09-01,20,Dalarna,PHEV,company,56
2025-09-01,20,Dalarna,PHEV,dealer,36
2025-09-01,20,Dalarna,PHEV,private,52
2025-09-01,21,Gävleborg,BEV,company,36
2025-09-01,21,Gävleborg,BEV,dealer,21
2025-09-01,21,Gävleborg,BEV,private,45
2025-09-01,21,Gävleborg,DIESEL,company,28
2025-09-01,21,Gävleborg,DIESEL,dealer,11
2025-09-01,21,Gävleborg,DIESEL,private,18
2025-09-01,21,Gävleborg,HEV,company,13
2025-09-01,21,Gävleborg,HEV,dealer,21
2025-09-01,21,Gävleborg,HEV,private,32
2025-09-01,21,Gävleborg,PETROL,company,12
2025-09-01,21,Gävleborg,PETROL,dealer,17
2025-09-01,21,Gävleborg,PETROL,private,56
2025-09-01,21,Gävleborg,PHEV,company,71
2025-09-01,21,Gävleborg,PHEV,dealer,31
2025-09-01,21,Gävleborg,PHEV,private,59
2025-09-01,22,Västernorrland,BEV,company,39
2025-09-01,22,Västernorrland,BEV,dealer,70
2025-09-01,22,Västernorrland,BEV,private,55
2025-09-01,22,Västernorrland,DIESEL,company,14
2025-09-01,22,Västernorrland,DIESEL,private,6
2025-09-01,22,Västernorrland,HEV,company,4
2025-09-01,22,Västernorrland,HEV,dealer,5
2025-09-01,22,Västernorrland,HEV,private,19
2025-09-01,22,Västernorrland,PETROL,company,9
2025-09-01,22,Västernorrland,PETROL,dealer,8
2025-09-01,22,Västernorrland,PETROL,private,36
2025-09-01,22,Västernorrland,PHEV,company,30
2025-09-01,22,Västernorrland,PHEV,dealer,29
2025-09-01,22,Västernorrland,PHEV,private,46
2025-09-01,23,Jämtland,BEV,company,12
2025-09-01,23,Jämtland,BEV,dealer,3
2025-09-01,23,Jämtland,BEV,private,17
2025-09-01,23,Jämtland,DIESEL,company,8
2025-09-01,23,Jämtland,DIESEL,private,5
2025-09-01,23,Jämtland,HEV,company,3
2025-09-01,23,Jämtland,HEV,dealer,4
2025-09-01,23,Jämtland,HEV,private,2
2025-09-01,23,Jämtland,PETROL,company,16
2025-09-01,23,Jämtland,PETROL,dealer,3
2025-09-01,23,Jämtland,PETROL,private,21
2025-09-01,23,Jämtland,PHEV,company,20
2025-09-01,23,Jämtland,PHEV,dealer,3
2025-09-01,23,Jämtland,PHEV,private,14
2025-09-01,24,Västerbotten,BEV,company,26
2025-09-01,24,Västerbotten,BEV,dealer,30
2025-09-01,24,Västerbotten,BEV,private,79
2025-09-01,24,Västerbotten,DIESEL,company,15
2025-09-01,24,Västerbotten,DIESEL,dealer,13
2025-09-01,24,Västerbotten,DIESEL,private,13
2025-09-01,24,Västerbotten,HEV,company,16
2025-09-01,24,Västerbotten,HEV,dealer,16
2025-09-01,24,Västerbotten,HEV,private,12
2025-09-01,24,Västerbotten,PETROL,company,13
2025-09-01,24,Västerbotten,PETROL,dealer,28
2025-09-01,24,Västerbotten,PETROL,private,44
2025-09-01,24,Västerbotten,PHEV,company,46
2025-09-01,24,Västerbotten,PHEV,dealer,19
2025-09-01,24,Västerbotten,PHEV,private,51
2025-09-01,25,Norrbotten,BEV,company,35
2025-09-01,25,Norrbotten,BEV,dealer,9
2025-09-01,25,Norrbotten,BEV,private,43
2025-09-01,25,Norrbotten,DIESEL,company,38
2025-09-01,25,Norrbotten,DIESEL,dealer,1
2025-09-01,25,Norrbotten,DIESEL,private,21
2025-09-01,25,Norrbotten,HEV,company,37
2025-09-01,25,Norrbotten,HEV,dealer,15
2025-09-01,25,Norrbotten,HEV,private,10
2025-09-01,25,Norrbotten,OTHER,private,1
2025-09-01,25,Norrbotten,PETROL,company,46
2025-09-01,25,Norrbotten,PETROL,dealer,5
2025-09-01,25,Norrbotten,PETROL,private,21
2025-09-01,25,Norrbotten,PHEV,company,34
2025-09-01,25,Norrbotten,PHEV,dealer,24
2025-09-01,25,Norrbotten,PHEV,private,38
2025-10-01,01,Stockholm,BEV,company,2464
2025-10-01,01,Stockholm,BEV,dealer,700
2025-10-01,01,Stockholm,BEV,private,776
2025-10-01,01,Stockholm,DIESEL,company,393
2025-10-01,01,Stockholm,DIESEL,dealer,48
2025-10-01,01,Stockholm,DIESEL,private,110
2025-10-01,01,Stockholm,ETHANOL,company,2
2025-10-01,01,Stockholm,ETHANOL,dealer,2
2025-10-01,01,Stockholm,ETHANOL,private,2
2025-10-01,01,Stockholm,HEV,company,272
2025-10-01,01,Stockholm,HEV,dealer,66
2025-10-01,01,Stockholm,HEV,private,259
2025-10-01,01,Stockholm,PETROL,company,561
2025-10-01,01,Stockholm,PETROL,dealer,140
2025-10-01,01,Stockholm,PETROL,private,626
2025-10-01,01,Stockholm,PHEV,company,1970
2025-10-01,01,Stockholm,PHEV,dealer,393
2025-10-01,01,Stockholm,PHEV,private,504
2025-10-01,03,Uppsala,BEV,company,80
2025-10-01,03,Uppsala,BEV,dealer,24
2025-10-01,03,Uppsala,BEV,private,113
2025-10-01,03,Uppsala,DIESEL,company,18
2025-10-01,03,Uppsala,DIESEL,dealer,6
2025-10-01,03,Uppsala,DIESEL,private,18
2025-10-01,03,Uppsala,ETHANOL,private,2
2025-10-01,03,Uppsala,HEV,company,21
2025-10-01,03,Uppsala,HEV,dealer,12
2025-10-01,03,Uppsala,HEV,private,59
2025-10-01,03,Uppsala,PETROL,company,25
2025-10-01,03,Uppsala,PETROL,dealer,24
2025-10-01,03,Uppsala,PETROL,private,84
2025-10-01,03,Uppsala,PHEV,company,79
2025-10-01,03,Uppsala,PHEV,dealer,24
2025-10-01,03,Uppsala,PHEV,private,71
2025-10-01,04,Södermanland,BEV,company,58
2025-10-01,04,Södermanland,BEV,dealer,22
2025-10-01,04,Södermanland,BEV,private,90
2025-10-01,04,Södermanland,DIESEL,company,20
2025-10-01,04,Södermanland,DIESEL,dealer,5
2025-10-01,04,Södermanland,DIESEL,private,19
2025-10-01,04,Södermanland,HEV,company,12
2025-10-01,04,Södermanland,HEV,dealer,8
2025-10-01,04,Södermanland,HEV,private,31
2025-10-01,04,Södermanland,PETROL,company,21
2025-10-01,04,Södermanland,PETROL,dealer,20
2025-10-01,04,Södermanland,PETROL,private,87
2025-10-01,04,Södermanland,PHEV,company,34
2025-10-01,04,Södermanland,PHEV,dealer,14
2025-10-01,04,Södermanland,PHEV,private,74
2025-10-01,05,Östergötland,BEV,company,72
2025-10-01,05,Östergötland,BEV,dealer,32
2025-10-01,05,Östergötland,BEV,private,130
2025-10-01,05,Östergötland,DIESEL,company,29
2025-10-01,05,Östergötland,DIESEL,dealer,12
2025-10-01,05,Östergötland,DIESEL,private,27
2025-10-01,05,Östergötland,ETHANOL,dealer,2
2025-10-01,05,Östergötland,ETHANOL,private,1
2025-10-01,05,Östergötland,HEV,company,18
2025-10-01,05,Östergötland,HEV,dealer,52
2025-10-01,05,Östergötland,HEV,private,65
2025-10-01,05,Östergötland,PETROL,company,26
2025-10-01,05,Östergötland,PETROL,dealer,46
2025-10-01,05,Östergötland,PETROL,private,107
2025-10-01,05,Östergötland,PHEV,company,87
2025-10-01,05,Östergötland,PHEV,dealer,22
2025-10-01,05,Östergötland,PHEV,private,90
2025-10-01,06,Jönköping,BEV,company,101
2025-10-01,06,Jönköping,BEV,dealer,78
2025-10-01,06,Jönköping,BEV,private,117
2025-10-01,06,Jönköping,DIESEL,company,42
2025-10-01,06,Jönköping,DIESEL,dealer,10
2025-10-01,06,Jönköping,DIESEL,private,25
2025-10-01,06,Jönköping,HEV,company,21
2025-10-01,06,Jönköping,HEV,dealer,22
2025-10-01,06,Jönköping,HEV,private,39
2025-10-01,06,Jönköping,PETROL,company,111
2025-10-01,06,Jönköping,PETROL,dealer,55
2025-10-01,06,Jönköping,PETROL,private,109
2025-10-01,06,Jönköping,PHEV,company,137
2025-10-01,06,Jönköping,PHEV,dealer,45
2025-10-01,06,Jönköping,PHEV,private,72
2025-10-01,07,Kronoberg,BEV,company,39
2025-10-01,07,Kronoberg,BEV,dealer,20
2025-10-01,07,Kronoberg,BEV,private,61
2025-10-01,07,Kronoberg,DIESEL,company,18
2025-10-01,07,Kronoberg,DIESEL,private,18
2025-10-01,07,Kronoberg,ETHANOL,dealer,1
2025-10-01,07,Kronoberg,HEV,company,8
2025-10-01,07,Kronoberg,HEV,dealer,9
2025-10-01,07,Kronoberg,HEV,private,23
2025-10-01,07,Kronoberg,PETROL,company,16
2025-10-01,07,Kronoberg,PETROL,dealer,19
2025-10-01,07,Kronoberg,PETROL,private,64
2025-10-01,07,Kronoberg,PHEV,company,35
2025-10-01,07,Kronoberg,PHEV,dealer,10
2025-10-01,07,Kronoberg,PHEV,private,44
2025-10-01,08,Kalmar,BEV,company,42
2025-10-01,08,Kalmar,BEV,dealer,30
2025-10-01,08,Kalmar,BEV,private,75
2025-10-01,08,Kalmar,DIESEL,company,18
2025-10-01,08,Kalmar,DIESEL,dealer,4
2025-10-01,08,Kalmar,DIESEL,private,24
2025-10-01,08,Kalmar,HEV,company,5
2025-10-01,08,Kalmar,HEV,dealer,5
2025-10-01,08,Kalmar,HEV,private,21
2025-10-01,08,Kalmar,PETROL,company,12
2025-10-01,08,Kalmar,PETROL,dealer,10
2025-10-01,08,Kalmar,PETROL,private,85
2025-10-01,08,Kalmar,PHEV,company,51
2025-10-01,08,Kalmar,PHEV,dealer,21
2025-10-01,08,Kalmar,PHEV,private,42
2025-10-01,09,Gotland,BEV,company,7
2025-10-01,09,Gotland,BEV,dealer,5
2025-10-01,09,Gotland,BEV,private,10
2025-10-01,09,Gotland,DIESEL,private,5
2025-10-01,09,Gotland,HEV,company,2
2025-10-01,09,Gotland,HEV,private,4
2025-10-01,09,Gotland,PETROL,company,1
2025-10-01,09,Gotland,PETROL,dealer,1
2025-10-01,09,Gotland,PETROL,private,9
2025-10-01,09,Gotland,PHEV,company,4
2025-10-01,09,Gotland,PHEV,dealer,4
2025-10-01,09,Gotland,PHEV,private,3
2025-10-01,10,Blekinge,BEV,company,8
2025-10-01,10,Blekinge,BEV,dealer,18
2025-10-01,10,Blekinge,BEV,private,45
2025-10-01,10,Blekinge,DIESEL,company,18
2025-10-01,10,Blekinge,DIESEL,private,12
2025-10-01,10,Blekinge,HEV,company,1
2025-10-01,10,Blekinge,HEV,dealer,8
2025-10-01,10,Blekinge,HEV,private,15
2025-10-01,10,Blekinge,PETROL,company,6
2025-10-01,10,Blekinge,PETROL,dealer,11
2025-10-01,10,Blekinge,PETROL,private,49
2025-10-01,10,Blekinge,PHEV,company,25
2025-10-01,10,Blekinge,PHEV,dealer,15
2025-10-01,10,Blekinge,PHEV,private,25
2025-10-01,12,Skåne,BEV,company,324
2025-10-01,12,Skåne,BEV,dealer,166
2025-10-01,12,Skåne,BEV,private,415
2025-10-01,12,Skåne,DIESEL,company,116
2025-10-01,12,Skåne,DIESEL,dealer,45
2025-10-01,12,Skåne,DIESEL,private,110
2025-10-01,12,Skåne,ETHANOL,dealer,1
2025-10-01,12,Skåne,ETHANOL,private,2
2025-10-01,12,Skåne,HEV,company,73
2025-10-01,12,Skåne,HEV,dealer,25
2025-10-01,12,Skåne,HEV,private,146
2025-10-01,12,Skåne,OTHER,private,1
2025-10-01,12,Skåne,PETROL,company,193
2025-10-01,12,Skåne,PETROL,dealer,480
2025-10-01,12,Skåne,PETROL,private,404
2025-10-01,12,Skåne,PHEV,company,485
2025-10-01,12,Skåne,PHEV,dealer,170
2025-10-01,12,Skåne,PHEV,private,262
2025-10-01,13,Halland,BEV,company,71
2025-10-01,13,Halland,BEV,dealer,23
2025-10-01,13,Halland,BEV,private,153
2025-10-01,13,Halland,DIESEL,company,11
2025-10-01,13,Halland,DIESEL,dealer,4
2025-10-01,13,Halland,DIESEL,private,33
2025-10-01,13,Halland,HEV,company,11
2025-10-01,13,Halland,HEV,dealer,9
2025-10-01,13,Halland,HEV,private,45
2025-10-01,13,Halland,PETROL,company,26
2025-10-01,13,Halland,PETROL,dealer,15
2025-10-01,13,Halland,PETROL,private,107
2025-10-01,13,Halland,PHEV,company,74
2025-10-01,13,Halland,PHEV,dealer,22
2025-10-01,13,Halland,PHEV,private,84
2025-10-01,14,Västra Götaland,BEV,company,444
2025-10-01,14,Västra Götaland,BEV,dealer,217
2025-10-01,14,Västra Götaland,BEV,private,660
2025-10-01,14,Västra Götaland,DIESEL,company,131
2025-10-01,14,Västra Götaland,DIESEL,dealer,22
2025-10-01,14,Västra Götaland,DIESEL,private,110
2025-10-01,14,Västra Götaland,ETHANOL,company,1
2025-10-01,14,Västra Götaland,ETHANOL,dealer,1
2025-10-01,14,Västra Götaland,ETHANOL,private,1
2025-10-01,14,Västra Götaland,GAS,private,1
2025-10-01,14,Västra Götaland,HEV,company,74
2025-10-01,14,Västra Götaland,HEV,dealer,154
2025-10-01,14,Västra Götaland,HEV,private,203
2025-10-01,14,Västra Götaland,PETROL,company,77
2025-10-01,14,Västra Götaland,PETROL,dealer,171
2025-10-01,14,Västra Götaland,PETROL,private,526
2025-10-01,14,Västra Götaland,PHEV,company,339
2025-10-01,14,Västra Götaland,PHEV,dealer,279
2025-10-01,14,Västra Götaland,PHEV,private,390
2025-10-01,17,Värmland,BEV,company,30
2025-10-01,17,Värmland,BEV,dealer,16
2025-10-01,17,Värmland,BEV,private,54
2025-10-01,17,Värmland,DIESEL,company,79
2025-10-01,17,Värmland,DIESEL,dealer,12
2025-10-01,17,Värmland,DIESEL,private,25
2025-10-01,17,Värmland,ETHANOL,company,2
2025-10-01,17,Värmland,ETHANOL,private,1
2025-10-01,17,Värmland,HEV,company,7
2025-10-01,17,Värmland,HEV,dealer,16
2025-10-01,17,Värmland,HEV,private,29
2025-10-01,17,Värmland,OTHER,private,1
2025-10-01,17,Värmland,PETROL,company,66
2025-10-01,17,Värmland,PETROL,dealer,52
2025-10-01,17,Värmland,PETROL,private,58
2025-10-01,17,Värmland,PHEV,company,87
2025-10-01,17,Värmland,PHEV,dealer,30
2025-10-01,17,Värmland,PHEV,private,64
2025-10-01,18,Örebro,BEV,company,49
2025-10-01,18,Örebro,BEV,dealer,19
2025-10-01,18,Örebro,BEV,private,77
2025-10-01,18,Örebro,DIESEL,company,13
2025-10-01,18,Örebro,DIESEL,dealer,1
2025-10-01,18,Örebro,DIESEL,private,31
2025-10-01,18,Örebro,HEV,company,11
2025-10-01,18,Örebro,HEV,dealer,22
2025-10-01,18,Örebro,HEV,private,39
2025-10-01,18,Örebro,PETROL,company,21
2025-10-01,18,Örebro,PETROL,dealer,5
2025-10-01,18,Örebro,PETROL,private,84
2025-10-01,18,Örebro,PHEV,company,64
2025-10-01,18,Örebro,PHEV,dealer,39
2025-10-01,18,Örebro,PHEV,private,66
2025-10-01,19,Västmanland,BEV,company,96
2025-10-01,19,Västmanland,BEV,dealer,15
2025-10-01,19,Västmanland,BEV,private,89
2025-10-01,19,Västmanland,DIESEL,company,13
2025-10-01,19,Västmanland,DIESEL,dealer,4
2025-10-01,19,Västmanland,DIESEL,private,16
2025-10-01,19,Västmanland,ETHANOL,private,1
2025-10-01,19,Västmanland,HEV,company,8
2025-10-01,19,Västmanland,HEV,dealer,12
2025-10-01,19,Västmanland,HEV,private,8
2025-10-01,19,Västmanland,PETROL,company,21
2025-10-01,19,Västmanland,PETROL,dealer,24
2025-10-01,19,Västmanland,PETROL,private,105
2025-10-01,19,Västmanland,PHEV,company,31
2025-10-01,19,Västmanland,PHEV,dealer,15
2025-10-01,19,Västmanland,PHEV,private,57
2025-10-01,20,Dalarna,BEV,company,41
2025-10-01,20,Dalarna,BEV,dealer,36
2025-10-01,20,Dalarna,BEV,private,58
2025-10-01,20,Dalarna,DIESEL,company,19
2025-10-01,20,Dalarna,DIESEL,dealer,4
2025-10-01,20,Dalarna,DIESEL,private,20
2025-10-01,20,Dalarna,ETHANOL,private,1
2025-10-01,20,Dalarna,HEV,company,7
2025-10-01,20,Dalarna,HEV,dealer,6
2025-10-01,20,Dalarna,HEV,private,21
2025-10-01,20,Dalarna,OTHER,company,1
2025-10-01,20,Dalarna,PETROL,company,11
2025-10-01,20,Dalarna,PETROL,dealer,24
2025-10-01,20,Dalarna,PETROL,private,48
2025-10-01,20,Dalarna,PHEV,company,50
2025-10-01,20,Dalarna,PHEV,dealer,30
2025-10-01,20,Dalarna,PHEV,private,52
2025-10-01,21,Gävleborg,BEV,company,37
2025-10-01,21,Gävleborg,BEV,dealer,24
2025-10-01,21,Gävleborg,BEV,private,60
2025-10-01,21,Gävleborg,DIESEL,company,13
2025-10-01,21,Gävleborg,DIESEL,dealer,6
2025-10-01,21,Gävleborg,DIESEL,private,18
2025-10-01,21,Gävleborg,ETHANOL,dealer,2
2025-10-01,21,Gävleborg,ETHANOL,private,1
2025-10-01,21,Gävleborg,HEV,company,13
2025-10-01,21,Gävleborg,HEV,dealer,8
2025-10-01,21,Gävleborg,HEV,private,39
2025-10-01,21,Gävleborg,PETROL,company,8
2025-10-01,21,Gävleborg,PETROL,dealer,18
2025-10-01,21,Gävleborg,PETROL,private,46
2025-10-01,21,Gävleborg,PHEV,company,49
2025-10-01,21,Gävleborg,PHEV,dealer,40
2025-10-01,21,Gävleborg,PHEV,private,60
2025-10-01,22,Västernorrland,BEV,company,58
2025-10-01,22,Västernorrland,BEV,dealer,14
2025-10-01,22,Västernorrland,BEV,private,87
2025-10-01,22,Västernorrland,DIESEL,company,21
2025-10-01,22,Västernorrland,DIESEL,dealer,9
2025-10-01,22,Västernorrland,DIESEL,private,17
2025-10-01,22,Västernorrland,ETHANOL,company,2
2025-10-01,22,Västernorrland,ETHANOL,private,3
2025-10-01,22,Västernorrland,HEV,company,4
2025-10-01,22,Västernorrland,HEV,dealer,4
2025-10-01,22,Västernorrland,HEV,private,23
2025-10-01,22,Västernorrland,PETROL,company,21
2025-10-01,22,Västernorrland,PETROL,dealer,8
2025-10-01,22,Västernorrland,PETROL,private,43
2025-10-01,22,Västernorrland,PHEV,company,40
2025-10-01,22,Västernorrland,PHEV,dealer,42
2025-10-01,22,Västernorrland,PHEV,private,61
2025-10-01,23,Jämtland,BEV,company,18
2025-10-01,23,Jämtland,BEV,dealer,3
2025-10-01,23,Jämtland,BEV,private,27
2025-10-01,23,Jämtland,DIESEL,company,8
2025-10-01,23,Jämtland,DIESEL,private,13
2025-10-01,23,Jämtland,HEV,private,7
2025-10-01,23,Jämtland,PETROL,company,2
2025-10-01,23,Jämtland,PETROL,private,7
2025-10-01,23,Jämtland,PHEV,company,19
2025-10-01,23,Jämtland,PHEV,dealer,20
2025-10-01,23,Jämtland,PHEV,private,12
2025-10-01,24,Västerbotten,BEV,company,32
2025-10-01,24,Västerbotten,BEV,dealer,22
2025-10-01,24,Västerbotten,BEV,private,49
2025-10-01,24,Västerbotten,DIESEL,company,17
2025-10-01,24,Västerbotten,DIESEL,dealer,9
2025-10-01,24,Västerbotten,DIESEL,private,11
2025-10-01,24,Västerbotten,ETHANOL,private,1
2025-10-01,24,Västerbotten,HEV,company,16
2025-10-01,24,Västerbotten,HEV,dealer,25
2025-10-01,24,Västerbotten,HEV,private,22
2025-10-01,24,Västerbotten,PETROL,company,7
2025-10-01,24,Västerbotten,PETROL,dealer,27
2025-10-01,24,Västerbotten,PETROL,private,32
2025-10-01,24,Västerbotten,PHEV,company,40
2025-10-01,24,Västerbotten,PHEV,dealer,30
2025-10-01,24,Västerbotten,PHEV,private,39
2025-10-01,25,Norrbotten,BEV,company,24
2025-10-01,25,Norrbotten,BEV,dealer,7
2025-10-01,25,Norrbotten,BEV,private,40
2025-10-01,25,Norrbotten,DIESEL,company,20
2025-10-01,25,Norrbotten,DIESEL,dealer,2
2025-10-01,25,Norrbotten,DIESEL,private,28
2025-10-01,25,Norrbotten,ETHANOL,private,1
2025-10-01,25,Norrbotten,HEV,company,18
2025-10-01,25,Norrbotten,HEV,dealer,3
2025-10-01,25,Norrbotten,HEV,private,18
2025-10-01,25,Norrbotten,PETROL,company,41
2025-10-01,25,Norrbotten,PETROL,dealer,6
2025-10-01,25,Norrbotten,PETROL,private,16
2025-10-01,25,Norrbotten,PHEV,company,66
2025-10-01,25,Norrbotten,PHEV,dealer,11
2025-10-01,25,Norrbotten,PHEV,private,52
2025-11-01,01,Stockholm,BEV,company,2499
2025-11-01,01,Stockholm,BEV,dealer,634
2025-11-01,01,Stockholm,BEV,private,761
2025-11-01,01,Stockholm,DIESEL,company,309
2025-11-01,01,Stockholm,DIESEL,dealer,43
2025-11-01,01,Stockholm,DIESEL,private,97
2025-11-01,01,Stockholm,ETHANOL,company,5
2025-11-01,01,Stockholm,ETHANOL,dealer,3
2025-11-01,01,Stockholm,ETHANOL,private,10
2025-11-01,01,Stockholm,HEV,company,189
2025-11-01,01,Stockholm,HEV,dealer,63
2025-11-01,01,Stockholm,HEV,private,207
2025-11-01,01,Stockholm,PETROL,company,355
2025-11-01,01,Stockholm,PETROL,dealer,88
2025-11-01,01,Stockholm,PETROL,private,544
2025-11-01,01,Stockholm,PHEV,company,1380
2025-11-01,01,Stockholm,PHEV,dealer,265
2025-11-01,01,Stockholm,PHEV,private,395
2025-11-01,03,Uppsala,BEV,company,74
2025-11-01,03,Uppsala,BEV,dealer,39
2025-11-01,03,Uppsala,BEV,private,126
2025-11-01,03,Uppsala,DIESEL,company,30
2025-11-01,03,Uppsala,DIESEL,dealer,2
2025-11-01,03,Uppsala,DIESEL,private,16
2025-11-01,03,Uppsala,ETHANOL,private,2
2025-11-01,03,Uppsala,HEV,company,28
2025-11-01,03,Uppsala,HEV,dealer,43
2025-11-01,03,Uppsala,HEV,private,56
2025-11-01,03,Uppsala,PETROL,company,20
2025-11-01,03,Uppsala,PETROL,dealer,17
2025-11-01,03,Uppsala,PETROL,private,63
2025-11-01,03,Uppsala,PHEV,company,47
2025-11-01,03,Uppsala,PHEV,dealer,17
2025-11-01,03,Uppsala,PHEV,private,54
2025-11-01,04,Södermanland,BEV,company,41
2025-11-01,04,Södermanland,BEV,dealer,26
2025-11-01,04,Södermanland,BEV,private,100
2025-11-01,04,Södermanland,DIESEL,company,18
2025-11-01,04,Södermanland,DIESEL,dealer,4
2025-11-01,04,Södermanland,DIESEL,private,15
2025-11-01,04,Södermanland,ETHANOL,dealer,1
2025-11-01,04,Södermanland,ETHANOL,private,1
2025-11-01,04,Södermanland,HEV,company,1
2025-11-01,04,Södermanland,HEV,dealer,10
2025-11-01,04,Södermanland,HEV,private,21
2025-11-01,04,Södermanland,OTHER,private,1
2025-11-01,04,Södermanland,PETROL,company,19
2025-11-01,04,Södermanland,PETROL,dealer,14
2025-11-01,04,Södermanland,PETROL,private,79
2025-11-01,04,Södermanland,PHEV,company,29
2025-11-01,04,Södermanland,PHEV,dealer,15
2025-11-01,04,Södermanland,PHEV,private,53
2025-11-01,05,Östergötland,BEV,company,82
2025-11-01,05,Östergötland,BEV,dealer,17
2025-11-01,05,Östergötland,BEV,private,124
2025-11-01,05,Östergötland,DIESEL,company,27
2025-11-01,05,Östergötland,DIESEL,dealer,13
2025-11-01,05,Östergötland,DIESEL,private,21
2025-11-01,05,Östergötland,ETHANOL,dealer,1
2025-11-01,05,Östergötland,ETHANOL,private,1
2025-11-01,05,Östergötland,HEV,company,12
2025-11-01,05,Östergötland,HEV,dealer,50
2025-11-01,05,Östergötland,HEV,private,49
2025-11-01,05,Östergötland,PETROL,company,23
2025-11-01,05,Östergötland,PETROL,dealer,21
2025-11-01,05,Östergötland,PETROL,private,101
2025-11-01,05,Östergötland,PHEV,company,61
2025-11-01,05,Östergötland,PHEV,dealer,36
2025-11-01,05,Östergötland,PHEV,private,74
2025-11-01,06,Jönköping,BEV,company,54
2025-11-01,06,Jönköping,BEV,dealer,52
2025-11-01,06,Jönköping,BEV,private,136
2025-11-01,06,Jönköping,DIESEL,company,34
2025-11-01,06,Jönköping,DIESEL,dealer,4
2025-11-01,06,Jönköping,DIESEL,private,23
2025-11-01,06,Jönköping,HEV,company,33
2025-11-01,06,Jönköping,HEV,dealer,20
2025-11-01,06,Jönköping,HEV,private,47
2025-11-01,06,Jönköping,PETROL,company,135
2025-11-01,06,Jönköping,PETROL,dealer,35
2025-11-01,06,Jönköping,PETROL,private,93
2025-11-01,06,Jönköping,PHEV,company,121
2025-11-01,06,Jönköping,PHEV,dealer,37
2025-11-01,06,Jönköping,PHEV,private,75
2025-11-01,07,Kronoberg,BEV,company,27
2025-11-01,07,Kronoberg,BEV,dealer,22
2025-11-01,07,Kronoberg,BEV,private,43
2025-11-01,07,Kronoberg,DIESEL,company,14
2025-11-01,07,Kronoberg,DIESEL,private,14
2025-11-01,07,Kronoberg,ETHANOL,private,1
2025-11-01,07,Kronoberg,HEV,company,16
2025-11-01,07,Kronoberg,HEV,dealer,10
2025-11-01,07,Kronoberg,HEV,private,18
2025-11-01,07,Kronoberg,PETROL,company,6
2025-11-01,07,Kronoberg,PETROL,dealer,21
2025-11-01,07,Kronoberg,PETROL,private,63
2025-11-01,07,Kronoberg,PHEV,company,24
2025-11-01,07,Kronoberg,PHEV,dealer,19
2025-11-01,07,Kronoberg,PHEV,private,34
2025-11-01,08,Kalmar,BEV,company,16
2025-11-01,08,Kalmar,BEV,dealer,25
2025-11-01,08,Kalmar,BEV,private,73
2025-11-01,08,Kalmar,DIESEL,company,13
2025-11-01,08,Kalmar,DIESEL,dealer,2
2025-11-01,08,Kalmar,DIESEL,private,19
2025-11-01,08,Kalmar,GAS,private,1
2025-11-01,08,Kalmar,HEV,company,8
2025-11-01,08,Kalmar,HEV,dealer,14
2025-11-01,08,Kalmar,HEV,private,16
2025-11-01,08,Kalmar,PETROL,company,24
2025-11-01,08,Kalmar,PETROL,dealer,24
2025-11-01,08,Kalmar,PETROL,private,72
2025-11-01,08,Kalmar,PHEV,company,26
2025-11-01,08,Kalmar,PHEV,dealer,27
2025-11-01,08,Kalmar,PHEV,private,39
2025-11-01,09,Gotland,BEV,company,9
2025-11-01,09,Gotland,BEV,private,6
2025-11-01,09,Gotland,DIESEL,company,10
2025-11-01,09,Gotland,DIESEL,private,4
2025-11-01,09,Gotland,ETHANOL,dealer,1
2025-11-01,09,Gotland,HEV,company,1
2025-11-01,09,Gotland,HEV,dealer,4
2025-11-01,09,Gotland,HEV,private,5
2025-11-01,09,Gotland,PETROL,dealer,1
2025-11-01,09,Gotland,PETROL,private,9
2025-11-01,09,Gotland,PHEV,company,1
2025-11-01,09,Gotland,PHEV,dealer,2
2025-11-01,09,Gotland,PHEV,private,4
2025-11-01,10,Blekinge,BEV,company,15
2025-11-01,10,Blekinge,BEV,dealer,11
2025-11-01,10,Blekinge,BEV,private,51
2025-11-01,10,Blekinge,DIESEL,company,23
2025-11-01,10,Blekinge,DIESEL,private,12
2025-11-01,10,Blekinge,ETHANOL,private,1
2025-11-01,10,Blekinge,HEV,dealer,7
2025-11-01,10,Blekinge,HEV,private,18
2025-11-01,10,Blekinge,PETROL,company,5
2025-11-01,10,Blekinge,PETROL,dealer,13
2025-11-01,10,Blekinge,PETROL,private,33
2025-11-01,10,Blekinge,PHEV,company,12
2025-11-01,10,Blekinge,PHEV,dealer,9
2025-11-01,10,Blekinge,PHEV,private,29
2025-11-01,12,Skåne,BEV,company,334
2025-11-01,12,Skåne,BEV,dealer,134
2025-11-01,12,Skåne,BEV,private,427
2025-11-01,12,Skåne,DIESEL,company,85
2025-11-01,12,Skåne,DIESEL,dealer,46
2025-11-01,12,Skåne,DIESEL,private,85
2025-11-01,12,Skåne,ETHANOL,company,1
2025-11-01,12,Skåne,ETHANOL,dealer,4
2025-11-01,12,Skåne,ETHANOL,private,3
2025-11-01,12,Skåne,HEV,company,40
2025-11-01,12,Skåne,HEV,dealer,34
2025-11-01,12,Skåne,HEV,private,119
2025-11-01,12,Skåne,PETROL,company,159
2025-11-01,12,Skåne,PETROL,dealer,357
2025-11-01,12,Skåne,PETROL,private,398
2025-11-01,12,Skåne,PHEV,company,402
2025-11-01,12,Skåne,PHEV,dealer,177
2025-11-01,12,Skåne,PHEV,private,197
2025-11-01,13,Halland,BEV,company,57
2025-11-01,13,Halland,BEV,dealer,31
2025-11-01,13,Halland,BEV,private,136
2025-11-01,13,Halland,DIESEL,company,25
2025-11-01,13,Halland,DIESEL,dealer,4
2025-11-01,13,Halland,DIESEL,private,24
2025-11-01,13,Halland,ETHANOL,dealer,1
2025-11-01,13,Halland,ETHANOL,private,1
2025-11-01,13,Halland,HEV,company,7
2025-11-01,13,Halland,HEV,dealer,12
2025-11-01,13,Halland,HEV,private,31
2025-11-01,13,Halland,PETROL,company,14
2025-11-01,13,Halland,PETROL,dealer,20
2025-11-01,13,Halland,PETROL,private,93
2025-11-01,13,Halland,PHEV,company,59
2025-11-01,13,Halland,PHEV,dealer,15
2025-11-01,13,Halland,PHEV,private,58
2025-11-01,14,Västra Götaland,BEV,company,459
2025-11-01,14,Västra Götaland,BEV,dealer,220
2025-11-01,14,Västra Götaland,BEV,private,652
2025-11-01,14,Västra Götaland,DIESEL,company,57
2025-11-01,14,Västra Götaland,DIESEL,dealer,27
2025-11-01,14,Västra Götaland,DIESEL,private,87
2025-11-01,14,Västra Götaland,ETHANOL,company,1
2025-11-01,14,Västra Götaland,ETHANOL,dealer,2
2025-11-01,14,Västra Götaland,ETHANOL,private,2
2025-11-01,14,Västra Götaland,HEV,company,42
2025-11-01,14,Västra Götaland,HEV,dealer,187
2025-11-01,14,Västra Götaland,HEV,private,215
2025-11-01,14,Västra Götaland,PETROL,company,96
2025-11-01,14,Västra Götaland,PETROL,dealer,150
2025-11-01,14,Västra Götaland,PETROL,private,469
2025-11-01,14,Västra Götaland,PHEV,company,231
2025-11-01,14,Västra Götaland,PHEV,dealer,241
2025-11-01,14,Västra Götaland,PHEV,private,278
2025-11-01,17,Värmland,BEV,company,42
2025-11-01,17,Värmland,BEV,dealer,12
2025-11-01,17,Värmland,BEV,private,65
2025-11-01,17,Värmland,DIESEL,company,60
2025-11-01,17,Värmland,DIESEL,dealer,14
2025-11-01,17,Värmland,DIESEL,private,17
2025-11-01,17,Värmland,ETHANOL,company,7
2025-11-01,17,Värmland,ETHANOL,private,2
2025-11-01,17,Värmland,HEV,company,8
2025-11-01,17,Värmland,HEV,dealer,15
2025-11-01,17,Värmland,HEV,private,29
2025-11-01,17,Värmland,PETROL,company,119
2025-11-01,17,Värmland,PETROL,dealer,35
2025-11-01,17,Värmland,PETROL,private,65
2025-11-01,17,Värmland,PHEV,company,39
2025-11-01,17,Värmland,PHEV,dealer,20
2025-11-01,17,Värmland,PHEV,private,44
2025-11-01,18,Örebro,BEV,company,44
2025-11-01,18,Örebro,BEV,dealer,20
2025-11-01,18,Örebro,BEV,private,83
2025-11-01,18,Örebro,DIESEL,company,24
2025-11-01,18,Örebro,DIESEL,dealer,2
2025-11-01,18,Örebro,DIESEL,private,17
2025-11-01,18,Örebro,ETHANOL,private,2
2025-11-01,18,Örebro,HEV,company,12
2025-11-01,18,Örebro,HEV,dealer,20
2025-11-01,18,Örebro,HEV,private,26
2025-11-01,18,Örebro,PETROL,company,17
2025-11-01,18,Örebro,PETROL,dealer,16
2025-11-01,18,Örebro,PETROL,private,72
2025-11-01,18,Örebro,PHEV,company,53
2025-11-01,18,Örebro,PHEV,dealer,15
2025-11-01,18,Örebro,PHEV,private,44
2025-11-01,19,Västmanland,BEV,company,53
2025-11-01,19,Västmanland,BEV,dealer,26
2025-11-01,19,Västmanland,BEV,private,69
2025-11-01,19,Västmanland,DIESEL,company,19
2025-11-01,19,Västmanland,DIESEL,dealer,4
2025-11-01,19,Västmanland,DIESEL,private,6
2025-11-01,19,Västmanland,ETHANOL,private,1
2025-11-01,19,Västmanland,HEV,company,17
2025-11-01,19,Västmanland,HEV,dealer,13
2025-11-01,19,Västmanland,HEV,private,18
2025-11-01,19,Västmanland,PETROL,company,18
2025-11-01,19,Västmanland,PETROL,dealer,13
2025-11-01,19,Västmanland,PETROL,private,69
2025-11-01,19,Västmanland,PHEV,company,28
2025-11-01,19,Västmanland,PHEV,dealer,15
2025-11-01,19,Västmanland,PHEV,private,57
2025-11-01,20,Dalarna,BEV,company,45
2025-11-01,20,Dalarna,BEV,dealer,19
2025-11-01,20,Dalarna,BEV,private,58
2025-11-01,20,Dalarna,DIESEL,company,24
2025-11-01,20,Dalarna,DIESEL,private,13
2025-11-01,20,Dalarna,ETHANOL,company,1
2025-11-01,20,Dalarna,ETHANOL,dealer,1
2025-11-01,20,Dalarna,HEV,company,9
2025-11-01,20,Dalarna,HEV,dealer,9
2025-11-01,20,Dalarna,HEV,private,24
2025-11-01,20,Dalarna,PETROL,company,11
2025-11-01,20,Dalarna,PETROL,dealer,17
2025-11-01,20,Dalarna,PETROL,private,48
2025-11-01,20,Dalarna,PHEV,company,26
2025-11-01,20,Dalarna,PHEV,dealer,15
2025-11-01,20,Dalarna,PHEV,private,40
2025-11-01,21,Gävleborg,BEV,company,38
2025-11-01,21,Gävleborg,BEV,dealer,27
2025-11-01,21,Gävleborg,BEV,private,49
2025-11-01,21,Gävleborg,DIESEL,company,19
2025-11-01,21,Gävleborg,DIESEL,dealer,3
2025-11-01,21,Gävleborg,DIESEL,private,16
2025-11-01,21,Gävleborg,ETHANOL,company,1
2025-11-01,21,Gävleborg,ETHANOL,dealer,1
2025-11-01,21,Gävleborg,ETHANOL,private,5
2025-11-01,21,Gävleborg,HEV,company,16
2025-11-01,21,Gävleborg,HEV,dealer,13
2025-11-01,21,Gävleborg,HEV,private,36
2025-11-01,21,Gävleborg,PETROL,company,7
2025-11-01,21,Gävleborg,PETROL,dealer,30
2025-11-01,21,Gävleborg,PETROL,private,45
2025-11-01,21,Gävleborg,PHEV,company,35
2025-11-01,21,Gävleborg,PHEV,dealer,16
2025-11-01,21,Gävleborg,PHEV,private,23
2025-11-01,22,Västernorrland,BEV,company,43
2025-11-01,22,Västernorrland,BEV,dealer,24
2025-11-01,22,Västernorrland,BEV,private,45
2025-11-01,22,Västernorrland,DIESEL,company,32
2025-11-01,22,Västernorrland,DIESEL,dealer,1
2025-11-01,22,Västernorrland,DIESEL,private,14
2025-11-01,22,Västernorrland,ETHANOL,dealer,3
2025-11-01,22,Västernorrland,HEV,company,2
2025-11-01,22,Västernorrland,HEV,dealer,4
2025-11-01,22,Västernorrland,HEV,private,26
2025-11-01,22,Västernorrland,PETROL,company,17
2025-11-01,22,Västernorrland,PETROL,dealer,4
2025-11-01,22,Västernorrland,PETROL,private,33
2025-11-01,22,Västernorrland,PHEV,company,19
2025-11-01,22,Västernorrland,PHEV,dealer,25
2025-11-01,22,Västernorrland,PHEV,private,31
2025-11-01,23,Jämtland,BEV,company,17
2025-11-01,23,Jämtland,BEV,dealer,9
2025-11-01,23,Jämtland,BEV,private,17
2025-11-01,23,Jämtland,DIESEL,company,5
2025-11-01,23,Jämtland,DIESEL,private,6
2025-11-01,23,Jämtland,ETHANOL,company,1
2025-11-01,23,Jämtland,ETHANOL,dealer,2
2025-11-01,23,Jämtland,HEV,company,3
2025-11-01,23,Jämtland,HEV,dealer,4
2025-11-01,23,Jämtland,HEV,private,5
2025-11-01,23,Jämtland,PETROL,company,1
2025-11-01,23,Jämtland,PETROL,dealer,2
2025-11-01,23,Jämtland,PETROL,private,16
2025-11-01,23,Jämtland,PHEV,company,9
2025-11-01,23,Jämtland,PHEV,dealer,6
2025-11-01,23,Jämtland,PHEV,private,7
2025-11-01,24,Västerbotten,BEV,company,41
2025-11-01,24,Västerbotten,BEV,dealer,30
2025-11-01,24,Västerbotten,BEV,private,70
2025-11-01,24,Västerbotten,DIESEL,company,9
2025-11-01,24,Västerbotten,DIESEL,dealer,3
2025-11-01,24,Västerbotten,DIESEL,private,14
2025-11-01,24,Västerbotten,ETHANOL,company,1
2025-11-01,24,Västerbotten,ETHANOL,dealer,1
2025-11-01,24,Västerbotten,HEV,company,9
2025-11-01,24,Västerbotten,HEV,dealer,19
2025-11-01,24,Västerbotten,HEV,private,22
2025-11-01,24,Västerbotten,PETROL,company,15
2025-11-01,24,Västerbotten,PETROL,dealer,12
2025-11-01,24,Västerbotten,PETROL,private,26
2025-11-01,24,Västerbotten,PHEV,company,27
2025-11-01,24,Västerbotten,PHEV,dealer,42
2025-11-01,24,Västerbotten,PHEV,private,35
2025-11-01,25,Norrbotten,BEV,company,33
2025-11-01,25,Norrbotten,BEV,dealer,7
2025-11-01,25,Norrbotten,BEV,private,40
2025-11-01,25,Norrbotten,DIESEL,company,19
2025-11-01,25,Norrbotten,DIESEL,dealer,1
2025-11-01,25,Norrbotten,DIESEL,private,16
2025-11-01,25,Norrbotten,ETHANOL,dealer,2
2025-11-01,25,Norrbotten,HEV,company,23
2025-11-01,25,Norrbotten,HEV,dealer,20
2025-11-01,25,Norrbotten,HEV,private,12
2025-11-01,25,Norrbotten,OTHER,private,1
2025-11-01,25,Norrbotten,PETROL,company,23
2025-11-01,25,Norrbotten,PETROL,dealer,6
2025-11-01,25,Norrbotten,PETROL,private,18
2025-11-01,25,Norrbotten,PHEV,company,47
2025-11-01,25,Norrbotten,PHEV,dealer,14
2025-11-01,25,Norrbotten,PHEV,private,24
2025-12-01,01,Stockholm,BEV,company,2782
2025-12-01,01,Stockholm,BEV,dealer,997
2025-12-01,01,Stockholm,BEV,private,945
2025-12-01,01,Stockholm,DIESEL,company,270
2025-12-01,01,Stockholm,DIESEL,dealer,37
2025-12-01,01,Stockholm,DIESEL,private,62
2025-12-01,01,Stockholm,ETHANOL,company,3
2025-12-01,01,Stockholm,ETHANOL,dealer,1
2025-12-01,01,Stockholm,ETHANOL,private,7
2025-12-01,01,Stockholm,HEV,company,253
2025-12-01,01,Stockholm,HEV,dealer,97
2025-12-01,01,Stockholm,HEV,private,214
2025-12-01,01,Stockholm,PETROL,company,371
2025-12-01,01,Stockholm,PETROL,dealer,108
2025-12-01,01,Stockholm,PETROL,private,532
2025-12-01,01,Stockholm,PHEV,company,1296
2025-12-01,01,Stockholm,PHEV,dealer,385
2025-12-01,01,Stockholm,PHEV,private,437
2025-12-01,03,Uppsala,BEV,company,72
2025-12-01,03,Uppsala,BEV,dealer,21
2025-12-01,03,Uppsala,BEV,private,124
2025-12-01,03,Uppsala,DIESEL,company,28
2025-12-01,03,Uppsala,DIESEL,dealer,2
2025-12-01,03,Uppsala,DIESEL,private,14
2025-12-01,03,Uppsala,ETHANOL,dealer,1
2025-12-01,03,Uppsala,ETHANOL,private,1
2025-12-01,03,Uppsala,HEV,company,23
2025-12-01,03,Uppsala,HEV,dealer,24
2025-12-01,03,Uppsala,HEV,private,74
2025-12-01,03,Uppsala,PETROL,company,93
2025-12-01,03,Uppsala,PETROL,dealer,48
2025-12-01,03,Uppsala,PETROL,private,47
2025-12-01,03,Uppsala,PHEV,company,52
2025-12-01,03,Uppsala,PHEV,dealer,16
2025-12-01,03,Uppsala,PHEV,private,60
2025-12-01,04,Södermanland,BEV,company,40
2025-12-01,04,Södermanland,BEV,dealer,22
2025-12-01,04,Södermanland,BEV,private,85
2025-12-01,04,Södermanland,DIESEL,company,9
2025-12-01,04,Södermanland,DIESEL,dealer,1
2025-12-01,04,Södermanland,DIESEL,private,10
2025-12-01,04,Södermanland,ETHANOL,private,2
2025-12-01,04,Södermanland,HEV,company,1
2025-12-01,04,Södermanland,HEV,dealer,13
2025-12-01,04,Södermanland,HEV,private,44
2025-12-01,04,Södermanland,PETROL,company,12
2025-12-01,04,Södermanland,PETROL,dealer,12
2025-12-01,04,Södermanland,PETROL,private,55
2025-12-01,04,Södermanland,PHEV,company,30
2025-12-01,04,Södermanland,PHEV,dealer,47
2025-12-01,04,Södermanland,PHEV,private,55
2025-12-01,05,Östergötland,BEV,company,113
2025-12-01,05,Östergötland,BEV,dealer,23
2025-12-01,05,Östergötland,BEV,private,181
2025-12-01,05,Östergötland,DIESEL,company,30
2025-12-01,05,Östergötland,DIESEL,dealer,10
2025-12-01,05,Östergötland,DIESEL,private,19
2025-12-01,05,Östergötland,ETHANOL,company,1
2025-12-01,05,Östergötland,ETHANOL,dealer,1
2025-12-01,05,Östergötland,ETHANOL,private,1
2025-12-01,05,Östergötland,HEV,company,5
2025-12-01,05,Östergötland,HEV,dealer,37
2025-12-01,05,Östergötland,HEV,private,54
2025-12-01,05,Östergötland,PETROL,company,31
2025-12-01,05,Östergötland,PETROL,dealer,34
2025-12-01,05,Östergötland,PETROL,private,82
2025-12-01,05,Östergötland,PHEV,company,51
2025-12-01,05,Östergötland,PHEV,dealer,36
2025-12-01,05,Östergötland,PHEV,private,82
2025-12-01,06,Jönköping,BEV,company,115
2025-12-01,06,Jönköping,BEV,dealer,65
2025-12-01,06,Jönköping,BEV,private,136
2025-12-01,06,Jönköping,DIESEL,company,49
2025-12-01,06,Jönköping,DIESEL,dealer,10
2025-12-01,06,Jönköping,DIESEL,private,19
2025-12-01,06,Jönköping,HEV,company,11
2025-12-01,06,Jönköping,HEV,dealer,77
2025-12-01,06,Jönköping,HEV,private,57
2025-12-01,06,Jönköping,PETROL,company,73
2025-12-01,06,Jönköping,PETROL,dealer,19
2025-12-01,06,Jönköping,PETROL,private,74
2025-12-01,06,Jönköping,PHEV,company,84
2025-12-01,06,Jönköping,PHEV,dealer,51
2025-12-01,06,Jönköping,PHEV,private,65
2025-12-01,07,Kronoberg,BEV,company,33
2025-12-01,07,Kronoberg,BEV,dealer,14
2025-12-01,07,Kronoberg,BEV,private,84
2025-12-01,07,Kronoberg,DIESEL,company,16
2025-12-01,07,Kronoberg,DIESEL,dealer,3
2025-12-01,07,Kronoberg,DIESEL,private,6
2025-12-01,07,Kronoberg,HEV,company,4
2025-12-01,07,Kronoberg,HEV,dealer,10
2025-12-01,07,Kronoberg,HEV,private,19
2025-12-01,07,Kronoberg,PETROL,company,7
2025-12-01,07,Kronoberg,PETROL,dealer,9
2025-12-01,07,Kronoberg,PETROL,private,36
2025-12-01,07,Kronoberg,PHEV,company,34
2025-12-01,07,Kronoberg,PHEV,dealer,38
2025-12-01,07,Kronoberg,PHEV,private,27
2025-12-01,08,Kalmar,BEV,company,37
2025-12-01,08,Kalmar,BEV,dealer,34
2025-12-01,08,Kalmar,BEV,private,70
2025-12-01,08,Kalmar,DIESEL,company,40
2025-12-01,08,Kalmar,DIESEL,dealer,5
2025-12-01,08,Kalmar,DIESEL,private,13
2025-12-01,08,Kalmar,ETHANOL,private,1
2025-12-01,08,Kalmar,HEV,company,7
2025-12-01,08,Kalmar,HEV,dealer,19
2025-12-01,08,Kalmar,HEV,private,27
2025-12-01,08,Kalmar,PETROL,company,20
2025-12-01,08,Kalmar,PETROL,dealer,22
2025-12-01,08,Kalmar,PETROL,private,66
2025-12-01,08,Kalmar,PHEV,company,30
2025-12-01,08,Kalmar,PHEV,dealer,15
2025-12-01,08,Kalmar,PHEV,private,30
2025-12-01,09,Gotland,BEV,company,18
2025-12-01,09,Gotland,BEV,dealer,2
2025-12-01,09,Gotland,BEV,private,18
2025-12-01,09,Gotland,DIESEL,dealer,1
2025-12-01,09,Gotland,DIESEL,private,1
2025-12-01,09,Gotland,HEV,company,2
2025-12-01,09,Gotland,HEV,dealer,2
2025-12-01,09,Gotland,HEV,private,1
2025-12-01,09,Gotland,PETROL,company,1
2025-12-01,09,Gotland,PETROL,dealer,1
2025-12-01,09,Gotland,PETROL,private,6
2025-12-01,09,Gotland,PHEV,company,2
2025-12-01,09,Gotland,PHEV,dealer,2
2025-12-01,09,Gotland,PHEV,private,8
2025-12-01,10,Blekinge,BEV,company,35
2025-12-01,10,Blekinge,BEV,dealer,12
2025-12-01,10,Blekinge,BEV,private,51
2025-12-01,10,Blekinge,DIESEL,company,15
2025-12-01,10,Blekinge,DIESEL,dealer,3
2025-12-01,10,Blekinge,DIESEL,private,8
2025-12-01,10,Blekinge,HEV,company,3
2025-12-01,10,Blekinge,HEV,dealer,7
2025-12-01,10,Blekinge,HEV,private,16
2025-12-01,10,Blekinge,PETROL,company,13
2025-12-01,10,Blekinge,PETROL,dealer,6
2025-12-01,10,Blekinge,PETROL,private,30
2025-12-01,10,Blekinge,PHEV,company,11
2025-12-01,10,Blekinge,PHEV,dealer,7
2025-12-01,10,Blekinge,PHEV,private,23
2025-12-01,12,Skåne,BEV,company,334
2025-12-01,12,Skåne,BEV,dealer,206
2025-12-01,12,Skåne,BEV,private,528
2025-12-01,12,Skåne,DIESEL,company,134
2025-12-01,12,Skåne,DIESEL,dealer,79
2025-12-01,12,Skåne,DIESEL,private,72
2025-12-01,12,Skåne,ETHANOL,company,2
2025-12-01,12,Skåne,ETHANOL,dealer,3
2025-12-01,12,Skåne,ETHANOL,private,3
2025-12-01,12,Skåne,GAS,private,1
2025-12-01,12,Skåne,HEV,company,37
2025-12-01,12,Skåne,HEV,dealer,53
2025-12-01,12,Skåne,HEV,private,134
2025-12-01,12,Skåne,PETROL,company,139
2025-12-01,12,Skåne,PETROL,dealer,288
2025-12-01,12,Skåne,PETROL,private,342
2025-12-01,12,Skåne,PHEV,company,569
2025-12-01,12,Skåne,PHEV,dealer,343
2025-12-01,12,Skåne,PHEV,private,236
2025-12-01,13,Halland,BEV,company,75
2025-12-01,13,Halland,BEV,dealer,26
2025-12-01,13,Halland,BEV,private,192
2025-12-01,13,Halland,DIESEL,company,11
2025-12-01,13,Halland,DIESEL,dealer,5
2025-12-01,13,Halland,DIESEL,private,17
2025-12-01,13,Halland,ETHANOL,dealer,1
2025-12-01,13,Halland,ETHANOL,private,3
2025-12-01,13,Halland,HEV,company,13
2025-12-01,13,Halland,HEV,dealer,29
2025-12-01,13,Halland,HEV,private,30
2025-12-01,13,Halland,PETROL,company,28
2025-12-01,13,Halland,PETROL,dealer,14
2025-12-01,13,Halland,PETROL,private,105
2025-12-01,13,Halland,PHEV,company,45
2025-12-01,13,Halland,PHEV,dealer,28
2025-12-01,13,Halland,PHEV,private,68
2025-12-01,14,Västra Götaland,BEV,company,466
2025-12-01,14,Västra Götaland,BEV,dealer,237
2025-12-01,14,Västra Götaland,BEV,private,908
2025-12-01,14,Västra Götaland,DIESEL,company,45
2025-12-01,14,Västra Götaland,DIESEL,dealer,30
2025-12-01,14,Västra Götaland,DIESEL,private,59
2025-12-01,14,Västra Götaland,ETHANOL,company,1
2025-12-01,14,Västra Götaland,ETHANOL,dealer,5
2025-12-01,14,Västra Götaland,ETHANOL,private,3
2025-12-01,14,Västra Götaland,GAS,private,1
2025-12-01,14,Västra Götaland,HEV,company,54
2025-12-01,14,Västra Götaland,HEV,dealer,259
2025-12-01,14,Västra Götaland,HEV,private,185
2025-12-01,14,Västra Götaland,OTHER,private,1
2025-12-01,14,Västra Götaland,PETROL,company,80
2025-12-01,14,Västra Götaland,PETROL,dealer,238
2025-12-01,14,Västra Götaland,PETROL,private,447
2025-12-01,14,Västra Götaland,PHEV,company,281
2025-12-01,14,Västra Götaland,PHEV,dealer,318
2025-12-01,14,Västra Götaland,PHEV,private,339
2025-12-01,17,Värmland,BEV,company,48
2025-12-01,17,Värmland,BEV,dealer,17
2025-12-01,17,Värmland,BEV,private,68
2025-12-01,17,Värmland,DIESEL,company,38
2025-12-01,17,Värmland,DIESEL,dealer,15
2025-12-01,17,Värmland,DIESEL,private,11
2025-12-01,17,Värmland,ETHANOL,company,1
2025-12-01,17,Värmland,ETHANOL,dealer,3
2025-12-01,17,Värmland,ETHANOL,private,4
2025-12-01,17,Värmland,HEV,company,34
2025-12-01,17,Värmland,HEV,dealer,21
2025-12-01,17,Värmland,HEV,private,33
2025-12-01,17,Värmland,PETROL,company,35
2025-12-01,17,Värmland,PETROL,dealer,28
2025-12-01,17,Värmland,PETROL,private,77
2025-12-01,17,Värmland,PHEV,company,43
2025-12-01,17,Värmland,PHEV,dealer,6
2025-12-01,17,Värmland,PHEV,private,60
2025-12-01,18,Örebro,BEV,company,43
2025-12-01,18,Örebro,BEV,dealer,32
2025-12-01,18,Örebro,BEV,private,106
2025-12-01,18,Örebro,DIESEL,company,17
2025-12-01,18,Örebro,DIESEL,dealer,2
2025-12-01,18,Örebro,DIESEL,private,13
2025-12-01,18,Örebro,ETHANOL,company,1
2025-12-01,18,Örebro,ETHANOL,dealer,2
2025-12-01,18,Örebro,ETHANOL,private,3
2025-12-01,18,Örebro,HEV,company,8
2025-12-01,18,Örebro,HEV,dealer,32
2025-12-01,18,Örebro,HEV,private,48
2025-12-01,18,Örebro,PETROL,company,16
2025-12-01,18,Örebro,PETROL,dealer,10
2025-12-01,18,Örebro,PETROL,private,54
2025-12-01,18,Örebro,PHEV,company,32
2025-12-01,18,Örebro,PHEV,dealer,23
2025-12-01,18,Örebro,PHEV,private,57
2025-12-01,19,Västmanland,BEV,company,49
2025-12-01,19,Västmanland,BEV,dealer,32
2025-12-01,19,Västmanland,BEV,private,97
2025-12-01,19,Västmanland,DIESEL,company,14
2025-12-01,19,Västmanland,DIESEL,dealer,2
2025-12-01,19,Västmanland,DIESEL,private,10
2025-12-01,19,Västmanland,ETHANOL,company,2
2025-12-01,19,Västmanland,ETHANOL,private,3
2025-12-01,19,Västmanland,HEV,company,20
2025-12-01,19,Västmanland,HEV,dealer,2
2025-12-01,19,Västmanland,HEV,private,20
2025-12-01,19,Västmanland,PETROL,company,19
2025-12-01,19,Västmanland,PETROL,dealer,10
2025-12-01,19,Västmanland,PETROL,private,50
2025-12-01,19,Västmanland,PHEV,company,35
2025-12-01,19,Västmanland,PHEV,dealer,38
2025-12-01,19,Västmanland,PHEV,private,54
2025-12-01,20,Dalarna,BEV,company,45
2025-12-01,20,Dalarna,BEV,dealer,17
2025-12-01,20,Dalarna,BEV,private,71
2025-12-01,20,Dalarna,DIESEL,company,16
2025-12-01,20,Dalarna,DIESEL,dealer,5
2025-12-01,20,Dalarna,DIESEL,private,5
2025-12-01,20,Dalarna,ETHANOL,company,1
2025-12-01,20,Dalarna,ETHANOL,private,3
2025-12-01,20,Dalarna,HEV,company,10
2025-12-01,20,Dalarna,HEV,dealer,8
2025-12-01,20,Dalarna,HEV,private,24
2025-12-01,20,Dalarna,PETROL,company,9
2025-12-01,20,Dalarna,PETROL,dealer,14
2025-12-01,20,Dalarna,PETROL,private,38
2025-12-01,20,Dalarna,PHEV,company,49
2025-12-01,20,Dalarna,PHEV,dealer,58
2025-12-01,20,Dalarna,PHEV,private,41
2025-12-01,21,Gävleborg,BEV,company,44
2025-12-01,21,Gävleborg,BEV,dealer,32
2025-12-01,21,Gävleborg,BEV,private,75
2025-12-01,21,Gävleborg,DIESEL,company,8
2025-12-01,21,Gävleborg,DIESEL,dealer,52
2025-12-01,21,Gävleborg,DIESEL,private,8
2025-12-01,21,Gävleborg,ETHANOL,private,4
2025-12-01,21,Gävleborg,HEV,company,12
2025-12-01,21,Gävleborg,HEV,dealer,12
2025-12-01,21,Gävleborg,HEV,private,27
2025-12-01,21,Gävleborg,PETROL,company,5
2025-12-01,21,Gävleborg,PETROL,dealer,40
2025-12-01,21,Gävleborg,PETROL,private,57
2025-12-01,21,Gävleborg,PHEV,company,16
2025-12-01,21,Gävleborg,PHEV,dealer,24
2025-12-01,21,Gävleborg,PHEV,private,47
2025-12-01,22,Västernorrland,BEV,company,35
2025-12-01,22,Västernorrland,BEV,dealer,26
2025-12-01,22,Västernorrland,BEV,private,60
2025-12-01,22,Västernorrland,DIESEL,company,26
2025-12-01,22,Västernorrland,DIESEL,dealer,4
2025-12-01,22,Västernorrland,DIESEL,private,6
2025-12-01,22,Västernorrland,ETHANOL,company,4
2025-12-01,22,Västernorrland,ETHANOL,dealer,2
2025-12-01,22,Västernorrland,ETHANOL,private,2
2025-12-01,22,Västernorrland,HEV,company,1
2025-12-01,22,Västernorrland,HEV,dealer,19
2025-12-01,22,Västernorrland,HEV,private,28
2025-12-01,22,Västernorrland,PETROL,company,10
2025-12-01,22,Västernorrland,PETROL,dealer,51
2025-12-01,22,Västernorrland,PETROL,private,42
2025-12-01,22,Västernorrland,PHEV,company,25
2025-12-01,22,Västernorrland,PHEV,dealer,19
2025-12-01,22,Västernorrland,PHEV,private,13
2025-12-01,23,Jämtland,BEV,company,30
2025-12-01,23,Jämtland,BEV,dealer,9
2025-12-01,23,Jämtland,BEV,private,19
2025-12-01,23,Jämtland,DIESEL,company,9
2025-12-01,23,Jämtland,DIESEL,private,10
2025-12-01,23,Jämtland,ETHANOL,dealer,1
2025-12-01,23,Jämtland,HEV,company,4
2025-12-01,23,Jämtland,HEV,dealer,1
2025-12-01,23,Jämtland,HEV,private,4
2025-12-01,23,Jämtland,PETROL,company,4
2025-12-01,23,Jämtland,PETROL,dealer,8
2025-12-01,23,Jämtland,PETROL,private,8
2025-12-01,23,Jämtland,PHEV,company,12
2025-12-01,23,Jämtland,PHEV,dealer,34
2025-12-01,23,Jämtland,PHEV,private,10
2025-12-01,24,Västerbotten,BEV,company,33
2025-12-01,24,Västerbotten,BEV,dealer,48
2025-12-01,24,Västerbotten,BEV,private,72
2025-12-01,24,Västerbotten,DIESEL,company,19
2025-12-01,24,Västerbotten,DIESEL,dealer,2
2025-12-01,24,Västerbotten,DIESEL,private,7
2025-12-01,24,Västerbotten,ETHANOL,company,1
2025-12-01,24,Västerbotten,ETHANOL,dealer,2
2025-12-01,24,Västerbotten,HEV,company,10
2025-12-01,24,Västerbotten,HEV,dealer,30
2025-12-01,24,Västerbotten,HEV,private,38
2025-12-01,24,Västerbotten,PETROL,company,14
2025-12-01,24,Västerbotten,PETROL,dealer,17
2025-12-01,24,Västerbotten,PETROL,private,30
2025-12-01,24,Västerbotten,PHEV,company,44
2025-12-01,24,Västerbotten,PHEV,dealer,37
2025-12-01,24,Västerbotten,PHEV,private,28
2025-12-01,25,Norrbotten,BEV,company,54
2025-12-01,25,Norrbotten,BEV,dealer,9
2025-12-01,25,Norrbotten,BEV,private,48
2025-12-01,25,Norrbotten,DIESEL,company,38
2025-12-01,25,Norrbotten,DIESEL,dealer,1
2025-12-01,25,Norrbotten,DIESEL,private,14
2025-12-01,25,Norrbotten,ETHANOL,private,4
2025-12-01,25,Norrbotten,HEV,company,20
2025-12-01,25,Norrbotten,HEV,dealer,11
2025-12-01,25,Norrbotten,HEV,private,13
2025-12-01,25,Norrbotten,PETROL,company,53
2025-12-01,25,Norrbotten,PETROL,dealer,12
2025-12-01,25,Norrbotten,PETROL,private,21
2025-12-01,25,Norrbotten,PHEV,company,36
2025-12-01,25,Norrbotten,PHEV,dealer,40
2025-12-01,25,Norrbotten,PHEV,private,42
2026-01-01,01,Stockholm,BEV,company,2012
2026-01-01,01,Stockholm,BEV,dealer,382
2026-01-01,01,Stockholm,BEV,private,567
2026-01-01,01,Stockholm,DIESEL,company,198
2026-01-01,01,Stockholm,DIESEL,dealer,11
2026-01-01,01,Stockholm,DIESEL,private,51
2026-01-01,01,Stockholm,ETHANOL,company,2
2026-01-01,01,Stockholm,ETHANOL,dealer,1
2026-01-01,01,Stockholm,ETHANOL,private,7
2026-01-01,01,Stockholm,HEV,company,142
2026-01-01,01,Stockholm,HEV,dealer,156
2026-01-01,01,Stockholm,HEV,private,216
2026-01-01,01,Stockholm,PETROL,company,425
2026-01-01,01,Stockholm,PETROL,dealer,113
2026-01-01,01,Stockholm,PETROL,private,320
2026-01-01,01,Stockholm,PHEV,company,1005
2026-01-01,01,Stockholm,PHEV,dealer,165
2026-01-01,01,Stockholm,PHEV,private,331
2026-01-01,03,Uppsala,BEV,company,55
2026-01-01,03,Uppsala,BEV,dealer,18
2026-01-01,03,Uppsala,BEV,private,88
2026-01-01,03,Uppsala,DIESEL,company,14
2026-01-01,03,Uppsala,DIESEL,dealer,3
2026-01-01,03,Uppsala,DIESEL,private,6
2026-01-01,03,Uppsala,ETHANOL,dealer,7
2026-01-01,03,Uppsala,ETHANOL,private,2
2026-01-01,03,Uppsala,GAS,private,1
2026-01-01,03,Uppsala,HEV,company,13
2026-01-01,03,Uppsala,HEV,dealer,22
2026-01-01,03,Uppsala,HEV,private,30
2026-01-01,03,Uppsala,PETROL,company,7
2026-01-01,03,Uppsala,PETROL,dealer,12
2026-01-01,03,Uppsala,PETROL,private,45
2026-01-01,03,Uppsala,PHEV,company,21
2026-01-01,03,Uppsala,PHEV,dealer,19
2026-01-01,03,Uppsala,PHEV,private,37
2026-01-01,04,Södermanland,BEV,company,45
2026-01-01,04,Södermanland,BEV,dealer,15
2026-01-01,04,Södermanland,BEV,private,76
2026-01-01,04,Södermanland,DIESEL,company,4
2026-01-01,04,Södermanland,DIESEL,dealer,2
2026-01-01,04,Södermanland,DIESEL,private,6
2026-01-01,04,Södermanland,ETHANOL,private,2
2026-01-01,04,Södermanland,GAS,private,1
2026-01-01,04,Södermanland,HEV,company,4
2026-01-01,04,Södermanland,HEV,dealer,15
2026-01-01,04,Södermanland,HEV,private,21
2026-01-01,04,Södermanland,PETROL,company,5
2026-01-01,04,Södermanland,PETROL,dealer,10
2026-01-01,04,Södermanland,PETROL,private,48
2026-01-01,04,Södermanland,PHEV,company,20
2026-01-01,04,Södermanland,PHEV,dealer,17
2026-01-01,04,Södermanland,PHEV,private,40
2026-01-01,05,Östergötland,BEV,company,50
2026-01-01,05,Östergötland,BEV,dealer,22
2026-01-01,05,Östergötland,BEV,private,101
2026-01-01,05,Östergötland,DIESEL,company,15
2026-01-01,05,Östergötland,DIESEL,dealer,18
2026-01-01,05,Östergötland,DIESEL,private,11
2026-01-01,05,Östergötland,ETHANOL,company,1
2026-01-01,05,Östergötland,ETHANOL,dealer,3
2026-01-01,05,Östergötland,ETHANOL,private,2
2026-01-01,05,Östergötland,HEV,company,12
2026-01-01,05,Östergötland,HEV,dealer,26
2026-01-01,05,Östergötland,HEV,private,44
2026-01-01,05,Östergötland,PETROL,company,21
2026-01-01,05,Östergötland,PETROL,dealer,21
2026-01-01,05,Östergötland,PETROL,private,90
2026-01-01,05,Östergötland,PHEV,company,66
2026-01-01,05,Östergötland,PHEV,dealer,34
2026-01-01,05,Östergötland,PHEV,private,50
2026-01-01,06,Jönköping,BEV,company,82
2026-01-01,06,Jönköping,BEV,dealer,26
2026-01-01,06,Jönköping,BEV,private,86
2026-01-01,06,Jönköping,DIESEL,company,30
2026-01-01,06,Jönköping,DIESEL,dealer,10
2026-01-01,06,Jönköping,DIESEL,private,6
2026-01-01,06,Jönköping,ETHANOL,dealer,3
2026-01-01,06,Jönköping,ETHANOL,private,3
2026-01-01,06,Jönköping,HEV,company,16
2026-01-01,06,Jönköping,HEV,dealer,20
2026-01-01,06,Jönköping,HEV,private,27
2026-01-01,06,Jönköping,PETROL,company,49
2026-01-01,06,Jönköping,PETROL,dealer,46
2026-01-01,06,Jönköping,PETROL,private,64
2026-01-01,06,Jönköping,PHEV,company,88
2026-01-01,06,Jönköping,PHEV,dealer,30
2026-01-01,06,Jönköping,PHEV,private,44
2026-01-01,07,Kronoberg,BEV,company,33
2026-01-01,07,Kronoberg,BEV,dealer,11
2026-01-01,07,Kronoberg,BEV,private,45
2026-01-01,07,Kronoberg,DIESEL,company,2
2026-01-01,07,Kronoberg,DIESEL,private,15
2026-01-01,07,Kronoberg,ETHANOL,dealer,1
2026-01-01,07,Kronoberg,HEV,company,5
2026-01-01,07,Kronoberg,HEV,dealer,3
2026-01-01,07,Kronoberg,HEV,private,13
2026-01-01,07,Kronoberg,PETROL,company,18
2026-01-01,07,Kronoberg,PETROL,dealer,16
2026-01-01,07,Kronoberg,PETROL,private,28
2026-01-01,07,Kronoberg,PHEV,company,22
2026-01-01,07,Kronoberg,PHEV,dealer,18
2026-01-01,07,Kronoberg,PHEV,private,31
2026-01-01,08,Kalmar,BEV,company,23
2026-01-01,08,Kalmar,BEV,dealer,17
2026-01-01,08,Kalmar,BEV,private,37
2026-01-01,08,Kalmar,DIESEL,company,27
2026-01-01,08,Kalmar,DIESEL,dealer,2
2026-01-01,08,Kalmar,DIESEL,private,9
2026-01-01,08,Kalmar,HEV,company,4
2026-01-01,08,Kalmar,HEV,dealer,7
2026-01-01,08,Kalmar,HEV,private,15
2026-01-01,08,Kalmar,PETROL,company,7
2026-01-01,08,Kalmar,PETROL,dealer,20
2026-01-01,08,Kalmar,PETROL,private,38
2026-01-01,08,Kalmar,PHEV,company,16
2026-01-01,08,Kalmar,PHEV,dealer,12
2026-01-01,08,Kalmar,PHEV,private,19
2026-01-01,09,Gotland,BEV,company,6
2026-01-01,09,Gotland,BEV,dealer,1
2026-01-01,09,Gotland,BEV,private,8
2026-01-01,09,Gotland,DIESEL,company,1
2026-01-01,09,Gotland,DIESEL,private,4
2026-01-01,09,Gotland,HEV,company,1
2026-01-01,09,Gotland,HEV,dealer,1
2026-01-01,09,Gotland,HEV,private,1
2026-01-01,09,Gotland,PETROL,company,3
2026-01-01,09,Gotland,PETROL,dealer,2
2026-01-01,09,Gotland,PETROL,private,4
2026-01-01,09,Gotland,PHEV,company,4
2026-01-01,09,Gotland,PHEV,dealer,1
2026-01-01,09,Gotland,PHEV,private,6
2026-01-01,10,Blekinge,BEV,company,14
2026-01-01,10,Blekinge,BEV,dealer,10
2026-01-01,10,Blekinge,BEV,private,23
2026-01-01,10,Blekinge,DIESEL,company,12
2026-01-01,10,Blekinge,DIESEL,dealer,1
2026-01-01,10,Blekinge,DIESEL,private,5
2026-01-01,10,Blekinge,HEV,company,1
2026-01-01,10,Blekinge,HEV,dealer,4
2026-01-01,10,Blekinge,HEV,private,15
2026-01-01,10,Blekinge,PETROL,company,7
2026-01-01,10,Blekinge,PETROL,dealer,17
2026-01-01,10,Blekinge,PETROL,private,22
2026-01-01,10,Blekinge,PHEV,company,11
2026-01-01,10,Blekinge,PHEV,dealer,10
2026-01-01,10,Blekinge,PHEV,private,17
2026-01-01,12,Skåne,BEV,company,225
2026-01-01,12,Skåne,BEV,dealer,99
2026-01-01,12,Skåne,BEV,private,383
2026-01-01,12,Skåne,DIESEL,company,112
2026-01-01,12,Skåne,DIESEL,dealer,57
2026-01-01,12,Skåne,DIESEL,private,60
2026-01-01,12,Skåne,ETHANOL,company,1
2026-01-01,12,Skåne,ETHANOL,dealer,3
2026-01-01,12,Skåne,ETHANOL,private,2
2026-01-01,12,Skåne,HEV,company,22
2026-01-01,12,Skåne,HEV,dealer,50
2026-01-01,12,Skåne,HEV,private,104
2026-01-01,12,Skåne,PETROL,company,223
2026-01-01,12,Skåne,PETROL,dealer,345
2026-01-01,12,Skåne,PETROL,private,267
2026-01-01,12,Skåne,PHEV,company,137
2026-01-01,12,Skåne,PHEV,dealer,95
2026-01-01,12,Skåne,PHEV,private,134
2026-01-01,13,Halland,BEV,company,60
2026-01-01,13,Halland,BEV,dealer,29
2026-01-01,13,Halland,BEV,private,129
2026-01-01,13,Halland,DIESEL,company,17
2026-01-01,13,Halland,DIESEL,dealer,6
2026-01-01,13,Halland,DIESEL,private,18
2026-01-01,13,Halland,ETHANOL,company,1
2026-01-01,13,Halland,HEV,company,11
2026-01-01,13,Halland,HEV,dealer,16
2026-01-01,13,Halland,HEV,private,40
2026-01-01,13,Halland,PETROL,company,21
2026-01-01,13,Halland,PETROL,dealer,13
2026-01-01,13,Halland,PETROL,private,75
2026-01-01,13,Halland,PHEV,company,35
2026-01-01,13,Halland,PHEV,dealer,27
2026-01-01,13,Halland,PHEV,private,43
2026-01-01,14,Västra Götaland,BEV,company,390
2026-01-01,14,Västra Götaland,BEV,dealer,188
2026-01-01,14,Västra Götaland,BEV,private,606
2026-01-01,14,Västra Götaland,DIESEL,company,52
2026-01-01,14,Västra Götaland,DIESEL,dealer,34
2026-01-01,14,Västra Götaland,DIESEL,private,53
2026-01-01,14,Västra Götaland,ETHANOL,company,2
2026-01-01,14,Västra Götaland,ETHANOL,dealer,1
2026-01-01,14,Västra Götaland,ETHANOL,private,5
2026-01-01,14,Västra Götaland,HEV,company,57
2026-01-01,14,Västra Götaland,HEV,dealer,75
2026-01-01,14,Västra Götaland,HEV,private,157
2026-01-01,14,Västra Götaland,OTHER,private,1
2026-01-01,14,Västra Götaland,PETROL,company,86
2026-01-01,14,Västra Götaland,PETROL,dealer,159
2026-01-01,14,Västra Götaland,PETROL,private,274
2026-01-01,14,Västra Götaland,PHEV,company,196
2026-01-01,14,Västra Götaland,PHEV,dealer,159
2026-01-01,14,Västra Götaland,PHEV,private,168
2026-01-01,17,Värmland,BEV,company,30
2026-01-01,17,Värmland,BEV,dealer,15
2026-01-01,17,Värmland,BEV,private,50
2026-01-01,17,Värmland,DIESEL,company,60
2026-01-01,17,Värmland,DIESEL,dealer,13
2026-01-01,17,Värmland,DIESEL,private,15
2026-01-01,17,Värmland,ETHANOL,company,1
2026-01-01,17,Värmland,ETHANOL,private,3
2026-01-01,17,Värmland,HEV,company,5
2026-01-01,17,Värmland,HEV,dealer,7
2026-01-01,17,Värmland,HEV,private,23
2026-01-01,17,Värmland,PETROL,company,25
2026-01-01,17,Värmland,PETROL,dealer,42
2026-01-01,17,Värmland,PETROL,private,49
2026-01-01,17,Värmland,PHEV,company,29
2026-01-01,17,Värmland,PHEV,dealer,15
2026-01-01,17,Värmland,PHEV,private,27
2026-01-01,18,Örebro,BEV,company,23
2026-01-01,18,Örebro,BEV,dealer,15
2026-01-01,18,Örebro,BEV,private,70
2026-01-01,18,Örebro,DIESEL,company,11
2026-01-01,18,Örebro,DIESEL,dealer,2
2026-01-01,18,Örebro,DIESEL,private,15
2026-01-01,18,Örebro,ETHANOL,dealer,3
2026-01-01,18,Örebro,ETHANOL,private,1
2026-01-01,18,Örebro,HEV,company,5
2026-01-01,18,Örebro,HEV,dealer,6
2026-01-01,18,Örebro,HEV,private,21
2026-01-01,18,Örebro,PETROL,company,8
2026-01-01,18,Örebro,PETROL,dealer,7
2026-01-01,18,Örebro,PETROL,private,39
2026-01-01,18,Örebro,PHEV,company,23
2026-01-01,18,Örebro,PHEV,dealer,17
2026-01-01,18,Örebro,PHEV,private,26
2026-01-01,19,Västmanland,BEV,company,45
2026-01-01,19,Västmanland,BEV,dealer,18
2026-01-01,19,Västmanland,BEV,private,64
2026-01-01,19,Västmanland,DIESEL,company,10
2026-01-01,19,Västmanland,DIESEL,dealer,1
2026-01-01,19,Västmanland,DIESEL,private,12
2026-01-01,19,Västmanland,ETHANOL,private,1
2026-01-01,19,Västmanland,HEV,company,4
2026-01-01,19,Västmanland,HEV,dealer,5
2026-01-01,19,Västmanland,HEV,private,14
2026-01-01,19,Västmanland,PETROL,company,7
2026-01-01,19,Västmanland,PETROL,dealer,12
2026-01-01,19,Västmanland,PETROL,private,36
2026-01-01,19,Västmanland,PHEV,company,29
2026-01-01,19,Västmanland,PHEV,dealer,10
2026-01-01,19,Västmanland,PHEV,private,33
2026-01-01,20,Dalarna,BEV,company,28
2026-01-01,20,Dalarna,BEV,dealer,19
2026-01-01,20,Dalarna,BEV,private,48
2026-01-01,20,Dalarna,DIESEL,company,12
2026-01-01,20,Dalarna,DIESEL,dealer,2
2026-01-01,20,Dalarna,DIESEL,private,6
2026-01-01,20,Dalarna,ETHANOL,company,2
2026-01-01,20,Dalarna,ETHANOL,dealer,3
2026-01-01,20,Dalarna,ETHANOL,private,2
2026-01-01,20,Dalarna,HEV,company,3
2026-01-01,20,Dalarna,HEV,dealer,12
2026-01-01,20,Dalarna,HEV,private,8
2026-01-01,20,Dalarna,PETROL,company,11
2026-01-01,20,Dalarna,PETROL,dealer,20
2026-01-01,20,Dalarna,PETROL,private,31
2026-01-01,20,Dalarna,PHEV,company,25
2026-01-01,20,Dalarna,PHEV,dealer,34
2026-01-01,20,Dalarna,PHEV,private,26
2026-01-01,21,Gävleborg,BEV,company,33
2026-01-01,21,Gävleborg,BEV,dealer,31
2026-01-01,21,Gävleborg,BEV,private,38
2026-01-01,21,Gävleborg,DIESEL,company,24
2026-01-01,21,Gävleborg,DIESEL,dealer,1
2026-01-01,21,Gävleborg,DIESEL,private,8
2026-01-01,21,Gävleborg,ETHANOL,company,1
2026-01-01,21,Gävleborg,ETHANOL,dealer,3
2026-01-01,21,Gävleborg,ETHANOL,private,2
2026-01-01,21,Gävleborg,HEV,company,4
2026-01-01,21,Gävleborg,HEV,dealer,16
2026-01-01,21,Gävleborg,HEV,private,18
2026-01-01,21,Gävleborg,PETROL,company,10
2026-01-01,21,Gävleborg,PETROL,dealer,20
2026-01-01,21,Gävleborg,PETROL,private,26
2026-01-01,21,Gävleborg,PHEV,company,20
2026-01-01,21,Gävleborg,PHEV,dealer,13
2026-01-01,21,Gävleborg,PHEV,private,12
2026-01-01,22,Västernorrland,BEV,company,22
2026-01-01,22,Västernorrland,BEV,dealer,13
2026-01-01,22,Västernorrland,BEV,private,36
2026-01-01,22,Västernorrland,DIESEL,company,15
2026-01-01,22,Västernorrland,DIESEL,dealer,5
2026-01-01,22,Västernorrland,DIESEL,private,6
2026-01-01,22,Västernorrland,ETHANOL,company,6
2026-01-01,22,Västernorrland,ETHANOL,dealer,2
2026-01-01,22,Västernorrland,HEV,dealer,5
2026-01-01,22,Västernorrland,HEV,private,17
2026-01-01,22,Västernorrland,PETROL,company,11
2026-01-01,22,Västernorrland,PETROL,dealer,11
2026-01-01,22,Västernorrland,PETROL,private,24
2026-01-01,22,Västernorrland,PHEV,company,25
2026-01-01,22,Västernorrland,PHEV,dealer,8
2026-01-01,22,Västernorrland,PHEV,private,9
2026-01-01,23,Jämtland,BEV,company,28
2026-01-01,23,Jämtland,BEV,dealer,7
2026-01-01,23,Jämtland,BEV,private,13
2026-01-01,23,Jämtland,DIESEL,company,5
2026-01-01,23,Jämtland,DIESEL,private,3
2026-01-01,23,Jämtland,ETHANOL,company,1
2026-01-01,23,Jämtland,HEV,dealer,2
2026-01-01,23,Jämtland,HEV,private,6
2026-01-01,23,Jämtland,PETROL,company,2
2026-01-01,23,Jämtland,PETROL,dealer,2
2026-01-01,23,Jämtland,PETROL,private,9
2026-01-01,23,Jämtland,PHEV,company,7
2026-01-01,23,Jämtland,PHEV,dealer,4
2026-01-01,23,Jämtland,PHEV,private,7
2026-01-01,24,Västerbotten,BEV,company,22
2026-01-01,24,Västerbotten,BEV,dealer,24
2026-01-01,24,Västerbotten,BEV,private,38
2026-01-01,24,Västerbotten,DIESEL,company,14
2026-01-01,24,Västerbotten,DIESEL,dealer,5
2026-01-01,24,Västerbotten,DIESEL,private,4
2026-01-01,24,Västerbotten,ETHANOL,private,1
2026-01-01,24,Västerbotten,HEV,company,6
2026-01-01,24,Västerbotten,HEV,dealer,7
2026-01-01,24,Västerbotten,HEV,private,13
2026-01-01,24,Västerbotten,PETROL,company,10
2026-01-01,24,Västerbotten,PETROL,dealer,26
2026-01-01,24,Västerbotten,PETROL,private,15
2026-01-01,24,Västerbotten,PHEV,company,27
2026-01-01,24,Västerbotten,PHEV,dealer,17
2026-01-01,24,Västerbotten,PHEV,private,20
2026-01-01,25,Norrbotten,BEV,company,21
2026-01-01,25,Norrbotten,BEV,dealer,11
2026-01-01,25,Norrbotten,BEV,private,26
2026-01-01,25,Norrbotten,DIESEL,company,22
2026-01-01,25,Norrbotten,DIESEL,private,10
2026-01-01,25,Norrbotten,ETHANOL,company,5
2026-01-01,25,Norrbotten,ETHANOL,private,2
2026-01-01,25,Norrbotten,HEV,company,13
2026-01-01,25,Norrbotten,HEV,dealer,8
2026-01-01,25,Norrbotten,HEV,private,15
2026-01-01,25,Norrbotten,PETROL,company,23
2026-01-01,25,Norrbotten,PETROL,dealer,20
2026-01-01,25,Norrbotten,PETROL,private,17
2026-01-01,25,Norrbotten,PHEV,company,18
2026-01-01,25,Norrbotten,PHEV,dealer,8
2026-01-01,25,Norrbotten,PHEV,private,13
2026-02-01,01,Stockholm,BEV,company,2085
2026-02-01,01,Stockholm,BEV,dealer,1053
2026-02-01,01,Stockholm,BEV,private,582
2026-02-01,01,Stockholm,DIESEL,company,318
2026-02-01,01,Stockholm,DIESEL,dealer,17
2026-02-01,01,Stockholm,DIESEL,private,69
2026-02-01,01,Stockholm,ETHANOL,company,2
2026-02-01,01,Stockholm,ETHANOL,dealer,2
2026-02-01,01,Stockholm,ETHANOL,private,16
2026-02-01,01,Stockholm,HEV,company,179
2026-02-01,01,Stockholm,HEV,dealer,54
2026-02-01,01,Stockholm,HEV,private,166
2026-02-01,01,Stockholm,PETROL,company,522
2026-02-01,01,Stockholm,PETROL,dealer,119
2026-02-01,01,Stockholm,PETROL,private,406
2026-02-01,01,Stockholm,PHEV,company,1478
2026-02-01,01,Stockholm,PHEV,dealer,233
2026-02-01,01,Stockholm,PHEV,private,366
2026-02-01,03,Uppsala,BEV,company,72
2026-02-01,03,Uppsala,BEV,dealer,17
2026-02-01,03,Uppsala,BEV,private,93
2026-02-01,03,Uppsala,DIESEL,company,26
2026-02-01,03,Uppsala,DIESEL,dealer,4
2026-02-01,03,Uppsala,DIESEL,private,14
2026-02-01,03,Uppsala,ETHANOL,private,5
2026-02-01,03,Uppsala,HEV,company,23
2026-02-01,03,Uppsala,HEV,dealer,15
2026-02-01,03,Uppsala,HEV,private,32
2026-02-01,03,Uppsala,PETROL,company,16
2026-02-01,03,Uppsala,PETROL,dealer,18
2026-02-01,03,Uppsala,PETROL,private,38
2026-02-01,03,Uppsala,PHEV,company,64
2026-02-01,03,Uppsala,PHEV,dealer,18
2026-02-01,03,Uppsala,PHEV,private,41
2026-02-01,04,Södermanland,BEV,company,30
2026-02-01,04,Södermanland,BEV,dealer,11
2026-02-01,04,Södermanland,BEV,private,65
2026-02-01,04,Södermanland,DIESEL,company,8
2026-02-01,04,Södermanland,DIESEL,dealer,5
2026-02-01,04,Södermanland,DIESEL,private,20
2026-02-01,04,Södermanland,ETHANOL,private,2
2026-02-01,04,Södermanland,HEV,company,3
2026-02-01,04,Södermanland,HEV,dealer,10
2026-02-01,04,Södermanland,HEV,private,21
2026-02-01,04,Södermanland,PETROL,company,15
2026-02-01,04,Södermanland,PETROL,dealer,16
2026-02-01,04,Södermanland,PETROL,private,37
2026-02-01,04,Södermanland,PHEV,company,18
2026-02-01,04,Södermanland,PHEV,dealer,15
2026-02-01,04,Södermanland,PHEV,private,44
2026-02-01,05,Östergötland,BEV,company,79
2026-02-01,05,Östergötland,BEV,dealer,19
2026-02-01,05,Östergötland,BEV,private,108
2026-02-01,05,Östergötland,DIESEL,company,29
2026-02-01,05,Östergötland,DIESEL,dealer,17
2026-02-01,05,Östergötland,DIESEL,private,23
2026-02-01,05,Östergötland,ETHANOL,company,1
2026-02-01,05,Östergötland,ETHANOL,dealer,2
2026-02-01,05,Östergötland,ETHANOL,private,7
2026-02-01,05,Östergötland,HEV,company,14
2026-02-01,05,Östergötland,HEV,dealer,22
2026-02-01,05,Östergötland,HEV,private,51
2026-02-01,05,Östergötland,PETROL,company,21
2026-02-01,05,Östergötland,PETROL,dealer,23
2026-02-01,05,Östergötland,PETROL,private,84
2026-02-01,05,Östergötland,PHEV,company,72
2026-02-01,05,Östergötland,PHEV,dealer,20
2026-02-01,05,Östergötland,PHEV,private,77
2026-02-01,06,Jönköping,BEV,company,71
2026-02-01,06,Jönköping,BEV,dealer,27
2026-02-01,06,Jönköping,BEV,private,81
2026-02-01,06,Jönköping,DIESEL,company,78
2026-02-01,06,Jönköping,DIESEL,dealer,4
2026-02-01,06,Jönköping,DIESEL,private,20
2026-02-01,06,Jönköping,HEV,company,17
2026-02-01,06,Jönköping,HEV,dealer,27
2026-02-01,06,Jönköping,HEV,private,31
2026-02-01,06,Jönköping,PETROL,company,82
2026-02-01,06,Jönköping,PETROL,dealer,27
2026-02-01,06,Jönköping,PETROL,private,55
2026-02-01,06,Jönköping,PHEV,company,87
2026-02-01,06,Jönköping,PHEV,dealer,29
2026-02-01,06,Jönköping,PHEV,private,60
2026-02-01,07,Kronoberg,BEV,company,35
2026-02-01,07,Kronoberg,BEV,dealer,6
2026-02-01,07,Kronoberg,BEV,private,49
2026-02-01,07,Kronoberg,DIESEL,company,8
2026-02-01,07,Kronoberg,DIESEL,dealer,34
2026-02-01,07,Kronoberg,DIESEL,private,13
2026-02-01,07,Kronoberg,ETHANOL,company,1
2026-02-01,07,Kronoberg,ETHANOL,private,1
2026-02-01,07,Kronoberg,HEV,company,1
2026-02-01,07,Kronoberg,HEV,dealer,4
2026-02-01,07,Kronoberg,HEV,private,15
2026-02-01,07,Kronoberg,PETROL,company,11
2026-02-01,07,Kronoberg,PETROL,dealer,28
2026-02-01,07,Kronoberg,PETROL,private,52
2026-02-01,07,Kronoberg,PHEV,company,26
2026-02-01,07,Kronoberg,PHEV,dealer,11
2026-02-01,07,Kronoberg,PHEV,private,24
2026-02-01,08,Kalmar,BEV,company,28
2026-02-01,08,Kalmar,BEV,dealer,12
2026-02-01,08,Kalmar,BEV,private,51
2026-02-01,08,Kalmar,DIESEL,company,21
2026-02-01,08,Kalmar,DIESEL,dealer,7
2026-02-01,08,Kalmar,DIESEL,private,19
2026-02-01,08,Kalmar,ETHANOL,private,1
2026-02-01,08,Kalmar,HEV,company,2
2026-02-01,08,Kalmar,HEV,dealer,2
2026-02-01,08,Kalmar,HEV,private,10
2026-02-01,08,Kalmar,PETROL,company,15
2026-02-01,08,Kalmar,PETROL,dealer,27
2026-02-01,08,Kalmar,PETROL,private,41
2026-02-01,08,Kalmar,PHEV,company,15
2026-02-01,08,Kalmar,PHEV,dealer,21
2026-02-01,08,Kalmar,PHEV,private,33
2026-02-01,09,Gotland,BEV,company,3
2026-02-01,09,Gotland,BEV,dealer,4
2026-02-01,09,Gotland,BEV,private,11
2026-02-01,09,Gotland,DIESEL,company,2
2026-02-01,09,Gotland,DIESEL,private,4
2026-02-01,09,Gotland,HEV,company,1
2026-02-01,09,Gotland,HEV,dealer,3
2026-02-01,09,Gotland,HEV,private,4
2026-02-01,09,Gotland,PETROL,company,2
2026-02-01,09,Gotland,PETROL,private,6
2026-02-01,09,Gotland,PHEV,company,2
2026-02-01,09,Gotland,PHEV,dealer,4
2026-02-01,09,Gotland,PHEV,private,6
2026-02-01,10,Blekinge,BEV,company,15
2026-02-01,10,Blekinge,BEV,dealer,4
2026-02-01,10,Blekinge,BEV,private,34
2026-02-01,10,Blekinge,DIESEL,company,20
2026-02-01,10,Blekinge,DIESEL,dealer,2
2026-02-01,10,Blekinge,DIESEL,private,6
2026-02-01,10,Blekinge,HEV,company,2
2026-02-01,10,Blekinge,HEV,dealer,4
2026-02-01,10,Blekinge,HEV,private,6
2026-02-01,10,Blekinge,PETROL,company,16
2026-02-01,10,Blekinge,PETROL,dealer,13
2026-02-01,10,Blekinge,PETROL,private,26
2026-02-01,10,Blekinge,PHEV,company,13
2026-02-01,10,Blekinge,PHEV,dealer,12
2026-02-01,10,Blekinge,PHEV,private,20
2026-02-01,12,Skåne,BEV,company,255
2026-02-01,12,Skåne,BEV,dealer,131
2026-02-01,12,Skåne,BEV,private,417
2026-02-01,12,Skåne,DIESEL,company,90
2026-02-01,12,Skåne,DIESEL,dealer,35
2026-02-01,12,Skåne,DIESEL,private,81
2026-02-01,12,Skåne,ETHANOL,company,2
2026-02-01,12,Skåne,ETHANOL,dealer,3
2026-02-01,12,Skåne,ETHANOL,private,6
2026-02-01,12,Skåne,HEV,company,40
2026-02-01,12,Skåne,HEV,dealer,46
2026-02-01,12,Skåne,HEV,private,113
2026-02-01,12,Skåne,PETROL,company,208
2026-02-01,12,Skåne,PETROL,dealer,534
2026-02-01,12,Skåne,PETROL,private,315
2026-02-01,12,Skåne,PHEV,company,274
2026-02-01,12,Skåne,PHEV,dealer,91
2026-02-01,12,Skåne,PHEV,private,200
2026-02-01,13,Halland,BEV,company,71
2026-02-01,13,Halland,BEV,dealer,20
2026-02-01,13,Halland,BEV,private,120
2026-02-01,13,Halland,DIESEL,company,9
2026-02-01,13,Halland,DIESEL,dealer,11
2026-02-01,13,Halland,DIESEL,private,25
2026-02-01,13,Halland,ETHANOL,private,1
2026-02-01,13,Halland,HEV,company,16
2026-02-01,13,Halland,HEV,dealer,8
2026-02-01,13,Halland,HEV,private,23
2026-02-01,13,Halland,PETROL,company,19
2026-02-01,13,Halland,PETROL,dealer,12
2026-02-01,13,Halland,PETROL,private,74
2026-02-01,13,Halland,PHEV,company,51
2026-02-01,13,Halland,PHEV,dealer,29
2026-02-01,13,Halland,PHEV,private,46
2026-02-01,14,Västra Götaland,BEV,company,388
2026-02-01,14,Västra Götaland,BEV,dealer,189
2026-02-01,14,Västra Götaland,BEV,private,589
2026-02-01,14,Västra Götaland,DIESEL,company,84
2026-02-01,14,Västra Götaland,DIESEL,dealer,62
2026-02-01,14,Västra Götaland,DIESEL,private,72
2026-02-01,14,Västra Götaland,ETHANOL,company,3
2026-02-01,14,Västra Götaland,ETHANOL,dealer,3
2026-02-01,14,Västra Götaland,ETHANOL,private,12
2026-02-01,14,Västra Götaland,HEV,company,48
2026-02-01,14,Västra Götaland,HEV,dealer,128
2026-02-01,14,Västra Götaland,HEV,private,148
2026-02-01,14,Västra Götaland,PETROL,company,90
2026-02-01,14,Västra Götaland,PETROL,dealer,211
2026-02-01,14,Västra Götaland,PETROL,private,364
2026-02-01,14,Västra Götaland,PHEV,company,250
2026-02-01,14,Västra Götaland,PHEV,dealer,271
2026-02-01,14,Västra Götaland,PHEV,private,233
2026-02-01,17,Värmland,BEV,company,30
2026-02-01,17,Värmland,BEV,dealer,18
2026-02-01,17,Värmland,BEV,private,52
2026-02-01,17,Värmland,DIESEL,company,37
2026-02-01,17,Värmland,DIESEL,dealer,16
2026-02-01,17,Värmland,DIESEL,private,14
2026-02-01,17,Värmland,ETHANOL,private,2
2026-02-01,17,Värmland,HEV,company,28
2026-02-01,17,Värmland,HEV,dealer,14
2026-02-01,17,Värmland,HEV,private,14
2026-02-01,17,Värmland,PETROL,company,39
2026-02-01,17,Värmland,PETROL,dealer,35
2026-02-01,17,Värmland,PETROL,private,44
2026-02-01,17,Värmland,PHEV,company,35
2026-02-01,17,Värmland,PHEV,dealer,32
2026-02-01,17,Värmland,PHEV,private,30
2026-02-01,18,Örebro,BEV,company,55
2026-02-01,18,Örebro,BEV,dealer,16
2026-02-01,18,Örebro,BEV,private,75
2026-02-01,18,Örebro,DIESEL,company,23
2026-02-01,18,Örebro,DIESEL,private,21
2026-02-01,18,Örebro,ETHANOL,private,1
2026-02-01,18,Örebro,HEV,company,3
2026-02-01,18,Örebro,HEV,dealer,6
2026-02-01,18,Örebro,HEV,private,28
2026-02-01,18,Örebro,PETROL,company,14
2026-02-01,18,Örebro,PETROL,dealer,11
2026-02-01,18,Örebro,PETROL,private,61
2026-02-01,18,Örebro,PHEV,company,88
2026-02-01,18,Örebro,PHEV,dealer,14
2026-02-01,18,Örebro,PHEV,private,43
2026-02-01,19,Västmanland,BEV,company,35
2026-02-01,19,Västmanland,BEV,dealer,7
2026-02-01,19,Västmanland,BEV,private,63
2026-02-01,19,Västmanland,DIESEL,company,17
2026-02-01,19,Västmanland,DIESEL,dealer,1
2026-02-01,19,Västmanland,DIESEL,private,13
2026-02-01,19,Västmanland,HEV,company,15
2026-02-01,19,Västmanland,HEV,dealer,3
2026-02-01,19,Västmanland,HEV,private,14
2026-02-01,19,Västmanland,PETROL,company,8
2026-02-01,19,Västmanland,PETROL,dealer,17
2026-02-01,19,Västmanland,PETROL,private,39
2026-02-01,19,Västmanland,PHEV,company,30
2026-02-01,19,Västmanland,PHEV,dealer,5
2026-02-01,19,Västmanland,PHEV,private,29
2026-02-01,20,Dalarna,BEV,company,20
2026-02-01,20,Dalarna,BEV,dealer,20
2026-02-01,20,Dalarna,BEV,private,47
2026-02-01,20,Dalarna,DIESEL,company,31
2026-02-01,20,Dalarna,DIESEL,dealer,4
2026-02-01,20,Dalarna,DIESEL,private,5
2026-02-01,20,Dalarna,ETHANOL,company,1
2026-02-01,20,Dalarna,ETHANOL,private,2
2026-02-01,20,Dalarna,HEV,company,3
2026-02-01,20,Dalarna,HEV,dealer,2
2026-02-01,20,Dalarna,HEV,private,6
2026-02-01,20,Dalarna,PETROL,company,4
2026-02-01,20,Dalarna,PETROL,dealer,19
2026-02-01,20,Dalarna,PETROL,private,27
2026-02-01,20,Dalarna,PHEV,company,43
2026-02-01,20,Dalarna,PHEV,dealer,26
2026-02-01,20,Dalarna,PHEV,private,34
2026-02-01,21,Gävleborg,BEV,company,25
2026-02-01,21,Gävleborg,BEV,dealer,30
2026-02-01,21,Gävleborg,BEV,private,43
2026-02-01,21,Gävleborg,DIESEL,company,11
2026-02-01,21,Gävleborg,DIESEL,dealer,2
2026-02-01,21,Gävleborg,DIESEL,private,6
2026-02-01,21,Gävleborg,ETHANOL,company,2
2026-02-01,21,Gävleborg,ETHANOL,dealer,1
2026-02-01,21,Gävleborg,ETHANOL,private,4
2026-02-01,21,Gävleborg,HEV,company,5
2026-02-01,21,Gävleborg,HEV,dealer,8
2026-02-01,21,Gävleborg,HEV,private,21
2026-02-01,21,Gävleborg,PETROL,company,9
2026-02-01,21,Gävleborg,PETROL,dealer,17
2026-02-01,21,Gävleborg,PETROL,private,31
2026-02-01,21,Gävleborg,PHEV,company,26
2026-02-01,21,Gävleborg,PHEV,dealer,23
2026-02-01,21,Gävleborg,PHEV,private,34
2026-02-01,22,Västernorrland,BEV,company,30
2026-02-01,22,Västernorrland,BEV,dealer,14
2026-02-01,22,Västernorrland,BEV,private,48
2026-02-01,22,Västernorrland,DIESEL,company,30
2026-02-01,22,Västernorrland,DIESEL,dealer,2
2026-02-01,22,Västernorrland,DIESEL,private,9
2026-02-01,22,Västernorrland,ETHANOL,company,3
2026-02-01,22,Västernorrland,ETHANOL,private,4
2026-02-01,22,Västernorrland,HEV,company,2
2026-02-01,22,Västernorrland,HEV,dealer,9
2026-02-01,22,Västernorrland,HEV,private,15
2026-02-01,22,Västernorrland,PETROL,company,10
2026-02-01,22,Västernorrland,PETROL,dealer,10
2026-02-01,22,Västernorrland,PETROL,private,26
2026-02-01,22,Västernorrland,PHEV,company,26
2026-02-01,22,Västernorrland,PHEV,dealer,15
2026-02-01,22,Västernorrland,PHEV,private,22
2026-02-01,23,Jämtland,BEV,company,25
2026-02-01,23,Jämtland,BEV,dealer,6
2026-02-01,23,Jämtland,BEV,private,19
2026-02-01,23,Jämtland,DIESEL,company,4
2026-02-01,23,Jämtland,DIESEL,private,8
2026-02-01,23,Jämtland,ETHANOL,private,2
2026-02-01,23,Jämtland,HEV,company,2
2026-02-01,23,Jämtland,HEV,dealer,12
2026-02-01,23,Jämtland,HEV,private,6
2026-02-01,23,Jämtland,PETROL,company,6
2026-02-01,23,Jämtland,PETROL,dealer,11
2026-02-01,23,Jämtland,PETROL,private,6
2026-02-01,23,Jämtland,PHEV,company,12
2026-02-01,23,Jämtland,PHEV,dealer,4
2026-02-01,23,Jämtland,PHEV,private,9
2026-02-01,24,Västerbotten,BEV,company,36
2026-02-01,24,Västerbotten,BEV,dealer,17
2026-02-01,24,Västerbotten,BEV,private,54
2026-02-01,24,Västerbotten,DIESEL,company,15
2026-02-01,24,Västerbotten,DIESEL,dealer,5
2026-02-01,24,Västerbotten,DIESEL,private,8
2026-02-01,24,Västerbotten,ETHANOL,company,1
2026-02-01,24,Västerbotten,ETHANOL,dealer,1
2026-02-01,24,Västerbotten,ETHANOL,private,2
2026-02-01,24,Västerbotten,HEV,company,4
2026-02-01,24,Västerbotten,HEV,dealer,7
2026-02-01,24,Västerbotten,HEV,private,15
2026-02-01,24,Västerbotten,PETROL,company,25
2026-02-01,24,Västerbotten,PETROL,dealer,26
2026-02-01,24,Västerbotten,PETROL,private,16
2026-02-01,24,Västerbotten,PHEV,company,22
2026-02-01,24,Västerbotten,PHEV,dealer,14
2026-02-01,24,Västerbotten,PHEV,private,24
2026-02-01,25,Norrbotten,BEV,company,25
2026-02-01,25,Norrbotten,BEV,dealer,15
2026-02-01,25,Norrbotten,BEV,private,36
2026-02-01,25,Norrbotten,DIESEL,company,24
2026-02-01,25,Norrbotten,DIESEL,dealer,1
2026-02-01,25,Norrbotten,DIESEL,private,12
2026-02-01,25,Norrbotten,ETHANOL,company,2
2026-02-01,25,Norrbotten,ETHANOL,private,3
2026-02-01,25,Norrbotten,HEV,company,21
2026-02-01,25,Norrbotten,HEV,dealer,7
2026-02-01,25,Norrbotten,HEV,private,9
2026-02-01,25,Norrbotten,PETROL,company,33
2026-02-01,25,Norrbotten,PETROL,dealer,20
2026-02-01,25,Norrbotten,PETROL,private,19
2026-02-01,25,Norrbotten,PHEV,company,39
2026-02-01,25,Norrbotten,PHEV,dealer,2
2026-02-01,25,Norrbotten,PHEV,private,13
2026-03-01,01,Stockholm,BEV,company,3263
2026-03-01,01,Stockholm,BEV,dealer,470
2026-03-01,01,Stockholm,BEV,private,884
2026-03-01,01,Stockholm,DIESEL,company,239
2026-03-01,01,Stockholm,DIESEL,dealer,42
2026-03-01,01,Stockholm,DIESEL,private,109
2026-03-01,01,Stockholm,ETHANOL,company,15
2026-03-01,01,Stockholm,ETHANOL,private,13
2026-03-01,01,Stockholm,GAS,private,1
2026-03-01,01,Stockholm,HEV,company,358
2026-03-01,01,Stockholm,HEV,dealer,100
2026-03-01,01,Stockholm,HEV,private,221
2026-03-01,01,Stockholm,PETROL,company,1028
2026-03-01,01,Stockholm,PETROL,dealer,149
2026-03-01,01,Stockholm,PETROL,private,608
2026-03-01,01,Stockholm,PHEV,company,1901
2026-03-01,01,Stockholm,PHEV,dealer,257
2026-03-01,01,Stockholm,PHEV,private,546
2026-03-01,03,Uppsala,BEV,company,81
2026-03-01,03,Uppsala,BEV,dealer,33
2026-03-01,03,Uppsala,BEV,private,134
2026-03-01,03,Uppsala,DIESEL,company,36
2026-03-01,03,Uppsala,DIESEL,dealer,6
2026-03-01,03,Uppsala,DIESEL,private,21
2026-03-01,03,Uppsala,ETHANOL,company,2
2026-03-01,03,Uppsala,ETHANOL,private,6
2026-03-01,03,Uppsala,HEV,company,26
2026-03-01,03,Uppsala,HEV,dealer,18
2026-03-01,03,Uppsala,HEV,private,34
2026-03-01,03,Uppsala,PETROL,company,25
2026-03-01,03,Uppsala,PETROL,dealer,11
2026-03-01,03,Uppsala,PETROL,private,70
2026-03-01,03,Uppsala,PHEV,company,59
2026-03-01,03,Uppsala,PHEV,dealer,22
2026-03-01,03,Uppsala,PHEV,private,65
2026-03-01,04,Södermanland,BEV,company,82
2026-03-01,04,Södermanland,BEV,dealer,23
2026-03-01,04,Södermanland,BEV,private,100
2026-03-01,04,Södermanland,DIESEL,company,9
2026-03-01,04,Södermanland,DIESEL,dealer,5
2026-03-01,04,Södermanland,DIESEL,private,23
2026-03-01,04,Södermanland,ETHANOL,company,1
2026-03-01,04,Södermanland,ETHANOL,private,4
2026-03-01,04,Södermanland,HEV,company,7
2026-03-01,04,Södermanland,HEV,dealer,13
2026-03-01,04,Södermanland,HEV,private,26
2026-03-01,04,Södermanland,PETROL,company,12
2026-03-01,04,Södermanland,PETROL,dealer,29
2026-03-01,04,Södermanland,PETROL,private,88
2026-03-01,04,Södermanland,PHEV,company,40
2026-03-01,04,Södermanland,PHEV,dealer,17
2026-03-01,04,Södermanland,PHEV,private,69
2026-03-01,05,Östergötland,BEV,company,140
2026-03-01,05,Östergötland,BEV,dealer,31
2026-03-01,05,Östergötland,BEV,private,162
2026-03-01,05,Östergötland,DIESEL,company,36
2026-03-01,05,Östergötland,DIESEL,dealer,21
2026-03-01,05,Östergötland,DIESEL,private,33
2026-03-01,05,Östergötland,ETHANOL,company,3
2026-03-01,05,Östergötland,ETHANOL,private,3
2026-03-01,05,Östergötland,HEV,company,18
2026-03-01,05,Östergötland,HEV,dealer,128
2026-03-01,05,Östergötland,HEV,private,51
2026-03-01,05,Östergötland,PETROL,company,36
2026-03-01,05,Östergötland,PETROL,dealer,37
2026-03-01,05,Östergötland,PETROL,private,108
2026-03-01,05,Östergötland,PHEV,company,86
2026-03-01,05,Östergötland,PHEV,dealer,37
2026-03-01,05,Östergötland,PHEV,private,113
2026-03-01,06,Jönköping,BEV,company,174
2026-03-01,06,Jönköping,BEV,dealer,46
2026-03-01,06,Jönköping,BEV,private,166
2026-03-01,06,Jönköping,DIESEL,company,32
2026-03-01,06,Jönköping,DIESEL,dealer,6
2026-03-01,06,Jönköping,DIESEL,private,36
2026-03-01,06,Jönköping,ETHANOL,company,1
2026-03-01,06,Jönköping,ETHANOL,private,2
2026-03-01,06,Jönköping,HEV,company,19
2026-03-01,06,Jönköping,HEV,dealer,26
2026-03-01,06,Jönköping,HEV,private,45
2026-03-01,06,Jönköping,PETROL,company,103
2026-03-01,06,Jönköping,PETROL,dealer,29
2026-03-01,06,Jönköping,PETROL,private,106
2026-03-01,06,Jönköping,PHEV,company,104
2026-03-01,06,Jönköping,PHEV,dealer,58
2026-03-01,06,Jönköping,PHEV,private,74
2026-03-01,07,Kronoberg,BEV,company,43
2026-03-01,07,Kronoberg,BEV,dealer,18
2026-03-01,07,Kronoberg,BEV,private,71
2026-03-01,07,Kronoberg,DIESEL,company,11
2026-03-01,07,Kronoberg,DIESEL,dealer,1
2026-03-01,07,Kronoberg,DIESEL,private,24
2026-03-01,07,Kronoberg,ETHANOL,private,2
2026-03-01,07,Kronoberg,HEV,company,8
2026-03-01,07,Kronoberg,HEV,dealer,2
2026-03-01,07,Kronoberg,HEV,private,9
2026-03-01,07,Kronoberg,PETROL,company,24
2026-03-01,07,Kronoberg,PETROL,dealer,11
2026-03-01,07,Kronoberg,PETROL,private,52
2026-03-01,07,Kronoberg,PHEV,company,40
2026-03-01,07,Kronoberg,PHEV,dealer,8
2026-03-01,07,Kronoberg,PHEV,private,35
2026-03-01,08,Kalmar,BEV,company,33
2026-03-01,08,Kalmar,BEV,dealer,27
2026-03-01,08,Kalmar,BEV,private,78
2026-03-01,08,Kalmar,DIESEL,company,31
2026-03-01,08,Kalmar,DIESEL,dealer,10
2026-03-01,08,Kalmar,DIESEL,private,38
2026-03-01,08,Kalmar,ETHANOL,private,1
2026-03-01,08,Kalmar,HEV,company,2
2026-03-01,08,Kalmar,HEV,dealer,9
2026-03-01,08,Kalmar,HEV,private,11
2026-03-01,08,Kalmar,OTHER,private,1
2026-03-01,08,Kalmar,PETROL,company,27
2026-03-01,08,Kalmar,PETROL,dealer,47
2026-03-01,08,Kalmar,PETROL,private,67
2026-03-01,08,Kalmar,PHEV,company,43
2026-03-01,08,Kalmar,PHEV,dealer,29
2026-03-01,08,Kalmar,PHEV,private,37
2026-03-01,09,Gotland,BEV,company,12
2026-03-01,09,Gotland,BEV,dealer,2
2026-03-01,09,Gotland,BEV,private,14
2026-03-01,09,Gotland,DIESEL,company,2
2026-03-01,09,Gotland,DIESEL,private,4
2026-03-01,09,Gotland,HEV,company,2
2026-03-01,09,Gotland,HEV,dealer,2
2026-03-01,09,Gotland,HEV,private,4
2026-03-01,09,Gotland,PETROL,dealer,5
2026-03-01,09,Gotland,PETROL,private,9
2026-03-01,09,Gotland,PHEV,company,7
2026-03-01,09,Gotland,PHEV,private,7
2026-03-01,10,Blekinge,BEV,company,16
2026-03-01,10,Blekinge,BEV,dealer,15
2026-03-01,10,Blekinge,BEV,private,72
2026-03-01,10,Blekinge,DIESEL,company,18
2026-03-01,10,Blekinge,DIESEL,private,13
2026-03-01,10,Blekinge,ETHANOL,private,1
2026-03-01,10,Blekinge,HEV,company,1
2026-03-01,10,Blekinge,HEV,dealer,24
2026-03-01,10,Blekinge,HEV,private,13
2026-03-01,10,Blekinge,PETROL,company,6
2026-03-01,10,Blekinge,PETROL,dealer,14
2026-03-01,10,Blekinge,PETROL,private,50
2026-03-01,10,Blekinge,PHEV,company,15
2026-03-01,10,Blekinge,PHEV,dealer,16
2026-03-01,10,Blekinge,PHEV,private,22
2026-03-01,12,Skåne,BEV,company,415
2026-03-01,12,Skåne,BEV,dealer,237
2026-03-01,12,Skåne,BEV,private,594
2026-03-01,12,Skåne,DIESEL,company,121
2026-03-01,12,Skåne,DIESEL,dealer,102
2026-03-01,12,Skåne,DIESEL,private,118
2026-03-01,12,Skåne,ETHANOL,company,3
2026-03-01,12,Skåne,ETHANOL,dealer,4
2026-03-01,12,Skåne,ETHANOL,private,12
2026-03-01,12,Skåne,HEV,company,72
2026-03-01,12,Skåne,HEV,dealer,29
2026-03-01,12,Skåne,HEV,private,116
2026-03-01,12,Skåne,PETROL,company,315
2026-03-01,12,Skåne,PETROL,dealer,613
2026-03-01,12,Skåne,PETROL,private,452
2026-03-01,12,Skåne,PHEV,company,279
2026-03-01,12,Skåne,PHEV,dealer,179
2026-03-01,12,Skåne,PHEV,private,301
2026-03-01,13,Halland,BEV,company,95
2026-03-01,13,Halland,BEV,dealer,25
2026-03-01,13,Halland,BEV,private,187
2026-03-01,13,Halland,DIESEL,company,41
2026-03-01,13,Halland,DIESEL,dealer,8
2026-03-01,13,Halland,DIESEL,private,47
2026-03-01,13,Halland,ETHANOL,company,1
2026-03-01,13,Halland,ETHANOL,private,1
2026-03-01,13,Halland,HEV,company,35
2026-03-01,13,Halland,HEV,dealer,10
2026-03-01,13,Halland,HEV,private,36
2026-03-01,13,Halland,PETROL,company,16
2026-03-01,13,Halland,PETROL,dealer,23
2026-03-01,13,Halland,PETROL,private,108
2026-03-01,13,Halland,PHEV,company,61
2026-03-01,13,Halland,PHEV,dealer,24
2026-03-01,13,Halland,PHEV,private,93
2026-03-01,14,Västra Götaland,BEV,company,638
2026-03-01,14,Västra Götaland,BEV,dealer,367
2026-03-01,14,Västra Götaland,BEV,private,888
2026-03-01,14,Västra Götaland,DIESEL,company,86
2026-03-01,14,Västra Götaland,DIESEL,dealer,113
2026-03-01,14,Västra Götaland,DIESEL,private,184
2026-03-01,14,Västra Götaland,ETHANOL,company,10
2026-03-01,14,Västra Götaland,ETHANOL,private,12
2026-03-01,14,Västra Götaland,HEV,company,43
2026-03-01,14,Västra Götaland,HEV,dealer,95
2026-03-01,14,Västra Götaland,HEV,private,158
2026-03-01,14,Västra Götaland,PETROL,company,126
2026-03-01,14,Västra Götaland,PETROL,dealer,192
2026-03-01,14,Västra Götaland,PETROL,private,470
2026-03-01,14,Västra Götaland,PHEV,company,254
2026-03-01,14,Västra Götaland,PHEV,dealer,297
2026-03-01,14,Västra Götaland,PHEV,private,364
2026-03-01,17,Värmland,BEV,company,46
2026-03-01,17,Värmland,BEV,dealer,23
2026-03-01,17,Värmland,BEV,private,82
2026-03-01,17,Värmland,DIESEL,company,40
2026-03-01,17,Värmland,DIESEL,dealer,21
2026-03-01,17,Värmland,DIESEL,private,25
2026-03-01,17,Värmland,ETHANOL,company,2
2026-03-01,17,Värmland,ETHANOL,private,1
2026-03-01,17,Värmland,HEV,company,14
2026-03-01,17,Värmland,HEV,dealer,10
2026-03-01,17,Värmland,HEV,private,15
2026-03-01,17,Värmland,PETROL,company,116
2026-03-01,17,Värmland,PETROL,dealer,26
2026-03-01,17,Värmland,PETROL,private,62
2026-03-01,17,Värmland,PHEV,company,45
2026-03-01,17,Värmland,PHEV,dealer,13
2026-03-01,17,Värmland,PHEV,private,57
2026-03-01,18,Örebro,BEV,company,109
2026-03-01,18,Örebro,BEV,dealer,19
2026-03-01,18,Örebro,BEV,private,107
2026-03-01,18,Örebro,DIESEL,company,11
2026-03-01,18,Örebro,DIESEL,dealer,3
2026-03-01,18,Örebro,DIESEL,private,33
2026-03-01,18,Örebro,ETHANOL,private,2
2026-03-01,18,Örebro,HEV,company,5
2026-03-01,18,Örebro,HEV,dealer,3
2026-03-01,18,Örebro,HEV,private,21
2026-03-01,18,Örebro,PETROL,company,37
2026-03-01,18,Örebro,PETROL,dealer,11
2026-03-01,18,Örebro,PETROL,private,100
2026-03-01,18,Örebro,PHEV,company,144
2026-03-01,18,Örebro,PHEV,dealer,18
2026-03-01,18,Örebro,PHEV,private,54
2026-03-01,19,Västmanland,BEV,company,71
2026-03-01,19,Västmanland,BEV,dealer,14
2026-03-01,19,Västmanland,BEV,private,87
2026-03-01,19,Västmanland,DIESEL,company,21
2026-03-01,19,Västmanland,DIESEL,dealer,3
2026-03-01,19,Västmanland,DIESEL,private,27
2026-03-01,19,Västmanland,ETHANOL,company,1
2026-03-01,19,Västmanland,ETHANOL,dealer,1
2026-03-01,19,Västmanland,ETHANOL,private,1
2026-03-01,19,Västmanland,HEV,company,32
2026-03-01,19,Västmanland,HEV,dealer,1
2026-03-01,19,Västmanland,HEV,private,9
2026-03-01,19,Västmanland,PETROL,company,24
2026-03-01,19,Västmanland,PETROL,dealer,15
2026-03-01,19,Västmanland,PETROL,private,59
2026-03-01,19,Västmanland,PHEV,company,37
2026-03-01,19,Västmanland,PHEV,dealer,18
2026-03-01,19,Västmanland,PHEV,private,61
2026-03-01,20,Dalarna,BEV,company,46
2026-03-01,20,Dalarna,BEV,dealer,28
2026-03-01,20,Dalarna,BEV,private,75
2026-03-01,20,Dalarna,DIESEL,company,19
2026-03-01,20,Dalarna,DIESEL,dealer,7
2026-03-01,20,Dalarna,DIESEL,private,19
2026-03-01,20,Dalarna,ETHANOL,company,4
2026-03-01,20,Dalarna,ETHANOL,private,6
2026-03-01,20,Dalarna,HEV,company,9
2026-03-01,20,Dalarna,HEV,dealer,3
2026-03-01,20,Dalarna,HEV,private,14
2026-03-01,20,Dalarna,PETROL,company,7
2026-03-01,20,Dalarna,PETROL,dealer,19
2026-03-01,20,Dalarna,PETROL,private,52
2026-03-01,20,Dalarna,PHEV,company,60
2026-03-01,20,Dalarna,PHEV,dealer,37
2026-03-01,20,Dalarna,PHEV,private,50
2026-03-01,21,Gävleborg,BEV,company,39
2026-03-01,21,Gävleborg,BEV,dealer,41
2026-03-01,21,Gävleborg,BEV,private,61
2026-03-01,21,Gävleborg,DIESEL,company,15
2026-03-01,21,Gävleborg,DIESEL,dealer,3
2026-03-01,21,Gävleborg,DIESEL,private,19
2026-03-01,21,Gävleborg,ETHANOL,company,3
2026-03-01,21,Gävleborg,ETHANOL,private,4
2026-03-01,21,Gävleborg,HEV,company,7
2026-03-01,21,Gävleborg,HEV,dealer,10
2026-03-01,21,Gävleborg,HEV,private,27
2026-03-01,21,Gävleborg,PETROL,company,24
2026-03-01,21,Gävleborg,PETROL,dealer,23
2026-03-01,21,Gävleborg,PETROL,private,49
2026-03-01,21,Gävleborg,PHEV,company,30
2026-03-01,21,Gävleborg,PHEV,dealer,24
2026-03-01,21,Gävleborg,PHEV,private,33
2026-03-01,22,Västernorrland,BEV,company,45
2026-03-01,22,Västernorrland,BEV,dealer,24
2026-03-01,22,Västernorrland,BEV,private,65
2026-03-01,22,Västernorrland,DIESEL,company,38
2026-03-01,22,Västernorrland,DIESEL,dealer,2
2026-03-01,22,Västernorrland,DIESEL,private,12
2026-03-01,22,Västernorrland,ETHANOL,company,1
2026-03-01,22,Västernorrland,ETHANOL,dealer,2
2026-03-01,22,Västernorrland,ETHANOL,private,2
2026-03-01,22,Västernorrland,HEV,company,3
2026-03-01,22,Västernorrland,HEV,dealer,1
2026-03-01,22,Västernorrland,HEV,private,14
2026-03-01,22,Västernorrland,PETROL,company,11
2026-03-01,22,Västernorrland,PETROL,dealer,11
2026-03-01,22,Västernorrland,PETROL,private,26
2026-03-01,22,Västernorrland,PHEV,company,26
2026-03-01,22,Västernorrland,PHEV,dealer,25
2026-03-01,22,Västernorrland,PHEV,private,40
2026-03-01,23,Jämtland,BEV,company,32
2026-03-01,23,Jämtland,BEV,dealer,2
2026-03-01,23,Jämtland,BEV,private,18
2026-03-01,23,Jämtland,DIESEL,company,12
2026-03-01,23,Jämtland,DIESEL,dealer,1
2026-03-01,23,Jämtland,DIESEL,private,3
2026-03-01,23,Jämtland,ETHANOL,company,1
2026-03-01,23,Jämtland,ETHANOL,dealer,1
2026-03-01,23,Jämtland,ETHANOL,private,2
2026-03-01,23,Jämtland,HEV,company,8
2026-03-01,23,Jämtland,HEV,dealer,6
2026-03-01,23,Jämtland,HEV,private,5
2026-03-01,23,Jämtland,PETROL,company,4
2026-03-01,23,Jämtland,PETROL,dealer,2
2026-03-01,23,Jämtland,PETROL,private,17
2026-03-01,23,Jämtland,PHEV,company,19
2026-03-01,23,Jämtland,PHEV,dealer,1
2026-03-01,23,Jämtland,PHEV,private,12
2026-03-01,24,Västerbotten,BEV,company,55
2026-03-01,24,Västerbotten,BEV,dealer,40
2026-03-01,24,Västerbotten,BEV,private,77
2026-03-01,24,Västerbotten,DIESEL,company,15
2026-03-01,24,Västerbotten,DIESEL,dealer,7
2026-03-01,24,Västerbotten,DIESEL,private,18
2026-03-01,24,Västerbotten,ETHANOL,company,1
2026-03-01,24,Västerbotten,ETHANOL,dealer,2
2026-03-01,24,Västerbotten,ETHANOL,private,1
2026-03-01,24,Västerbotten,HEV,company,4
2026-03-01,24,Västerbotten,HEV,dealer,7
2026-03-01,24,Västerbotten,HEV,private,13
2026-03-01,24,Västerbotten,PETROL,company,17
2026-03-01,24,Västerbotten,PETROL,dealer,28
2026-03-01,24,Västerbotten,PETROL,private,29
2026-03-01,24,Västerbotten,PHEV,company,28
2026-03-01,24,Västerbotten,PHEV,dealer,19
2026-03-01,24,Västerbotten,PHEV,private,47
2026-03-01,25,Norrbotten,BEV,company,31
2026-03-01,25,Norrbotten,BEV,dealer,9
2026-03-01,25,Norrbotten,BEV,private,44
2026-03-01,25,Norrbotten,DIESEL,company,21
2026-03-01,25,Norrbotten,DIESEL,dealer,1
2026-03-01,25,Norrbotten,DIESEL,private,17
2026-03-01,25,Norrbotten,ETHANOL,company,5
2026-03-01,25,Norrbotten,ETHANOL,private,2
2026-03-01,25,Norrbotten,HEV,company,8
2026-03-01,25,Norrbotten,HEV,dealer,2
2026-03-01,25,Norrbotten,HEV,private,10
2026-03-01,25,Norrbotten,PETROL,company,21
2026-03-01,25,Norrbotten,PETROL,dealer,9
2026-03-01,25,Norrbotten,PETROL,private,28
2026-03-01,25,Norrbotten,PHEV,company,45
2026-03-01,25,Norrbotten,PHEV,dealer,9
2026-03-01,25,Norrbotten,PHEV,private,34
2026-04-01,01,Stockholm,BEV,company,2805
2026-04-01,01,Stockholm,BEV,dealer,918
2026-04-01,01,Stockholm,BEV,private,764
2026-04-01,01,Stockholm,DIESEL,company,314
2026-04-01,01,Stockholm,DIESEL,dealer,11
2026-04-01,01,Stockholm,DIESEL,private,152
2026-04-01,01,Stockholm,ETHANOL,company,17
2026-04-01,01,Stockholm,ETHANOL,dealer,1
2026-04-01,01,Stockholm,ETHANOL,private,11
2026-04-01,01,Stockholm,HEV,company,529
2026-04-01,01,Stockholm,HEV,dealer,169
2026-04-01,01,Stockholm,HEV,private,187
2026-04-01,01,Stockholm,PETROL,company,897
2026-04-01,01,Stockholm,PETROL,dealer,129
2026-04-01,01,Stockholm,PETROL,private,464
2026-04-01,01,Stockholm,PHEV,company,1712
2026-04-01,01,Stockholm,PHEV,dealer,362
2026-04-01,01,Stockholm,PHEV,private,436
2026-04-01,03,Uppsala,BEV,company,80
2026-04-01,03,Uppsala,BEV,dealer,18
2026-04-01,03,Uppsala,BEV,private,100
2026-04-01,03,Uppsala,DIESEL,company,46
2026-04-01,03,Uppsala,DIESEL,dealer,3
2026-04-01,03,Uppsala,DIESEL,private,30
2026-04-01,03,Uppsala,ETHANOL,private,8
2026-04-01,03,Uppsala,HEV,company,9
2026-04-01,03,Uppsala,HEV,dealer,16
2026-04-01,03,Uppsala,HEV,private,31
2026-04-01,03,Uppsala,PETROL,company,27
2026-04-01,03,Uppsala,PETROL,dealer,24
2026-04-01,03,Uppsala,PETROL,private,56
2026-04-01,03,Uppsala,PHEV,company,49
2026-04-01,03,Uppsala,PHEV,dealer,15
2026-04-01,03,Uppsala,PHEV,private,47
2026-04-01,04,Södermanland,BEV,company,62
2026-04-01,04,Södermanland,BEV,dealer,18
2026-04-01,04,Södermanland,BEV,private,95
2026-04-01,04,Södermanland,DIESEL,company,10
2026-04-01,04,Södermanland,DIESEL,dealer,2
2026-04-01,04,Södermanland,DIESEL,private,37
2026-04-01,04,Södermanland,ETHANOL,company,1
2026-04-01,04,Södermanland,ETHANOL,dealer,2
2026-04-01,04,Södermanland,ETHANOL,private,2
2026-04-01,04,Södermanland,HEV,company,6
2026-04-01,04,Södermanland,HEV,dealer,11
2026-04-01,04,Södermanland,HEV,private,20
2026-04-01,04,Södermanland,PETROL,company,6
2026-04-01,04,Södermanland,PETROL,dealer,15
2026-04-01,04,Södermanland,PETROL,private,66
2026-04-01,04,Södermanland,PHEV,company,21
2026-04-01,04,Södermanland,PHEV,dealer,9
2026-04-01,04,Södermanland,PHEV,private,54
2026-04-01,05,Östergötland,BEV,company,102
2026-04-01,05,Östergötland,BEV,dealer,35
2026-04-01,05,Östergötland,BEV,private,145
2026-04-01,05,Östergötland,DIESEL,company,14
2026-04-01,05,Östergötland,DIESEL,dealer,21
2026-04-01,05,Östergötland,DIESEL,private,44
2026-04-01,05,Östergötland,ETHANOL,dealer,1
2026-04-01,05,Östergötland,ETHANOL,private,7
2026-04-01,05,Östergötland,HEV,company,5
2026-04-01,05,Östergötland,HEV,dealer,50
2026-04-01,05,Östergötland,HEV,private,66
2026-04-01,05,Östergötland,PETROL,company,53
2026-04-01,05,Östergötland,PETROL,dealer,26
2026-04-01,05,Östergötland,PETROL,private,96
2026-04-01,05,Östergötland,PHEV,company,73
2026-04-01,05,Östergötland,PHEV,dealer,46
2026-04-01,05,Östergötland,PHEV,private,77
2026-04-01,06,Jönköping,BEV,company,168
2026-04-01,06,Jönköping,BEV,dealer,45
2026-04-01,06,Jönköping,BEV,private,105
2026-04-01,06,Jönköping,DIESEL,company,54
2026-04-01,06,Jönköping,DIESEL,dealer,12
2026-04-01,06,Jönköping,DIESEL,private,53
2026-04-01,06,Jönköping,ETHANOL,company,1
2026-04-01,06,Jönköping,ETHANOL,private,2
2026-04-01,06,Jönköping,HEV,company,16
2026-04-01,06,Jönköping,HEV,dealer,37
2026-04-01,06,Jönköping,HEV,private,48
2026-04-01,06,Jönköping,PETROL,company,65
2026-04-01,06,Jönköping,PETROL,dealer,28
2026-04-01,06,Jönköping,PETROL,private,106
2026-04-01,06,Jönköping,PHEV,company,131
2026-04-01,06,Jönköping,PHEV,dealer,43
2026-04-01,06,Jönköping,PHEV,private,58
2026-04-01,07,Kronoberg,BEV,company,49
2026-04-01,07,Kronoberg,BEV,dealer,17
2026-04-01,07,Kronoberg,BEV,private,60
2026-04-01,07,Kronoberg,DIESEL,company,44
2026-04-01,07,Kronoberg,DIESEL,dealer,1
2026-04-01,07,Kronoberg,DIESEL,private,20
2026-04-01,07,Kronoberg,ETHANOL,company,1
2026-04-01,07,Kronoberg,HEV,company,2
2026-04-01,07,Kronoberg,HEV,dealer,10
2026-04-01,07,Kronoberg,HEV,private,18
2026-04-01,07,Kronoberg,PETROL,company,15
2026-04-01,07,Kronoberg,PETROL,dealer,9
2026-04-01,07,Kronoberg,PETROL,private,42
2026-04-01,07,Kronoberg,PHEV,company,23
2026-04-01,07,Kronoberg,PHEV,dealer,7
2026-04-01,07,Kronoberg,PHEV,private,37
2026-04-01,08,Kalmar,BEV,company,32
2026-04-01,08,Kalmar,BEV,dealer,14
2026-04-01,08,Kalmar,BEV,private,76
2026-04-01,08,Kalmar,DIESEL,company,23
2026-04-01,08,Kalmar,DIESEL,private,37
2026-04-01,08,Kalmar,ETHANOL,company,1
2026-04-01,08,Kalmar,GAS,private,1
2026-04-01,08,Kalmar,HEV,company,3
2026-04-01,08,Kalmar,HEV,dealer,12
2026-04-01,08,Kalmar,HEV,private,12
2026-04-01,08,Kalmar,PETROL,company,24
2026-04-01,08,Kalmar,PETROL,dealer,13
2026-04-01,08,Kalmar,PETROL,private,44
2026-04-01,08,Kalmar,PHEV,company,23
2026-04-01,08,Kalmar,PHEV,dealer,10
2026-04-01,08,Kalmar,PHEV,private,35
2026-04-01,09,Gotland,BEV,company,7
2026-04-01,09,Gotland,BEV,dealer,2
2026-04-01,09,Gotland,BEV,private,14
2026-04-01,09,Gotland,DIESEL,company,2
2026-04-01,09,Gotland,DIESEL,private,3
2026-04-01,09,Gotland,HEV,company,1
2026-04-01,09,Gotland,HEV,dealer,4
2026-04-01,09,Gotland,HEV,private,3
2026-04-01,09,Gotland,PETROL,company,5
2026-04-01,09,Gotland,PETROL,private,12
2026-04-01,09,Gotland,PHEV,company,3
2026-04-01,09,Gotland,PHEV,dealer,1
2026-04-01,09,Gotland,PHEV,private,5
2026-04-01,10,Blekinge,BEV,company,21
2026-04-01,10,Blekinge,BEV,dealer,28
2026-04-01,10,Blekinge,BEV,private,49
2026-04-01,10,Blekinge,DIESEL,company,18
2026-04-01,10,Blekinge,DIESEL,dealer,1
2026-04-01,10,Blekinge,DIESEL,private,21
2026-04-01,10,Blekinge,HEV,company,3
2026-04-01,10,Blekinge,HEV,dealer,9
2026-04-01,10,Blekinge,HEV,private,14
2026-04-01,10,Blekinge,PETROL,company,4
2026-04-01,10,Blekinge,PETROL,dealer,8
2026-04-01,10,Blekinge,PETROL,private,31
2026-04-01,10,Blekinge,PHEV,company,14
2026-04-01,10,Blekinge,PHEV,dealer,13
2026-04-01,10,Blekinge,PHEV,private,33
2026-04-01,12,Skåne,BEV,company,355
2026-04-01,12,Skåne,BEV,dealer,189
2026-04-01,12,Skåne,BEV,private,425
2026-04-01,12,Skåne,DIESEL,company,157
2026-04-01,12,Skåne,DIESEL,dealer,31
2026-04-01,12,Skåne,DIESEL,private,132
2026-04-01,12,Skåne,ETHANOL,company,3
2026-04-01,12,Skåne,ETHANOL,dealer,2
2026-04-01,12,Skåne,ETHANOL,private,9
2026-04-01,12,Skåne,HEV,company,103
2026-04-01,12,Skåne,HEV,dealer,35
2026-04-01,12,Skåne,HEV,private,128
2026-04-01,12,Skåne,PETROL,company,379
2026-04-01,12,Skåne,PETROL,dealer,372
2026-04-01,12,Skåne,PETROL,private,322
2026-04-01,12,Skåne,PHEV,company,387
2026-04-01,12,Skåne,PHEV,dealer,201
2026-04-01,12,Skåne,PHEV,private,171
2026-04-01,13,Halland,BEV,company,89
2026-04-01,13,Halland,BEV,dealer,35
2026-04-01,13,Halland,BEV,private,154
2026-04-01,13,Halland,DIESEL,company,18
2026-04-01,13,Halland,DIESEL,dealer,3
2026-04-01,13,Halland,DIESEL,private,35
2026-04-01,13,Halland,ETHANOL,company,2
2026-04-01,13,Halland,ETHANOL,dealer,1
2026-04-01,13,Halland,ETHANOL,private,3
2026-04-01,13,Halland,HEV,company,20
2026-04-01,13,Halland,HEV,dealer,11
2026-04-01,13,Halland,HEV,private,41
2026-04-01,13,Halland,PETROL,company,22
2026-04-01,13,Halland,PETROL,dealer,15
2026-04-01,13,Halland,PETROL,private,84
2026-04-01,13,Halland,PHEV,company,42
2026-04-01,13,Halland,PHEV,dealer,29
2026-04-01,13,Halland,PHEV,private,85
2026-04-01,14,Västra Götaland,BEV,company,533
2026-04-01,14,Västra Götaland,BEV,dealer,274
2026-04-01,14,Västra Götaland,BEV,private,748
2026-04-01,14,Västra Götaland,DIESEL,company,103
2026-04-01,14,Västra Götaland,DIESEL,dealer,51
2026-04-01,14,Västra Götaland,DIESEL,private,199
2026-04-01,14,Västra Götaland,ETHANOL,company,4
2026-04-01,14,Västra Götaland,ETHANOL,dealer,2
2026-04-01,14,Västra Götaland,ETHANOL,private,8
2026-04-01,14,Västra Götaland,HEV,company,54
2026-04-01,14,Västra Götaland,HEV,dealer,81
2026-04-01,14,Västra Götaland,HEV,private,185
2026-04-01,14,Västra Götaland,OTHER,company,1
2026-04-01,14,Västra Götaland,PETROL,company,172
2026-04-01,14,Västra Götaland,PETROL,dealer,173
2026-04-01,14,Västra Götaland,PETROL,private,402
2026-04-01,14,Västra Götaland,PHEV,company,209
2026-04-01,14,Västra Götaland,PHEV,dealer,190
2026-04-01,14,Västra Götaland,PHEV,private,289
2026-04-01,17,Värmland,BEV,company,47
2026-04-01,17,Värmland,BEV,dealer,26
2026-04-01,17,Värmland,BEV,private,76
2026-04-01,17,Värmland,DIESEL,company,37
2026-04-01,17,Värmland,DIESEL,dealer,23
2026-04-01,17,Värmland,DIESEL,private,38
2026-04-01,17,Värmland,ETHANOL,company,1
2026-04-01,17,Värmland,ETHANOL,dealer,1
2026-04-01,17,Värmland,ETHANOL,private,3
2026-04-01,17,Värmland,HEV,company,6
2026-04-01,17,Värmland,HEV,dealer,23
2026-04-01,17,Värmland,HEV,private,25
2026-04-01,17,Värmland,PETROL,company,38
2026-04-01,17,Värmland,PETROL,dealer,48
2026-04-01,17,Värmland,PETROL,private,51
2026-04-01,17,Värmland,PHEV,company,90
2026-04-01,17,Värmland,PHEV,dealer,7
2026-04-01,17,Värmland,PHEV,private,38
2026-04-01,18,Örebro,BEV,company,152
2026-04-01,18,Örebro,BEV,dealer,24
2026-04-01,18,Örebro,BEV,private,89
2026-04-01,18,Örebro,DIESEL,company,12
2026-04-01,18,Örebro,DIESEL,dealer,1
2026-04-01,18,Örebro,DIESEL,private,33
2026-04-01,18,Örebro,ETHANOL,company,1
2026-04-01,18,Örebro,ETHANOL,dealer,2
2026-04-01,18,Örebro,ETHANOL,private,1
2026-04-01,18,Örebro,HEV,company,3
2026-04-01,18,Örebro,HEV,dealer,7
2026-04-01,18,Örebro,HEV,private,17
2026-04-01,18,Örebro,OTHER,private,1
2026-04-01,18,Örebro,PETROL,company,71
2026-04-01,18,Örebro,PETROL,dealer,12
2026-04-01,18,Örebro,PETROL,private,63
2026-04-01,18,Örebro,PHEV,company,191
2026-04-01,18,Örebro,PHEV,dealer,26
2026-04-01,18,Örebro,PHEV,private,46
2026-04-01,19,Västmanland,BEV,company,51
2026-04-01,19,Västmanland,BEV,dealer,18
2026-04-01,19,Västmanland,BEV,private,90
2026-04-01,19,Västmanland,DIESEL,company,14
2026-04-01,19,Västmanland,DIESEL,dealer,2
2026-04-01,19,Västmanland,DIESEL,private,33
2026-04-01,19,Västmanland,ETHANOL,company,3
2026-04-01,19,Västmanland,ETHANOL,dealer,1
2026-04-01,19,Västmanland,ETHANOL,private,1
2026-04-01,19,Västmanland,HEV,company,26
2026-04-01,19,Västmanland,HEV,dealer,9
2026-04-01,19,Västmanland,HEV,private,14
2026-04-01,19,Västmanland,PETROL,company,18
2026-04-01,19,Västmanland,PETROL,dealer,8
2026-04-01,19,Västmanland,PETROL,private,74
2026-04-01,19,Västmanland,PHEV,company,32
2026-04-01,19,Västmanland,PHEV,dealer,24
2026-04-01,19,Västmanland,PHEV,private,41
2026-04-01,20,Dalarna,BEV,company,41
2026-04-01,20,Dalarna,BEV,dealer,22
2026-04-01,20,Dalarna,BEV,private,53
2026-04-01,20,Dalarna,DIESEL,company,28
2026-04-01,20,Dalarna,DIESEL,dealer,2
2026-04-01,20,Dalarna,DIESEL,private,35
2026-04-01,20,Dalarna,ETHANOL,company,3
2026-04-01,20,Dalarna,ETHANOL,private,6
2026-04-01,20,Dalarna,HEV,company,14
2026-04-01,20,Dalarna,HEV,dealer,12
2026-04-01,20,Dalarna,HEV,private,16
2026-04-01,20,Dalarna,PETROL,company,13
2026-04-01,20,Dalarna,PETROL,dealer,11
2026-04-01,20,Dalarna,PETROL,private,39
2026-04-01,20,Dalarna,PHEV,company,34
2026-04-01,20,Dalarna,PHEV,dealer,45
2026-04-01,20,Dalarna,PHEV,private,44
2026-04-01,21,Gävleborg,BEV,company,63
2026-04-01,21,Gävleborg,BEV,dealer,36
2026-04-01,21,Gävleborg,BEV,private,71
2026-04-01,21,Gävleborg,DIESEL,company,29
2026-04-01,21,Gävleborg,DIESEL,dealer,1
2026-04-01,21,Gävleborg,DIESEL,private,28
2026-04-01,21,Gävleborg,ETHANOL,company,2
2026-04-01,21,Gävleborg,ETHANOL,private,3
2026-04-01,21,Gävleborg,HEV,company,11
2026-04-01,21,Gävleborg,HEV,dealer,11
2026-04-01,21,Gävleborg,HEV,private,18
2026-04-01,21,Gävleborg,PETROL,company,23
2026-04-01,21,Gävleborg,PETROL,dealer,8
2026-04-01,21,Gävleborg,PETROL,private,40
2026-04-01,21,Gävleborg,PHEV,company,22
2026-04-01,21,Gävleborg,PHEV,dealer,17
2026-04-01,21,Gävleborg,PHEV,private,31
2026-04-01,22,Västernorrland,BEV,company,25
2026-04-01,22,Västernorrland,BEV,dealer,16
2026-04-01,22,Västernorrland,BEV,private,67
2026-04-01,22,Västernorrland,DIESEL,company,19
2026-04-01,22,Västernorrland,DIESEL,dealer,3
2026-04-01,22,Västernorrland,DIESEL,private,19
2026-04-01,22,Västernorrland,ETHANOL,private,3
2026-04-01,22,Västernorrland,HEV,company,7
2026-04-01,22,Västernorrland,HEV,dealer,4
2026-04-01,22,Västernorrland,HEV,private,17
2026-04-01,22,Västernorrland,OTHER,private,1
2026-04-01,22,Västernorrland,PETROL,company,17
2026-04-01,22,Västernorrland,PETROL,dealer,18
2026-04-01,22,Västernorrland,PETROL,private,24
2026-04-01,22,Västernorrland,PHEV,company,29
2026-04-01,22,Västernorrland,PHEV,dealer,10
2026-04-01,22,Västernorrland,PHEV,private,34
2026-04-01,23,Jämtland,BEV,company,23
2026-04-01,23,Jämtland,BEV,dealer,3
2026-04-01,23,Jämtland,BEV,private,17
2026-04-01,23,Jämtland,DIESEL,company,8
2026-04-01,23,Jämtland,DIESEL,private,13
2026-04-01,23,Jämtland,ETHANOL,private,2
2026-04-01,23,Jämtland,HEV,company,6
2026-04-01,23,Jämtland,HEV,dealer,5
2026-04-01,23,Jämtland,HEV,private,5
2026-04-01,23,Jämtland,PETROL,company,8
2026-04-01,23,Jämtland,PETROL,dealer,4
2026-04-01,23,Jämtland,PETROL,private,9
2026-04-01,23,Jämtland,PHEV,company,9
2026-04-01,23,Jämtland,PHEV,dealer,2
2026-04-01,23,Jämtland,PHEV,private,7
2026-04-01,24,Västerbotten,BEV,company,52
2026-04-01,24,Västerbotten,BEV,dealer,24
2026-04-01,24,Västerbotten,BEV,private,77
2026-04-01,24,Västerbotten,DIESEL,company,18
2026-04-01,24,Västerbotten,DIESEL,dealer,2
2026-04-01,24,Västerbotten,DIESEL,private,23
2026-04-01,24,Västerbotten,ETHANOL,company,1
2026-04-01,24,Västerbotten,HEV,company,4
2026-04-01,24,Västerbotten,HEV,dealer,14
2026-04-01,24,Västerbotten,HEV,private,9
2026-04-01,24,Västerbotten,OTHER,company,1
2026-04-01,24,Västerbotten,OTHER,private,2
2026-04-01,24,Västerbotten,PETROL,company,11
2026-04-01,24,Västerbotten,PETROL,dealer,5
2026-04-01,24,Västerbotten,PETROL,private,19
2026-04-01,24,Västerbotten,PHEV,company,17
2026-04-01,24,Västerbotten,PHEV,dealer,15
2026-04-01,24,Västerbotten,PHEV,private,27
2026-04-01,25,Norrbotten,BEV,company,30
2026-04-01,25,Norrbotten,BEV,dealer,10
2026-04-01,25,Norrbotten,BEV,private,52
2026-04-01,25,Norrbotten,DIESEL,company,19
2026-04-01,25,Norrbotten,DIESEL,private,30
2026-04-01,25,Norrbotten,ETHANOL,company,3
2026-04-01,25,Norrbotten,ETHANOL,dealer,2
2026-04-01,25,Norrbotten,ETHANOL,private,3
2026-04-01,25,Norrbotten,HEV,company,7
2026-04-01,25,Norrbotten,HEV,dealer,13
2026-04-01,25,Norrbotten,HEV,private,5
2026-04-01,25,Norrbotten,PETROL,company,11
2026-04-01,25,Norrbotten,PETROL,dealer,7
2026-04-01,25,Norrbotten,PETROL,private,17
2026-04-01,25,Norrbotten,PHEV,company,33
2026-04-01,25,Norrbotten,PHEV,dealer,4
2026-04-01,25,Norrbotten,PHEV,private,28
2026-05-01,01,Stockholm,BEV,company,2979
2026-05-01,01,Stockholm,BEV,dealer,955
2026-05-01,01,Stockholm,BEV,private,903
2026-05-01,01,Stockholm,DIESEL,company,301
2026-05-01,01,Stockholm,DIESEL,dealer,4
2026-05-01,01,Stockholm,DIESEL,private,127
2026-05-01,01,Stockholm,ETHANOL,company,4
2026-05-01,01,Stockholm,ETHANOL,dealer,1
2026-05-01,01,Stockholm,ETHANOL,private,7
2026-05-01,01,Stockholm,GAS,private,1
2026-05-01,01,Stockholm,HEV,company,312
2026-05-01,01,Stockholm,HEV,dealer,115
2026-05-01,01,Stockholm,HEV,private,157
2026-05-01,01,Stockholm,PETROL,company,1346
2026-05-01,01,Stockholm,PETROL,dealer,125
2026-05-01,01,Stockholm,PETROL,private,496
2026-05-01,01,Stockholm,PHEV,company,2317
2026-05-01,01,Stockholm,PHEV,dealer,419
2026-05-01,01,Stockholm,PHEV,private,504
2026-05-01,03,Uppsala,BEV,company,102
2026-05-01,03,Uppsala,BEV,dealer,35
2026-05-01,03,Uppsala,BEV,private,131
2026-05-01,03,Uppsala,DIESEL,company,47
2026-05-01,03,Uppsala,DIESEL,dealer,5
2026-05-01,03,Uppsala,DIESEL,private,33
2026-05-01,03,Uppsala,ETHANOL,dealer,2
2026-05-01,03,Uppsala,ETHANOL,private,1
2026-05-01,03,Uppsala,HEV,company,12
2026-05-01,03,Uppsala,HEV,dealer,12
2026-05-01,03,Uppsala,HEV,private,36
2026-05-01,03,Uppsala,PETROL,company,29
2026-05-01,03,Uppsala,PETROL,dealer,12
2026-05-01,03,Uppsala,PETROL,private,44
2026-05-01,03,Uppsala,PHEV,company,55
2026-05-01,03,Uppsala,PHEV,dealer,27
2026-05-01,03,Uppsala,PHEV,private,61
2026-05-01,04,Södermanland,BEV,company,65
2026-05-01,04,Södermanland,BEV,dealer,20
2026-05-01,04,Södermanland,BEV,private,127
2026-05-01,04,Södermanland,DIESEL,company,13
2026-05-01,04,Södermanland,DIESEL,private,38
2026-05-01,04,Södermanland,ETHANOL,private,2
2026-05-01,04,Södermanland,HEV,company,6
2026-05-01,04,Södermanland,HEV,dealer,11
2026-05-01,04,Södermanland,HEV,private,22
2026-05-01,04,Södermanland,PETROL,company,16
2026-05-01,04,Södermanland,PETROL,dealer,13
2026-05-01,04,Södermanland,PETROL,private,61
2026-05-01,04,Södermanland,PHEV,company,20
2026-05-01,04,Södermanland,PHEV,dealer,20
2026-05-01,04,Södermanland,PHEV,private,48
2026-05-01,05,Östergötland,BEV,company,145
2026-05-01,05,Östergötland,BEV,dealer,46
2026-05-01,05,Östergötland,BEV,private,158
2026-05-01,05,Östergötland,DIESEL,company,12
2026-05-01,05,Östergötland,DIESEL,dealer,25
2026-05-01,05,Östergötland,DIESEL,private,56
2026-05-01,05,Östergötland,ETHANOL,company,1
2026-05-01,05,Östergötland,ETHANOL,private,3
2026-05-01,05,Östergötland,HEV,company,19
2026-05-01,05,Östergötland,HEV,dealer,28
2026-05-01,05,Östergötland,HEV,private,50
2026-05-01,05,Östergötland,PETROL,company,49
2026-05-01,05,Östergötland,PETROL,dealer,45
2026-05-01,05,Östergötland,PETROL,private,87
2026-05-01,05,Östergötland,PHEV,company,49
2026-05-01,05,Östergötland,PHEV,dealer,25
2026-05-01,05,Östergötland,PHEV,private,72
2026-05-01,06,Jönköping,BEV,company,152
2026-05-01,06,Jönköping,BEV,dealer,61
2026-05-01,06,Jönköping,BEV,private,111
2026-05-01,06,Jönköping,DIESEL,company,53
2026-05-01,06,Jönköping,DIESEL,dealer,23
2026-05-01,06,Jönköping,DIESEL,private,28
2026-05-01,06,Jönköping,ETHANOL,private,3
2026-05-01,06,Jönköping,HEV,company,11
2026-05-01,06,Jönköping,HEV,dealer,34
2026-05-01,06,Jönköping,HEV,private,35
2026-05-01,06,Jönköping,PETROL,company,52
2026-05-01,06,Jönköping,PETROL,dealer,26
2026-05-01,06,Jönköping,PETROL,private,74
2026-05-01,06,Jönköping,PHEV,company,106
2026-05-01,06,Jönköping,PHEV,dealer,41
2026-05-01,06,Jönköping,PHEV,private,71
2026-05-01,07,Kronoberg,BEV,company,44
2026-05-01,07,Kronoberg,BEV,dealer,25
2026-05-01,07,Kronoberg,BEV,private,56
2026-05-01,07,Kronoberg,DIESEL,company,10
2026-05-01,07,Kronoberg,DIESEL,private,11
2026-05-01,07,Kronoberg,ETHANOL,company,2
2026-05-01,07,Kronoberg,HEV,company,15
2026-05-01,07,Kronoberg,HEV,dealer,3
2026-05-01,07,Kronoberg,HEV,private,12
2026-05-01,07,Kronoberg,PETROL,company,13
2026-05-01,07,Kronoberg,PETROL,dealer,17
2026-05-01,07,Kronoberg,PETROL,private,50
2026-05-01,07,Kronoberg,PHEV,company,19
2026-05-01,07,Kronoberg,PHEV,dealer,7
2026-05-01,07,Kronoberg,PHEV,private,30
2026-05-01,08,Kalmar,BEV,company,34
2026-05-01,08,Kalmar,BEV,dealer,30
2026-05-01,08,Kalmar,BEV,private,65
2026-05-01,08,Kalmar,DIESEL,company,14
2026-05-01,08,Kalmar,DIESEL,private,35
2026-05-01,08,Kalmar,HEV,company,2
2026-05-01,08,Kalmar,HEV,dealer,11
2026-05-01,08,Kalmar,HEV,private,16
2026-05-01,08,Kalmar,OTHER,private,1
2026-05-01,08,Kalmar,PETROL,company,31
2026-05-01,08,Kalmar,PETROL,dealer,23
2026-05-01,08,Kalmar,PETROL,private,62
2026-05-01,08,Kalmar,PHEV,company,17
2026-05-01,08,Kalmar,PHEV,dealer,29
2026-05-01,08,Kalmar,PHEV,private,26
2026-05-01,09,Gotland,BEV,company,8
2026-05-01,09,Gotland,BEV,dealer,7
2026-05-01,09,Gotland,BEV,private,15
2026-05-01,09,Gotland,DIESEL,company,6
2026-05-01,09,Gotland,DIESEL,private,6
2026-05-01,09,Gotland,HEV,company,10
2026-05-01,09,Gotland,HEV,private,6
2026-05-01,09,Gotland,PETROL,company,20
2026-05-01,09,Gotland,PETROL,dealer,1
2026-05-01,09,Gotland,PETROL,private,14
2026-05-01,09,Gotland,PHEV,company,8
2026-05-01,09,Gotland,PHEV,dealer,3
2026-05-01,09,Gotland,PHEV,private,5
2026-05-01,10,Blekinge,BEV,company,17
2026-05-01,10,Blekinge,BEV,dealer,15
2026-05-01,10,Blekinge,BEV,private,57
2026-05-01,10,Blekinge,DIESEL,company,16
2026-05-01,10,Blekinge,DIESEL,dealer,13
2026-05-01,10,Blekinge,DIESEL,private,13
2026-05-01,10,Blekinge,HEV,dealer,6
2026-05-01,10,Blekinge,HEV,private,13
2026-05-01,10,Blekinge,PETROL,company,12
2026-05-01,10,Blekinge,PETROL,dealer,9
2026-05-01,10,Blekinge,PETROL,private,32
2026-05-01,10,Blekinge,PHEV,company,9
2026-05-01,10,Blekinge,PHEV,dealer,12
2026-05-01,10,Blekinge,PHEV,private,19
2026-05-01,12,Skåne,BEV,company,384
2026-05-01,12,Skåne,BEV,dealer,158
2026-05-01,12,Skåne,BEV,private,513
2026-05-01,12,Skåne,DIESEL,company,94
2026-05-01,12,Skåne,DIESEL,dealer,72
2026-05-01,12,Skåne,DIESEL,private,120
2026-05-01,12,Skåne,ETHANOL,company,4
2026-05-01,12,Skåne,ETHANOL,dealer,1
2026-05-01,12,Skåne,ETHANOL,private,1
2026-05-01,12,Skåne,HEV,company,38
2026-05-01,12,Skåne,HEV,dealer,21
2026-05-01,12,Skåne,HEV,private,110
2026-05-01,12,Skåne,PETROL,company,277
2026-05-01,12,Skåne,PETROL,dealer,395
2026-05-01,12,Skåne,PETROL,private,342
2026-05-01,12,Skåne,PHEV,company,188
2026-05-01,12,Skåne,PHEV,dealer,189
2026-05-01,12,Skåne,PHEV,private,205
2026-05-01,13,Halland,BEV,company,83
2026-05-01,13,Halland,BEV,dealer,40
2026-05-01,13,Halland,BEV,private,199
2026-05-01,13,Halland,DIESEL,company,23
2026-05-01,13,Halland,DIESEL,dealer,5
2026-05-01,13,Halland,DIESEL,private,50
2026-05-01,13,Halland,HEV,company,8
2026-05-01,13,Halland,HEV,dealer,6
2026-05-01,13,Halland,HEV,private,27
2026-05-01,13,Halland,PETROL,company,17
2026-05-01,13,Halland,PETROL,dealer,21
2026-05-01,13,Halland,PETROL,private,94
2026-05-01,13,Halland,PHEV,company,46
2026-05-01,13,Halland,PHEV,dealer,24
2026-05-01,13,Halland,PHEV,private,68
2026-05-01,14,Västra Götaland,BEV,company,560
2026-05-01,14,Västra Götaland,BEV,dealer,335
2026-05-01,14,Västra Götaland,BEV,private,800
2026-05-01,14,Västra Götaland,DIESEL,company,104
2026-05-01,14,Västra Götaland,DIESEL,dealer,81
2026-05-01,14,Västra Götaland,DIESEL,private,180
2026-05-01,14,Västra Götaland,ETHANOL,company,2
2026-05-01,14,Västra Götaland,ETHANOL,dealer,3
2026-05-01,14,Västra Götaland,ETHANOL,private,6
2026-05-01,14,Västra Götaland,HEV,company,56
2026-05-01,14,Västra Götaland,HEV,dealer,140
2026-05-01,14,Västra Götaland,HEV,private,152
2026-05-01,14,Västra Götaland,OTHER,private,1
2026-05-01,14,Västra Götaland,PETROL,company,181
2026-05-01,14,Västra Götaland,PETROL,dealer,152
2026-05-01,14,Västra Götaland,PETROL,private,429
2026-05-01,14,Västra Götaland,PHEV,company,246
2026-05-01,14,Västra Götaland,PHEV,dealer,297
2026-05-01,14,Västra Götaland,PHEV,private,286
2026-05-01,17,Värmland,BEV,company,50
2026-05-01,17,Värmland,BEV,dealer,21
2026-05-01,17,Värmland,BEV,private,76
2026-05-01,17,Värmland,DIESEL,company,13
2026-05-01,17,Värmland,DIESEL,dealer,9
2026-05-01,17,Värmland,DIESEL,private,30
2026-05-01,17,Värmland,ETHANOL,private,2
2026-05-01,17,Värmland,HEV,company,4
2026-05-01,17,Värmland,HEV,dealer,4
2026-05-01,17,Värmland,HEV,private,18
2026-05-01,17,Värmland,OTHER,private,1
2026-05-01,17,Värmland,PETROL,company,74
2026-05-01,17,Värmland,PETROL,dealer,17
2026-05-01,17,Värmland,PETROL,private,45
2026-05-01,17,Värmland,PHEV,company,82
2026-05-01,17,Värmland,PHEV,dealer,23
2026-05-01,17,Värmland,PHEV,private,49
2026-05-01,18,Örebro,BEV,company,166
2026-05-01,18,Örebro,BEV,dealer,17
2026-05-01,18,Örebro,BEV,private,99
2026-05-01,18,Örebro,DIESEL,company,34
2026-05-01,18,Örebro,DIESEL,dealer,2
2026-05-01,18,Örebro,DIESEL,private,33
2026-05-01,18,Örebro,ETHANOL,private,1
2026-05-01,18,Örebro,HEV,company,5
2026-05-01,18,Örebro,HEV,dealer,10
2026-05-01,18,Örebro,HEV,private,28
2026-05-01,18,Örebro,PETROL,company,87
2026-05-01,18,Örebro,PETROL,dealer,14
2026-05-01,18,Örebro,PETROL,private,70
2026-05-01,18,Örebro,PHEV,company,288
2026-05-01,18,Örebro,PHEV,dealer,24
2026-05-01,18,Örebro,PHEV,private,47
2026-05-01,19,Västmanland,BEV,company,61
2026-05-01,19,Västmanland,BEV,dealer,21
2026-05-01,19,Västmanland,BEV,private,87
2026-05-01,19,Västmanland,DIESEL,company,31
2026-05-01,19,Västmanland,DIESEL,dealer,2
2026-05-01,19,Västmanland,DIESEL,private,30
2026-05-01,19,Västmanland,ETHANOL,dealer,4
2026-05-01,19,Västmanland,ETHANOL,private,2
2026-05-01,19,Västmanland,HEV,company,226
2026-05-01,19,Västmanland,HEV,dealer,5
2026-05-01,19,Västmanland,HEV,private,14
2026-05-01,19,Västmanland,PETROL,company,89
2026-05-01,19,Västmanland,PETROL,dealer,10
2026-05-01,19,Västmanland,PETROL,private,51
2026-05-01,19,Västmanland,PHEV,company,68
2026-05-01,19,Västmanland,PHEV,dealer,20
2026-05-01,19,Västmanland,PHEV,private,43
2026-05-01,20,Dalarna,BEV,company,39
2026-05-01,20,Dalarna,BEV,dealer,16
2026-05-01,20,Dalarna,BEV,private,66
2026-05-01,20,Dalarna,DIESEL,company,23
2026-05-01,20,Dalarna,DIESEL,dealer,3
2026-05-01,20,Dalarna,DIESEL,private,32
2026-05-01,20,Dalarna,ETHANOL,company,2
2026-05-01,20,Dalarna,ETHANOL,dealer,1
2026-05-01,20,Dalarna,ETHANOL,private,2
2026-05-01,20,Dalarna,HEV,company,15
2026-05-01,20,Dalarna,HEV,dealer,4
2026-05-01,20,Dalarna,HEV,private,10
2026-05-01,20,Dalarna,PETROL,company,12
2026-05-01,20,Dalarna,PETROL,dealer,8
2026-05-01,20,Dalarna,PETROL,private,51
2026-05-01,20,Dalarna,PHEV,company,41
2026-05-01,20,Dalarna,PHEV,dealer,43
2026-05-01,20,Dalarna,PHEV,private,50
2026-05-01,21,Gävleborg,BEV,company,45
2026-05-01,21,Gävleborg,BEV,dealer,35
2026-05-01,21,Gävleborg,BEV,private,71
2026-05-01,21,Gävleborg,DIESEL,company,17
2026-05-01,21,Gävleborg,DIESEL,dealer,2
2026-05-01,21,Gävleborg,DIESEL,private,20
2026-05-01,21,Gävleborg,ETHANOL,dealer,2
2026-05-01,21,Gävleborg,ETHANOL,private,5
2026-05-01,21,Gävleborg,HEV,company,13
2026-05-01,21,Gävleborg,HEV,dealer,7
2026-05-01,21,Gävleborg,HEV,private,18
2026-05-01,21,Gävleborg,PETROL,company,12
2026-05-01,21,Gävleborg,PETROL,dealer,12
2026-05-01,21,Gävleborg,PETROL,private,42
2026-05-01,21,Gävleborg,PHEV,company,20
2026-05-01,21,Gävleborg,PHEV,dealer,38
2026-05-01,21,Gävleborg,PHEV,private,35
2026-05-01,22,Västernorrland,BEV,company,30
2026-05-01,22,Västernorrland,BEV,dealer,28
2026-05-01,22,Västernorrland,BEV,private,64
2026-05-01,22,Västernorrland,DIESEL,company,14
2026-05-01,22,Västernorrland,DIESEL,dealer,4
2026-05-01,22,Västernorrland,DIESEL,private,11
2026-05-01,22,Västernorrland,ETHANOL,dealer,3
2026-05-01,22,Västernorrland,ETHANOL,private,1
2026-05-01,22,Västernorrland,HEV,company,12
2026-05-01,22,Västernorrland,HEV,dealer,13
2026-05-01,22,Västernorrland,HEV,private,8
2026-05-01,22,Västernorrland,PETROL,company,17
2026-05-01,22,Västernorrland,PETROL,dealer,6
2026-05-01,22,Västernorrland,PETROL,private,32
2026-05-01,22,Västernorrland,PHEV,company,14
2026-05-01,22,Västernorrland,PHEV,dealer,21
2026-05-01,22,Västernorrland,PHEV,private,25
2026-05-01,23,Jämtland,BEV,company,19
2026-05-01,23,Jämtland,BEV,dealer,4
2026-05-01,23,Jämtland,BEV,private,31
2026-05-01,23,Jämtland,DIESEL,company,9
2026-05-01,23,Jämtland,DIESEL,dealer,1
2026-05-01,23,Jämtland,DIESEL,private,8
2026-05-01,23,Jämtland,ETHANOL,company,2
2026-05-01,23,Jämtland,ETHANOL,dealer,1
2026-05-01,23,Jämtland,HEV,company,1
2026-05-01,23,Jämtland,HEV,dealer,3
2026-05-01,23,Jämtland,HEV,private,4
2026-05-01,23,Jämtland,PETROL,company,11
2026-05-01,23,Jämtland,PETROL,dealer,1
2026-05-01,23,Jämtland,PETROL,private,13
2026-05-01,23,Jämtland,PHEV,company,16
2026-05-01,23,Jämtland,PHEV,private,10
2026-05-01,24,Västerbotten,BEV,company,54
2026-05-01,24,Västerbotten,BEV,dealer,36
2026-05-01,24,Västerbotten,BEV,private,92
2026-05-01,24,Västerbotten,DIESEL,company,14
2026-05-01,24,Västerbotten,DIESEL,dealer,6
2026-05-01,24,Västerbotten,DIESEL,private,26
2026-05-01,24,Västerbotten,ETHANOL,company,2
2026-05-01,24,Västerbotten,HEV,company,4
2026-05-01,24,Västerbotten,HEV,dealer,11
2026-05-01,24,Västerbotten,HEV,private,12
2026-05-01,24,Västerbotten,PETROL,company,10
2026-05-01,24,Västerbotten,PETROL,dealer,7
2026-05-01,24,Västerbotten,PETROL,private,22
2026-05-01,24,Västerbotten,PHEV,company,24
2026-05-01,24,Västerbotten,PHEV,dealer,30
2026-05-01,24,Västerbotten,PHEV,private,30
2026-05-01,25,Norrbotten,BEV,company,36
2026-05-01,25,Norrbotten,BEV,dealer,14
2026-05-01,25,Norrbotten,BEV,private,57
2026-05-01,25,Norrbotten,DIESEL,company,26
2026-05-01,25,Norrbotten,DIESEL,dealer,2
2026-05-01,25,Norrbotten,DIESEL,private,37
2026-05-01,25,Norrbotten,ETHANOL,company,1
2026-05-01,25,Norrbotten,ETHANOL,private,3
2026-05-01,25,Norrbotten,HEV,company,17
2026-05-01,25,Norrbotten,HEV,dealer,16
2026-05-01,25,Norrbotten,HEV,private,7
2026-05-01,25,Norrbotten,PETROL,company,20
2026-05-01,25,Norrbotten,PETROL,dealer,3
2026-05-01,25,Norrbotten,PETROL,private,15
2026-05-01,25,Norrbotten,PHEV,company,32
2026-05-01,25,Norrbotten,PHEV,dealer,12
2026-05-01,25,Norrbotten,PHEV,private,27
2026-06-01,01,Stockholm,BEV,company,3246
2026-06-01,01,Stockholm,BEV,dealer,985
2026-06-01,01,Stockholm,BEV,private,1070
2026-06-01,01,Stockholm,DIESEL,company,426
2026-06-01,01,Stockholm,DIESEL,dealer,19
2026-06-01,01,Stockholm,DIESEL,private,152
2026-06-01,01,Stockholm,ETHANOL,company,5
2026-06-01,01,Stockholm,ETHANOL,private,7
2026-06-01,01,Stockholm,HEV,company,199
2026-06-01,01,Stockholm,HEV,dealer,150
2026-06-01,01,Stockholm,HEV,private,197
2026-06-01,01,Stockholm,OTHER,private,1
2026-06-01,01,Stockholm,PETROL,company,1507
2026-06-01,01,Stockholm,PETROL,dealer,158
2026-06-01,01,Stockholm,PETROL,private,659
2026-06-01,01,Stockholm,PHEV,company,2333
2026-06-01,01,Stockholm,PHEV,dealer,572
2026-06-01,01,Stockholm,PHEV,private,589
2026-06-01,03,Uppsala,BEV,company,119
2026-06-01,03,Uppsala,BEV,dealer,55
2026-06-01,03,Uppsala,BEV,private,175
2026-06-01,03,Uppsala,DIESEL,company,52
2026-06-01,03,Uppsala,DIESEL,dealer,2
2026-06-01,03,Uppsala,DIESEL,private,47
2026-06-01,03,Uppsala,ETHANOL,private,2
2026-06-01,03,Uppsala,HEV,company,7
2026-06-01,03,Uppsala,HEV,dealer,16
2026-06-01,03,Uppsala,HEV,private,37
2026-06-01,03,Uppsala,PETROL,company,38
2026-06-01,03,Uppsala,PETROL,dealer,12
2026-06-01,03,Uppsala,PETROL,private,71
2026-06-01,03,Uppsala,PHEV,company,58
2026-06-01,03,Uppsala,PHEV,dealer,51
2026-06-01,03,Uppsala,PHEV,private,77
2026-06-01,04,Södermanland,BEV,company,56
2026-06-01,04,Södermanland,BEV,dealer,38
2026-06-01,04,Södermanland,BEV,private,136
2026-06-01,04,Södermanland,DIESEL,company,14
2026-06-01,04,Södermanland,DIESEL,dealer,3
2026-06-01,04,Södermanland,DIESEL,private,35
2026-06-01,04,Södermanland,ETHANOL,private,2
2026-06-01,04,Södermanland,HEV,company,1
2026-06-01,04,Södermanland,HEV,dealer,13
2026-06-01,04,Södermanland,HEV,private,25
2026-06-01,04,Södermanland,PETROL,company,30
2026-06-01,04,Södermanland,PETROL,dealer,19
2026-06-01,04,Södermanland,PETROL,private,74
2026-06-01,04,Södermanland,PHEV,company,21
2026-06-01,04,Södermanland,PHEV,dealer,19
2026-06-01,04,Södermanland,PHEV,private,46
2026-06-01,05,Östergötland,BEV,company,134
2026-06-01,05,Östergötland,BEV,dealer,82
2026-06-01,05,Östergötland,BEV,private,184
2026-06-01,05,Östergötland,DIESEL,company,24
2026-06-01,05,Östergötland,DIESEL,dealer,30
2026-06-01,05,Östergötland,DIESEL,private,40
2026-06-01,05,Östergötland,ETHANOL,dealer,1
2026-06-01,05,Östergötland,HEV,company,10
2026-06-01,05,Östergötland,HEV,dealer,27
2026-06-01,05,Östergötland,HEV,private,45
2026-06-01,05,Östergötland,PETROL,company,40
2026-06-01,05,Östergötland,PETROL,dealer,62
2026-06-01,05,Östergötland,PETROL,private,106
2026-06-01,05,Östergötland,PHEV,company,60
2026-06-01,05,Östergötland,PHEV,dealer,33
2026-06-01,05,Östergötland,PHEV,private,93
2026-06-01,06,Jönköping,BEV,company,321
2026-06-01,06,Jönköping,BEV,dealer,72
2026-06-01,06,Jönköping,BEV,private,189
2026-06-01,06,Jönköping,DIESEL,company,34
2026-06-01,06,Jönköping,DIESEL,dealer,8
2026-06-01,06,Jönköping,DIESEL,private,34
2026-06-01,06,Jönköping,ETHANOL,dealer,1
2026-06-01,06,Jönköping,ETHANOL,private,2
2026-06-01,06,Jönköping,HEV,company,9
2026-06-01,06,Jönköping,HEV,dealer,46
2026-06-01,06,Jönköping,HEV,private,36
2026-06-01,06,Jönköping,PETROL,company,22
2026-06-01,06,Jönköping,PETROL,dealer,25
2026-06-01,06,Jönköping,PETROL,private,113
2026-06-01,06,Jönköping,PHEV,company,89
2026-06-01,06,Jönköping,PHEV,dealer,26
2026-06-01,06,Jönköping,PHEV,private,88
2026-06-01,07,Kronoberg,BEV,company,62
2026-06-01,07,Kronoberg,BEV,dealer,46
2026-06-01,07,Kronoberg,BEV,private,76
2026-06-01,07,Kronoberg,DIESEL,company,16
2026-06-01,07,Kronoberg,DIESEL,dealer,9
2026-06-01,07,Kronoberg,DIESEL,private,17
2026-06-01,07,Kronoberg,ETHANOL,private,2
2026-06-01,07,Kronoberg,HEV,company,10
2026-06-01,07,Kronoberg,HEV,dealer,14
2026-06-01,07,Kronoberg,HEV,private,14
2026-06-01,07,Kronoberg,PETROL,company,17
2026-06-01,07,Kronoberg,PETROL,dealer,20
2026-06-01,07,Kronoberg,PETROL,private,50
2026-06-01,07,Kronoberg,PHEV,company,29
2026-06-01,07,Kronoberg,PHEV,dealer,12
2026-06-01,07,Kronoberg,PHEV,private,36
2026-06-01,08,Kalmar,BEV,company,53
2026-06-01,08,Kalmar,BEV,dealer,48
2026-06-01,08,Kalmar,BEV,private,90
2026-06-01,08,Kalmar,DIESEL,company,37
2026-06-01,08,Kalmar,DIESEL,dealer,4
2026-06-01,08,Kalmar,DIESEL,private,37
2026-06-01,08,Kalmar,HEV,company,1
2026-06-01,08,Kalmar,HEV,dealer,12
2026-06-01,08,Kalmar,HEV,private,15
2026-06-01,08,Kalmar,PETROL,company,14
2026-06-01,08,Kalmar,PETROL,dealer,17
2026-06-01,08,Kalmar,PETROL,private,64
2026-06-01,08,Kalmar,PHEV,company,37
2026-06-01,08,Kalmar,PHEV,dealer,23
2026-06-01,08,Kalmar,PHEV,private,38
2026-06-01,09,Gotland,BEV,company,13
2026-06-01,09,Gotland,BEV,dealer,7
2026-06-01,09,Gotland,BEV,private,15
2026-06-01,09,Gotland,DIESEL,company,2
2026-06-01,09,Gotland,DIESEL,private,2
2026-06-01,09,Gotland,HEV,dealer,1
2026-06-01,09,Gotland,HEV,private,1
2026-06-01,09,Gotland,PETROL,company,2
2026-06-01,09,Gotland,PETROL,dealer,3
2026-06-01,09,Gotland,PETROL,private,6
2026-06-01,09,Gotland,PHEV,company,12
2026-06-01,09,Gotland,PHEV,dealer,2
2026-06-01,09,Gotland,PHEV,private,4
2026-06-01,10,Blekinge,BEV,company,22
2026-06-01,10,Blekinge,BEV,dealer,33
2026-06-01,10,Blekinge,BEV,private,47
2026-06-01,10,Blekinge,DIESEL,company,17
2026-06-01,10,Blekinge,DIESEL,dealer,4
2026-06-01,10,Blekinge,DIESEL,private,18
2026-06-01,10,Blekinge,ETHANOL,private,2
2026-06-01,10,Blekinge,HEV,dealer,6
2026-06-01,10,Blekinge,HEV,private,14
2026-06-01,10,Blekinge,PETROL,company,18
2026-06-01,10,Blekinge,PETROL,dealer,19
2026-06-01,10,Blekinge,PETROL,private,35
2026-06-01,10,Blekinge,PHEV,company,17
2026-06-01,10,Blekinge,PHEV,dealer,14
2026-06-01,10,Blekinge,PHEV,private,17
2026-06-01,12,Skåne,BEV,company,444
2026-06-01,12,Skåne,BEV,dealer,239
2026-06-01,12,Skåne,BEV,private,602
2026-06-01,12,Skåne,DIESEL,company,101
2026-06-01,12,Skåne,DIESEL,dealer,36
2026-06-01,12,Skåne,DIESEL,private,109
2026-06-01,12,Skåne,ETHANOL,company,3
2026-06-01,12,Skåne,ETHANOL,dealer,4
2026-06-01,12,Skåne,ETHANOL,private,2
2026-06-01,12,Skåne,HEV,company,36
2026-06-01,12,Skåne,HEV,dealer,27
2026-06-01,12,Skåne,HEV,private,115
2026-06-01,12,Skåne,PETROL,company,234
2026-06-01,12,Skåne,PETROL,dealer,344
2026-06-01,12,Skåne,PETROL,private,448
2026-06-01,12,Skåne,PHEV,company,199
2026-06-01,12,Skåne,PHEV,dealer,224
2026-06-01,12,Skåne,PHEV,private,260
2026-06-01,13,Halland,BEV,company,88
2026-06-01,13,Halland,BEV,dealer,56
2026-06-01,13,Halland,BEV,private,219
2026-06-01,13,Halland,DIESEL,company,19
2026-06-01,13,Halland,DIESEL,dealer,9
2026-06-01,13,Halland,DIESEL,private,52
2026-06-01,13,Halland,ETHANOL,private,1
2026-06-01,13,Halland,HEV,company,12
2026-06-01,13,Halland,HEV,dealer,4
2026-06-01,13,Halland,HEV,private,35
2026-06-01,13,Halland,PETROL,company,30
2026-06-01,13,Halland,PETROL,dealer,23
2026-06-01,13,Halland,PETROL,private,84
2026-06-01,13,Halland,PHEV,company,64
2026-06-01,13,Halland,PHEV,dealer,20
2026-06-01,13,Halland,PHEV,private,57
2026-06-01,14,Västra Götaland,BEV,company,740
2026-06-01,14,Västra Götaland,BEV,dealer,683
2026-06-01,14,Västra Götaland,BEV,private,873
2026-06-01,14,Västra Götaland,DIESEL,company,89
2026-06-01,14,Västra Götaland,DIESEL,dealer,37
2026-06-01,14,Västra Götaland,DIESEL,private,197
2026-06-01,14,Västra Götaland,ETHANOL,company,3
2026-06-01,14,Västra Götaland,ETHANOL,dealer,3
2026-06-01,14,Västra Götaland,ETHANOL,private,2
2026-06-01,14,Västra Götaland,HEV,company,41
2026-06-01,14,Västra Götaland,HEV,dealer,145
2026-06-01,14,Västra Götaland,HEV,private,185
2026-06-01,14,Västra Götaland,OTHER,company,2
2026-06-01,14,Västra Götaland,PETROL,company,219
2026-06-01,14,Västra Götaland,PETROL,dealer,157
2026-06-01,14,Västra Götaland,PETROL,private,551
2026-06-01,14,Västra Götaland,PHEV,company,269
2026-06-01,14,Västra Götaland,PHEV,dealer,361
2026-06-01,14,Västra Götaland,PHEV,private,382
2026-06-01,17,Värmland,BEV,company,73
2026-06-01,17,Värmland,BEV,dealer,32
2026-06-01,17,Värmland,BEV,private,97
2026-06-01,17,Värmland,DIESEL,company,25
2026-06-01,17,Värmland,DIESEL,dealer,6
2026-06-01,17,Värmland,DIESEL,private,41
2026-06-01,17,Värmland,ETHANOL,company,2
2026-06-01,17,Värmland,ETHANOL,private,1
2026-06-01,17,Värmland,HEV,company,4
2026-06-01,17,Värmland,HEV,dealer,9
2026-06-01,17,Värmland,HEV,private,19
2026-06-01,17,Värmland,PETROL,company,61
2026-06-01,17,Värmland,PETROL,dealer,39
2026-06-01,17,Värmland,PETROL,private,77
2026-06-01,17,Värmland,PHEV,company,77
2026-06-01,17,Värmland,PHEV,dealer,44
2026-06-01,17,Värmland,PHEV,private,51
2026-06-01,18,Örebro,BEV,company,147
2026-06-01,18,Örebro,BEV,dealer,34
2026-06-01,18,Örebro,BEV,private,127
2026-06-01,18,Örebro,DIESEL,company,80
2026-06-01,18,Örebro,DIESEL,dealer,5
2026-06-01,18,Örebro,DIESEL,private,48
2026-06-01,18,Örebro,ETHANOL,company,1
2026-06-01,18,Örebro,ETHANOL,private,5
2026-06-01,18,Örebro,HEV,company,4
2026-06-01,18,Örebro,HEV,dealer,12
2026-06-01,18,Örebro,HEV,private,17
2026-06-01,18,Örebro,PETROL,company,73
2026-06-01,18,Örebro,PETROL,dealer,10
2026-06-01,18,Örebro,PETROL,private,64
2026-06-01,18,Örebro,PHEV,company,282
2026-06-01,18,Örebro,PHEV,dealer,23
2026-06-01,18,Örebro,PHEV,private,69
2026-06-01,19,Västmanland,BEV,company,84
2026-06-01,19,Västmanland,BEV,dealer,36
2026-06-01,19,Västmanland,BEV,private,101
2026-06-01,19,Västmanland,DIESEL,company,9
2026-06-01,19,Västmanland,DIESEL,dealer,3
2026-06-01,19,Västmanland,DIESEL,private,34
2026-06-01,19,Västmanland,ETHANOL,dealer,3
2026-06-01,19,Västmanland,ETHANOL,private,1
2026-06-01,19,Västmanland,HEV,company,52
2026-06-01,19,Västmanland,HEV,dealer,8
2026-06-01,19,Västmanland,HEV,private,22
2026-06-01,19,Västmanland,PETROL,company,41
2026-06-01,19,Västmanland,PETROL,dealer,17
2026-06-01,19,Västmanland,PETROL,private,76
2026-06-01,19,Västmanland,PHEV,company,26
2026-06-01,19,Västmanland,PHEV,dealer,24
2026-06-01,19,Västmanland,PHEV,private,53
2026-06-01,20,Dalarna,BEV,company,56
2026-06-01,20,Dalarna,BEV,dealer,41
2026-06-01,20,Dalarna,BEV,private,95
2026-06-01,20,Dalarna,DIESEL,company,63
2026-06-01,20,Dalarna,DIESEL,dealer,8
2026-06-01,20,Dalarna,DIESEL,private,35
2026-06-01,20,Dalarna,ETHANOL,company,2
2026-06-01,20,Dalarna,ETHANOL,private,2
2026-06-01,20,Dalarna,HEV,company,7
2026-06-01,20,Dalarna,HEV,dealer,5
2026-06-01,20,Dalarna,HEV,private,14
2026-06-01,20,Dalarna,OTHER,private,1
2026-06-01,20,Dalarna,PETROL,company,13
2026-06-01,20,Dalarna,PETROL,dealer,22
2026-06-01,20,Dalarna,PETROL,private,70
2026-06-01,20,Dalarna,PHEV,company,52
2026-06-01,20,Dalarna,PHEV,dealer,54
2026-06-01,20,Dalarna,PHEV,private,50
2026-06-01,21,Gävleborg,BEV,company,60
2026-06-01,21,Gävleborg,BEV,dealer,46
2026-06-01,21,Gävleborg,BEV,private,88
2026-06-01,21,Gävleborg,DIESEL,company,9
2026-06-01,21,Gävleborg,DIESEL,dealer,5
2026-06-01,21,Gävleborg,DIESEL,private,23
2026-06-01,21,Gävleborg,ETHANOL,company,4
2026-06-01,21,Gävleborg,ETHANOL,dealer,2
2026-06-01,21,Gävleborg,ETHANOL,private,3
2026-06-01,21,Gävleborg,GAS,private,1
2026-06-01,21,Gävleborg,HEV,company,22
2026-06-01,21,Gävleborg,HEV,dealer,6
2026-06-01,21,Gävleborg,HEV,private,22
2026-06-01,21,Gävleborg,PETROL,company,17
2026-06-01,21,Gävleborg,PETROL,dealer,14
2026-06-01,21,Gävleborg,PETROL,private,59
2026-06-01,21,Gävleborg,PHEV,company,48
2026-06-01,21,Gävleborg,PHEV,dealer,74
2026-06-01,21,Gävleborg,PHEV,private,47
2026-06-01,22,Västernorrland,BEV,company,48
2026-06-01,22,Västernorrland,BEV,dealer,41
2026-06-01,22,Västernorrland,BEV,private,83
2026-06-01,22,Västernorrland,DIESEL,company,38
2026-06-01,22,Västernorrland,DIESEL,dealer,4
2026-06-01,22,Västernorrland,DIESEL,private,20
2026-06-01,22,Västernorrland,ETHANOL,company,1
2026-06-01,22,Västernorrland,ETHANOL,private,2
2026-06-01,22,Västernorrland,HEV,company,6
2026-06-01,22,Västernorrland,HEV,dealer,5
2026-06-01,22,Västernorrland,HEV,private,10
2026-06-01,22,Västernorrland,PETROL,company,29
2026-06-01,22,Västernorrland,PETROL,dealer,7
2026-06-01,22,Västernorrland,PETROL,private,39
2026-06-01,22,Västernorrland,PHEV,company,56
2026-06-01,22,Västernorrland,PHEV,dealer,44
2026-06-01,22,Västernorrland,PHEV,private,34
2026-06-01,23,Jämtland,BEV,company,35
2026-06-01,23,Jämtland,BEV,dealer,10
2026-06-01,23,Jämtland,BEV,private,33
2026-06-01,23,Jämtland,DIESEL,company,9
2026-06-01,23,Jämtland,DIESEL,dealer,1
2026-06-01,23,Jämtland,DIESEL,private,12
2026-06-01,23,Jämtland,ETHANOL,private,1
2026-06-01,23,Jämtland,HEV,company,6
2026-06-01,23,Jämtland,HEV,dealer,2
2026-06-01,23,Jämtland,HEV,private,2
2026-06-01,23,Jämtland,PETROL,company,9
2026-06-01,23,Jämtland,PETROL,dealer,2
2026-06-01,23,Jämtland,PETROL,private,14
2026-06-01,23,Jämtland,PHEV,company,32
2026-06-01,23,Jämtland,PHEV,dealer,5
2026-06-01,23,Jämtland,PHEV,private,19
2026-06-01,24,Västerbotten,BEV,company,73
2026-06-01,24,Västerbotten,BEV,dealer,57
2026-06-01,24,Västerbotten,BEV,private,100
2026-06-01,24,Västerbotten,DIESEL,company,22
2026-06-01,24,Västerbotten,DIESEL,dealer,5
2026-06-01,24,Västerbotten,DIESEL,private,25
2026-06-01,24,Västerbotten,ETHANOL,company,1
2026-06-01,24,Västerbotten,ETHANOL,private,4
2026-06-01,24,Västerbotten,HEV,company,24
2026-06-01,24,Västerbotten,HEV,dealer,21
2026-06-01,24,Västerbotten,HEV,private,4
2026-06-01,24,Västerbotten,OTHER,company,1
2026-06-01,24,Västerbotten,PETROL,company,22
2026-06-01,24,Västerbotten,PETROL,dealer,23
2026-06-01,24,Västerbotten,PETROL,private,31
2026-06-01,24,Västerbotten,PHEV,company,25
2026-06-01,24,Västerbotten,PHEV,dealer,23
2026-06-01,24,Västerbotten,PHEV,private,41
2026-06-01,25,Norrbotten,BEV,company,54
2026-06-01,25,Norrbotten,BEV,dealer,21
2026-06-01,25,Norrbotten,BEV,private,72
2026-06-01,25,Norrbotten,DIESEL,company,36
2026-06-01,25,Norrbotten,DIESEL,dealer,5
2026-06-01,25,Norrbotten,DIESEL,private,47
2026-06-01,25,Norrbotten,HEV,company,2
2026-06-01,25,Norrbotten,HEV,dealer,13
2026-06-01,25,Norrbotten,HEV,private,13
2026-06-01,25,Norrbotten,PETROL,company,17
2026-06-01,25,Norrbotten,PETROL,dealer,4
2026-06-01,25,Norrbotten,PETROL,private,30
2026-06-01,25,Norrbotten,PHEV,company,46
2026-06-01,25,Norrbotten,PHEV,dealer,8
2026-06-01,25,Norrbotten,PHEV,private,41
2026-07-01,01,Stockholm,BEV,company,2000
2026-07-01,01,Stockholm,BEV,dealer,409
2026-07-01,01,Stockholm,BEV,private,647
2026-07-01,01,Stockholm,DIESEL,company,134
2026-07-01,01,Stockholm,DIESEL,dealer,28
2026-07-01,01,Stockholm,DIESEL,private,107
2026-07-01,01,Stockholm,ETHANOL,company,10
2026-07-01,01,Stockholm,ETHANOL,private,8
2026-07-01,01,Stockholm,HEV,company,68
2026-07-01,01,Stockholm,HEV,dealer,133
2026-07-01,01,Stockholm,HEV,private,184
2026-07-01,01,Stockholm,PETROL,company,652
2026-07-01,01,Stockholm,PETROL,dealer,60
2026-07-01,01,Stockholm,PETROL,private,542
2026-07-01,01,Stockholm,PHEV,company,1085
2026-07-01,01,Stockholm,PHEV,dealer,264
2026-07-01,01,Stockholm,PHEV,private,468
2026-07-01,03,Uppsala,BEV,company,79
2026-07-01,03,Uppsala,BEV,dealer,38
2026-07-01,03,Uppsala,BEV,private,106
2026-07-01,03,Uppsala,DIESEL,company,33
2026-07-01,03,Uppsala,DIESEL,dealer,7
2026-07-01,03,Uppsala,DIESEL,private,33
2026-07-01,03,Uppsala,ETHANOL,company,1
2026-07-01,03,Uppsala,ETHANOL,private,2
2026-07-01,03,Uppsala,GAS,private,1
2026-07-01,03,Uppsala,HEV,company,1
2026-07-01,03,Uppsala,HEV,dealer,12
2026-07-01,03,Uppsala,HEV,private,30
2026-07-01,03,Uppsala,PETROL,company,21
2026-07-01,03,Uppsala,PETROL,dealer,6
2026-07-01,03,Uppsala,PETROL,private,56
2026-07-01,03,Uppsala,PHEV,company,28
2026-07-01,03,Uppsala,PHEV,dealer,26
2026-07-01,03,Uppsala,PHEV,private,62
2026-07-01,04,Södermanland,BEV,company,33
2026-07-01,04,Södermanland,BEV,dealer,18
2026-07-01,04,Södermanland,BEV,private,78
2026-07-01,04,Södermanland,DIESEL,company,30
2026-07-01,04,Södermanland,DIESEL,dealer,1
2026-07-01,04,Södermanland,DIESEL,private,25
2026-07-01,04,Södermanland,ETHANOL,private,1
2026-07-01,04,Södermanland,HEV,company,5
2026-07-01,04,Södermanland,HEV,dealer,6
2026-07-01,04,Södermanland,HEV,private,13
2026-07-01,04,Södermanland,PETROL,company,10
2026-07-01,04,Södermanland,PETROL,dealer,7
2026-07-01,04,Södermanland,PETROL,private,59
2026-07-01,04,Södermanland,PHEV,company,11
2026-07-01,04,Södermanland,PHEV,dealer,8
2026-07-01,04,Södermanland,PHEV,private,49
2026-07-01,05,Östergötland,BEV,company,76
2026-07-01,05,Östergötland,BEV,dealer,24
2026-07-01,05,Östergötland,BEV,private,152
2026-07-01,05,Östergötland,DIESEL,company,11
2026-07-01,05,Östergötland,DIESEL,dealer,5
2026-07-01,05,Östergötland,DIESEL,private,34
2026-07-01,05,Östergötland,ETHANOL,company,1
2026-07-01,05,Östergötland,HEV,company,10
2026-07-01,05,Östergötland,HEV,dealer,25
2026-07-01,05,Östergötland,HEV,private,43
2026-07-01,05,Östergötland,PETROL,company,18
2026-07-01,05,Östergötland,PETROL,dealer,12
2026-07-01,05,Östergötland,PETROL,private,96
2026-07-01,05,Östergötland,PHEV,company,44
2026-07-01,05,Östergötland,PHEV,dealer,29
2026-07-01,05,Östergötland,PHEV,private,62
2026-07-01,06,Jönköping,BEV,company,103
2026-07-01,06,Jönköping,BEV,dealer,37
2026-07-01,06,Jönköping,BEV,private,136
2026-07-01,06,Jönköping,DIESEL,company,19
2026-07-01,06,Jönköping,DIESEL,dealer,5
2026-07-01,06,Jönköping,DIESEL,private,36
2026-07-01,06,Jönköping,ETHANOL,company,1
2026-07-01,06,Jönköping,ETHANOL,private,1
2026-07-01,06,Jönköping,HEV,company,4
2026-07-01,06,Jönköping,HEV,dealer,21
2026-07-01,06,Jönköping,HEV,private,37
2026-07-01,06,Jönköping,PETROL,company,32
2026-07-01,06,Jönköping,PETROL,dealer,11
2026-07-01,06,Jönköping,PETROL,private,86
2026-07-01,06,Jönköping,PHEV,company,47
2026-07-01,06,Jönköping,PHEV,dealer,24
2026-07-01,06,Jönköping,PHEV,private,62
2026-07-01,07,Kronoberg,BEV,company,50
2026-07-01,07,Kronoberg,BEV,dealer,11
2026-07-01,07,Kronoberg,BEV,private,44
2026-07-01,07,Kronoberg,DIESEL,company,9
2026-07-01,07,Kronoberg,DIESEL,private,23
2026-07-01,07,Kronoberg,HEV,company,2
2026-07-01,07,Kronoberg,HEV,dealer,5
2026-07-01,07,Kronoberg,HEV,private,15
2026-07-01,07,Kronoberg,PETROL,company,8
2026-07-01,07,Kronoberg,PETROL,dealer,9
2026-07-01,07,Kronoberg,PETROL,private,33
2026-07-01,07,Kronoberg,PHEV,company,29
2026-07-01,07,Kronoberg,PHEV,dealer,14
2026-07-01,07,Kronoberg,PHEV,private,22
2026-07-01,08,Kalmar,BEV,company,32
2026-07-01,08,Kalmar,BEV,dealer,25
2026-07-01,08,Kalmar,BEV,private,73
2026-07-01,08,Kalmar,DIESEL,company,11
2026-07-01,08,Kalmar,DIESEL,dealer,2
2026-07-01,08,Kalmar,DIESEL,private,22
2026-07-01,08,Kalmar,ETHANOL,company,1
2026-07-01,08,Kalmar,ETHANOL,private,1
2026-07-01,08,Kalmar,HEV,company,5
2026-07-01,08,Kalmar,HEV,dealer,7
2026-07-01,08,Kalmar,HEV,private,18
2026-07-01,08,Kalmar,PETROL,company,9
2026-07-01,08,Kalmar,PETROL,dealer,15
2026-07-01,08,Kalmar,PETROL,private,40
2026-07-01,08,Kalmar,PHEV,company,18
2026-07-01,08,Kalmar,PHEV,dealer,9
2026-07-01,08,Kalmar,PHEV,private,46
2026-07-01,09,Gotland,BEV,company,4
2026-07-01,09,Gotland,BEV,dealer,3
2026-07-01,09,Gotland,BEV,private,17
2026-07-01,09,Gotland,DIESEL,company,2
2026-07-01,09,Gotland,DIESEL,private,5
2026-07-01,09,Gotland,HEV,company,7
2026-07-01,09,Gotland,HEV,dealer,1
2026-07-01,09,Gotland,HEV,private,2
2026-07-01,09,Gotland,PETROL,company,4
2026-07-01,09,Gotland,PETROL,dealer,1
2026-07-01,09,Gotland,PETROL,private,10
2026-07-01,09,Gotland,PHEV,company,6
2026-07-01,09,Gotland,PHEV,dealer,1
2026-07-01,09,Gotland,PHEV,private,8
2026-07-01,10,Blekinge,BEV,company,18
2026-07-01,10,Blekinge,BEV,dealer,8
2026-07-01,10,Blekinge,BEV,private,45
2026-07-01,10,Blekinge,DIESEL,company,10
2026-07-01,10,Blekinge,DIESEL,dealer,1
2026-07-01,10,Blekinge,DIESEL,private,16
2026-07-01,10,Blekinge,ETHANOL,private,1
2026-07-01,10,Blekinge,HEV,company,2
2026-07-01,10,Blekinge,HEV,dealer,6
2026-07-01,10,Blekinge,HEV,private,8
2026-07-01,10,Blekinge,PETROL,company,5
2026-07-01,10,Blekinge,PETROL,dealer,3
2026-07-01,10,Blekinge,PETROL,private,26
2026-07-01,10,Blekinge,PHEV,company,18
2026-07-01,10,Blekinge,PHEV,dealer,6
2026-07-01,10,Blekinge,PHEV,private,31
2026-07-01,12,Skåne,BEV,company,300
2026-07-01,12,Skåne,BEV,dealer,119
2026-07-01,12,Skåne,BEV,private,450
2026-07-01,12,Skåne,DIESEL,company,81
2026-07-01,12,Skåne,DIESEL,dealer,71
2026-07-01,12,Skåne,DIESEL,private,130
2026-07-01,12,Skåne,ETHANOL,company,2
2026-07-01,12,Skåne,ETHANOL,private,3
2026-07-01,12,Skåne,GAS,private,1
2026-07-01,12,Skåne,HEV,company,42
2026-07-01,12,Skåne,HEV,dealer,55
2026-07-01,12,Skåne,HEV,private,129
2026-07-01,12,Skåne,PETROL,company,129
2026-07-01,12,Skåne,PETROL,dealer,284
2026-07-01,12,Skåne,PETROL,private,330
2026-07-01,12,Skåne,PHEV,company,240
2026-07-01,12,Skåne,PHEV,dealer,71
2026-07-01,12,Skåne,PHEV,private,204
2026-07-01,13,Halland,BEV,company,90
2026-07-01,13,Halland,BEV,dealer,38
2026-07-01,13,Halland,BEV,private,181
2026-07-01,13,Halland,DIESEL,company,17
2026-07-01,13,Halland,DIESEL,dealer,6
2026-07-01,13,Halland,DIESEL,private,53
2026-07-01,13,Halland,HEV,company,5
2026-07-01,13,Halland,HEV,dealer,8
2026-07-01,13,Halland,HEV,private,38
2026-07-01,13,Halland,PETROL,company,42
2026-07-01,13,Halland,PETROL,dealer,10
2026-07-01,13,Halland,PETROL,private,90
2026-07-01,13,Halland,PHEV,company,33
2026-07-01,13,Halland,PHEV,dealer,12
2026-07-01,13,Halland,PHEV,private,72
2026-07-01,14,Västra Götaland,BEV,company,362
2026-07-01,14,Västra Götaland,BEV,dealer,342
2026-07-01,14,Västra Götaland,BEV,private,609
2026-07-01,14,Västra Götaland,DIESEL,company,88
2026-07-01,14,Västra Götaland,DIESEL,dealer,30
2026-07-01,14,Västra Götaland,DIESEL,private,153
2026-07-01,14,Västra Götaland,ETHANOL,company,2
2026-07-01,14,Västra Götaland,ETHANOL,private,3
2026-07-01,14,Västra Götaland,HEV,company,23
2026-07-01,14,Västra Götaland,HEV,dealer,115
2026-07-01,14,Västra Götaland,HEV,private,208
2026-07-01,14,Västra Götaland,OTHER,company,4
2026-07-01,14,Västra Götaland,PETROL,company,46
2026-07-01,14,Västra Götaland,PETROL,dealer,125
2026-07-01,14,Västra Götaland,PETROL,private,364
2026-07-01,14,Västra Götaland,PHEV,company,160
2026-07-01,14,Västra Götaland,PHEV,dealer,182
2026-07-01,14,Västra Götaland,PHEV,private,262
2026-07-01,17,Värmland,BEV,company,46
2026-07-01,17,Värmland,BEV,dealer,25
2026-07-01,17,Värmland,BEV,private,76
2026-07-01,17,Värmland,DIESEL,company,43
2026-07-01,17,Värmland,DIESEL,dealer,4
2026-07-01,17,Värmland,DIESEL,private,17
2026-07-01,17,Värmland,ETHANOL,private,1
2026-07-01,17,Värmland,HEV,company,2
2026-07-01,17,Värmland,HEV,dealer,14
2026-07-01,17,Värmland,HEV,private,21
2026-07-01,17,Värmland,PETROL,company,29
2026-07-01,17,Värmland,PETROL,dealer,20
2026-07-01,17,Värmland,PETROL,private,69
2026-07-01,17,Värmland,PHEV,company,32
2026-07-01,17,Värmland,PHEV,dealer,22
2026-07-01,17,Värmland,PHEV,private,51
2026-07-01,18,Örebro,BEV,company,89
2026-07-01,18,Örebro,BEV,dealer,26
2026-07-01,18,Örebro,BEV,private,101
2026-07-01,18,Örebro,DIESEL,company,76
2026-07-01,18,Örebro,DIESEL,dealer,2
2026-07-01,18,Örebro,DIESEL,private,32
2026-07-01,18,Örebro,ETHANOL,private,1
2026-07-01,18,Örebro,HEV,company,9
2026-07-01,18,Örebro,HEV,dealer,21
2026-07-01,18,Örebro,HEV,private,26
2026-07-01,18,Örebro,PETROL,company,34
2026-07-01,18,Örebro,PETROL,dealer,5
2026-07-01,18,Örebro,PETROL,private,67
2026-07-01,18,Örebro,PHEV,company,96
2026-07-01,18,Örebro,PHEV,dealer,6
2026-07-01,18,Örebro,PHEV,private,48
2026-07-01,19,Västmanland,BEV,company,34
2026-07-01,19,Västmanland,BEV,dealer,24
2026-07-01,19,Västmanland,BEV,private,79
2026-07-01,19,Västmanland,DIESEL,company,12
2026-07-01,19,Västmanland,DIESEL,dealer,2
2026-07-01,19,Västmanland,DIESEL,private,31
2026-07-01,19,Västmanland,ETHANOL,private,1
2026-07-01,19,Västmanland,HEV,company,3
2026-07-01,19,Västmanland,HEV,dealer,3
2026-07-01,19,Västmanland,HEV,private,8
2026-07-01,19,Västmanland,PETROL,company,33
2026-07-01,19,Västmanland,PETROL,dealer,7
2026-07-01,19,Västmanland,PETROL,private,52
2026-07-01,19,Västmanland,PHEV,company,12
2026-07-01,19,Västmanland,PHEV,dealer,13
2026-07-01,19,Västmanland,PHEV,private,31
2026-07-01,20,Dalarna,BEV,company,49
2026-07-01,20,Dalarna,BEV,dealer,41
2026-07-01,20,Dalarna,BEV,private,83
2026-07-01,20,Dalarna,DIESEL,company,33
2026-07-01,20,Dalarna,DIESEL,dealer,4
2026-07-01,20,Dalarna,DIESEL,private,31
2026-07-01,20,Dalarna,ETHANOL,private,1
2026-07-01,20,Dalarna,HEV,company,4
2026-07-01,20,Dalarna,HEV,dealer,11
2026-07-01,20,Dalarna,HEV,private,17
2026-07-01,20,Dalarna,PETROL,company,10
2026-07-01,20,Dalarna,PETROL,dealer,25
2026-07-01,20,Dalarna,PETROL,private,42
2026-07-01,20,Dalarna,PHEV,company,19
2026-07-01,20,Dalarna,PHEV,dealer,16
2026-07-01,20,Dalarna,PHEV,private,43
2026-07-01,21,Gävleborg,BEV,company,43
2026-07-01,21,Gävleborg,BEV,dealer,31
2026-07-01,21,Gävleborg,BEV,private,64
2026-07-01,21,Gävleborg,DIESEL,company,24
2026-07-01,21,Gävleborg,DIESEL,private,27
2026-07-01,21,Gävleborg,HEV,company,4
2026-07-01,21,Gävleborg,HEV,dealer,7
2026-07-01,21,Gävleborg,HEV,private,25
2026-07-01,21,Gävleborg,PETROL,company,12
2026-07-01,21,Gävleborg,PETROL,dealer,18
2026-07-01,21,Gävleborg,PETROL,private,56
2026-07-01,21,Gävleborg,PHEV,company,42
2026-07-01,21,Gävleborg,PHEV,dealer,13
2026-07-01,21,Gävleborg,PHEV,private,45
2026-07-01,22,Västernorrland,BEV,company,29
2026-07-01,22,Västernorrland,BEV,dealer,22
2026-07-01,22,Västernorrland,BEV,private,51
2026-07-01,22,Västernorrland,DIESEL,company,9
2026-07-01,22,Västernorrland,DIESEL,dealer,2
2026-07-01,22,Västernorrland,DIESEL,private,29
2026-07-01,22,Västernorrland,ETHANOL,private,3
2026-07-01,22,Västernorrland,HEV,company,5
2026-07-01,22,Västernorrland,HEV,dealer,1
2026-07-01,22,Västernorrland,HEV,private,5
2026-07-01,22,Västernorrland,PETROL,company,14
2026-07-01,22,Västernorrland,PETROL,dealer,4
2026-07-01,22,Västernorrland,PETROL,private,28
2026-07-01,22,Västernorrland,PHEV,company,30
2026-07-01,22,Västernorrland,PHEV,dealer,20
2026-07-01,22,Västernorrland,PHEV,private,36
2026-07-01,23,Jämtland,BEV,company,22
2026-07-01,23,Jämtland,BEV,dealer,5
2026-07-01,23,Jämtland,BEV,private,33
2026-07-01,23,Jämtland,DIESEL,company,9
2026-07-01,23,Jämtland,DIESEL,private,14
2026-07-01,23,Jämtland,ETHANOL,private,1
2026-07-01,23,Jämtland,HEV,company,4
2026-07-01,23,Jämtland,HEV,dealer,2
2026-07-01,23,Jämtland,HEV,private,3
2026-07-01,23,Jämtland,OTHER,private,2
2026-07-01,23,Jämtland,PETROL,company,8
2026-07-01,23,Jämtland,PETROL,dealer,1
2026-07-01,23,Jämtland,PETROL,private,5
2026-07-01,23,Jämtland,PHEV,company,9
2026-07-01,23,Jämtland,PHEV,dealer,3
2026-07-01,23,Jämtland,PHEV,private,14
2026-07-01,24,Västerbotten,BEV,company,55
2026-07-01,24,Västerbotten,BEV,dealer,28
2026-07-01,24,Västerbotten,BEV,private,85
2026-07-01,24,Västerbotten,DIESEL,company,17
2026-07-01,24,Västerbotten,DIESEL,dealer,1
2026-07-01,24,Västerbotten,DIESEL,private,30
2026-07-01,24,Västerbotten,ETHANOL,dealer,1
2026-07-01,24,Västerbotten,ETHANOL,private,1
2026-07-01,24,Västerbotten,HEV,company,2
2026-07-01,24,Västerbotten,HEV,dealer,4
2026-07-01,24,Västerbotten,HEV,private,9
2026-07-01,24,Västerbotten,PETROL,company,7
2026-07-01,24,Västerbotten,PETROL,dealer,4
2026-07-01,24,Västerbotten,PETROL,private,24
2026-07-01,24,Västerbotten,PHEV,company,29
2026-07-01,24,Västerbotten,PHEV,dealer,18
2026-07-01,24,Västerbotten,PHEV,private,33
2026-07-01,25,Norrbotten,BEV,company,39
2026-07-01,25,Norrbotten,BEV,dealer,15
2026-07-01,25,Norrbotten,BEV,private,52
2026-07-01,25,Norrbotten,DIESEL,company,20
2026-07-01,25,Norrbotten,DIESEL,dealer,2
2026-07-01,25,Norrbotten,DIESEL,private,33
2026-07-01,25,Norrbotten,ETHANOL,company,1
2026-07-01,25,Norrbotten,ETHANOL,dealer,1
2026-07-01,25,Norrbotten,ETHANOL,private,5
2026-07-01,25,Norrbotten,HEV,company,12
2026-07-01,25,Norrbotten,HEV,private,6
2026-07-01,25,Norrbotten,PETROL,company,21
2026-07-01,25,Norrbotten,PETROL,dealer,2
2026-07-01,25,Norrbotten,PETROL,private,20
2026-07-01,25,Norrbotten,PHEV,company,53
2026-07-01,25,Norrbotten,PHEV,dealer,4
2026-07-01,25,Norrbotten,PHEV,private,38
2026-08-01,01,Stockholm,BEV,company,2805
2026-08-01,01,Stockholm,BEV,dealer,592
2026-08-01,01,Stockholm,BEV,private,797
2026-08-01,01,Stockholm,DIESEL,company,223
2026-08-01,01,Stockholm,DIESEL,dealer,3
2026-08-01,01,Stockholm,DIESEL,private,77
2026-08-01,01,Stockholm,ETHANOL,company,7
2026-08-01,01,Stockholm,ETHANOL,private,5
2026-08-01,01,Stockholm,GAS,private,1
2026-08-01,01,Stockholm,HEV,company,305
2026-08-01,01,Stockholm,HEV,dealer,96
2026-08-01,01,Stockholm,HEV,private,205
2026-08-01,01,Stockholm,PETROL,company,878
2026-08-01,01,Stockholm,PETROL,dealer,165
2026-08-01,01,Stockholm,PETROL,private,633
2026-08-01,01,Stockholm,PHEV,company,1245
2026-08-01,01,Stockholm,PHEV,dealer,232
2026-08-01,01,Stockholm,PHEV,private,505
2026-08-01,03,Uppsala,BEV,company,132
2026-08-01,03,Uppsala,BEV,dealer,41
2026-08-01,03,Uppsala,BEV,private,141
2026-08-01,03,Uppsala,DIESEL,company,19
2026-08-01,03,Uppsala,DIESEL,dealer,1
2026-08-01,03,Uppsala,DIESEL,private,28
2026-08-01,03,Uppsala,ETHANOL,company,2
2026-08-01,03,Uppsala,ETHANOL,private,3
2026-08-01,03,Uppsala,HEV,company,4
2026-08-01,03,Uppsala,HEV,dealer,32
2026-08-01,03,Uppsala,HEV,private,41
2026-08-01,03,Uppsala,PETROL,company,12
2026-08-01,03,Uppsala,PETROL,dealer,11
2026-08-01,03,Uppsala,PETROL,private,58
2026-08-01,03,Uppsala,PHEV,company,54
2026-08-01,03,Uppsala,PHEV,dealer,25
2026-08-01,03,Uppsala,PHEV,private,62
2026-08-01,04,Södermanland,BEV,company,40
2026-08-01,04,Södermanland,BEV,dealer,18
2026-08-01,04,Södermanland,BEV,private,100
2026-08-01,04,Södermanland,DIESEL,company,10
2026-08-01,04,Södermanland,DIESEL,dealer,1
2026-08-01,04,Södermanland,DIESEL,private,22
2026-08-01,04,Södermanland,ETHANOL,dealer,1
2026-08-01,04,Södermanland,HEV,company,4
2026-08-01,04,Södermanland,HEV,dealer,19
2026-08-01,04,Södermanland,HEV,private,22
2026-08-01,04,Södermanland,PETROL,company,14
2026-08-01,04,Södermanland,PETROL,dealer,10
2026-08-01,04,Södermanland,PETROL,private,56
2026-08-01,04,Södermanland,PHEV,company,15
2026-08-01,04,Södermanland,PHEV,dealer,19
2026-08-01,04,Södermanland,PHEV,private,50
2026-08-01,05,Östergötland,BEV,company,91
2026-08-01,05,Östergötland,BEV,dealer,38
2026-08-01,05,Östergötland,BEV,private,187
2026-08-01,05,Östergötland,DIESEL,company,18
2026-08-01,05,Östergötland,DIESEL,dealer,2
2026-08-01,05,Östergötland,DIESEL,private,34
2026-08-01,05,Östergötland,ETHANOL,private,4
2026-08-01,05,Östergötland,HEV,company,25
2026-08-01,05,Östergötland,HEV,dealer,29
2026-08-01,05,Östergötland,HEV,private,56
2026-08-01,05,Östergötland,OTHER,private,1
2026-08-01,05,Östergötland,PETROL,company,23
2026-08-01,05,Östergötland,PETROL,dealer,9
2026-08-01,05,Östergötland,PETROL,private,102
2026-08-01,05,Östergötland,PHEV,company,74
2026-08-01,05,Östergötland,PHEV,dealer,27
2026-08-01,05,Östergötland,PHEV,private,96
2026-08-01,06,Jönköping,BEV,company,140
2026-08-01,06,Jönköping,BEV,dealer,63
2026-08-01,06,Jönköping,BEV,private,144
2026-08-01,06,Jönköping,DIESEL,company,18
2026-08-01,06,Jönköping,DIESEL,dealer,7
2026-08-01,06,Jönköping,DIESEL,private,23
2026-08-01,06,Jönköping,ETHANOL,company,1
2026-08-01,06,Jönköping,ETHANOL,dealer,1
2026-08-01,06,Jönköping,HEV,company,21
2026-08-01,06,Jönköping,HEV,dealer,42
2026-08-01,06,Jönköping,HEV,private,52
2026-08-01,06,Jönköping,PETROL,company,55
2026-08-01,06,Jönköping,PETROL,dealer,22
2026-08-01,06,Jönköping,PETROL,private,86
2026-08-01,06,Jönköping,PHEV,company,93
2026-08-01,06,Jönköping,PHEV,dealer,28
2026-08-01,06,Jönköping,PHEV,private,63
2026-08-01,07,Kronoberg,BEV,company,65
2026-08-01,07,Kronoberg,BEV,dealer,29
2026-08-01,07,Kronoberg,BEV,private,67
2026-08-01,07,Kronoberg,DIESEL,company,16
2026-08-01,07,Kronoberg,DIESEL,dealer,2
2026-08-01,07,Kronoberg,DIESEL,private,11
2026-08-01,07,Kronoberg,HEV,company,18
2026-08-01,07,Kronoberg,HEV,dealer,13
2026-08-01,07,Kronoberg,HEV,private,18
2026-08-01,07,Kronoberg,PETROL,company,10
2026-08-01,07,Kronoberg,PETROL,dealer,10
2026-08-01,07,Kronoberg,PETROL,private,42
2026-08-01,07,Kronoberg,PHEV,company,27
2026-08-01,07,Kronoberg,PHEV,dealer,17
2026-08-01,07,Kronoberg,PHEV,private,29
2026-08-01,08,Kalmar,BEV,company,28
2026-08-01,08,Kalmar,BEV,dealer,24
2026-08-01,08,Kalmar,BEV,private,76
2026-08-01,08,Kalmar,DIESEL,company,14
2026-08-01,08,Kalmar,DIESEL,dealer,2
2026-08-01,08,Kalmar,DIESEL,private,19
2026-08-01,08,Kalmar,HEV,company,12
2026-08-01,08,Kalmar,HEV,dealer,9
2026-08-01,08,Kalmar,HEV,private,6
2026-08-01,08,Kalmar,PETROL,company,16
2026-08-01,08,Kalmar,PETROL,dealer,14
2026-08-01,08,Kalmar,PETROL,private,67
2026-08-01,08,Kalmar,PHEV,company,20
2026-08-01,08,Kalmar,PHEV,dealer,21
2026-08-01,08,Kalmar,PHEV,private,35
2026-08-01,09,Gotland,BEV,company,9
2026-08-01,09,Gotland,BEV,dealer,5
2026-08-01,09,Gotland,BEV,private,10
2026-08-01,09,Gotland,DIESEL,company,4
2026-08-01,09,Gotland,DIESEL,private,5
2026-08-01,09,Gotland,HEV,dealer,1
2026-08-01,09,Gotland,HEV,private,4
2026-08-01,09,Gotland,PETROL,company,3
2026-08-01,09,Gotland,PETROL,private,3
2026-08-01,09,Gotland,PHEV,company,3
2026-08-01,09,Gotland,PHEV,dealer,3
2026-08-01,09,Gotland,PHEV,private,6
2026-08-01,10,Blekinge,BEV,company,19
2026-08-01,10,Blekinge,BEV,dealer,8
2026-08-01,10,Blekinge,BEV,private,42
2026-08-01,10,Blekinge,DIESEL,company,17
2026-08-01,10,Blekinge,DIESEL,private,8
2026-08-01,10,Blekinge,HEV,company,1
2026-08-01,10,Blekinge,HEV,dealer,12
2026-08-01,10,Blekinge,HEV,private,11
2026-08-01,10,Blekinge,PETROL,company,5
2026-08-01,10,Blekinge,PETROL,dealer,21
2026-08-01,10,Blekinge,PETROL,private,29
2026-08-01,10,Blekinge,PHEV,company,15
2026-08-01,10,Blekinge,PHEV,dealer,5
2026-08-01,10,Blekinge,PHEV,private,30
2026-08-01,12,Skåne,BEV,company,378
2026-08-01,12,Skåne,BEV,dealer,150
2026-08-01,12,Skåne,BEV,private,510
2026-08-01,12,Skåne,DIESEL,company,84
2026-08-01,12,Skåne,DIESEL,dealer,29
2026-08-01,12,Skåne,DIESEL,private,82
2026-08-01,12,Skåne,ETHANOL,private,4
2026-08-01,12,Skåne,HEV,company,29
2026-08-01,12,Skåne,HEV,dealer,71
2026-08-01,12,Skåne,HEV,private,132
2026-08-01,12,Skåne,PETROL,company,169
2026-08-01,12,Skåne,PETROL,dealer,190
2026-08-01,12,Skåne,PETROL,private,351
2026-08-01,12,Skåne,PHEV,company,179
2026-08-01,12,Skåne,PHEV,dealer,151
2026-08-01,12,Skåne,PHEV,private,229
2026-08-01,13,Halland,BEV,company,93
2026-08-01,13,Halland,BEV,dealer,45
2026-08-01,13,Halland,BEV,private,172
2026-08-01,13,Halland,DIESEL,company,17
2026-08-01,13,Halland,DIESEL,dealer,4
2026-08-01,13,Halland,DIESEL,private,37
2026-08-01,13,Halland,HEV,company,20
2026-08-01,13,Halland,HEV,dealer,9
2026-08-01,13,Halland,HEV,private,38
2026-08-01,13,Halland,PETROL,company,22
2026-08-01,13,Halland,PETROL,dealer,23
2026-08-01,13,Halland,PETROL,private,74
2026-08-01,13,Halland,PHEV,company,50
2026-08-01,13,Halland,PHEV,dealer,17
2026-08-01,13,Halland,PHEV,private,72
2026-08-01,14,Västra Götaland,BEV,company,518
2026-08-01,14,Västra Götaland,BEV,dealer,294
2026-08-01,14,Västra Götaland,BEV,private,779
2026-08-01,14,Västra Götaland,DIESEL,company,72
2026-08-01,14,Västra Götaland,DIESEL,dealer,15
2026-08-01,14,Västra Götaland,DIESEL,private,132
2026-08-01,14,Västra Götaland,ETHANOL,company,3
2026-08-01,14,Västra Götaland,ETHANOL,dealer,2
2026-08-01,14,Västra Götaland,ETHANOL,private,3
2026-08-01,14,Västra Götaland,GAS,private,1
2026-08-01,14,Västra Götaland,HEV,company,64
2026-08-01,14,Västra Götaland,HEV,dealer,134
2026-08-01,14,Västra Götaland,HEV,private,192
2026-08-01,14,Västra Götaland,OTHER,company,2
2026-08-01,14,Västra Götaland,PETROL,company,102
2026-08-01,14,Västra Götaland,PETROL,dealer,174
2026-08-01,14,Västra Götaland,PETROL,private,457
2026-08-01,14,Västra Götaland,PHEV,company,197
2026-08-01,14,Västra Götaland,PHEV,dealer,228
2026-08-01,14,Västra Götaland,PHEV,private,291
2026-08-01,17,Värmland,BEV,company,62
2026-08-01,17,Värmland,BEV,dealer,30
2026-08-01,17,Värmland,BEV,private,92
2026-08-01,17,Värmland,DIESEL,company,42
2026-08-01,17,Värmland,DIESEL,dealer,2
2026-08-01,17,Värmland,DIESEL,private,20
2026-08-01,17,Värmland,ETHANOL,dealer,1
2026-08-01,17,Värmland,ETHANOL,private,2
2026-08-01,17,Värmland,HEV,company,6
2026-08-01,17,Värmland,HEV,dealer,16
2026-08-01,17,Värmland,HEV,private,33
2026-08-01,17,Värmland,PETROL,company,42
2026-08-01,17,Värmland,PETROL,dealer,28
2026-08-01,17,Värmland,PETROL,private,57
2026-08-01,17,Värmland,PHEV,company,51
2026-08-01,17,Värmland,PHEV,dealer,25
2026-08-01,17,Värmland,PHEV,private,49
2026-08-01,18,Örebro,BEV,company,65
2026-08-01,18,Örebro,BEV,dealer,31
2026-08-01,18,Örebro,BEV,private,92
2026-08-01,18,Örebro,DIESEL,company,16
2026-08-01,18,Örebro,DIESEL,dealer,2
2026-08-01,18,Örebro,DIESEL,private,30
2026-08-01,18,Örebro,ETHANOL,dealer,1
2026-08-01,18,Örebro,HEV,company,12
2026-08-01,18,Örebro,HEV,dealer,12
2026-08-01,18,Örebro,HEV,private,22
2026-08-01,18,Örebro,PETROL,company,27
2026-08-01,18,Örebro,PETROL,dealer,13
2026-08-01,18,Örebro,PETROL,private,76
2026-08-01,18,Örebro,PHEV,company,69
2026-08-01,18,Örebro,PHEV,dealer,21
2026-08-01,18,Örebro,PHEV,private,49
2026-08-01,19,Västmanland,BEV,company,49
2026-08-01,19,Västmanland,BEV,dealer,16
2026-08-01,19,Västmanland,BEV,private,94
2026-08-01,19,Västmanland,DIESEL,company,6
2026-08-01,19,Västmanland,DIESEL,dealer,3
2026-08-01,19,Västmanland,DIESEL,private,10
2026-08-01,19,Västmanland,HEV,company,38
2026-08-01,19,Västmanland,HEV,dealer,1
2026-08-01,19,Västmanland,HEV,private,9
2026-08-01,19,Västmanland,PETROL,company,67
2026-08-01,19,Västmanland,PETROL,dealer,8
2026-08-01,19,Västmanland,PETROL,private,57
2026-08-01,19,Västmanland,PHEV,company,27
2026-08-01,19,Västmanland,PHEV,dealer,12
2026-08-01,19,Västmanland,PHEV,private,44
2026-08-01,20,Dalarna,BEV,company,53
2026-08-01,20,Dalarna,BEV,dealer,39
2026-08-01,20,Dalarna,BEV,private,90
2026-08-01,20,Dalarna,DIESEL,company,10
2026-08-01,20,Dalarna,DIESEL,dealer,2
2026-08-01,20,Dalarna,DIESEL,private,17
2026-08-01,20,Dalarna,ETHANOL,company,1
2026-08-01,20,Dalarna,ETHANOL,dealer,3
2026-08-01,20,Dalarna,ETHANOL,private,2
2026-08-01,20,Dalarna,HEV,company,7
2026-08-01,20,Dalarna,HEV,dealer,12
2026-08-01,20,Dalarna,HEV,private,22
2026-08-01,20,Dalarna,PETROL,company,19
2026-08-01,20,Dalarna,PETROL,dealer,22
2026-08-01,20,Dalarna,PETROL,private,41
2026-08-01,20,Dalarna,PHEV,company,49
2026-08-01,20,Dalarna,PHEV,dealer,16
2026-08-01,20,Dalarna,PHEV,private,28
2026-08-01,21,Gävleborg,BEV,company,52
2026-08-01,21,Gävleborg,BEV,dealer,57
2026-08-01,21,Gävleborg,BEV,private,61
2026-08-01,21,Gävleborg,DIESEL,company,17
2026-08-01,21,Gävleborg,DIESEL,dealer,5
2026-08-01,21,Gävleborg,DIESEL,private,24
2026-08-01,21,Gävleborg,ETHANOL,company,1
2026-08-01,21,Gävleborg,ETHANOL,private,2
2026-08-01,21,Gävleborg,HEV,company,23
2026-08-01,21,Gävleborg,HEV,dealer,24
2026-08-01,21,Gävleborg,HEV,private,40
2026-08-01,21,Gävleborg,PETROL,company,14
2026-08-01,21,Gävleborg,PETROL,dealer,14
2026-08-01,21,Gävleborg,PETROL,private,51
2026-08-01,21,Gävleborg,PHEV,company,31
2026-08-01,21,Gävleborg,PHEV,dealer,23
2026-08-01,21,Gävleborg,PHEV,private,67
2026-08-01,22,Västernorrland,BEV,company,68
2026-08-01,22,Västernorrland,BEV,dealer,24
2026-08-01,22,Västernorrland,BEV,private,91
2026-08-01,22,Västernorrland,DIESEL,company,58
2026-08-01,22,Västernorrland,DIESEL,private,15
2026-08-01,22,Västernorrland,ETHANOL,company,1
2026-08-01,22,Västernorrland,HEV,company,6
2026-08-01,22,Västernorrland,HEV,dealer,9
2026-08-01,22,Västernorrland,HEV,private,14
2026-08-01,22,Västernorrland,PETROL,company,13
2026-08-01,22,Västernorrland,PETROL,dealer,10
2026-08-01,22,Västernorrland,PETROL,private,42
2026-08-01,22,Västernorrland,PHEV,company,23
2026-08-01,22,Västernorrland,PHEV,dealer,10
2026-08-01,22,Västernorrland,PHEV,private,43
2026-08-01,23,Jämtland,BEV,company,44
2026-08-01,23,Jämtland,BEV,dealer,7
2026-08-01,23,Jämtland,BEV,private,38
2026-08-01,23,Jämtland,DIESEL,company,6
2026-08-01,23,Jämtland,DIESEL,private,8
2026-08-01,23,Jämtland,ETHANOL,company,1
2026-08-01,23,Jämtland,ETHANOL,private,2
2026-08-01,23,Jämtland,HEV,company,6
2026-08-01,23,Jämtland,HEV,dealer,6
2026-08-01,23,Jämtland,HEV,private,5
2026-08-01,23,Jämtland,PETROL,company,2
2026-08-01,23,Jämtland,PETROL,dealer,1
2026-08-01,23,Jämtland,PETROL,private,12
2026-08-01,23,Jämtland,PHEV,company,18
2026-08-01,23,Jämtland,PHEV,dealer,2
2026-08-01,23,Jämtland,PHEV,private,14
2026-08-01,24,Västerbotten,BEV,company,63
2026-08-01,24,Västerbotten,BEV,dealer,49
2026-08-01,24,Västerbotten,BEV,private,89
2026-08-01,24,Västerbotten,DIESEL,company,15
2026-08-01,24,Västerbotten,DIESEL,dealer,1
2026-08-01,24,Västerbotten,DIESEL,private,21
2026-08-01,24,Västerbotten,ETHANOL,private,2
2026-08-01,24,Västerbotten,HEV,company,6
2026-08-01,24,Västerbotten,HEV,dealer,11
2026-08-01,24,Västerbotten,HEV,private,15
2026-08-01,24,Västerbotten,PETROL,company,17
2026-08-01,24,Västerbotten,PETROL,dealer,15
2026-08-01,24,Västerbotten,PETROL,private,19
2026-08-01,24,Västerbotten,PHEV,company,18
2026-08-01,24,Västerbotten,PHEV,dealer,15
2026-08-01,24,Västerbotten,PHEV,private,35
2026-08-01,25,Norrbotten,BEV,company,46
2026-08-01,25,Norrbotten,BEV,dealer,15
2026-08-01,25,Norrbotten,BEV,private,51
2026-08-01,25,Norrbotten,DIESEL,company,23
2026-08-01,25,Norrbotten,DIESEL,private,25
2026-08-01,25,Norrbotten,ETHANOL,company,6
2026-08-01,25,Norrbotten,ETHANOL,private,2
2026-08-01,25,Norrbotten,HEV,company,15
2026-08-01,25,Norrbotten,HEV,dealer,8
2026-08-01,25,Norrbotten,HEV,private,7
2026-08-01,25,Norrbotten,PETROL,company,9
2026-08-01,25,Norrbotten,PETROL,dealer,5
2026-08-01,25,Norrbotten,PETROL,private,16
2026-08-01,25,Norrbotten,PHEV,company,37
2026-08-01,25,Norrbotten,PHEV,dealer,12
2026-08-01,25,Norrbotten,PHEV,private,36
