region,region_name,year,population,land_km2,density,mean_inc,median_inc
00,"Riket",2010,9415570,410335.40,22.9,270.8,261.2
00,"Riket",2011,9482855,407339.70,23.2,279.6,269.1
00,"Riket",2012,9555893,407339.70,23.4,288.1,277.9
00,"Riket",2013,9644864,407339.70,23.7,294.0,284.1
00,"Riket",2014,9747355,407310.64,23.9,301.9,291.1
00,"Riket",2015,9851017,407310.64,24.2,312.6,300.6
00,"Riket",2016,9995153,407310.64,24.5,323.3,311.0
00,"Riket",2017,10120242,407310.64,24.8,332.5,320.3
00,"Riket",2018,10230185,407283.59,25.1,343.6,330.1
00,"Riket",2019,10327589,407283.53,25.4,352.4,338.9
00,"Riket",2020,10379295,407283.54,25.5,357.9,344.0
00,"Riket",2021,10452326,407283.54,25.7,374.8,356.9
00,"Riket",2022,10521556,407283.53,25.8,393.5,371.5
00,"Riket",2023,10551707,407272.00,25.9,410.2,386.4
00,"Riket",2024,10587710,409628.07,25.8,426.8,401.4
00,"Riket",2025,10605529,409629.20,25.9,,
01,"Stockholms län",2010,2054343,6519.30,315.1,312.6,281.4
01,"Stockholms län",2011,2091473,6526.24,320.5,320.8,288.8
01,"Stockholms län",2012,2127006,6526.24,325.9,328.8,297.4
01,"Stockholms län",2013,2163042,6526.24,331.4,335.1,303.5
01,"Stockholms län",2014,2198044,6524.13,336.9,344.5,311.0
01,"Stockholms län",2015,2231439,6524.13,342.0,356.4,321.0
01,"Stockholms län",2016,2269060,6524.13,347.8,368.4,331.8
01,"Stockholms län",2017,2308143,6524.13,353.8,379.0,342.9
01,"Stockholms län",2018,2344124,6513.83,359.9,392.8,354.2
01,"Stockholms län",2019,2377081,6513.83,364.9,403.4,364.1
01,"Stockholms län",2020,2391990,6513.83,367.2,411.4,369.8
01,"Stockholms län",2021,2415139,6513.83,370.8,432.6,384.4
01,"Stockholms län",2022,2440027,6513.83,374.6,455.8,403.1
01,"Stockholms län",2023,2454821,6512.46,376.9,474.3,420.5
01,"Stockholms län",2024,2473307,6548.09,377.7,493.4,435.8
01,"Stockholms län",2025,2486251,6547.93,379.7,,
0114,"Upplands Väsby",2010,39289,75.37,521.3,290.7,275.9
0114,"Upplands Väsby",2011,40194,75.09,535.3,297.5,283.1
0114,"Upplands Väsby",2012,40723,75.09,542.3,304.4,289.3
0114,"Upplands Väsby",2013,41449,75.09,552.0,307.1,294.0
0114,"Upplands Väsby",2014,41816,75.01,557.5,314.7,300.2
0114,"Upplands Väsby",2015,42661,75.01,568.7,322.1,308.6
0114,"Upplands Väsby",2016,43891,75.01,585.1,332.1,319.4
0114,"Upplands Väsby",2017,44605,75.01,594.7,341.2,328.3
0114,"Upplands Väsby",2018,45543,75.00,607.2,350.8,338.1
0114,"Upplands Väsby",2019,46786,75.00,623.8,359.8,345.5
0114,"Upplands Väsby",2020,47184,75.00,629.1,364.4,349.9
0114,"Upplands Väsby",2021,47820,75.00,637.6,379.5,359.5
0114,"Upplands Väsby",2022,49262,75.00,656.8,392.2,373.4
0114,"Upplands Väsby",2023,50110,74.99,668.2,408.7,388.4
0114,"Upplands Väsby",2024,50323,75.38,667.6,423.5,404.0
0114,"Upplands Väsby",2025,50495,75.38,669.9,,
0115,"Vallentuna",2010,30114,360.06,83.6,319.1,295.6
0115,"Vallentuna",2011,30715,358.36,85.7,329.3,305.6
0115,"Vallentuna",2012,31215,358.36,87.1,339.3,316.2
0115,"Vallentuna",2013,31616,358.36,88.2,346.5,325.0
0115,"Vallentuna",2014,31969,357.74,89.4,358.2,334.2
0115,"Vallentuna",2015,32380,357.74,90.5,367.0,342.3
0115,"Vallentuna",2016,32785,357.74,91.6,380.6,354.9
0115,"Vallentuna",2017,33175,357.74,92.7,392.3,365.6
0115,"Vallentuna",2018,33432,357.72,93.5,403.4,376.8
0115,"Vallentuna",2019,34090,357.73,95.3,413.4,388.7
0115,"Vallentuna",2020,34119,357.73,95.4,424.2,395.6
0115,"Vallentuna",2021,34246,357.73,95.7,445.3,412.0
0115,"Vallentuna",2022,34851,357.73,97.4,462.4,426.7
0115,"Vallentuna",2023,35076,357.65,98.1,480.3,444.6
0115,"Vallentuna",2024,35119,359.63,97.7,498.3,464.3
0115,"Vallentuna",2025,35361,359.63,98.3,,
0117,"Österåker",2010,39521,310.75,127.2,323.7,292.4
0117,"Österåker",2011,39792,312.40,127.4,334.8,300.8
0117,"Österåker",2012,40269,312.40,128.9,344.5,309.2
0117,"Österåker",2013,40495,312.40,129.6,352.2,318.0
0117,"Österåker",2014,41180,312.37,131.8,361.9,325.3
0117,"Österåker",2015,42130,312.37,134.9,369.5,333.5
0117,"Österåker",2016,43293,312.37,138.6,380.2,342.1
0117,"Österåker",2017,44130,312.37,141.3,390.7,353.8
0117,"Österåker",2018,44831,312.35,143.5,401.6,365.2
0117,"Österåker",2019,45574,312.35,145.9,414.7,376.7
0117,"Österåker",2020,46644,312.35,149.3,422.8,386.7
0117,"Österåker",2021,48234,312.35,154.4,445.3,401.5
0117,"Österåker",2022,49138,312.35,157.3,466.0,419.2
0117,"Österåker",2023,49282,312.24,157.8,485.5,436.9
0117,"Österåker",2024,49787,313.99,158.6,508.0,455.2
0117,"Österåker",2025,49943,313.99,159.1,,
0120,"Värmdö",2010,38301,442.96,86.5,322.7,296.9
0120,"Värmdö",2011,38894,448.03,86.8,335.4,305.2
0120,"Värmdö",2012,39387,448.03,87.9,343.0,314.0
0120,"Värmdö",2013,39784,448.03,88.8,350.6,322.7
0120,"Värmdö",2014,40541,448.12,90.5,364.2,331.5
0120,"Värmdö",2015,41107,448.12,91.7,374.8,340.6
0120,"Värmdö",2016,42000,448.12,93.7,382.3,351.1
0120,"Värmdö",2017,43444,448.12,96.9,391.6,361.1
0120,"Värmdö",2018,44397,443.97,100.0,403.2,372.2
0120,"Värmdö",2019,45000,443.97,101.4,413.9,382.8
0120,"Värmdö",2020,45566,443.97,102.6,423.5,391.6
0120,"Värmdö",2021,46232,443.97,104.1,443.7,408.0
0120,"Värmdö",2022,46457,443.97,104.6,472.0,428.0
0120,"Värmdö",2023,46637,443.99,105.0,490.7,446.7
0120,"Värmdö",2024,46635,446.52,104.4,507.2,466.1
0120,"Värmdö",2025,46601,446.52,104.4,,
0123,"Järfälla",2010,66211,54.05,1225.0,298.7,282.0
0123,"Järfälla",2011,67320,53.81,1251.1,304.7,287.7
0123,"Järfälla",2012,68210,53.81,1267.6,311.2,295.6
0123,"Järfälla",2013,69167,53.81,1285.4,314.3,299.8
0123,"Järfälla",2014,70701,53.79,1314.4,321.3,305.7
0123,"Järfälla",2015,72429,53.79,1346.6,328.3,312.6
0123,"Järfälla",2016,74412,53.79,1383.5,338.2,322.0
0123,"Järfälla",2017,76453,53.79,1421.4,347.4,332.3
0123,"Järfälla",2018,78480,53.79,1459.0,356.3,341.4
0123,"Järfälla",2019,79990,53.79,1487.1,363.5,349.0
0123,"Järfälla",2020,81274,53.79,1510.9,366.8,353.3
0123,"Järfälla",2021,83170,53.79,1546.2,380.6,362.4
0123,"Järfälla",2022,85460,53.79,1588.8,395.8,375.6
0123,"Järfälla",2023,86330,53.78,1605.2,412.1,392.3
0123,"Järfälla",2024,88950,54.06,1645.4,425.4,405.5
0123,"Järfälla",2025,90180,54.06,1668.1,,
0125,"Ekerö",2010,25410,216.39,117.4,350.6,309.1
0125,"Ekerö",2011,25767,217.68,118.4,362.7,318.8
0125,"Ekerö",2012,26160,217.68,120.1,373.6,328.1
0125,"Ekerö",2013,26355,217.68,121.1,381.6,337.1
0125,"Ekerö",2014,26698,217.46,122.8,395.5,346.4
0125,"Ekerö",2015,26984,217.46,124.1,421.5,358.4
0125,"Ekerö",2016,27406,217.46,126.0,432.5,370.9
0125,"Ekerö",2017,27753,217.46,127.6,444.4,383.5
0125,"Ekerö",2018,28308,217.38,130.2,481.0,398.7
0125,"Ekerö",2019,28690,217.38,132.0,464.2,407.1
0125,"Ekerö",2020,28879,217.38,132.9,483.2,420.0
0125,"Ekerö",2021,29096,217.38,133.8,512.4,439.2
0125,"Ekerö",2022,29123,217.38,134.0,517.3,457.6
0125,"Ekerö",2023,28808,217.33,132.6,541.8,476.3
0125,"Ekerö",2024,28910,218.43,132.4,601.5,495.6
0125,"Ekerö",2025,29062,218.43,133.0,,
0126,"Huddinge",2010,97453,131.34,742.0,288.8,273.7
0126,"Huddinge",2011,99049,131.01,756.0,294.3,279.1
0126,"Huddinge",2012,101010,131.01,771.0,302.9,287.8
0126,"Huddinge",2013,102557,131.01,782.8,308.6,292.7
0126,"Huddinge",2014,104185,131.03,795.1,315.6,300.0
0126,"Huddinge",2015,105311,131.03,803.7,326.8,309.7
0126,"Huddinge",2016,107538,131.03,820.7,337.6,319.4
0126,"Huddinge",2017,110003,131.03,839.5,347.6,330.1
0126,"Huddinge",2018,111722,130.86,853.8,357.7,340.6
0126,"Huddinge",2019,112848,130.86,862.4,367.5,350.2
0126,"Huddinge",2020,113234,130.86,865.3,372.2,353.8
0126,"Huddinge",2021,113951,130.86,870.8,391.0,369.3
0126,"Huddinge",2022,114504,130.86,875.0,413.0,387.8
0126,"Huddinge",2023,113920,130.85,870.6,432.6,405.9
0126,"Huddinge",2024,114304,131.55,868.9,450.0,421.3
0126,"Huddinge",2025,114686,131.55,871.8,,
0127,"Botkyrka",2010,82608,194.83,424.0,243.1,235.3
0127,"Botkyrka",2011,84677,194.17,436.1,245.8,238.5
0127,"Botkyrka",2012,86274,194.17,444.3,251.1,245.2
0127,"Botkyrka",2013,87580,194.17,451.1,256.2,249.5
0127,"Botkyrka",2014,88901,194.15,457.9,261.7,255.9
0127,"Botkyrka",2015,89425,194.15,460.6,270.6,266.0
0127,"Botkyrka",2016,90675,194.15,467.0,279.0,275.3
0127,"Botkyrka",2017,91925,194.15,473.5,287.7,285.7
0127,"Botkyrka",2018,93106,194.06,479.8,298.2,295.0
0127,"Botkyrka",2019,94606,194.04,487.6,303.7,300.5
0127,"Botkyrka",2020,94847,194.04,488.8,306.5,303.8
0127,"Botkyrka",2021,95318,194.04,491.2,321.8,315.4
0127,"Botkyrka",2022,95383,194.04,491.6,340.8,334.0
0127,"Botkyrka",2023,95592,194.01,492.7,355.6,348.5
0127,"Botkyrka",2024,95905,195.02,491.8,369.1,360.7
0127,"Botkyrka",2025,96750,195.02,496.1,,
0128,"Salem",2010,15391,54.32,283.3,318.1,300.0
0128,"Salem",2011,15694,54.09,290.1,324.7,305.7
0128,"Salem",2012,15881,54.09,293.6,332.5,314.9
0128,"Salem",2013,16001,54.09,295.8,340.7,319.8
0128,"Salem",2014,16140,54.11,298.3,343.6,327.7
0128,"Salem",2015,16426,54.11,303.5,351.3,338.8
0128,"Salem",2016,16615,54.11,307.0,365.8,347.1
0128,"Salem",2017,16665,54.11,308.0,380.2,360.3
0128,"Salem",2018,16786,54.10,310.3,391.2,370.7
0128,"Salem",2019,16750,54.10,309.6,400.7,380.8
0128,"Salem",2020,16959,54.10,313.5,399.1,385.0
0128,"Salem",2021,17252,54.10,318.9,414.4,395.7
0128,"Salem",2022,17352,54.10,320.7,431.2,411.9
0128,"Salem",2023,17451,54.10,322.6,450.1,429.7
0128,"Salem",2024,17507,54.38,321.9,467.0,447.0
0128,"Salem",2025,17370,54.38,319.4,,
0136,"Haninge",2010,77054,457.50,168.4,269.4,265.1
0136,"Haninge",2011,78326,458.07,171.0,275.8,271.6
0136,"Haninge",2012,79430,458.07,173.4,283.3,280.5
0136,"Haninge",2013,80932,458.07,176.7,287.4,285.3
0136,"Haninge",2014,82407,457.85,180.0,294.0,291.8
0136,"Haninge",2015,83866,457.85,183.2,303.3,300.2
0136,"Haninge",2016,85693,457.85,187.2,313.3,310.6
0136,"Haninge",2017,88037,457.85,192.3,322.4,321.3
0136,"Haninge",2018,89989,455.38,197.6,332.2,331.3
0136,"Haninge",2019,92095,455.40,202.2,339.8,339.0
0136,"Haninge",2020,93690,455.41,205.7,345.2,344.2
0136,"Haninge",2021,95658,455.41,210.0,360.0,356.2
0136,"Haninge",2022,97683,455.41,214.5,376.5,371.2
0136,"Haninge",2023,99751,455.35,219.1,391.9,384.9
0136,"Haninge",2024,100895,457.80,220.4,406.7,398.8
0136,"Haninge",2025,101408,457.79,221.5,,
0138,"Tyresö",2010,42947,69.48,618.1,321.0,296.3
0138,"Tyresö",2011,43328,69.25,625.7,328.9,304.5
0138,"Tyresö",2012,43764,69.25,631.9,338.0,314.8
0138,"Tyresö",2013,44281,69.25,639.4,346.7,321.9
0138,"Tyresö",2014,45390,69.23,655.6,356.0,331.8
0138,"Tyresö",2015,46177,69.23,667.0,365.4,341.2
0138,"Tyresö",2016,47103,69.23,680.4,375.9,351.9
0138,"Tyresö",2017,47304,69.23,683.3,389.3,362.7
0138,"Tyresö",2018,48004,69.04,695.3,403.2,374.2
0138,"Tyresö",2019,48333,69.04,700.1,410.9,382.4
0138,"Tyresö",2020,48678,69.04,705.1,416.8,388.0
0138,"Tyresö",2021,49062,69.03,710.7,437.6,404.8
0138,"Tyresö",2022,49214,69.18,711.4,460.3,425.7
0138,"Tyresö",2023,49173,69.18,710.8,481.2,442.4
0138,"Tyresö",2024,49179,69.56,707.0,497.7,457.0
0138,"Tyresö",2025,49645,69.56,713.7,,
0139,"Upplands-Bro",2010,23676,237.10,99.9,279.5,270.5
0139,"Upplands-Bro",2011,23984,235.47,101.9,287.1,278.4
0139,"Upplands-Bro",2012,24353,235.47,103.4,294.5,286.5
0139,"Upplands-Bro",2013,24703,235.47,104.9,300.2,293.3
0139,"Upplands-Bro",2014,25287,235.29,107.5,307.6,300.2
0139,"Upplands-Bro",2015,25789,235.29,109.6,314.2,307.6
0139,"Upplands-Bro",2016,26755,235.29,113.7,324.6,316.3
0139,"Upplands-Bro",2017,27614,235.29,117.4,334.5,327.3
0139,"Upplands-Bro",2018,28756,235.30,122.2,342.8,335.9
0139,"Upplands-Bro",2019,29346,235.30,124.7,350.4,343.7
0139,"Upplands-Bro",2020,30195,235.30,128.3,353.5,346.5
0139,"Upplands-Bro",2021,31082,235.30,132.1,368.2,354.3
0139,"Upplands-Bro",2022,31853,235.30,135.4,384.3,368.3
0139,"Upplands-Bro",2023,32453,235.16,138.0,401.2,384.2
0139,"Upplands-Bro",2024,32868,236.39,139.0,412.8,398.9
0139,"Upplands-Bro",2025,33333,236.39,141.0,,
0140,"Nykvarn",2010,9331,153.46,60.8,321.2,307.0
0140,"Nykvarn",2011,9331,152.76,61.1,332.8,317.9
0140,"Nykvarn",2012,9442,152.76,61.8,341.3,325.4
0140,"Nykvarn",2013,9523,152.76,62.3,346.9,332.1
0140,"Nykvarn",2014,9815,152.74,64.3,353.4,338.2
0140,"Nykvarn",2015,10192,152.74,66.7,364.4,350.7
0140,"Nykvarn",2016,10424,152.74,68.2,377.9,362.1
0140,"Nykvarn",2017,10660,152.74,69.8,388.9,376.5
0140,"Nykvarn",2018,10923,152.68,71.5,402.4,391.7
0140,"Nykvarn",2019,11014,152.68,72.1,417.1,407.0
0140,"Nykvarn",2020,11222,152.68,73.5,421.2,410.1
0140,"Nykvarn",2021,11500,152.68,75.3,437.4,425.4
0140,"Nykvarn",2022,11664,152.68,76.4,453.4,439.1
0140,"Nykvarn",2023,12107,152.62,79.3,471.0,456.8
0140,"Nykvarn",2024,12342,153.38,80.5,489.5,475.5
0140,"Nykvarn",2025,12384,153.38,80.7,,
0160,"Täby",2010,63789,60.62,1052.3,405.9,335.4
0160,"Täby",2011,64558,60.72,1063.2,414.9,343.8
0160,"Täby",2012,65364,60.72,1076.4,423.7,355.1
0160,"Täby",2013,66292,60.72,1091.8,432.6,363.1
0160,"Täby",2014,67334,60.69,1109.5,444.2,372.3
0160,"Täby",2015,68281,60.69,1125.0,456.7,382.9
0160,"Täby",2016,69386,60.69,1143.2,470.2,397.5
0160,"Täby",2017,70405,60.69,1160.0,483.0,410.4
0160,"Täby",2018,71397,60.69,1176.4,497.8,422.6
0160,"Täby",2019,71874,60.69,1184.3,511.4,435.4
0160,"Täby",2020,72755,60.69,1198.8,523.8,446.9
0160,"Täby",2021,73955,60.69,1218.6,549.7,465.8
0160,"Täby",2022,75137,60.69,1238.0,575.4,485.0
0160,"Täby",2023,76738,60.68,1264.6,593.1,503.1
0160,"Täby",2024,77744,61.00,1274.5,615.8,521.3
0160,"Täby",2025,78514,61.00,1287.1,,
0162,"Danderyd",2010,31330,26.51,1181.8,526.6,359.8
0162,"Danderyd",2011,31799,26.40,1204.5,537.1,367.3
0162,"Danderyd",2012,31960,26.40,1210.6,538.9,376.9
0162,"Danderyd",2013,32222,26.40,1220.5,553.7,387.7
0162,"Danderyd",2014,32295,26.40,1223.3,574.1,398.9
0162,"Danderyd",2015,32421,26.40,1228.1,592.3,408.4
0162,"Danderyd",2016,32653,26.40,1236.9,607.0,418.6
0162,"Danderyd",2017,32888,26.40,1245.8,617.3,432.1
0162,"Danderyd",2018,33187,26.37,1258.5,649.8,444.2
0162,"Danderyd",2019,32857,26.37,1246.0,693.4,464.9
0162,"Danderyd",2020,32712,26.37,1240.5,701.2,479.6
0162,"Danderyd",2021,32803,26.37,1244.0,727.4,502.5
0162,"Danderyd",2022,32692,26.37,1239.7,789.0,530.8
0162,"Danderyd",2023,32419,26.37,1229.4,809.2,550.3
0162,"Danderyd",2024,32425,26.51,1223.1,846.2,572.4
0162,"Danderyd",2025,32500,26.51,1226.0,,
0163,"Sollentuna",2010,64630,52.94,1220.8,362.5,308.4
0163,"Sollentuna",2011,65891,52.64,1251.7,372.7,316.7
0163,"Sollentuna",2012,66859,52.64,1270.1,382.1,326.2
0163,"Sollentuna",2013,68145,52.64,1294.6,387.5,333.8
0163,"Sollentuna",2014,69325,52.62,1317.5,397.6,340.2
0163,"Sollentuna",2015,70251,52.62,1335.0,410.2,349.6
0163,"Sollentuna",2016,71023,52.62,1349.7,421.6,361.6
0163,"Sollentuna",2017,71848,52.62,1365.4,432.5,370.4
0163,"Sollentuna",2018,72528,52.61,1378.6,444.0,382.6
0163,"Sollentuna",2019,73857,52.61,1403.9,454.0,391.7
0163,"Sollentuna",2020,73990,52.61,1406.4,464.9,401.0
0163,"Sollentuna",2021,75108,52.61,1427.6,486.3,418.0
0163,"Sollentuna",2022,76237,52.61,1449.1,511.8,436.5
0163,"Sollentuna",2023,76790,52.60,1459.9,526.6,451.1
0163,"Sollentuna",2024,77624,52.89,1467.6,544.1,466.6
0163,"Sollentuna",2025,78033,52.89,1475.4,,
0180,"Stockholm",2010,847073,188.06,4504.3,312.1,281.9
0180,"Stockholm",2011,864324,187.17,4617.9,321.0,289.3
0180,"Stockholm",2012,881235,187.17,4708.2,329.8,298.5
0180,"Stockholm",2013,897700,187.17,4796.2,336.8,304.8
0180,"Stockholm",2014,911989,187.16,4872.8,346.6,312.6
0180,"Stockholm",2015,923516,187.16,4934.5,360.0,323.5
0180,"Stockholm",2016,935619,187.16,4999.1,373.5,335.3
0180,"Stockholm",2017,949761,187.16,5074.7,384.3,346.8
0180,"Stockholm",2018,962154,187.20,5139.7,399.5,358.8
0180,"Stockholm",2019,974073,187.20,5203.4,411.1,370.2
0180,"Stockholm",2020,975551,187.21,5211.0,420.7,376.3
0180,"Stockholm",2021,978770,187.21,5228.2,444.0,392.0
0180,"Stockholm",2022,984748,187.21,5260.1,469.3,412.3
0180,"Stockholm",2023,988943,187.22,5282.3,488.2,430.6
0180,"Stockholm",2024,995574,188.22,5289.4,507.5,445.4
0180,"Stockholm",2025,999239,188.22,5308.9,,
0181,"Södertälje",2010,86246,525.57,164.1,246.2,244.7
0181,"Södertälje",2011,87685,525.15,167.0,253.9,253.1
0181,"Södertälje",2012,89473,525.15,170.3,259.5,258.6
0181,"Södertälje",2013,91072,525.15,173.4,263.4,261.8
0181,"Södertälje",2014,92235,524.86,175.7,266.0,267.2
0181,"Södertälje",2015,93202,524.86,177.6,274.5,275.5
0181,"Södertälje",2016,94631,524.86,180.3,282.6,283.8
0181,"Södertälje",2017,96032,524.86,183.0,291.5,294.2
0181,"Södertälje",2018,97381,524.00,185.8,304.3,306.4
0181,"Södertälje",2019,98979,524.01,188.9,311.1,313.8
0181,"Södertälje",2020,100111,524.00,191.1,311.7,315.8
0181,"Södertälje",2021,101209,524.00,193.1,324.2,323.4
0181,"Södertälje",2022,102426,524.00,195.5,342.6,341.0
0181,"Södertälje",2023,102519,523.93,195.7,360.7,359.4
0181,"Södertälje",2024,102911,526.61,195.4,373.4,371.0
0181,"Södertälje",2025,102772,526.55,195.2,,
0182,"Nacka",2010,90108,95.50,943.5,365.1,307.3
0182,"Nacka",2011,91616,95.12,963.2,376.7,317.5
0182,"Nacka",2012,92873,95.12,976.3,384.9,327.1
0182,"Nacka",2013,94423,95.12,992.7,391.4,334.1
0182,"Nacka",2014,96217,95.12,1011.5,405.9,344.3
0182,"Nacka",2015,97986,95.12,1030.2,419.5,356.6
0182,"Nacka",2016,99359,95.12,1044.6,435.8,369.9
0182,"Nacka",2017,101231,95.12,1064.3,445.6,380.7
0182,"Nacka",2018,103656,94.93,1091.9,459.4,394.7
0182,"Nacka",2019,105189,94.93,1108.1,474.7,409.4
0182,"Nacka",2020,106505,94.93,1121.9,488.5,418.4
0182,"Nacka",2021,108234,94.93,1140.1,520.0,440.5
0182,"Nacka",2022,109486,94.78,1155.2,547.2,462.5
0182,"Nacka",2023,110633,94.79,1167.1,569.7,483.3
0182,"Nacka",2024,112112,95.31,1176.3,600.1,500.2
0182,"Nacka",2025,113730,95.31,1193.3,,
0183,"Sundbyberg",2010,38633,8.71,4435.5,286.7,277.0
0183,"Sundbyberg",2011,39539,8.67,4560.4,293.9,283.5
0183,"Sundbyberg",2012,40793,8.67,4705.0,302.0,291.9
0183,"Sundbyberg",2013,42626,8.67,4916.5,308.0,297.6
0183,"Sundbyberg",2014,44090,8.69,5073.6,318.1,307.1
0183,"Sundbyberg",2015,46110,8.69,5307.6,329.3,315.7
0183,"Sundbyberg",2016,47750,8.69,5496.4,344.2,328.2
0183,"Sundbyberg",2017,49424,8.69,5689.1,357.4,341.7
0183,"Sundbyberg",2018,50564,8.69,5818.6,371.9,355.4
0183,"Sundbyberg",2019,52414,8.69,6031.5,385.3,367.5
0183,"Sundbyberg",2020,52801,8.69,6076.1,392.3,373.7
0183,"Sundbyberg",2021,53564,8.68,6171.0,411.8,389.4
0183,"Sundbyberg",2022,54070,8.68,6229.3,431.9,408.2
0183,"Sundbyberg",2023,55912,8.68,6441.5,451.9,428.6
0183,"Sundbyberg",2024,56274,8.73,6446.0,470.8,446.9
0183,"Sundbyberg",2025,57000,8.73,6529.2,,
0184,"Solna",2010,68144,19.38,3516.2,306.3,291.0
0184,"Solna",2011,69946,19.30,3624.1,311.4,297.4
0184,"Solna",2012,71293,19.30,3693.9,319.4,307.3
0184,"Solna",2013,72740,19.30,3768.9,326.8,315.8
0184,"Solna",2014,74041,19.29,3838.3,338.6,325.0
0184,"Solna",2015,76158,19.29,3948.2,349.6,336.4
0184,"Solna",2016,78129,19.29,4050.4,362.6,348.1
0184,"Solna",2017,79707,19.29,4132.2,376.2,361.2
0184,"Solna",2018,80950,19.28,4198.7,388.8,374.8
0184,"Solna",2019,82429,19.28,4275.4,404.2,389.3
0184,"Solna",2020,83162,19.27,4315.6,413.8,396.7
0184,"Solna",2021,84187,19.27,4368.8,436.0,414.8
0184,"Solna",2022,85450,19.27,4434.4,462.1,438.5
0184,"Solna",2023,85426,19.27,4433.1,484.2,462.4
0184,"Solna",2024,85789,19.37,4429.0,505.7,481.1
0184,"Solna",2025,86435,19.37,4462.3,,
0186,"Lidingö",2010,44017,30.89,1425.0,430.1,317.8
0186,"Lidingö",2011,44081,30.80,1431.2,443.5,326.3
0186,"Lidingö",2012,44434,30.80,1442.6,449.2,337.2
0186,"Lidingö",2013,45178,30.80,1466.8,457.0,345.0
0186,"Lidingö",2014,45465,30.80,1476.1,470.7,352.5
0186,"Lidingö",2015,46302,30.80,1503.5,489.5,361.4
0186,"Lidingö",2016,46853,30.80,1521.4,500.0,375.0
0186,"Lidingö",2017,47185,30.80,1532.2,515.9,392.2
0186,"Lidingö",2018,47818,30.69,1558.1,540.3,403.8
0186,"Lidingö",2019,48123,30.69,1568.0,555.9,417.6
0186,"Lidingö",2020,48005,30.69,1564.2,578.0,426.7
0186,"Lidingö",2021,48162,30.69,1569.3,615.3,448.1
0186,"Lidingö",2022,48432,30.69,1578.1,656.5,470.6
0186,"Lidingö",2023,48324,30.69,1574.6,685.8,488.1
0186,"Lidingö",2024,48377,30.87,1567.1,711.0,505.9
0186,"Lidingö",2025,48369,30.87,1566.9,,
0187,"Vaxholm",2010,10965,57.66,190.2,362.9,312.3
0187,"Vaxholm",2011,11141,57.88,192.5,376.6,323.8
0187,"Vaxholm",2012,11126,57.88,192.2,390.6,333.8
0187,"Vaxholm",2013,11188,57.88,193.3,393.6,341.2
0187,"Vaxholm",2014,11329,57.84,195.9,413.2,350.2
0187,"Vaxholm",2015,11380,57.84,196.8,422.0,359.1
0187,"Vaxholm",2016,11621,57.84,200.9,431.4,375.4
0187,"Vaxholm",2017,11831,57.84,204.6,452.0,392.2
0187,"Vaxholm",2018,12023,57.63,208.6,466.6,406.9
0187,"Vaxholm",2019,12003,57.63,208.3,477.9,417.4
0187,"Vaxholm",2020,11886,57.63,206.2,492.8,429.4
0187,"Vaxholm",2021,11996,57.63,208.2,523.4,451.1
0187,"Vaxholm",2022,11899,57.63,206.5,554.7,472.4
0187,"Vaxholm",2023,11817,57.61,205.1,574.1,491.0
0187,"Vaxholm",2024,11822,57.93,204.1,596.9,504.4
0187,"Vaxholm",2025,11636,57.93,200.9,,
0188,"Norrtälje",2010,56080,2010.76,27.9,260.7,254.6
0188,"Norrtälje",2011,56245,2016.04,27.9,270.3,263.6
0188,"Norrtälje",2012,56634,2016.04,28.0,276.1,272.1
0188,"Norrtälje",2013,56845,2016.04,28.2,281.9,277.8
0188,"Norrtälje",2014,57568,2015.35,28.6,289.0,284.1
0188,"Norrtälje",2015,58669,2015.35,29.1,297.1,292.3
0188,"Norrtälje",2016,59420,2015.35,29.5,305.7,300.9
0188,"Norrtälje",2017,60808,2015.35,30.2,314.8,309.8
0188,"Norrtälje",2018,61769,2015.09,30.7,322.8,319.1
0188,"Norrtälje",2019,62622,2015.09,31.1,330.5,327.3
0188,"Norrtälje",2020,63673,2015.09,31.6,336.7,332.7
0188,"Norrtälje",2021,64762,2015.09,32.1,352.9,343.9
0188,"Norrtälje",2022,65587,2015.09,32.5,366.2,356.7
0188,"Norrtälje",2023,65770,2014.83,32.6,379.9,368.4
0188,"Norrtälje",2024,66585,2026.38,32.9,395.3,384.0
0188,"Norrtälje",2025,66832,2026.36,33.0,,
0191,"Sigtuna",2010,39990,327.87,122.0,278.7,263.2
0191,"Sigtuna",2011,41329,327.40,126.2,283.7,271.6
0191,"Sigtuna",2012,42272,327.40,129.1,290.2,276.5
0191,"Sigtuna",2013,43372,327.40,132.5,292.6,280.9
0191,"Sigtuna",2014,44085,327.66,134.5,299.0,286.4
0191,"Sigtuna",2015,44786,327.66,136.7,307.8,294.8
0191,"Sigtuna",2016,46274,327.66,141.2,316.3,303.6
0191,"Sigtuna",2017,47146,327.66,143.9,325.4,311.5
0191,"Sigtuna",2018,48130,327.67,146.9,334.4,320.7
0191,"Sigtuna",2019,48964,327.67,149.4,340.8,328.3
0191,"Sigtuna",2020,49537,327.66,151.2,337.9,327.6
0191,"Sigtuna",2021,50273,327.66,153.4,351.3,335.3
0191,"Sigtuna",2022,51876,327.66,158.3,371.8,350.9
0191,"Sigtuna",2023,52529,327.56,160.4,388.8,365.9
0191,"Sigtuna",2024,52767,329.32,160.2,401.4,379.3
0191,"Sigtuna",2025,53365,329.32,162.0,,
0192,"Nynäshamn",2010,26032,357.23,72.9,269.2,264.3
0192,"Nynäshamn",2011,26248,358.76,73.2,276.6,273.3
0192,"Nynäshamn",2012,26572,358.76,74.0,283.2,280.7
0192,"Nynäshamn",2013,26796,358.76,74.7,287.1,286.8
0192,"Nynäshamn",2014,27041,358.75,75.4,294.5,292.3
0192,"Nynäshamn",2015,27500,358.75,76.7,303.9,301.3
0192,"Nynäshamn",2016,27752,358.75,77.4,316.0,312.5
0192,"Nynäshamn",2017,28109,358.75,78.4,324.6,321.7
0192,"Nynäshamn",2018,28290,357.34,79.2,334.2,331.4
0192,"Nynäshamn",2019,28575,357.34,80.0,343.3,340.0
0192,"Nynäshamn",2020,28811,357.33,80.6,347.8,344.7
0192,"Nynäshamn",2021,29495,357.33,82.5,359.7,356.2
0192,"Nynäshamn",2022,30043,357.33,84.1,375.8,368.7
0192,"Nynäshamn",2023,30311,356.99,84.9,389.1,381.0
0192,"Nynäshamn",2024,30579,358.86,85.2,402.4,393.9
0192,"Nynäshamn",2025,30610,358.78,85.3,,
03,"Uppsala län",2010,335882,8208.40,40.9,265.9,259.0
03,"Uppsala län",2011,338630,8192.07,41.3,274.4,267.0
03,"Uppsala län",2012,341977,8192.07,41.7,282.4,275.6
03,"Uppsala län",2013,345481,8192.07,42.2,288.0,282.0
03,"Uppsala län",2014,348942,8189.62,42.6,296.0,290.1
03,"Uppsala län",2015,354164,8189.62,43.2,306.0,299.3
03,"Uppsala län",2016,361373,8189.62,44.1,316.4,309.5
03,"Uppsala län",2017,368971,8189.62,45.1,324.7,318.1
03,"Uppsala län",2018,376354,8189.27,46.0,334.0,327.5
03,"Uppsala län",2019,383713,8189.28,46.9,341.2,335.3
03,"Uppsala län",2020,388394,8189.28,47.4,345.3,340.3
03,"Uppsala län",2021,395026,8189.28,48.2,360.2,350.6
03,"Uppsala län",2022,400682,8189.28,48.9,374.0,364.6
03,"Uppsala län",2023,404589,8187.72,49.4,387.9,377.9
03,"Uppsala län",2024,407912,8230.52,49.6,401.2,391.3
03,"Uppsala län",2025,410575,8230.52,49.9,,
0305,"Håbo",2010,19629,143.37,136.9,301.3,287.0
0305,"Håbo",2011,19715,143.75,137.1,310.1,294.0
0305,"Håbo",2012,19883,143.75,138.3,319.1,304.4
0305,"Håbo",2013,19968,143.75,138.9,324.7,311.7
0305,"Håbo",2014,20034,143.55,139.6,333.0,318.8
0305,"Håbo",2015,20279,143.55,141.3,342.3,327.8
0305,"Håbo",2016,20737,143.55,144.5,352.9,339.3
0305,"Håbo",2017,21083,143.55,146.9,363.3,348.3
0305,"Håbo",2018,21564,143.54,150.2,373.5,359.1
0305,"Håbo",2019,21934,143.54,152.8,381.5,369.4
0305,"Håbo",2020,22019,143.54,153.4,388.9,376.9
0305,"Håbo",2021,22344,143.54,155.7,403.2,389.5
0305,"Håbo",2022,22765,143.54,158.6,421.7,403.9
0305,"Håbo",2023,22974,143.38,160.2,437.2,417.3
0305,"Håbo",2024,22973,144.12,159.4,455.9,437.1
0305,"Håbo",2025,23252,144.12,161.3,,
0319,"Älvkarleby",2010,9103,213.38,42.7,258.7,258.0
0319,"Älvkarleby",2011,9089,214.98,42.3,265.0,264.9
0319,"Älvkarleby",2012,9059,214.98,42.1,271.1,274.0
0319,"Älvkarleby",2013,9132,214.98,42.5,273.9,276.2
0319,"Älvkarleby",2014,9169,215.24,42.6,281.3,284.8
0319,"Älvkarleby",2015,9293,215.24,43.2,283.9,288.1
0319,"Älvkarleby",2016,9445,215.24,43.9,290.4,299.4
0319,"Älvkarleby",2017,9402,215.24,43.7,299.6,307.5
0319,"Älvkarleby",2018,9392,221.55,42.4,312.2,320.6
0319,"Älvkarleby",2019,9457,221.56,42.7,319.6,328.2
0319,"Älvkarleby",2020,9511,221.56,42.9,327.2,336.5
0319,"Älvkarleby",2021,9627,221.56,43.5,340.9,348.6
0319,"Älvkarleby",2022,9625,221.56,43.4,358.1,361.6
0319,"Älvkarleby",2023,9572,220.18,43.5,374.7,372.8
0319,"Älvkarleby",2024,9552,221.39,43.1,388.9,390.2
0319,"Älvkarleby",2025,9573,221.39,43.2,,
0330,"Knivsta",2010,14724,283.46,51.9,322.9,296.3
0330,"Knivsta",2011,14965,282.17,53.0,338.6,307.0
0330,"Knivsta",2012,15279,282.17,54.1,348.0,318.0
0330,"Knivsta",2013,15580,282.17,55.2,354.5,324.8
0330,"Knivsta",2014,16105,282.13,57.1,363.2,333.1
0330,"Knivsta",2015,16869,282.13,59.8,371.2,341.1
0330,"Knivsta",2016,17323,282.13,61.4,384.0,354.5
0330,"Knivsta",2017,18064,282.13,64.0,394.4,364.7
0330,"Knivsta",2018,18720,282.17,66.3,404.9,379.0
0330,"Knivsta",2019,18835,282.17,66.8,416.1,389.7
0330,"Knivsta",2020,19106,282.17,67.7,427.1,396.0
0330,"Knivsta",2021,19818,282.17,70.2,435.0,403.4
0330,"Knivsta",2022,20133,282.17,71.4,455.7,420.0
0330,"Knivsta",2023,20714,282.13,73.4,472.9,436.2
0330,"Knivsta",2024,21193,283.65,74.7,484.3,451.1
0330,"Knivsta",2025,21733,283.65,76.6,,
0331,"Heby",2010,13382,1171.74,11.4,237.7,240.9
0331,"Heby",2011,13381,1166.81,11.5,246.4,249.4
0331,"Heby",2012,13364,1166.81,11.4,255.7,257.2
0331,"Heby",2013,13450,1166.81,11.5,260.4,262.7
0331,"Heby",2014,13490,1166.90,11.6,267.2,271.9
0331,"Heby",2015,13594,1166.90,11.6,274.8,277.4
0331,"Heby",2016,13755,1166.90,11.8,287.0,287.7
0331,"Heby",2017,13854,1166.90,11.9,294.6,298.5
0331,"Heby",2018,13910,1166.88,11.9,302.0,306.0
0331,"Heby",2019,14047,1166.88,12.0,309.9,313.1
0331,"Heby",2020,14101,1166.88,12.1,315.0,317.6
0331,"Heby",2021,14303,1166.88,12.3,324.7,327.2
0331,"Heby",2022,14421,1166.88,12.4,338.1,337.8
0331,"Heby",2023,14343,1166.72,12.3,353.0,350.7
0331,"Heby",2024,14345,1172.64,12.2,365.1,363.5
0331,"Heby",2025,14275,1172.64,12.2,,
0360,"Tierp",2010,20125,1550.46,13.0,241.9,243.4
0360,"Tierp",2011,20077,1547.78,13.0,251.5,255.5
0360,"Tierp",2012,20156,1547.78,13.0,258.6,263.1
0360,"Tierp",2013,20144,1547.78,13.0,261.5,267.3
0360,"Tierp",2014,20245,1546.33,13.1,267.5,273.7
0360,"Tierp",2015,20547,1546.33,13.3,276.2,282.6
0360,"Tierp",2016,20744,1546.33,13.4,283.5,289.8
0360,"Tierp",2017,20930,1546.33,13.5,291.9,297.9
0360,"Tierp",2018,21127,1540.01,13.7,303.1,309.6
0360,"Tierp",2019,21136,1540.00,13.7,308.7,315.9
0360,"Tierp",2020,21327,1540.00,13.8,312.2,321.1
0360,"Tierp",2021,21485,1540.00,14.0,323.9,332.7
0360,"Tierp",2022,21406,1540.00,13.9,342.3,346.4
0360,"Tierp",2023,21193,1539.90,13.8,354.1,358.9
0360,"Tierp",2024,21104,1548.16,13.6,366.1,371.0
0360,"Tierp",2025,21028,1548.16,13.6,,
0380,"Uppsala",2010,197787,2189.10,90.4,262.2,254.5
0380,"Uppsala",2011,200001,2182.80,91.6,269.3,261.5
0380,"Uppsala",2012,202625,2182.80,92.8,276.6,269.6
0380,"Uppsala",2013,205199,2182.80,94.0,282.5,275.9
0380,"Uppsala",2014,207362,2182.41,95.0,291.4,284.4
0380,"Uppsala",2015,210126,2182.41,96.3,301.9,294.7
0380,"Uppsala",2016,214559,2182.41,98.3,312.8,305.4
0380,"Uppsala",2017,219914,2182.41,100.8,320.2,313.7
0380,"Uppsala",2018,225164,2182.31,103.2,328.8,322.1
0380,"Uppsala",2019,230767,2182.31,105.7,335.5,329.8
0380,"Uppsala",2020,233839,2182.31,107.2,338.3,334.0
0380,"Uppsala",2021,237596,2182.31,108.9,354.7,343.7
0380,"Uppsala",2022,242140,2182.31,111.0,366.1,358.1
0380,"Uppsala",2023,245329,2182.09,112.4,379.4,370.6
0380,"Uppsala",2024,248016,2193.84,113.1,391.4,382.9
0380,"Uppsala",2025,249726,2193.84,113.8,,
0381,"Enköping",2010,39759,1184.05,33.6,269.3,262.8
0381,"Enköping",2011,40015,1178.50,34.0,279.7,270.9
0381,"Enköping",2012,40349,1178.50,34.2,288.1,279.9
0381,"Enköping",2013,40656,1178.50,34.5,296.0,287.5
0381,"Enköping",2014,41163,1178.35,34.9,301.4,294.1
0381,"Enköping",2015,41893,1178.35,35.6,310.9,304.3
0381,"Enköping",2016,42988,1178.35,36.5,320.9,312.8
0381,"Enköping",2017,43797,1178.35,37.2,329.1,320.8
0381,"Enköping",2018,44429,1178.30,37.7,339.2,330.4
0381,"Enköping",2019,45287,1178.30,38.4,347.3,338.6
0381,"Enköping",2020,46240,1178.30,39.2,352.0,343.7
0381,"Enköping",2021,47489,1178.30,40.3,364.8,354.3
0381,"Enköping",2022,47848,1178.30,40.6,381.4,368.8
0381,"Enköping",2023,48292,1178.16,41.0,397.0,382.8
0381,"Enköping",2024,48591,1184.16,41.0,413.7,396.8
0381,"Enköping",2025,48804,1184.16,41.2,,
0382,"Östhammar",2010,21373,1471.61,14.5,265.7,265.3
0382,"Östhammar",2011,21387,1475.28,14.5,280.7,274.5
0382,"Östhammar",2012,21262,1475.28,14.4,292.5,286.7
0382,"Östhammar",2013,21352,1475.28,14.5,294.6,291.9
0382,"Östhammar",2014,21374,1474.61,14.5,298.9,299.6
0382,"Östhammar",2015,21563,1474.61,14.6,310.3,308.5
0382,"Östhammar",2016,21822,1474.61,14.8,316.3,315.6
0382,"Östhammar",2017,21927,1474.61,14.9,329.6,326.9
0382,"Östhammar",2018,22048,1474.53,15.0,340.0,336.0
0382,"Östhammar",2019,22250,1474.53,15.1,348.5,345.9
0382,"Östhammar",2020,22251,1474.52,15.1,355.4,353.9
0382,"Östhammar",2021,22364,1474.52,15.2,366.3,365.6
0382,"Östhammar",2022,22344,1474.52,15.2,386.8,375.9
0382,"Östhammar",2023,22172,1475.17,15.0,396.8,390.5
0382,"Östhammar",2024,22138,1482.56,14.9,413.8,406.3
0382,"Östhammar",2025,22181,1482.56,15.0,,
04,"Södermanlands län",2010,270738,6103.10,44.4,257.9,257.9
04,"Södermanlands län",2011,272563,6076.06,44.9,265.8,266.4
04,"Södermanlands län",2012,274723,6076.06,45.2,271.8,273.0
04,"Södermanlands län",2013,277569,6076.06,45.7,276.5,278.6
04,"Södermanlands län",2014,280666,6075.07,46.2,282.3,284.0
04,"Södermanlands län",2015,283712,6075.07,46.7,291.2,293.3
04,"Södermanlands län",2016,288097,6075.07,47.4,300.9,302.1
04,"Södermanlands län",2017,291341,6075.07,48.0,308.8,310.0
04,"Södermanlands län",2018,294695,6071.83,48.5,318.5,319.4
04,"Södermanlands län",2019,297540,6071.83,49.0,324.9,326.2
04,"Södermanlands län",2020,299401,6071.83,49.3,328.8,330.5
04,"Södermanlands län",2021,301801,6071.83,49.7,344.3,343.4
04,"Södermanlands län",2022,302566,6071.83,49.8,360.7,356.7
04,"Södermanlands län",2023,301944,6068.60,49.8,375.9,370.4
04,"Södermanlands län",2024,301542,6097.20,49.5,390.4,384.6
04,"Södermanlands län",2025,300440,6096.70,49.3,,
0428,"Vingåker",2010,8893,372.47,23.9,243.4,251.3
0428,"Vingåker",2011,8824,370.27,23.8,249.4,258.5
0428,"Vingåker",2012,8775,370.27,23.7,254.7,265.4
0428,"Vingåker",2013,8835,370.27,23.9,260.8,271.9
0428,"Vingåker",2014,8919,370.32,24.1,264.8,279.3
0428,"Vingåker",2015,8953,370.32,24.2,271.4,284.7
0428,"Vingåker",2016,9099,370.32,24.6,278.3,290.7
0428,"Vingåker",2017,9180,370.32,24.8,284.6,297.1
0428,"Vingåker",2018,9136,370.32,24.7,290.8,304.7
0428,"Vingåker",2019,9111,370.32,24.6,301.0,313.9
0428,"Vingåker",2020,9144,370.32,24.7,304.7,318.3
0428,"Vingåker",2021,9063,370.31,24.5,315.0,325.6
0428,"Vingåker",2022,8981,370.31,24.3,332.6,339.6
0428,"Vingåker",2023,8856,370.33,23.9,344.7,351.1
0428,"Vingåker",2024,8750,372.06,23.5,359.1,363.9
0428,"Vingåker",2025,8666,372.06,23.3,,
0461,"Gnesta",2010,10360,462.66,22.4,265.5,264.0
0461,"Gnesta",2011,10345,461.24,22.4,274.0,270.4
0461,"Gnesta",2012,10442,461.24,22.6,280.3,277.6
0461,"Gnesta",2013,10409,461.24,22.6,284.1,283.2
0461,"Gnesta",2014,10513,461.11,22.8,291.1,288.6
0461,"Gnesta",2015,10649,461.11,23.1,296.8,295.2
0461,"Gnesta",2016,10861,461.11,23.6,310.0,306.2
0461,"Gnesta",2017,11019,461.11,23.9,321.1,318.8
0461,"Gnesta",2018,11237,461.08,24.4,331.6,329.3
0461,"Gnesta",2019,11365,461.08,24.6,341.4,337.7
0461,"Gnesta",2020,11421,461.08,24.8,347.9,343.5
0461,"Gnesta",2021,11513,461.08,25.0,361.2,355.0
0461,"Gnesta",2022,11612,461.08,25.2,375.8,366.5
0461,"Gnesta",2023,11520,460.86,25.0,389.3,379.2
0461,"Gnesta",2024,11458,463.15,24.7,408.6,396.7
0461,"Gnesta",2025,11343,463.17,24.5,,
0480,"Nyköping",2010,51644,1427.89,36.2,270.6,264.9
0480,"Nyköping",2011,51896,1420.84,36.5,279.3,273.0
0480,"Nyköping",2012,52336,1420.84,36.8,285.9,280.9
0480,"Nyköping",2013,53038,1420.84,37.3,291.2,287.9
0480,"Nyköping",2014,53508,1420.46,37.7,297.8,295.3
0480,"Nyköping",2015,54262,1420.46,38.2,306.8,304.2
0480,"Nyköping",2016,54924,1420.46,38.7,316.1,312.8
0480,"Nyköping",2017,55467,1420.46,39.0,324.4,321.0
0480,"Nyköping",2018,56011,1418.73,39.5,335.0,332.3
0480,"Nyköping",2019,56591,1418.73,39.9,341.5,340.0
0480,"Nyköping",2020,57071,1418.73,40.2,342.4,342.1
0480,"Nyköping",2021,57633,1418.73,40.6,357.8,355.1
0480,"Nyköping",2022,58021,1418.73,40.9,372.8,367.0
0480,"Nyköping",2023,58200,1418.06,41.0,387.1,378.9
0480,"Nyköping",2024,58344,1424.79,40.9,399.2,392.8
0480,"Nyköping",2025,58310,1424.38,40.9,,
0481,"Oxelösund",2010,11193,35.57,314.7,273.9,274.7
0481,"Oxelösund",2011,11250,35.39,317.9,282.3,285.4
0481,"Oxelösund",2012,11236,35.39,317.4,283.4,289.0
0481,"Oxelösund",2013,11403,35.39,322.2,288.5,297.3
0481,"Oxelösund",2014,11551,35.43,326.0,293.5,302.1
0481,"Oxelösund",2015,11701,35.43,330.3,296.9,308.8
0481,"Oxelösund",2016,11921,35.43,336.5,301.5,313.9
0481,"Oxelösund",2017,12008,35.43,338.9,308.4,318.2
0481,"Oxelösund",2018,12062,34.97,344.9,317.4,328.2
0481,"Oxelösund",2019,11983,34.97,342.7,323.9,336.5
0481,"Oxelösund",2020,11995,34.97,343.0,324.5,336.2
0481,"Oxelösund",2021,12132,34.97,346.9,339.9,351.2
0481,"Oxelösund",2022,12086,34.97,345.6,360.8,370.8
0481,"Oxelösund",2023,12106,34.96,346.3,374.4,384.3
0481,"Oxelösund",2024,12031,35.13,342.5,392.1,402.1
0481,"Oxelösund",2025,11962,35.13,340.5,,
0482,"Flen",2010,16028,722.04,22.2,241.4,244.9
0482,"Flen",2011,16063,718.83,22.3,247.7,252.4
0482,"Flen",2012,16019,718.83,22.2,251.5,257.3
0482,"Flen",2013,16156,718.83,22.5,254.4,260.1
0482,"Flen",2014,16242,718.49,22.6,256.4,263.3
0482,"Flen",2015,16440,718.49,22.9,264.6,271.7
0482,"Flen",2016,16830,718.49,23.4,270.3,279.4
0482,"Flen",2017,16864,718.49,23.5,273.9,283.7
0482,"Flen",2018,16705,718.41,23.3,282.3,289.2
0482,"Flen",2019,16585,718.41,23.1,287.8,299.2
0482,"Flen",2020,16431,718.41,22.9,291.8,303.4
0482,"Flen",2021,16316,718.41,22.7,304.5,313.6
0482,"Flen",2022,16058,718.41,22.4,322.5,331.6
0482,"Flen",2023,15668,717.83,21.8,334.9,342.2
0482,"Flen",2024,15362,721.12,21.3,353.7,357.0
0482,"Flen",2025,15095,721.09,20.9,,
0483,"Katrineholm",2010,32428,1025.38,31.6,245.4,250.9
0483,"Katrineholm",2011,32409,1020.19,31.8,252.8,259.2
0483,"Katrineholm",2012,32549,1020.19,31.9,259.7,266.4
0483,"Katrineholm",2013,32930,1020.19,32.3,262.7,271.6
0483,"Katrineholm",2014,33268,1020.16,32.6,268.5,277.4
0483,"Katrineholm",2015,33462,1020.16,32.8,278.8,286.1
0483,"Katrineholm",2016,33722,1020.16,33.1,289.6,295.6
0483,"Katrineholm",2017,34133,1020.16,33.5,295.7,302.4
0483,"Katrineholm",2018,34550,1020.03,33.9,302.4,310.2
0483,"Katrineholm",2019,34755,1020.03,34.1,308.6,316.4
0483,"Katrineholm",2020,34765,1020.03,34.1,315.1,323.7
0483,"Katrineholm",2021,34764,1020.04,34.1,329.7,336.2
0483,"Katrineholm",2022,34604,1020.04,33.9,341.8,345.5
0483,"Katrineholm",2023,34324,1019.49,33.7,356.6,358.6
0483,"Katrineholm",2024,34154,1024.07,33.4,366.9,370.4
0483,"Katrineholm",2025,33984,1024.07,33.2,,
0484,"Eskilstuna",2010,96311,1103.75,87.3,241.5,247.8
0484,"Eskilstuna",2011,97596,1099.87,88.7,249.8,256.2
0484,"Eskilstuna",2012,98765,1099.87,89.8,255.3,261.9
0484,"Eskilstuna",2013,99729,1099.87,90.7,260.8,267.4
0484,"Eskilstuna",2014,100923,1099.89,91.8,266.3,271.9
0484,"Eskilstuna",2015,102065,1099.89,92.8,275.0,281.5
0484,"Eskilstuna",2016,103684,1099.89,94.3,285.0,290.3
0484,"Eskilstuna",2017,104709,1099.89,95.2,292.6,298.4
0484,"Eskilstuna",2018,105924,1099.79,96.3,302.8,307.1
0484,"Eskilstuna",2019,106859,1099.79,97.2,307.5,312.2
0484,"Eskilstuna",2020,106975,1099.79,97.3,310.5,316.2
0484,"Eskilstuna",2021,107593,1099.79,97.8,326.1,328.6
0484,"Eskilstuna",2022,107918,1099.79,98.1,342.2,342.1
0484,"Eskilstuna",2023,107468,1098.99,97.8,358.0,357.3
0484,"Eskilstuna",2024,107203,1104.13,97.1,372.4,371.1
0484,"Eskilstuna",2025,106789,1104.13,96.7,,
0486,"Strängnäs",2010,32419,741.59,43.7,288.0,273.8
0486,"Strängnäs",2011,32687,739.70,44.2,294.3,283.2
0486,"Strängnäs",2012,33072,739.70,44.7,302.8,291.7
0486,"Strängnäs",2013,33389,739.70,45.1,307.9,297.4
0486,"Strängnäs",2014,33878,739.42,45.8,315.3,302.5
0486,"Strängnäs",2015,34102,739.42,46.1,325.3,313.4
0486,"Strängnäs",2016,34609,739.42,46.8,336.2,322.0
0486,"Strängnäs",2017,35045,739.42,47.4,346.5,332.2
0486,"Strängnäs",2018,35761,739.34,48.4,356.3,342.3
0486,"Strängnäs",2019,36544,739.34,49.4,364.1,350.9
0486,"Strängnäs",2020,37290,739.34,50.4,370.6,355.6
0486,"Strängnäs",2021,38129,739.34,51.6,387.8,369.9
0486,"Strängnäs",2022,38526,739.34,52.1,408.3,386.8
0486,"Strängnäs",2023,38917,739.00,52.7,424.3,399.9
0486,"Strängnäs",2024,39313,742.63,52.9,439.4,415.1
0486,"Strängnäs",2025,39387,742.63,53.0,,
0488,"Trosa",2010,11462,210.99,54.3,303.8,285.5
0488,"Trosa",2011,11493,209.73,54.8,313.8,295.6
0488,"Trosa",2012,11529,209.73,54.9,321.2,302.0
0488,"Trosa",2013,11680,209.73,55.7,321.0,302.1
0488,"Trosa",2014,11864,209.79,56.6,326.5,308.3
0488,"Trosa",2015,12078,209.79,57.6,338.3,320.1
0488,"Trosa",2016,12447,209.79,59.3,351.1,333.2
0488,"Trosa",2017,12916,209.79,61.6,361.2,341.4
0488,"Trosa",2018,13309,209.16,63.6,371.2,352.9
0488,"Trosa",2019,13747,209.16,65.7,380.8,364.5
0488,"Trosa",2020,14309,209.16,68.4,385.9,372.3
0488,"Trosa",2021,14658,209.16,70.1,403.0,384.9
0488,"Trosa",2022,14760,209.16,70.6,421.3,400.2
0488,"Trosa",2023,14885,209.07,71.2,436.7,417.9
0488,"Trosa",2024,14927,210.11,71.0,456.5,434.9
0488,"Trosa",2025,14900,210.03,70.9,,
05,"Östergötlands län",2010,429642,10604.60,40.5,254.1,252.6
05,"Östergötlands län",2011,431075,10544.58,40.9,262.2,260.2
05,"Östergötlands län",2012,433784,10544.58,41.1,269.4,268.2
05,"Östergötlands län",2013,437848,10544.58,41.5,275.2,274.3
05,"Östergötlands län",2014,442105,10559.43,41.9,282.1,281.3
05,"Östergötlands län",2015,445661,10559.43,42.2,291.9,291.3
05,"Östergötlands län",2016,452105,10559.43,42.8,302.4,301.3
05,"Östergötlands län",2017,457496,10559.43,43.3,310.5,309.7
05,"Östergötlands län",2018,461583,10557.43,43.7,320.3,319.8
05,"Östergötlands län",2019,465495,10557.43,44.1,329.4,329.1
05,"Östergötlands län",2020,467158,10557.43,44.2,334.0,334.1
05,"Östergötlands län",2021,469704,10557.44,44.5,348.4,346.7
05,"Östergötlands län",2022,471912,10557.44,44.7,364.2,359.4
05,"Östergötlands län",2023,472298,10555.46,44.7,380.7,373.7
05,"Östergötlands län",2024,472446,10603.05,44.6,396.6,389.1
05,"Östergötlands län",2025,472529,10603.05,44.6,,
0509,"Ödeshög",2010,5284,431.59,12.2,235.7,239.2
0509,"Ödeshög",2011,5245,430.42,12.2,244.4,250.6
0509,"Ödeshög",2012,5200,430.42,12.0,252.3,255.4
0509,"Ödeshög",2013,5174,430.42,12.0,256.4,261.6
0509,"Ödeshög",2014,5240,433.97,12.1,266.3,269.9
0509,"Ödeshög",2015,5236,433.97,12.1,272.8,273.9
0509,"Ödeshög",2016,5335,433.97,12.3,282.5,286.9
0509,"Ödeshög",2017,5343,434.06,12.3,290.9,293.3
0509,"Ödeshög",2018,5323,434.05,12.3,300.3,306.5
0509,"Ödeshög",2019,5337,434.05,12.3,309.6,315.4
0509,"Ödeshög",2020,5338,434.05,12.3,319.4,327.1
0509,"Ödeshög",2021,5309,434.05,12.2,336.6,343.4
0509,"Ödeshög",2022,5317,434.05,12.2,354.1,356.7
0509,"Ödeshög",2023,5279,433.82,12.2,366.0,365.1
0509,"Ödeshög",2024,5237,435.67,12.0,381.1,381.6
0509,"Ödeshög",2025,5221,435.67,12.0,,
0512,"Ydre",2010,3672,679.03,5.4,248.5,252.0
0512,"Ydre",2011,3666,675.42,5.4,255.4,258.4
0512,"Ydre",2012,3612,675.42,5.3,259.0,266.3
0512,"Ydre",2013,3617,675.42,5.4,264.7,270.9
0512,"Ydre",2014,3660,675.39,5.4,272.6,279.3
0512,"Ydre",2015,3658,675.39,5.4,279.0,288.1
0512,"Ydre",2016,3675,675.39,5.4,291.0,299.3
0512,"Ydre",2017,3733,675.39,5.5,304.1,308.8
0512,"Ydre",2018,3743,675.33,5.5,314.1,318.4
0512,"Ydre",2019,3747,675.33,5.5,318.7,323.4
0512,"Ydre",2020,3726,675.33,5.5,330.3,331.9
0512,"Ydre",2021,3695,675.33,5.5,339.1,343.4
0512,"Ydre",2022,3683,675.33,5.5,354.3,352.3
0512,"Ydre",2023,3637,675.32,5.4,367.5,369.2
0512,"Ydre",2024,3626,678.25,5.3,380.1,378.6
0512,"Ydre",2025,3619,678.25,5.3,,
0513,"Kinda",2010,9762,1135.27,8.6,251.5,253.3
0513,"Kinda",2011,9799,1129.47,8.7,262.3,261.7
0513,"Kinda",2012,9744,1129.47,8.6,269.5,271.2
0513,"Kinda",2013,9802,1129.47,8.7,274.4,278.4
0513,"Kinda",2014,9795,1129.40,8.7,280.8,281.4
0513,"Kinda",2015,9795,1129.40,8.7,288.7,291.9
0513,"Kinda",2016,9874,1129.40,8.7,300.1,302.6
0513,"Kinda",2017,9882,1129.40,8.7,311.7,313.3
0513,"Kinda",2018,9915,1129.39,8.8,321.6,322.3
0513,"Kinda",2019,9940,1129.39,8.8,328.6,329.7
0513,"Kinda",2020,9991,1129.39,8.8,334.4,336.5
0513,"Kinda",2021,10048,1129.39,8.9,349.5,350.1
0513,"Kinda",2022,10068,1129.39,8.9,363.7,363.7
0513,"Kinda",2023,9992,1129.34,8.8,382.9,379.6
0513,"Kinda",2024,9957,1134.33,8.8,398.8,394.8
0513,"Kinda",2025,9924,1134.32,8.7,,
0560,"Boxholm",2010,5221,528.27,9.9,247.0,254.8
0560,"Boxholm",2011,5205,525.77,9.9,257.7,268.5
0560,"Boxholm",2012,5206,525.77,9.9,263.6,275.4
0560,"Boxholm",2013,5278,525.77,10.0,268.5,282.4
0560,"Boxholm",2014,5322,525.74,10.1,278.6,289.5
0560,"Boxholm",2015,5328,525.74,10.1,287.4,300.3
0560,"Boxholm",2016,5373,525.74,10.2,298.3,314.5
0560,"Boxholm",2017,5453,525.74,10.4,309.7,323.3
0560,"Boxholm",2018,5449,525.74,10.4,314.3,331.4
0560,"Boxholm",2019,5476,525.74,10.4,322.2,340.7
0560,"Boxholm",2020,5441,525.74,10.3,328.7,346.7
0560,"Boxholm",2021,5512,525.73,10.5,342.2,357.6
0560,"Boxholm",2022,5498,525.73,10.5,358.1,368.8
0560,"Boxholm",2023,5523,525.71,10.5,371.0,382.1
0560,"Boxholm",2024,5517,528.03,10.4,386.5,397.8
0560,"Boxholm",2025,5451,528.04,10.3,,
0561,"Åtvidaberg",2010,11504,690.42,16.7,250.7,251.4
0561,"Åtvidaberg",2011,11517,686.62,16.8,260.5,261.2
0561,"Åtvidaberg",2012,11446,686.62,16.6,267.6,268.4
0561,"Åtvidaberg",2013,11460,686.62,16.7,271.9,275.2
0561,"Åtvidaberg",2014,11472,686.60,16.7,279.7,283.4
0561,"Åtvidaberg",2015,11545,686.60,16.8,288.3,292.0
0561,"Åtvidaberg",2016,11617,686.60,16.9,299.1,301.6
0561,"Åtvidaberg",2017,11631,686.60,16.9,306.4,308.9
0561,"Åtvidaberg",2018,11537,686.54,16.8,317.4,319.7
0561,"Åtvidaberg",2019,11503,686.54,16.8,326.6,328.6
0561,"Åtvidaberg",2020,11427,686.54,16.6,332.4,333.4
0561,"Åtvidaberg",2021,11462,686.54,16.7,345.8,347.1
0561,"Åtvidaberg",2022,11506,686.54,16.8,362.2,358.7
0561,"Åtvidaberg",2023,11460,686.43,16.7,376.5,371.9
0561,"Åtvidaberg",2024,11467,689.51,16.6,391.9,387.6
0561,"Åtvidaberg",2025,11490,689.43,16.7,,
0562,"Finspång",2010,20747,1061.57,19.5,269.3,265.5
0562,"Finspång",2011,20763,1055.28,19.7,277.1,273.9
0562,"Finspång",2012,20791,1055.28,19.7,285.8,282.6
0562,"Finspång",2013,20903,1055.28,19.8,288.4,285.9
0562,"Finspång",2014,21150,1055.25,20.0,288.9,288.1
0562,"Finspång",2015,21199,1055.25,20.1,296.0,296.7
0562,"Finspång",2016,21526,1055.25,20.4,306.4,307.5
0562,"Finspång",2017,21577,1055.25,20.4,315.1,315.6
0562,"Finspång",2018,21758,1055.25,20.6,324.8,326.7
0562,"Finspång",2019,21912,1055.25,20.8,330.2,332.9
0562,"Finspång",2020,21765,1055.25,20.6,335.7,337.7
0562,"Finspång",2021,21889,1055.25,20.7,348.2,348.9
0562,"Finspång",2022,21903,1055.25,20.8,363.7,361.0
0562,"Finspång",2023,21694,1055.20,20.6,385.1,376.9
0562,"Finspång",2024,21623,1060.04,20.4,396.7,391.9
0562,"Finspång",2025,21502,1060.04,20.3,,
0563,"Valdemarsvik",2010,7760,739.00,10.5,237.9,239.8
0563,"Valdemarsvik",2011,7662,733.82,10.4,242.3,243.7
0563,"Valdemarsvik",2012,7597,733.82,10.3,247.5,251.5
0563,"Valdemarsvik",2013,7585,733.82,10.3,253.1,256.7
0563,"Valdemarsvik",2014,7657,733.97,10.4,259.6,266.3
0563,"Valdemarsvik",2015,7747,733.97,10.6,269.5,273.7
0563,"Valdemarsvik",2016,7809,733.97,10.6,277.3,280.6
0563,"Valdemarsvik",2017,7920,733.97,10.8,281.1,287.4
0563,"Valdemarsvik",2018,7956,733.61,10.8,287.6,294.7
0563,"Valdemarsvik",2019,7873,733.61,10.7,294.7,301.5
0563,"Valdemarsvik",2020,7737,733.62,10.5,303.6,309.1
0563,"Valdemarsvik",2021,7660,733.63,10.4,319.6,324.6
0563,"Valdemarsvik",2022,7630,733.63,10.4,333.6,335.6
0563,"Valdemarsvik",2023,7541,733.55,10.3,344.4,347.1
0563,"Valdemarsvik",2024,7525,737.00,10.2,360.0,359.9
0563,"Valdemarsvik",2025,7526,736.98,10.2,,
0580,"Linköping",2010,146416,1435.80,102.0,259.5,254.6
0580,"Linköping",2011,147334,1427.44,103.2,267.1,260.8
0580,"Linköping",2012,148521,1427.44,104.0,274.2,269.0
0580,"Linköping",2013,150202,1427.44,105.2,281.0,276.0
0580,"Linköping",2014,151881,1427.72,106.4,288.4,283.4
0580,"Linköping",2015,152966,1427.72,107.1,299.1,295.3
0580,"Linköping",2016,155817,1427.72,109.1,310.0,305.7
0580,"Linköping",2017,158520,1427.72,111.0,317.1,313.9
0580,"Linköping",2018,161034,1427.81,112.8,326.0,323.1
0580,"Linköping",2019,163051,1427.81,114.2,337.1,334.2
0580,"Linköping",2020,164616,1427.81,115.3,339.2,337.4
0580,"Linköping",2021,165527,1427.81,115.9,353.1,349.8
0580,"Linköping",2022,166673,1427.81,116.7,367.2,362.4
0580,"Linköping",2023,167404,1427.30,117.3,385.5,377.3
0580,"Linköping",2024,168035,1433.71,117.2,401.1,392.3
0580,"Linköping",2025,168714,1433.80,117.7,,
0581,"Norrköping",2010,130050,1503.61,86.5,248.7,248.1
0581,"Norrköping",2011,130623,1495.05,87.4,256.5,256.1
0581,"Norrköping",2012,132124,1495.05,88.3,264.0,263.7
0581,"Norrköping",2013,133749,1495.05,89.5,269.0,269.2
0581,"Norrköping",2014,135283,1495.52,90.5,275.9,276.4
0581,"Norrköping",2015,137035,1495.52,91.6,285.8,285.4
0581,"Norrköping",2016,139363,1495.52,93.2,296.2,295.7
0581,"Norrköping",2017,140927,1495.62,94.2,304.4,304.0
0581,"Norrköping",2018,141676,1494.71,94.8,315.6,314.0
0581,"Norrköping",2019,143171,1494.71,95.8,323.3,322.4
0581,"Norrköping",2020,143478,1494.71,96.0,329.2,328.5
0581,"Norrköping",2021,144458,1494.71,96.6,344.1,341.2
0581,"Norrköping",2022,145120,1494.71,97.1,360.8,353.8
0581,"Norrköping",2023,145163,1494.44,97.1,376.5,368.5
0581,"Norrköping",2024,144980,1501.34,96.6,392.9,384.4
0581,"Norrköping",2025,144904,1501.34,96.5,,
0582,"Söderköping",2010,14024,677.92,20.7,263.8,259.2
0582,"Söderköping",2011,14043,673.85,20.8,275.8,268.4
0582,"Söderköping",2012,14143,673.85,20.9,280.4,276.2
0582,"Söderköping",2013,14195,673.85,21.1,286.4,282.6
0582,"Söderköping",2014,14268,674.27,21.2,296.3,291.4
0582,"Söderköping",2015,14240,674.27,21.1,306.7,301.2
0582,"Söderköping",2016,14402,674.27,21.4,318.1,312.2
0582,"Söderköping",2017,14521,674.17,21.5,328.3,324.2
0582,"Söderköping",2018,14618,673.48,21.7,336.9,333.4
0582,"Söderköping",2019,14626,673.48,21.7,344.2,340.3
0582,"Söderköping",2020,14616,673.47,21.7,352.7,348.8
0582,"Söderköping",2021,14673,673.46,21.8,370.7,364.1
0582,"Söderköping",2022,14834,673.46,22.0,382.9,376.0
0582,"Söderköping",2023,14867,673.24,22.1,398.5,387.2
0582,"Söderköping",2024,14789,676.35,21.9,417.8,405.8
0582,"Söderköping",2025,14741,676.37,21.8,,
0583,"Motala",2010,41955,988.25,42.5,248.1,251.4
0583,"Motala",2011,41828,983.49,42.5,255.3,258.4
0583,"Motala",2012,41867,983.49,42.5,262.6,265.9
0583,"Motala",2013,42187,983.49,42.9,269.4,272.2
0583,"Motala",2014,42556,982.99,43.3,275.2,278.9
0583,"Motala",2015,42903,982.99,43.6,284.2,287.6
0583,"Motala",2016,43258,982.99,44.0,291.5,295.4
0583,"Motala",2017,43549,982.99,44.3,299.7,302.8
0583,"Motala",2018,43687,983.01,44.4,310.1,313.5
0583,"Motala",2019,43673,983.01,44.4,319.5,323.2
0583,"Motala",2020,43640,983.01,44.4,323.4,328.5
0583,"Motala",2021,43674,983.01,44.4,337.3,340.4
0583,"Motala",2022,43728,983.01,44.5,355.0,352.9
0583,"Motala",2023,43728,982.72,44.5,369.5,366.3
0583,"Motala",2024,43505,987.16,44.1,385.9,382.0
0583,"Motala",2025,43131,987.16,43.7,,
0584,"Vadstena",2010,7391,182.50,40.5,262.8,263.6
0584,"Vadstena",2011,7317,181.91,40.2,269.9,272.0
0584,"Vadstena",2012,7338,181.91,40.3,277.1,278.9
0584,"Vadstena",2013,7383,181.84,40.6,283.6,285.6
0584,"Vadstena",2014,7393,191.60,38.6,288.7,292.0
0584,"Vadstena",2015,7407,191.60,38.7,296.3,300.0
0584,"Vadstena",2016,7348,191.60,38.4,307.5,310.7
0584,"Vadstena",2017,7421,191.60,38.7,314.7,315.9
0584,"Vadstena",2018,7514,191.60,39.2,325.8,327.0
0584,"Vadstena",2019,7428,191.60,38.8,338.7,337.9
0584,"Vadstena",2020,7423,191.60,38.7,349.2,343.4
0584,"Vadstena",2021,7528,191.60,39.3,361.1,352.9
0584,"Vadstena",2022,7481,191.60,39.0,380.6,372.5
0584,"Vadstena",2023,7434,191.55,38.8,393.1,383.9
0584,"Vadstena",2024,7490,192.40,38.9,414.2,397.1
0584,"Vadstena",2025,7484,192.40,38.9,,
0586,"Mjölby",2010,25856,548.75,47.1,253.8,257.4
0586,"Mjölby",2011,26073,546.04,47.7,263.8,267.8
0586,"Mjölby",2012,26195,546.04,47.9,270.8,275.9
0586,"Mjölby",2013,26313,546.11,48.2,277.8,282.7
0586,"Mjölby",2014,26428,547.00,48.3,285.5,291.6
0586,"Mjölby",2015,26602,547.00,48.6,294.3,300.0
0586,"Mjölby",2016,26708,547.00,48.8,308.4,310.9
0586,"Mjölby",2017,27019,546.91,49.4,318.1,322.4
0586,"Mjölby",2018,27373,546.92,50.0,327.5,333.4
0586,"Mjölby",2019,27758,546.92,50.8,335.7,342.8
0586,"Mjölby",2020,27960,546.92,51.1,340.3,346.6
0586,"Mjölby",2021,28269,546.92,51.7,356.9,359.4
0586,"Mjölby",2022,28471,546.92,52.1,376.2,374.1
0586,"Mjölby",2023,28576,546.85,52.3,389.1,387.8
0586,"Mjölby",2024,28695,549.26,52.2,404.2,404.6
0586,"Mjölby",2025,28823,549.26,52.5,,
06,"Jönköpings län",2010,336866,10494.60,32.1,260.4,262.3
06,"Jönköpings län",2011,337896,10437.71,32.4,269.2,270.6
06,"Jönköpings län",2012,339116,10437.71,32.4,276.5,278.6
06,"Jönköpings län",2013,341235,10437.71,32.7,281.5,284.9
06,"Jönköpings län",2014,344262,10436.68,33.0,289.8,292.5
06,"Jönköpings län",2015,347837,10436.68,33.3,298.6,300.6
06,"Jönköpings län",2016,352735,10436.68,33.8,309.4,311.0
06,"Jönköpings län",2017,357237,10436.68,34.2,318.9,320.5
06,"Jönköpings län",2018,360825,10436.46,34.6,328.7,329.6
06,"Jönköpings län",2019,363599,10436.45,34.8,335.3,337.2
06,"Jönköpings län",2020,365010,10436.45,35.0,337.9,340.4
06,"Jönköpings län",2021,367064,10436.45,35.2,353.4,354.0
06,"Jönköpings län",2022,369113,10436.45,35.4,369.1,365.4
06,"Jönköpings län",2023,368856,10435.16,35.3,382.3,377.6
06,"Jönköpings län",2024,370009,10480.23,35.3,394.7,390.9
06,"Jönköpings län",2025,369722,10480.23,35.3,,
0604,"Aneby",2010,6393,520.54,12.3,252.2,258.6
0604,"Aneby",2011,6415,517.76,12.4,259.1,262.5
0604,"Aneby",2012,6407,517.76,12.3,264.1,269.3
0604,"Aneby",2013,6375,517.76,12.3,270.3,277.0
0604,"Aneby",2014,6426,517.68,12.4,278.3,285.2
0604,"Aneby",2015,6537,517.68,12.6,287.5,293.2
0604,"Aneby",2016,6603,517.68,12.8,296.7,303.9
0604,"Aneby",2017,6776,517.68,13.1,307.4,315.7
0604,"Aneby",2018,6832,517.72,13.2,317.1,324.2
0604,"Aneby",2019,6848,517.72,13.2,324.8,329.4
0604,"Aneby",2020,6821,517.72,13.2,328.1,335.7
0604,"Aneby",2021,6892,517.72,13.3,338.9,344.9
0604,"Aneby",2022,6824,517.72,13.2,356.9,358.2
0604,"Aneby",2023,6852,517.67,13.2,366.6,369.7
0604,"Aneby",2024,6797,519.90,13.1,384.9,386.3
0604,"Aneby",2025,6851,519.90,13.2,,
0617,"Gnosjö",2010,9546,422.77,22.6,260.2,261.1
0617,"Gnosjö",2011,9400,420.58,22.4,270.4,270.0
0617,"Gnosjö",2012,9354,420.58,22.2,278.7,279.5
0617,"Gnosjö",2013,9406,420.58,22.4,283.6,285.2
0617,"Gnosjö",2014,9509,420.55,22.6,287.7,288.9
0617,"Gnosjö",2015,9514,420.55,22.6,296.6,298.6
0617,"Gnosjö",2016,9615,420.55,22.9,308.3,308.2
0617,"Gnosjö",2017,9733,420.55,23.1,319.1,316.8
0617,"Gnosjö",2018,9776,420.53,23.2,326.0,326.9
0617,"Gnosjö",2019,9712,420.53,23.1,333.8,333.6
0617,"Gnosjö",2020,9614,420.53,22.9,334.4,334.7
0617,"Gnosjö",2021,9570,420.53,22.8,352.0,353.9
0617,"Gnosjö",2022,9438,420.52,22.4,366.6,360.5
0617,"Gnosjö",2023,9246,420.48,22.0,376.7,371.7
0617,"Gnosjö",2024,9131,422.32,21.6,390.6,387.3
0617,"Gnosjö",2025,9010,422.32,21.3,,
0642,"Mullsjö",2010,7033,201.51,34.9,254.6,261.4
0642,"Mullsjö",2011,7034,200.16,35.1,264.9,267.3
0642,"Mullsjö",2012,7070,200.16,35.3,271.6,276.9
0642,"Mullsjö",2013,7039,200.16,35.2,276.0,285.6
0642,"Mullsjö",2014,7109,200.13,35.5,283.2,290.8
0642,"Mullsjö",2015,7157,200.13,35.8,291.8,297.7
0642,"Mullsjö",2016,7226,200.13,36.1,302.7,308.9
0642,"Mullsjö",2017,7328,200.13,36.6,311.7,315.6
0642,"Mullsjö",2018,7324,200.12,36.6,323.6,328.6
0642,"Mullsjö",2019,7290,200.12,36.4,331.4,337.2
0642,"Mullsjö",2020,7385,200.12,36.9,334.2,340.4
0642,"Mullsjö",2021,7430,200.12,37.1,351.7,353.6
0642,"Mullsjö",2022,7532,200.12,37.6,360.5,362.8
0642,"Mullsjö",2023,7577,200.09,37.9,374.9,375.1
0642,"Mullsjö",2024,7594,200.99,37.8,388.5,393.3
0642,"Mullsjö",2025,7546,200.98,37.5,,
0643,"Habo",2010,10741,329.53,32.6,276.2,271.8
0643,"Habo",2011,10828,328.52,33.0,286.6,280.9
0643,"Habo",2012,10879,328.52,33.1,296.8,290.3
0643,"Habo",2013,10975,328.52,33.4,302.4,297.0
0643,"Habo",2014,11110,328.49,33.8,310.4,305.1
0643,"Habo",2015,11314,328.49,34.4,321.6,314.6
0643,"Habo",2016,11586,328.49,35.3,332.9,324.4
0643,"Habo",2017,11845,328.49,36.1,343.8,335.5
0643,"Habo",2018,12140,328.49,37.0,355.3,346.3
0643,"Habo",2019,12433,328.49,37.8,365.3,354.4
0643,"Habo",2020,12589,328.49,38.3,370.2,360.9
0643,"Habo",2021,12810,328.49,39.0,387.6,377.7
0643,"Habo",2022,13128,328.49,40.0,408.0,393.0
0643,"Habo",2023,13275,328.40,40.4,426.4,410.8
0643,"Habo",2024,13456,329.86,40.8,442.7,425.6
0643,"Habo",2025,13511,329.86,41.0,,
0662,"Gislaved",2010,29111,1143.41,25.5,257.4,259.8
0662,"Gislaved",2011,28868,1137.08,25.4,265.6,269.0
0662,"Gislaved",2012,28732,1137.08,25.2,273.8,278.6
0662,"Gislaved",2013,28713,1137.08,25.3,279.8,284.7
0662,"Gislaved",2014,28737,1137.07,25.3,286.5,290.7
0662,"Gislaved",2015,29272,1137.07,25.7,293.5,299.4
0662,"Gislaved",2016,29478,1137.07,25.9,303.9,309.3
0662,"Gislaved",2017,29629,1137.07,26.1,313.7,318.8
0662,"Gislaved",2018,29857,1137.00,26.3,323.6,328.2
0662,"Gislaved",2019,29963,1137.00,26.4,328.6,334.2
0662,"Gislaved",2020,29635,1137.00,26.1,332.2,337.4
0662,"Gislaved",2021,29556,1137.00,26.0,350.0,354.7
0662,"Gislaved",2022,29481,1137.00,25.9,365.3,366.1
0662,"Gislaved",2023,29014,1136.91,25.5,378.0,377.2
0662,"Gislaved",2024,28936,1141.90,25.3,388.2,387.4
0662,"Gislaved",2025,28641,1141.90,25.1,,
0665,"Vaggeryd",2010,12991,828.96,15.7,259.9,264.2
0665,"Vaggeryd",2011,13160,824.94,16.0,270.0,273.6
0665,"Vaggeryd",2012,13148,824.94,15.9,276.0,280.6
0665,"Vaggeryd",2013,13209,824.94,16.0,280.4,287.8
0665,"Vaggeryd",2014,13229,824.88,16.0,290.8,296.5
0665,"Vaggeryd",2015,13372,824.88,16.2,302.0,305.7
0665,"Vaggeryd",2016,13644,824.88,16.5,312.7,315.3
0665,"Vaggeryd",2017,13840,824.88,16.8,322.4,325.6
0665,"Vaggeryd",2018,13980,824.90,16.9,332.9,332.8
0665,"Vaggeryd",2019,14275,824.90,17.3,339.9,340.4
0665,"Vaggeryd",2020,14532,824.90,17.6,341.4,342.5
0665,"Vaggeryd",2021,14746,824.89,17.9,355.8,356.8
0665,"Vaggeryd",2022,14854,824.89,18.0,375.7,369.8
0665,"Vaggeryd",2023,14811,824.81,18.0,387.0,380.4
0665,"Vaggeryd",2024,14825,828.38,17.9,400.4,395.4
0665,"Vaggeryd",2025,14943,828.38,18.0,,
0680,"Jönköping",2010,127382,1488.86,85.6,262.9,263.1
0680,"Jönköping",2011,128305,1480.36,86.7,272.2,271.1
0680,"Jönköping",2012,129478,1480.36,87.4,279.7,279.5
0680,"Jönköping",2013,130798,1480.36,88.4,284.4,285.1
0680,"Jönköping",2014,132140,1480.21,89.3,293.6,293.9
0680,"Jönköping",2015,133310,1480.21,90.1,303.5,302.0
0680,"Jönköping",2016,135297,1480.21,91.4,314.5,312.8
0680,"Jönköping",2017,137481,1480.21,92.9,324.3,322.8
0680,"Jönköping",2018,139222,1480.19,94.1,335.0,333.0
0680,"Jönköping",2019,141081,1480.19,95.3,341.0,340.6
0680,"Jönköping",2020,142427,1480.19,96.2,343.9,344.4
0680,"Jönköping",2021,143579,1480.19,97.0,359.4,356.9
0680,"Jönköping",2022,145114,1480.19,98.0,375.3,369.0
0680,"Jönköping",2023,146161,1479.85,98.8,388.1,380.6
0680,"Jönköping",2024,147654,1486.35,99.3,399.6,394.1
0680,"Jönköping",2025,148152,1486.35,99.7,,
0682,"Nässjö",2010,29339,934.90,31.4,252.2,258.5
0682,"Nässjö",2011,29367,930.29,31.6,257.8,264.5
0682,"Nässjö",2012,29382,930.29,31.5,264.4,272.5
0682,"Nässjö",2013,29516,930.29,31.7,270.6,279.5
0682,"Nässjö",2014,29907,930.22,32.2,276.0,284.2
0682,"Nässjö",2015,30451,930.22,32.7,282.7,292.8
0682,"Nässjö",2016,30820,930.22,33.1,293.7,302.9
0682,"Nässjö",2017,31178,930.22,33.5,302.4,311.8
0682,"Nässjö",2018,31477,930.17,33.8,310.3,319.2
0682,"Nässjö",2019,31538,930.17,33.9,316.4,325.3
0682,"Nässjö",2020,31563,930.17,33.9,319.5,329.2
0682,"Nässjö",2021,31782,930.17,34.2,332.8,340.4
0682,"Nässjö",2022,31944,930.17,34.3,346.7,351.4
0682,"Nässjö",2023,31648,930.05,34.0,358.7,363.2
0682,"Nässjö",2024,31587,934.05,33.8,371.5,377.5
0682,"Nässjö",2025,31474,934.05,33.7,,
0683,"Värnamo",2010,32833,1222.75,26.9,268.9,268.2
0683,"Värnamo",2011,32934,1216.00,27.1,279.5,276.9
0683,"Värnamo",2012,33012,1216.00,27.1,287.7,285.0
0683,"Värnamo",2013,33155,1216.00,27.3,292.1,291.9
0683,"Värnamo",2014,33334,1215.82,27.4,300.9,298.4
0683,"Värnamo",2015,33473,1215.82,27.5,309.2,306.6
0683,"Värnamo",2016,33906,1215.82,27.9,320.0,315.4
0683,"Värnamo",2017,34206,1215.82,28.1,329.6,325.0
0683,"Värnamo",2018,34428,1216.17,28.3,340.2,335.5
0683,"Värnamo",2019,34560,1216.17,28.4,348.6,343.2
0683,"Värnamo",2020,34530,1216.17,28.4,350.4,346.3
0683,"Värnamo",2021,34661,1216.17,28.5,368.0,360.6
0683,"Värnamo",2022,34692,1216.17,28.5,383.4,371.8
0683,"Värnamo",2023,34601,1216.00,28.5,399.3,385.1
0683,"Värnamo",2024,34542,1221.14,28.3,413.2,398.0
0683,"Värnamo",2025,34534,1221.13,28.3,,
0684,"Sävsjö",2010,10830,682.60,15.9,242.7,254.1
0684,"Sävsjö",2011,10871,679.05,16.0,250.5,261.9
0684,"Sävsjö",2012,10844,679.05,15.9,256.5,268.1
0684,"Sävsjö",2013,10969,679.05,16.2,259.9,273.5
0684,"Sävsjö",2014,11100,679.30,16.3,267.2,281.2
0684,"Sävsjö",2015,11228,679.30,16.5,274.2,288.0
0684,"Sävsjö",2016,11396,679.30,16.8,286.7,300.1
0684,"Sävsjö",2017,11496,679.30,16.9,294.9,309.5
0684,"Sävsjö",2018,11631,678.95,17.1,305.3,318.2
0684,"Sävsjö",2019,11677,678.95,17.2,310.9,327.0
0684,"Sävsjö",2020,11721,678.95,17.3,310.3,327.0
0684,"Sävsjö",2021,11709,678.95,17.2,326.1,340.5
0684,"Sävsjö",2022,11771,678.95,17.3,340.1,350.9
0684,"Sävsjö",2023,11668,678.91,17.2,347.6,359.3
0684,"Sävsjö",2024,11563,681.78,17.0,358.1,371.2
0684,"Sävsjö",2025,11531,681.78,16.9,,
0685,"Vetlanda",2010,26304,1509.57,17.4,258.5,262.9
0685,"Vetlanda",2011,26302,1500.51,17.5,267.7,272.2
0685,"Vetlanda",2012,26297,1500.51,17.5,274.0,279.4
0685,"Vetlanda",2013,26419,1500.51,17.6,278.2,285.3
0685,"Vetlanda",2014,26647,1500.35,17.8,287.5,293.9
0685,"Vetlanda",2015,26873,1500.35,17.9,294.0,301.0
0685,"Vetlanda",2016,27241,1500.35,18.2,305.1,311.6
0685,"Vetlanda",2017,27415,1500.35,18.3,315.1,320.5
0685,"Vetlanda",2018,27504,1500.27,18.3,323.8,327.9
0685,"Vetlanda",2019,27466,1500.27,18.3,328.5,335.6
0685,"Vetlanda",2020,27502,1500.27,18.3,330.3,338.5
0685,"Vetlanda",2021,27621,1500.27,18.4,345.6,352.6
0685,"Vetlanda",2022,27673,1500.27,18.4,360.5,363.1
0685,"Vetlanda",2023,27498,1500.16,18.3,370.6,374.1
0685,"Vetlanda",2024,27528,1506.47,18.3,381.5,383.4
0685,"Vetlanda",2025,27313,1506.47,18.1,,
0686,"Eksjö",2010,16244,803.92,20.2,265.4,265.0
0686,"Eksjö",2011,16304,799.48,20.4,273.4,273.5
0686,"Eksjö",2012,16368,799.48,20.4,278.6,280.0
0686,"Eksjö",2013,16464,799.48,20.6,283.5,286.7
0686,"Eksjö",2014,16598,799.40,20.8,292.1,294.7
0686,"Eksjö",2015,16790,799.40,21.0,301.2,303.6
0686,"Eksjö",2016,17129,799.40,21.4,310.1,312.8
0686,"Eksjö",2017,17416,799.40,21.8,315.4,320.3
0686,"Eksjö",2018,17667,799.38,22.1,320.2,323.3
0686,"Eksjö",2019,17753,799.38,22.2,328.1,332.5
0686,"Eksjö",2020,17788,799.38,22.3,334.0,336.6
0686,"Eksjö",2021,17834,799.38,22.3,345.8,348.2
0686,"Eksjö",2022,17858,799.38,22.3,357.6,356.1
0686,"Eksjö",2023,17750,799.29,22.2,372.8,369.4
0686,"Eksjö",2024,17792,802.80,22.2,389.1,385.4
0686,"Eksjö",2025,17660,802.81,22.0,,
0687,"Tranås",2010,18119,405.00,44.7,249.0,252.7
0687,"Tranås",2011,18108,402.66,45.0,255.0,260.0
0687,"Tranås",2012,18145,402.66,45.0,261.8,267.1
0687,"Tranås",2013,18197,402.66,45.2,269.5,274.4
0687,"Tranås",2014,18416,402.60,45.7,276.4,282.4
0687,"Tranås",2015,18546,402.60,46.1,284.9,291.9
0687,"Tranås",2016,18794,402.60,46.7,294.4,301.1
0687,"Tranås",2017,18894,402.60,46.9,304.2,310.4
0687,"Tranås",2018,18987,402.57,47.2,312.7,319.4
0687,"Tranås",2019,19003,402.57,47.2,320.6,328.1
0687,"Tranås",2020,18903,402.57,47.0,319.4,327.6
0687,"Tranås",2021,18874,402.57,46.9,334.0,342.8
0687,"Tranås",2022,18804,402.57,46.7,351.6,354.3
0687,"Tranås",2023,18755,402.52,46.6,371.2,371.3
0687,"Tranås",2024,18604,404.28,46.0,383.0,384.7
0687,"Tranås",2025,18555,404.28,45.9,,
07,"Kronobergs län",2010,183940,8468.00,21.7,257.8,259.6
07,"Kronobergs län",2011,184654,8424.95,21.9,265.8,267.4
07,"Kronobergs län",2012,185887,8424.95,22.0,272.6,274.6
07,"Kronobergs län",2013,187156,8424.95,22.2,276.5,279.2
07,"Kronobergs län",2014,189128,8424.33,22.5,283.6,285.8
07,"Kronobergs län",2015,191369,8424.33,22.7,291.8,294.2
07,"Kronobergs län",2016,194628,8424.33,23.1,302.2,304.7
07,"Kronobergs län",2017,197519,8424.33,23.4,310.9,312.8
07,"Kronobergs län",2018,199886,8423.28,23.7,319.4,321.4
07,"Kronobergs län",2019,201469,8423.28,23.9,326.4,329.3
07,"Kronobergs län",2020,202263,8423.29,24.0,329.0,332.0
07,"Kronobergs län",2021,203340,8423.29,24.1,343.5,344.5
07,"Kronobergs län",2022,204335,8423.28,24.3,358.5,357.3
07,"Kronobergs län",2023,203686,8422.99,24.2,372.5,369.4
07,"Kronobergs län",2024,203351,8457.96,24.0,385.5,382.9
07,"Kronobergs län",2025,203121,8457.96,24.0,,
0760,"Uppvidinge",2010,9244,1178.00,7.8,252.0,264.1
0760,"Uppvidinge",2011,9216,1171.88,7.9,259.0,273.4
0760,"Uppvidinge",2012,9276,1171.88,7.9,263.8,278.1
0760,"Uppvidinge",2013,9288,1171.88,7.9,266.7,282.0
0760,"Uppvidinge",2014,9222,1171.88,7.9,275.1,290.0
0760,"Uppvidinge",2015,9319,1171.88,8.0,281.1,297.4
0760,"Uppvidinge",2016,9508,1171.88,8.1,290.0,305.3
0760,"Uppvidinge",2017,9561,1171.88,8.2,298.9,316.2
0760,"Uppvidinge",2018,9581,1171.84,8.2,308.4,324.2
0760,"Uppvidinge",2019,9588,1171.84,8.2,310.1,328.6
0760,"Uppvidinge",2020,9498,1171.84,8.1,310.3,331.3
0760,"Uppvidinge",2021,9449,1171.84,8.1,324.8,343.7
0760,"Uppvidinge",2022,9418,1171.84,8.0,337.7,357.1
0760,"Uppvidinge",2023,9263,1171.85,7.9,347.8,363.1
0760,"Uppvidinge",2024,9061,1176.77,7.7,360.5,373.5
0760,"Uppvidinge",2025,8911,1176.77,7.6,,
0761,"Lessebo",2010,8139,414.76,19.6,244.4,248.9
0761,"Lessebo",2011,8077,412.55,19.6,247.9,257.0
0761,"Lessebo",2012,8012,412.55,19.4,251.9,262.6
0761,"Lessebo",2013,8059,412.55,19.5,256.6,267.8
0761,"Lessebo",2014,8256,412.54,20.0,258.3,267.3
0761,"Lessebo",2015,8516,412.54,20.6,256.7,271.0
0761,"Lessebo",2016,8760,412.54,21.2,268.6,281.9
0761,"Lessebo",2017,8806,412.54,21.3,274.2,289.9
0761,"Lessebo",2018,8780,412.56,21.3,282.9,295.7
0761,"Lessebo",2019,8733,412.56,21.2,289.6,302.5
0761,"Lessebo",2020,8655,412.56,21.0,292.8,307.1
0761,"Lessebo",2021,8574,412.55,20.8,309.3,318.7
0761,"Lessebo",2022,8485,412.55,20.6,327.5,332.9
0761,"Lessebo",2023,8342,412.55,20.2,337.7,344.0
0761,"Lessebo",2024,8289,414.25,20.0,348.8,355.4
0761,"Lessebo",2025,8115,414.25,19.6,,
0763,"Tingsryd",2010,12231,1049.42,11.7,245.7,252.8
0763,"Tingsryd",2011,12235,1044.88,11.7,251.9,257.2
0763,"Tingsryd",2012,12141,1044.88,11.6,258.7,264.0
0763,"Tingsryd",2013,12156,1044.88,11.6,262.7,269.3
0763,"Tingsryd",2014,12198,1044.76,11.7,268.4,272.9
0763,"Tingsryd",2015,12260,1044.76,11.7,273.3,280.9
0763,"Tingsryd",2016,12393,1044.76,11.9,282.5,291.4
0763,"Tingsryd",2017,12451,1044.76,11.9,289.4,301.1
0763,"Tingsryd",2018,12407,1044.54,11.9,299.2,308.0
0763,"Tingsryd",2019,12393,1044.54,11.9,303.5,314.7
0763,"Tingsryd",2020,12369,1044.54,11.8,305.8,318.8
0763,"Tingsryd",2021,12319,1044.54,11.8,318.8,331.9
0763,"Tingsryd",2022,12297,1044.54,11.8,333.4,343.2
0763,"Tingsryd",2023,12155,1044.49,11.6,342.4,352.9
0763,"Tingsryd",2024,11966,1048.74,11.4,357.4,369.1
0763,"Tingsryd",2025,11896,1048.73,11.3,,
0764,"Alvesta",2010,18802,977.58,19.2,253.8,258.1
0764,"Alvesta",2011,18917,974.19,19.4,260.5,265.5
0764,"Alvesta",2012,19034,974.19,19.5,267.3,273.0
0764,"Alvesta",2013,19280,974.19,19.8,268.5,276.3
0764,"Alvesta",2014,19503,974.11,20.0,273.4,281.5
0764,"Alvesta",2015,19581,974.11,20.1,281.1,289.1
0764,"Alvesta",2016,19850,974.07,20.4,291.9,299.8
0764,"Alvesta",2017,20026,974.07,20.6,302.0,307.4
0764,"Alvesta",2018,20150,974.00,20.7,310.7,319.4
0764,"Alvesta",2019,20134,974.00,20.7,318.1,326.1
0764,"Alvesta",2020,20224,974.01,20.8,319.3,329.5
0764,"Alvesta",2021,20287,973.96,20.8,330.4,338.3
0764,"Alvesta",2022,20257,973.96,20.8,344.2,350.1
0764,"Alvesta",2023,20040,973.78,20.6,359.2,362.7
0764,"Alvesta",2024,19830,977.80,20.3,372.3,376.7
0764,"Alvesta",2025,19687,977.80,20.1,,
0765,"Älmhult",2010,15603,895.36,17.4,286.4,275.0
0765,"Älmhult",2011,15629,890.78,17.5,296.6,285.0
0765,"Älmhult",2012,15724,890.93,17.6,303.2,292.0
0765,"Älmhult",2013,15759,890.93,17.7,309.4,296.8
0765,"Älmhult",2014,15908,890.50,17.9,320.0,307.0
0765,"Älmhult",2015,16168,890.50,18.2,335.5,317.8
0765,"Älmhult",2016,16618,890.50,18.7,347.4,327.5
0765,"Älmhult",2017,17148,890.50,19.3,358.7,335.8
0765,"Älmhult",2018,17568,890.46,19.7,357.2,338.8
0765,"Älmhult",2019,17651,890.46,19.8,371.4,351.4
0765,"Älmhult",2020,17884,890.46,20.1,372.6,352.4
0765,"Älmhult",2021,17963,890.46,20.2,389.2,368.7
0765,"Älmhult",2022,18092,890.46,20.3,403.9,383.8
0765,"Älmhult",2023,17932,890.37,20.1,423.6,396.0
0765,"Älmhult",2024,17653,893.98,19.7,434.3,410.6
0765,"Älmhult",2025,17579,893.98,19.7,,
0767,"Markaryd",2010,9619,520.20,18.5,234.3,242.1
0767,"Markaryd",2011,9513,517.19,18.4,243.4,249.1
0767,"Markaryd",2012,9477,517.19,18.3,250.7,259.6
0767,"Markaryd",2013,9515,517.19,18.4,252.9,264.2
0767,"Markaryd",2014,9549,517.15,18.5,261.1,270.8
0767,"Markaryd",2015,9779,517.15,18.9,269.7,279.6
0767,"Markaryd",2016,9991,517.15,19.3,277.5,291.3
0767,"Markaryd",2017,10170,517.15,19.7,279.9,292.8
0767,"Markaryd",2018,10260,517.09,19.8,289.7,301.3
0767,"Markaryd",2019,10320,517.09,20.0,296.8,309.5
0767,"Markaryd",2020,10373,517.09,20.1,302.0,315.8
0767,"Markaryd",2021,10320,517.09,20.0,316.9,329.2
0767,"Markaryd",2022,10166,517.09,19.7,335.6,346.4
0767,"Markaryd",2023,10076,517.07,19.5,354.6,361.9
0767,"Markaryd",2024,9938,519.25,19.1,362.0,372.1
0767,"Markaryd",2025,9862,519.25,19.0,,
0780,"Växjö",2010,83005,1673.56,49.6,259.3,260.0
0780,"Växjö",2011,83710,1665.51,50.3,267.7,267.5
0780,"Växjö",2012,84800,1665.51,50.9,275.0,275.0
0780,"Växjö",2013,85822,1665.51,51.5,279.4,280.3
0780,"Växjö",2014,86970,1665.45,52.2,287.0,287.4
0780,"Växjö",2015,88108,1665.45,52.9,295.1,295.9
0780,"Växjö",2016,89500,1665.49,53.7,305.7,306.7
0780,"Växjö",2017,91060,1665.49,54.7,314.5,315.1
0780,"Växjö",2018,92567,1664.92,55.6,324.5,324.8
0780,"Växjö",2019,94129,1664.92,56.5,330.8,332.0
0780,"Växjö",2020,94859,1664.92,57.0,333.5,334.6
0780,"Växjö",2021,95995,1664.97,57.7,347.9,346.5
0780,"Växjö",2022,97137,1664.97,58.3,362.3,358.8
0780,"Växjö",2023,97574,1664.95,58.6,375.5,370.9
0780,"Växjö",2024,98334,1671.84,58.8,388.7,384.2
0780,"Växjö",2025,98940,1671.84,59.2,,
0781,"Ljungby",2010,27297,1757.90,15.5,258.6,261.0
0781,"Ljungby",2011,27357,1747.90,15.7,266.2,269.7
0781,"Ljungby",2012,27423,1747.75,15.6,272.6,276.7
0781,"Ljungby",2013,27277,1747.75,15.6,276.0,281.0
0781,"Ljungby",2014,27522,1747.88,15.7,282.0,286.9
0781,"Ljungby",2015,27638,1747.88,15.8,291.8,296.0
0781,"Ljungby",2016,28008,1747.88,16.0,301.5,306.9
0781,"Ljungby",2017,28297,1747.88,16.2,310.4,315.5
0781,"Ljungby",2018,28573,1747.87,16.3,317.2,322.9
0781,"Ljungby",2019,28521,1747.87,16.3,324.9,331.7
0781,"Ljungby",2020,28401,1747.87,16.2,328.3,335.0
0781,"Ljungby",2021,28433,1747.87,16.3,342.8,346.9
0781,"Ljungby",2022,28483,1747.87,16.3,359.6,360.3
0781,"Ljungby",2023,28304,1747.93,16.2,374.0,373.9
0781,"Ljungby",2024,28280,1755.32,16.1,389.4,388.9
0781,"Ljungby",2025,28132,1755.32,16.0,,
08,"Kalmar län",2010,233536,11219.10,20.8,251.0,253.8
08,"Kalmar län",2011,233090,11165.51,20.9,259.3,262.1
08,"Kalmar län",2012,233548,11165.51,20.9,265.9,269.7
08,"Kalmar län",2013,233874,11165.51,21.0,272.0,276.2
08,"Kalmar län",2014,235598,11164.69,21.1,279.9,284.1
08,"Kalmar län",2015,237679,11164.69,21.3,289.2,293.3
08,"Kalmar län",2016,242301,11164.69,21.7,298.1,302.5
08,"Kalmar län",2017,243536,11164.69,21.8,305.5,311.1
08,"Kalmar län",2018,244670,11159.90,21.9,315.1,320.1
08,"Kalmar län",2019,245446,11159.80,22.0,322.9,327.7
08,"Kalmar län",2020,246010,11159.80,22.0,327.4,332.1
08,"Kalmar län",2021,247175,11159.80,22.1,341.7,344.7
08,"Kalmar län",2022,247711,11159.80,22.2,356.9,356.9
08,"Kalmar län",2023,246667,11158.65,22.1,370.4,368.8
08,"Kalmar län",2024,246352,11206.91,22.0,384.8,383.1
08,"Kalmar län",2025,245477,11206.00,21.9,,
0821,"Högsby",2010,5777,754.36,7.7,228.1,239.7
0821,"Högsby",2011,5768,751.11,7.7,232.6,244.8
0821,"Högsby",2012,5730,751.11,7.6,238.2,251.6
0821,"Högsby",2013,5718,751.11,7.6,241.2,251.0
0821,"Högsby",2014,5782,751.10,7.7,249.6,257.8
0821,"Högsby",2015,5857,751.10,7.8,259.5,267.1
0821,"Högsby",2016,6080,751.10,8.1,266.2,275.0
0821,"Högsby",2017,6087,751.10,8.1,267.4,279.4
0821,"Högsby",2018,6094,750.73,8.1,271.9,282.5
0821,"Högsby",2019,5921,750.73,7.9,278.8,289.8
0821,"Högsby",2020,5731,750.73,7.6,284.5,298.2
0821,"Högsby",2021,5645,750.73,7.5,297.6,307.6
0821,"Högsby",2022,5584,750.52,7.4,311.8,322.1
0821,"Högsby",2023,5438,750.60,7.2,315.8,328.1
0821,"Högsby",2024,5321,753.81,7.1,324.9,335.7
0821,"Högsby",2025,5134,753.77,6.8,,
0834,"Torsås",2010,6962,470.93,14.8,238.8,239.2
0834,"Torsås",2011,6886,468.41,14.7,248.4,246.6
0834,"Torsås",2012,6858,468.41,14.6,252.9,253.3
0834,"Torsås",2013,6879,468.41,14.7,251.9,256.5
0834,"Torsås",2014,6925,468.35,14.8,261.9,267.9
0834,"Torsås",2015,6943,468.35,14.8,270.2,273.6
0834,"Torsås",2016,7063,468.35,15.1,279.0,284.2
0834,"Torsås",2017,7083,468.35,15.1,285.6,294.0
0834,"Torsås",2018,7098,468.45,15.2,292.0,297.7
0834,"Torsås",2019,7125,468.45,15.2,300.8,307.2
0834,"Torsås",2020,7149,468.45,15.3,305.7,315.5
0834,"Torsås",2021,7113,468.45,15.2,321.8,328.9
0834,"Torsås",2022,7042,468.45,15.0,336.0,340.0
0834,"Torsås",2023,7002,468.36,15.0,348.3,352.7
0834,"Torsås",2024,6984,470.29,14.9,360.9,364.2
0834,"Torsås",2025,6919,470.28,14.7,,
0840,"Mörbylånga",2010,14021,669.90,20.9,261.2,259.3
0840,"Mörbylånga",2011,14138,666.79,21.2,270.1,266.4
0840,"Mörbylånga",2012,14256,666.79,21.3,278.0,276.0
0840,"Mörbylånga",2013,14368,666.79,21.6,286.5,282.3
0840,"Mörbylånga",2014,14498,667.25,21.7,296.4,292.9
0840,"Mörbylånga",2015,14669,667.25,22.0,304.3,301.9
0840,"Mörbylånga",2016,14916,667.25,22.4,316.2,314.2
0840,"Mörbylånga",2017,15000,667.25,22.5,322.1,324.5
0840,"Mörbylånga",2018,15048,666.36,22.6,332.7,332.4
0840,"Mörbylånga",2019,15249,666.36,22.9,343.6,342.4
0840,"Mörbylånga",2020,15487,666.36,23.2,352.0,350.0
0840,"Mörbylånga",2021,15722,666.36,23.6,368.3,362.9
0840,"Mörbylånga",2022,15985,666.35,24.0,384.8,376.1
0840,"Mörbylånga",2023,16144,666.05,24.2,400.3,392.2
0840,"Mörbylånga",2024,16224,668.84,24.3,416.6,408.0
0840,"Mörbylånga",2025,16306,668.26,24.4,,
0860,"Hultsfred",2010,13696,1127.14,12.2,237.0,246.4
0860,"Hultsfred",2011,13515,1121.52,12.1,244.6,254.4
0860,"Hultsfred",2012,13550,1121.52,12.0,249.9,261.8
0860,"Hultsfred",2013,13635,1121.52,12.2,255.0,266.6
0860,"Hultsfred",2014,13738,1121.50,12.2,261.4,273.0
0860,"Hultsfred",2015,13919,1121.50,12.4,272.4,281.5
0860,"Hultsfred",2016,14607,1121.50,13.0,275.4,288.6
0860,"Hultsfred",2017,14579,1121.50,13.0,278.9,293.5
0860,"Hultsfred",2018,14360,1121.50,12.8,287.4,304.5
0860,"Hultsfred",2019,14224,1121.50,12.7,298.0,313.6
0860,"Hultsfred",2020,14107,1121.50,12.6,300.4,316.7
0860,"Hultsfred",2021,14056,1121.50,12.5,314.9,328.5
0860,"Hultsfred",2022,14064,1121.50,12.5,325.3,335.3
0860,"Hultsfred",2023,13883,1121.53,12.4,334.1,346.4
0860,"Hultsfred",2024,13673,1126.37,12.1,349.7,362.9
0860,"Hultsfred",2025,13484,1126.37,12.0,,
0861,"Mönsterås",2010,12909,601.95,21.4,261.2,262.7
0861,"Mönsterås",2011,12853,599.46,21.4,270.5,270.6
0861,"Mönsterås",2012,12799,599.46,21.3,276.6,276.9
0861,"Mönsterås",2013,12949,599.46,21.6,280.5,281.7
0861,"Mönsterås",2014,13057,599.41,21.8,286.4,289.8
0861,"Mönsterås",2015,13144,599.41,21.9,296.9,299.2
0861,"Mönsterås",2016,13395,599.41,22.3,306.3,307.7
0861,"Mönsterås",2017,13498,599.41,22.5,310.1,314.0
0861,"Mönsterås",2018,13565,598.67,22.7,316.8,322.9
0861,"Mönsterås",2019,13430,598.67,22.4,324.1,330.2
0861,"Mönsterås",2020,13264,598.67,22.2,328.6,332.6
0861,"Mönsterås",2021,13258,598.68,22.1,341.8,345.0
0861,"Mönsterås",2022,13276,598.88,22.2,360.2,357.5
0861,"Mönsterås",2023,13134,598.84,21.9,374.0,370.7
0861,"Mönsterås",2024,13069,601.45,21.7,389.9,388.9
0861,"Mönsterås",2025,12978,601.44,21.6,,
0862,"Emmaboda",2010,9187,692.32,13.3,255.3,261.6
0862,"Emmaboda",2011,9039,689.70,13.1,262.1,270.8
0862,"Emmaboda",2012,8991,689.70,13.0,266.2,274.7
0862,"Emmaboda",2013,8964,689.70,13.0,269.5,279.7
0862,"Emmaboda",2014,9009,689.54,13.1,277.3,285.7
0862,"Emmaboda",2015,9090,689.54,13.2,284.8,295.8
0862,"Emmaboda",2016,9348,689.54,13.6,291.3,300.0
0862,"Emmaboda",2017,9368,689.54,13.6,295.7,306.0
0862,"Emmaboda",2018,9400,689.47,13.6,304.7,314.8
0862,"Emmaboda",2019,9445,689.47,13.7,310.3,321.5
0862,"Emmaboda",2020,9360,689.47,13.6,312.0,325.3
0862,"Emmaboda",2021,9329,689.47,13.5,327.4,337.1
0862,"Emmaboda",2022,9347,689.47,13.6,336.8,350.6
0862,"Emmaboda",2023,9056,689.47,13.1,354.5,365.2
0862,"Emmaboda",2024,9006,692.27,13.0,368.9,377.4
0862,"Emmaboda",2025,8807,692.25,12.7,,
0880,"Kalmar",2010,62815,961.76,65.3,252.2,252.4
0880,"Kalmar",2011,63055,956.90,65.9,260.4,259.6
0880,"Kalmar",2012,63671,956.90,66.5,267.1,267.3
0880,"Kalmar",2013,63887,956.90,66.8,275.0,276.2
0880,"Kalmar",2014,64676,956.62,67.6,281.9,283.2
0880,"Kalmar",2015,65704,956.62,68.7,291.9,292.6
0880,"Kalmar",2016,66571,956.62,69.6,302.9,303.4
0880,"Kalmar",2017,67451,956.62,70.5,313.2,313.5
0880,"Kalmar",2018,68510,956.14,71.7,323.9,323.9
0880,"Kalmar",2019,69467,956.14,72.7,331.9,331.5
0880,"Kalmar",2020,70329,956.14,73.6,335.8,335.7
0880,"Kalmar",2021,71328,956.14,74.6,348.4,347.5
0880,"Kalmar",2022,72018,956.14,75.3,363.6,360.1
0880,"Kalmar",2023,72304,956.15,75.6,378.1,372.8
0880,"Kalmar",2024,72704,960.17,75.7,390.1,384.6
0880,"Kalmar",2025,73068,960.06,76.1,,
0881,"Nybro",2010,19651,1177.12,16.7,236.2,245.4
0881,"Nybro",2011,19636,1171.69,16.8,243.4,254.0
0881,"Nybro",2012,19486,1171.69,16.6,250.3,262.0
0881,"Nybro",2013,19489,1171.69,16.6,254.7,266.2
0881,"Nybro",2014,19714,1171.72,16.8,262.6,275.3
0881,"Nybro",2015,19754,1171.72,16.9,269.5,282.5
0881,"Nybro",2016,20311,1171.72,17.3,277.8,290.3
0881,"Nybro",2017,20406,1171.72,17.4,282.0,295.8
0881,"Nybro",2018,20350,1171.72,17.4,291.1,304.4
0881,"Nybro",2019,20318,1171.72,17.3,300.0,313.5
0881,"Nybro",2020,20273,1171.72,17.3,304.0,317.9
0881,"Nybro",2021,20284,1171.72,17.3,317.5,330.3
0881,"Nybro",2022,20303,1171.72,17.3,330.7,341.8
0881,"Nybro",2023,20145,1171.68,17.2,340.6,352.0
0881,"Nybro",2024,19951,1176.61,17.0,354.8,363.1
0881,"Nybro",2025,19803,1176.57,16.8,,
0882,"Oskarshamn",2010,26163,1054.81,24.8,276.7,275.9
0882,"Oskarshamn",2011,26166,1049.49,24.9,286.1,284.0
0882,"Oskarshamn",2012,26144,1046.62,24.9,292.3,292.9
0882,"Oskarshamn",2013,26212,1046.62,25.0,301.2,301.0
0882,"Oskarshamn",2014,26301,1046.66,25.1,310.9,310.4
0882,"Oskarshamn",2015,26450,1046.66,25.3,319.4,321.4
0882,"Oskarshamn",2016,27006,1046.66,25.8,328.4,330.7
0882,"Oskarshamn",2017,26928,1046.66,25.7,335.0,341.3
0882,"Oskarshamn",2018,26928,1045.68,25.8,344.6,350.6
0882,"Oskarshamn",2019,27102,1045.68,25.9,347.5,352.7
0882,"Oskarshamn",2020,27147,1045.68,26.0,350.3,352.0
0882,"Oskarshamn",2021,27220,1045.69,26.0,366.3,370.4
0882,"Oskarshamn",2022,27028,1045.69,25.8,381.0,379.9
0882,"Oskarshamn",2023,26918,1045.66,25.7,396.2,393.8
0882,"Oskarshamn",2024,26923,1050.29,25.6,411.6,410.5
0882,"Oskarshamn",2025,26762,1050.23,25.5,,
0883,"Västervik",2010,36206,1881.91,19.2,247.5,250.9
0883,"Västervik",2011,36015,1871.56,19.2,256.8,260.5
0883,"Västervik",2012,35892,1874.43,19.1,264.1,268.8
0883,"Västervik",2013,35867,1874.43,19.1,268.8,273.3
0883,"Västervik",2014,35920,1874.47,19.2,277.7,281.4
0883,"Västervik",2015,36049,1874.47,19.2,286.4,290.3
0883,"Västervik",2016,36438,1874.47,19.4,293.0,297.9
0883,"Västervik",2017,36551,1874.47,19.5,301.6,306.7
0883,"Västervik",2018,36680,1874.06,19.6,312.8,316.1
0883,"Västervik",2019,36679,1873.96,19.6,320.6,323.1
0883,"Västervik",2020,36655,1873.96,19.6,325.3,329.5
0883,"Västervik",2021,36747,1873.95,19.6,340.2,340.1
0883,"Västervik",2022,36650,1873.95,19.6,356.6,353.0
0883,"Västervik",2023,36434,1873.61,19.4,370.0,363.7
0883,"Västervik",2024,36447,1882.03,19.4,386.6,380.9
0883,"Västervik",2025,36269,1881.98,19.3,,
0884,"Vimmerby",2010,15473,1145.43,13.5,247.1,255.6
0884,"Vimmerby",2011,15397,1140.23,13.5,255.5,264.7
0884,"Vimmerby",2012,15403,1140.23,13.5,263.2,273.0
0884,"Vimmerby",2013,15287,1140.23,13.4,268.3,278.2
0884,"Vimmerby",2014,15297,1140.22,13.4,276.0,287.2
0884,"Vimmerby",2015,15419,1140.22,13.5,286.2,295.3
0884,"Vimmerby",2016,15636,1140.22,13.7,293.3,303.5
0884,"Vimmerby",2017,15728,1140.22,13.8,303.0,313.2
0884,"Vimmerby",2018,15764,1140.15,13.8,311.9,321.4
0884,"Vimmerby",2019,15647,1140.15,13.7,321.4,331.2
0884,"Vimmerby",2020,15672,1140.15,13.7,325.8,335.8
0884,"Vimmerby",2021,15578,1140.15,13.7,341.3,350.6
0884,"Vimmerby",2022,15557,1140.15,13.6,358.5,361.2
0884,"Vimmerby",2023,15461,1139.94,13.6,371.1,373.1
0884,"Vimmerby",2024,15384,1144.95,13.4,385.7,389.8
0884,"Vimmerby",2025,15327,1144.95,13.4,,
0885,"Borgholm",2010,10676,680.19,15.7,231.8,228.3
0885,"Borgholm",2011,10622,678.65,15.7,236.6,234.9
0885,"Borgholm",2012,10768,678.65,15.8,243.6,241.8
0885,"Borgholm",2013,10619,678.65,15.7,249.1,247.9
0885,"Borgholm",2014,10681,677.84,15.8,256.3,255.2
0885,"Borgholm",2015,10681,677.84,15.8,266.4,266.9
0885,"Borgholm",2016,10930,677.84,16.1,278.9,278.8
0885,"Borgholm",2017,10857,677.84,16.0,285.1,287.3
0885,"Borgholm",2018,10873,676.97,16.1,292.5,289.6
0885,"Borgholm",2019,10839,676.97,16.0,298.6,300.2
0885,"Borgholm",2020,10836,676.97,16.0,310.1,311.8
0885,"Borgholm",2021,10895,676.97,16.1,324.3,321.3
0885,"Borgholm",2022,10857,676.98,16.0,341.8,336.6
0885,"Borgholm",2023,10748,676.76,15.9,354.5,349.2
0885,"Borgholm",2024,10666,679.82,15.7,370.9,362.2
0885,"Borgholm",2025,10626,679.82,15.6,,
09,"Gotlands län",2010,57269,3151.40,18.2,236.1,238.9
09,"Gotlands län",2011,57308,3134.05,18.3,242.1,245.6
09,"Gotlands län",2012,57241,3134.05,18.2,248.5,252.3
09,"Gotlands län",2013,57161,3134.05,18.2,254.8,257.7
09,"Gotlands län",2014,57255,3134.98,18.3,262.3,264.7
09,"Gotlands län",2015,57391,3134.98,18.3,271.7,275.5
09,"Gotlands län",2016,58003,3134.98,18.5,281.8,285.4
09,"Gotlands län",2017,58595,3134.98,18.7,289.5,293.9
09,"Gotlands län",2018,59249,3134.44,18.9,299.5,303.2
09,"Gotlands län",2019,59686,3134.44,19.0,306.5,311.1
09,"Gotlands län",2020,60124,3134.44,19.2,313.2,318.0
09,"Gotlands län",2021,61001,3134.44,19.5,326.7,330.0
09,"Gotlands län",2022,61173,3134.44,19.5,341.8,342.1
09,"Gotlands län",2023,61029,3134.00,19.5,357.9,358.0
09,"Gotlands län",2024,60971,3150.20,19.4,373.9,373.6
09,"Gotlands län",2025,60852,3150.20,19.3,,
0980,"Gotland",2010,57269,3151.44,18.2,236.1,238.9
0980,"Gotland",2011,57308,3134.05,18.3,242.1,245.6
0980,"Gotland",2012,57241,3134.05,18.2,248.5,252.3
0980,"Gotland",2013,57161,3134.05,18.2,254.8,257.7
0980,"Gotland",2014,57255,3134.98,18.3,262.3,264.7
0980,"Gotland",2015,57391,3134.98,18.3,271.7,275.5
0980,"Gotland",2016,58003,3134.98,18.5,281.8,285.4
0980,"Gotland",2017,58595,3134.98,18.7,289.5,293.9
0980,"Gotland",2018,59249,3134.44,18.9,299.5,303.2
0980,"Gotland",2019,59686,3134.44,19.0,306.5,311.1
0980,"Gotland",2020,60124,3134.44,19.2,313.2,318.0
0980,"Gotland",2021,61001,3134.44,19.5,326.7,330.0
0980,"Gotland",2022,61173,3134.44,19.5,341.8,342.1
0980,"Gotland",2023,61029,3134.00,19.5,357.9,358.0
0980,"Gotland",2024,60971,3150.20,19.4,373.9,373.6
0980,"Gotland",2025,60852,3150.20,19.3,,
10,"Blekinge län",2010,153227,2946.70,52.0,257.3,256.4
10,"Blekinge län",2011,152979,2931.33,52.2,263.4,263.5
10,"Blekinge län",2012,152315,2931.33,51.9,270.5,271.4
10,"Blekinge län",2013,152757,2931.33,52.1,276.9,277.1
10,"Blekinge län",2014,154157,2931.10,52.6,284.5,284.1
10,"Blekinge län",2015,156253,2931.10,53.3,292.0,292.3
10,"Blekinge län",2016,158453,2931.10,54.1,301.4,302.6
10,"Blekinge län",2017,159371,2931.10,54.4,310.9,312.1
10,"Blekinge län",2018,159684,2931.25,54.5,320.6,321.0
10,"Blekinge län",2019,159606,2931.25,54.4,328.1,329.2
10,"Blekinge län",2020,159056,2931.25,54.3,333.6,335.4
10,"Blekinge län",2021,158937,2931.25,54.2,349.2,348.5
10,"Blekinge län",2022,158740,2931.26,54.2,364.2,360.3
10,"Blekinge län",2023,157973,2931.18,53.9,381.9,376.9
10,"Blekinge län",2024,157223,2942.92,53.4,398.7,393.3
10,"Blekinge län",2025,156616,2942.90,53.2,,
1060,"Olofström",2010,12988,391.90,33.1,246.4,251.9
1060,"Olofström",2011,12876,389.79,33.0,257.3,265.3
1060,"Olofström",2012,12896,389.79,33.0,266.7,275.5
1060,"Olofström",2013,12902,389.79,33.1,270.2,280.2
1060,"Olofström",2014,13031,389.79,33.4,278.1,285.1
1060,"Olofström",2015,13170,389.79,33.8,286.6,294.5
1060,"Olofström",2016,13417,389.79,34.4,299.3,309.9
1060,"Olofström",2017,13482,389.79,34.6,310.8,321.4
1060,"Olofström",2018,13516,389.76,34.7,317.1,329.2
1060,"Olofström",2019,13426,389.76,34.4,316.8,331.4
1060,"Olofström",2020,13311,389.76,34.2,319.8,333.0
1060,"Olofström",2021,13263,389.76,34.0,334.4,346.9
1060,"Olofström",2022,13159,389.76,33.8,350.6,356.4
1060,"Olofström",2023,13061,389.74,33.5,362.7,370.2
1060,"Olofström",2024,13000,391.31,33.2,381.2,384.5
1060,"Olofström",2025,12844,391.29,32.8,,
1080,"Karlskrona",2010,64032,1046.89,61.2,265.4,262.4
1080,"Karlskrona",2011,64215,1042.21,61.6,268.3,267.5
1080,"Karlskrona",2012,63691,1042.21,61.1,275.9,275.9
1080,"Karlskrona",2013,63912,1042.21,61.3,283.1,282.1
1080,"Karlskrona",2014,64348,1042.05,61.8,290.7,290.1
1080,"Karlskrona",2015,65380,1042.05,62.7,298.9,297.8
1080,"Karlskrona",2016,66262,1042.05,63.6,307.4,307.8
1080,"Karlskrona",2017,66666,1042.05,64.0,318.3,318.1
1080,"Karlskrona",2018,66675,1042.50,64.0,328.8,327.4
1080,"Karlskrona",2019,66622,1042.50,63.9,338.0,337.3
1080,"Karlskrona",2020,66515,1042.50,63.8,344.1,344.2
1080,"Karlskrona",2021,66708,1042.50,64.0,360.2,356.6
1080,"Karlskrona",2022,66682,1042.50,64.0,376.2,369.5
1080,"Karlskrona",2023,66420,1042.52,63.7,396.6,388.3
1080,"Karlskrona",2024,66301,1046.74,63.3,414.0,405.8
1080,"Karlskrona",2025,66021,1046.70,63.1,,
1081,"Ronneby",2010,28254,829.80,34.0,250.1,252.4
1081,"Ronneby",2011,27910,825.34,33.8,256.1,258.6
1081,"Ronneby",2012,27788,825.34,33.6,261.5,264.9
1081,"Ronneby",2013,27871,825.34,33.8,269.2,272.0
1081,"Ronneby",2014,28221,825.29,34.2,277.0,277.2
1081,"Ronneby",2015,28697,825.29,34.8,279.8,283.1
1081,"Ronneby",2016,29207,825.29,35.4,288.3,292.0
1081,"Ronneby",2017,29568,825.29,35.8,292.9,297.5
1081,"Ronneby",2018,29695,825.16,36.0,300.7,304.4
1081,"Ronneby",2019,29633,825.16,35.9,307.5,311.4
1081,"Ronneby",2020,29372,825.16,35.6,313.7,319.8
1081,"Ronneby",2021,29200,825.16,35.4,328.9,332.2
1081,"Ronneby",2022,29169,825.16,35.3,340.2,341.8
1081,"Ronneby",2023,29021,825.12,35.2,356.3,357.4
1081,"Ronneby",2024,28741,828.43,34.7,371.3,371.1
1081,"Ronneby",2025,28708,828.41,34.7,,
1082,"Karlshamn",2010,31143,491.33,63.4,256.7,255.0
1082,"Karlshamn",2011,31185,488.68,63.8,264.2,262.8
1082,"Karlshamn",2012,31132,488.68,63.7,271.0,270.4
1082,"Karlshamn",2013,31272,488.68,64.0,275.7,274.6
1082,"Karlshamn",2014,31598,488.68,64.7,283.1,281.4
1082,"Karlshamn",2015,31846,488.68,65.2,290.8,290.8
1082,"Karlshamn",2016,32130,488.68,65.7,302.2,301.5
1082,"Karlshamn",2017,32200,488.68,65.9,311.6,311.2
1082,"Karlshamn",2018,32330,488.58,66.2,321.8,321.5
1082,"Karlshamn",2019,32473,488.58,66.5,328.4,328.7
1082,"Karlshamn",2020,32402,488.58,66.3,332.6,332.7
1082,"Karlshamn",2021,32226,488.58,66.0,347.2,346.1
1082,"Karlshamn",2022,32216,488.58,65.9,361.6,357.8
1082,"Karlshamn",2023,31996,488.55,65.5,379.0,373.7
1082,"Karlshamn",2024,31751,490.49,64.7,396.0,388.7
1082,"Karlshamn",2025,31642,490.55,64.5,,
1083,"Sölvesborg",2010,16810,186.48,90.1,247.9,246.3
1083,"Sölvesborg",2011,16793,185.31,90.6,259.3,254.9
1083,"Sölvesborg",2012,16808,185.31,90.7,266.5,264.1
1083,"Sölvesborg",2013,16800,185.31,90.7,272.3,270.2
1083,"Sölvesborg",2014,16959,185.31,91.5,280.3,277.5
1083,"Sölvesborg",2015,17160,185.31,92.6,291.4,288.1
1083,"Sölvesborg",2016,17437,185.31,94.1,299.8,297.2
1083,"Sölvesborg",2017,17455,185.31,94.2,310.0,307.8
1083,"Sölvesborg",2018,17468,185.26,94.3,321.1,318.0
1083,"Sölvesborg",2019,17452,185.26,94.2,331.4,327.0
1083,"Sölvesborg",2020,17456,185.26,94.2,337.4,334.4
1083,"Sölvesborg",2021,17540,185.26,94.7,353.8,349.7
1083,"Sölvesborg",2022,17514,185.26,94.5,371.0,363.1
1083,"Sölvesborg",2023,17475,185.25,94.3,384.9,376.9
1083,"Sölvesborg",2024,17430,185.96,93.7,400.2,393.0
1083,"Sölvesborg",2025,17405,185.95,93.6,,
12,"Skåne län",2010,1243329,11035.40,112.7,253.2,246.6
12,"Skåne län",2011,1252933,10968.81,114.2,264.8,255.7
12,"Skåne län",2012,1263088,10968.81,115.1,271.7,262.9
12,"Skåne län",2013,1274069,10968.81,116.2,277.7,269.0
12,"Skåne län",2014,1288908,10967.83,117.5,285.4,275.8
12,"Skåne län",2015,1303627,10967.83,118.9,295.9,285.0
12,"Skåne län",2016,1324565,10967.83,120.8,306.6,295.9
12,"Skåne län",2017,1344689,10967.83,122.6,314.8,304.1
12,"Skåne län",2018,1362164,10965.04,124.2,325.0,313.3
12,"Skåne län",2019,1377827,10965.04,125.7,334.2,322.6
12,"Skåne län",2020,1389336,10965.03,126.7,341.7,329.3
12,"Skåne län",2021,1402425,10965.03,127.9,358.0,342.4
12,"Skåne län",2022,1414324,10965.03,129.0,374.9,356.7
12,"Skåne län",2023,1421781,10963.08,129.7,391.3,369.8
12,"Skåne län",2024,1428626,11007.64,129.8,409.2,385.5
12,"Skåne län",2025,1433083,11006.76,130.2,,
1214,"Svalöv",2010,13242,390.46,33.9,244.9,248.4
1214,"Svalöv",2011,13250,387.30,34.2,253.3,255.6
1214,"Svalöv",2012,13275,387.30,34.2,259.3,262.9
1214,"Svalöv",2013,13332,387.30,34.4,266.8,269.5
1214,"Svalöv",2014,13460,387.18,34.8,274.7,277.6
1214,"Svalöv",2015,13655,387.18,35.3,281.1,284.5
1214,"Svalöv",2016,13919,387.18,35.9,293.3,294.8
1214,"Svalöv",2017,14025,387.18,36.2,300.0,303.1
1214,"Svalöv",2018,14123,386.77,36.5,310.2,312.9
1214,"Svalöv",2019,14268,386.77,36.9,318.3,317.7
1214,"Svalöv",2020,14276,386.77,36.9,327.6,328.6
1214,"Svalöv",2021,14412,386.77,37.3,341.0,339.7
1214,"Svalöv",2022,14466,386.77,37.4,358.1,355.7
1214,"Svalöv",2023,14544,386.73,37.6,371.6,367.0
1214,"Svalöv",2024,14543,388.36,37.4,388.2,382.1
1214,"Svalöv",2025,14474,388.30,37.3,,
1230,"Staffanstorp",2010,22259,107.61,206.8,301.4,285.0
1230,"Staffanstorp",2011,22296,106.82,208.7,317.0,296.2
1230,"Staffanstorp",2012,22534,106.82,210.9,324.1,305.5
1230,"Staffanstorp",2013,22672,106.82,212.2,330.9,312.4
1230,"Staffanstorp",2014,22994,106.78,215.3,341.5,322.3
1230,"Staffanstorp",2015,23119,106.78,216.5,353.5,332.9
1230,"Staffanstorp",2016,23600,106.78,221.0,364.8,344.2
1230,"Staffanstorp",2017,24167,106.78,226.3,376.0,353.6
1230,"Staffanstorp",2018,24724,106.81,231.5,389.7,368.0
1230,"Staffanstorp",2019,25396,106.81,237.8,403.4,381.9
1230,"Staffanstorp",2020,25883,106.81,242.3,413.0,389.4
1230,"Staffanstorp",2021,26242,106.81,245.7,432.3,403.1
1230,"Staffanstorp",2022,26778,106.81,250.7,448.2,419.2
1230,"Staffanstorp",2023,27152,106.78,254.3,469.2,434.6
1230,"Staffanstorp",2024,27303,107.19,254.7,492.5,453.9
1230,"Staffanstorp",2025,27482,107.19,256.4,,
1231,"Burlöv",2010,16701,18.84,886.5,244.6,244.5
1231,"Burlöv",2011,16843,18.90,891.2,252.5,251.0
1231,"Burlöv",2012,17011,18.90,900.0,260.9,259.7
1231,"Burlöv",2013,17114,18.90,905.5,264.3,263.1
1231,"Burlöv",2014,17211,18.90,910.6,272.6,268.5
1231,"Burlöv",2015,17430,18.90,922.2,280.3,277.0
1231,"Burlöv",2016,17646,18.90,933.6,292.6,287.1
1231,"Burlöv",2017,18073,18.90,956.2,299.1,293.0
1231,"Burlöv",2018,18360,18.90,971.4,306.7,301.4
1231,"Burlöv",2019,19112,18.90,1011.2,312.2,307.6
1231,"Burlöv",2020,19312,18.90,1021.8,318.8,315.4
1231,"Burlöv",2021,19753,18.90,1045.1,334.8,329.0
1231,"Burlöv",2022,19882,18.90,1052.0,349.7,341.0
1231,"Burlöv",2023,19844,18.90,1049.9,367.0,357.3
1231,"Burlöv",2024,20101,18.98,1059.1,381.5,368.1
1231,"Burlöv",2025,20444,18.98,1077.1,,
1233,"Vellinge",2010,33303,143.18,232.6,335.8,295.9
1233,"Vellinge",2011,33510,142.61,235.0,366.0,312.1
1233,"Vellinge",2012,33615,142.61,235.7,377.3,322.7
1233,"Vellinge",2013,33807,142.61,237.1,387.5,332.5
1233,"Vellinge",2014,34110,142.66,239.1,400.1,341.7
1233,"Vellinge",2015,34667,142.66,243.0,416.5,354.9
1233,"Vellinge",2016,35257,142.66,247.1,427.9,365.2
1233,"Vellinge",2017,35790,142.66,250.9,445.0,382.0
1233,"Vellinge",2018,36499,142.65,255.9,465.3,394.9
1233,"Vellinge",2019,36628,142.65,256.8,481.2,411.5
1233,"Vellinge",2020,36915,142.65,258.8,501.7,423.2
1233,"Vellinge",2021,37452,142.65,262.5,528.4,441.4
1233,"Vellinge",2022,37821,142.65,265.1,553.2,460.6
1233,"Vellinge",2023,37738,142.55,264.7,579.2,483.5
1233,"Vellinge",2024,37816,143.15,264.2,603.4,504.0
1233,"Vellinge",2025,37833,143.21,264.2,,
1256,"Östra Göinge",2010,13590,434.86,31.3,241.5,245.2
1256,"Östra Göinge",2011,13603,431.96,31.5,249.4,255.0
1256,"Östra Göinge",2012,13620,431.96,31.5,253.7,260.5
1256,"Östra Göinge",2013,13687,431.96,31.7,257.9,263.1
1256,"Östra Göinge",2014,13864,431.84,32.1,260.2,266.0
1256,"Östra Göinge",2015,14102,431.84,32.7,265.5,272.6
1256,"Östra Göinge",2016,14406,431.84,33.4,272.0,280.3
1256,"Östra Göinge",2017,14715,431.84,34.1,272.6,282.4
1256,"Östra Göinge",2018,14915,431.67,34.6,281.8,291.4
1256,"Östra Göinge",2019,15007,431.67,34.8,289.2,297.3
1256,"Östra Göinge",2020,15017,431.67,34.8,292.1,305.7
1256,"Östra Göinge",2021,14941,431.67,34.6,307.2,319.5
1256,"Östra Göinge",2022,14577,431.67,33.8,321.2,330.3
1256,"Östra Göinge",2023,14331,431.44,33.2,337.4,343.5
1256,"Östra Göinge",2024,13978,433.14,32.3,352.2,357.0
1256,"Östra Göinge",2025,13718,433.16,31.7,,
1257,"Örkelljunga",2010,9631,321.48,30.0,230.7,236.3
1257,"Örkelljunga",2011,9663,319.55,30.2,237.5,242.0
1257,"Örkelljunga",2012,9655,319.55,30.2,246.3,252.3
1257,"Örkelljunga",2013,9653,319.55,30.2,254.1,260.7
1257,"Örkelljunga",2014,9733,319.50,30.5,258.9,260.3
1257,"Örkelljunga",2015,9831,319.50,30.8,266.8,269.4
1257,"Örkelljunga",2016,9958,319.50,31.2,279.9,281.4
1257,"Örkelljunga",2017,10047,319.50,31.4,287.1,290.5
1257,"Örkelljunga",2018,10174,319.26,31.9,295.4,297.1
1257,"Örkelljunga",2019,10280,319.26,32.2,302.2,306.2
1257,"Örkelljunga",2020,10451,319.26,32.7,307.8,309.8
1257,"Örkelljunga",2021,10499,319.26,32.9,324.2,326.1
1257,"Örkelljunga",2022,10455,319.26,32.7,337.7,339.6
1257,"Örkelljunga",2023,10433,319.22,32.7,349.6,351.7
1257,"Örkelljunga",2024,10277,320.57,32.1,363.5,365.0
1257,"Örkelljunga",2025,10293,320.57,32.1,,
1260,"Bjuv",2010,14841,116.17,127.8,235.2,243.6
1260,"Bjuv",2011,14851,115.28,128.8,245.2,252.1
1260,"Bjuv",2012,14866,115.28,128.9,252.0,261.6
1260,"Bjuv",2013,14801,115.28,128.4,256.9,265.8
1260,"Bjuv",2014,14894,115.31,129.2,263.1,273.0
1260,"Bjuv",2015,14962,115.31,129.8,272.4,282.3
1260,"Bjuv",2016,15202,115.31,131.8,280.4,290.9
1260,"Bjuv",2017,15429,115.31,133.8,289.0,295.9
1260,"Bjuv",2018,15501,115.31,134.4,292.3,301.7
1260,"Bjuv",2019,15715,115.31,136.3,299.4,308.6
1260,"Bjuv",2020,15697,115.31,136.1,304.4,314.3
1260,"Bjuv",2021,15842,115.31,137.4,319.0,326.1
1260,"Bjuv",2022,16062,115.31,139.3,334.8,339.7
1260,"Bjuv",2023,15968,115.34,138.4,345.1,350.8
1260,"Bjuv",2024,15985,115.84,138.0,356.7,365.3
1260,"Bjuv",2025,16052,115.78,138.6,,
1261,"Kävlinge",2010,29013,153.83,188.6,301.3,280.8
1261,"Kävlinge",2011,29261,152.56,191.8,313.1,290.1
1261,"Kävlinge",2012,29427,152.56,192.8,324.4,300.7
1261,"Kävlinge",2013,29600,152.56,194.0,331.8,309.0
1261,"Kävlinge",2014,29808,152.54,195.4,341.3,317.2
1261,"Kävlinge",2015,30104,152.54,197.3,354.0,327.1
1261,"Kävlinge",2016,30532,152.54,200.2,365.4,340.5
1261,"Kävlinge",2017,30959,152.54,203.0,377.9,349.6
1261,"Kävlinge",2018,31491,152.45,206.6,393.3,363.4
1261,"Kävlinge",2019,31705,152.45,208.0,404.5,375.6
1261,"Kävlinge",2020,32020,152.45,210.0,415.5,387.4
1261,"Kävlinge",2021,32341,152.45,212.1,435.7,402.2
1261,"Kävlinge",2022,32470,152.45,213.0,455.4,416.4
1261,"Kävlinge",2023,32430,152.44,212.7,478.4,433.1
1261,"Kävlinge",2024,32477,153.08,212.2,491.3,448.2
1261,"Kävlinge",2025,32655,153.10,213.3,,
1262,"Lomma",2010,21559,55.64,387.5,375.4,321.6
1262,"Lomma",2011,22017,55.52,396.6,400.2,339.0
1262,"Lomma",2012,22298,55.52,401.6,409.8,350.6
1262,"Lomma",2013,22496,55.52,405.2,421.6,361.1
1262,"Lomma",2014,22946,55.51,413.4,435.2,373.1
1262,"Lomma",2015,23324,55.51,420.2,446.6,386.1
1262,"Lomma",2016,23887,55.51,430.3,462.0,401.8
1262,"Lomma",2017,24264,55.51,437.1,476.3,419.5
1262,"Lomma",2018,24763,55.49,446.3,496.3,432.5
1262,"Lomma",2019,24834,55.49,447.5,508.8,448.1
1262,"Lomma",2020,24876,55.49,448.3,529.0,462.6
1262,"Lomma",2021,24638,55.49,444.0,559.1,486.0
1262,"Lomma",2022,24721,55.49,445.5,587.2,505.9
1262,"Lomma",2023,24627,55.49,443.8,615.7,532.3
1262,"Lomma",2024,24715,55.72,443.6,648.9,552.1
1262,"Lomma",2025,24677,55.72,442.9,,
1263,"Svedala",2010,19822,218.97,90.5,284.0,277.2
1263,"Svedala",2011,19805,218.05,90.8,299.8,288.9
1263,"Svedala",2012,19971,218.05,91.5,310.0,299.2
1263,"Svedala",2013,20067,218.05,92.0,316.0,305.9
1263,"Svedala",2014,20248,217.91,92.9,324.1,311.9
1263,"Svedala",2015,20462,217.91,93.9,337.0,322.8
1263,"Svedala",2016,20771,217.91,95.3,346.1,333.8
1263,"Svedala",2017,21074,217.91,96.7,357.6,344.9
1263,"Svedala",2018,21576,217.71,99.1,368.3,354.2
1263,"Svedala",2019,22229,217.71,102.1,379.5,365.4
1263,"Svedala",2020,22665,217.71,104.1,389.0,371.0
1263,"Svedala",2021,23222,217.71,106.7,406.7,389.6
1263,"Svedala",2022,23288,217.71,107.0,422.6,405.0
1263,"Svedala",2023,23470,217.61,107.9,442.6,421.8
1263,"Svedala",2024,23581,218.47,107.9,464.7,441.7
1263,"Svedala",2025,23714,218.46,108.6,,
1264,"Skurup",2010,14981,195.17,76.8,250.4,248.4
1264,"Skurup",2011,14946,193.58,77.2,263.8,260.2
1264,"Skurup",2012,14955,193.58,77.2,272.3,269.5
1264,"Skurup",2013,15025,193.58,77.6,278.0,274.6
1264,"Skurup",2014,15167,193.51,78.4,285.6,282.8
1264,"Skurup",2015,15149,193.51,78.3,297.2,291.3
1264,"Skurup",2016,15408,193.51,79.6,304.0,301.9
1264,"Skurup",2017,15642,193.51,80.8,313.5,308.0
1264,"Skurup",2018,15759,193.42,81.5,324.3,318.1
1264,"Skurup",2019,15889,193.42,82.1,331.5,328.5
1264,"Skurup",2020,16042,193.42,82.9,340.5,336.6
1264,"Skurup",2021,16419,193.42,84.9,359.1,348.9
1264,"Skurup",2022,16731,193.42,86.5,372.8,365.0
1264,"Skurup",2023,16861,193.37,87.2,387.6,375.2
1264,"Skurup",2024,17099,194.13,88.1,404.1,391.6
1264,"Skurup",2025,17139,194.08,88.3,,
1265,"Sjöbo",2010,18112,495.65,36.5,244.2,244.2
1265,"Sjöbo",2011,18143,492.17,36.9,253.1,251.5
1265,"Sjöbo",2012,18290,492.17,37.1,260.1,259.7
1265,"Sjöbo",2013,18401,492.17,37.4,265.1,265.2
1265,"Sjöbo",2014,18415,492.01,37.4,272.7,272.1
1265,"Sjöbo",2015,18514,492.01,37.6,283.4,283.1
1265,"Sjöbo",2016,18742,492.01,38.1,294.7,293.6
1265,"Sjöbo",2017,19071,492.01,38.8,301.5,302.5
1265,"Sjöbo",2018,19153,491.79,38.9,311.5,311.3
1265,"Sjöbo",2019,19226,491.79,39.1,323.6,321.7
1265,"Sjöbo",2020,19412,491.79,39.5,331.6,330.7
1265,"Sjöbo",2021,19497,491.79,39.6,344.5,342.3
1265,"Sjöbo",2022,19547,491.79,39.7,361.2,355.9
1265,"Sjöbo",2023,19437,491.75,39.5,376.2,365.0
1265,"Sjöbo",2024,19337,493.71,39.2,390.9,382.7
1265,"Sjöbo",2025,19397,493.78,39.3,,
1266,"Hörby",2010,14840,422.77,35.1,241.1,242.1
1266,"Hörby",2011,14901,419.41,35.5,251.1,249.7
1266,"Hörby",2012,14958,419.41,35.6,259.7,257.3
1266,"Hörby",2013,14917,419.41,35.6,264.1,263.8
1266,"Hörby",2014,14927,419.37,35.6,274.2,272.4
1266,"Hörby",2015,15020,419.37,35.8,282.6,280.9
1266,"Hörby",2016,15283,419.37,36.4,291.5,288.8
1266,"Hörby",2017,15552,419.37,37.1,297.9,296.7
1266,"Hörby",2018,15635,419.23,37.3,307.2,307.9
1266,"Hörby",2019,15631,419.23,37.3,318.5,316.9
1266,"Hörby",2020,15653,419.24,37.3,327.4,327.8
1266,"Hörby",2021,15745,419.24,37.6,343.3,340.9
1266,"Hörby",2022,15718,419.24,37.5,358.4,354.3
1266,"Hörby",2023,15585,419.18,37.2,369.7,364.4
1266,"Hörby",2024,15562,420.85,37.0,384.5,380.5
1266,"Hörby",2025,15559,420.85,37.0,,
1267,"Höör",2010,15460,292.96,52.8,259.6,255.1
1267,"Höör",2011,15492,290.85,53.3,268.8,263.8
1267,"Höör",2012,15526,290.85,53.3,278.2,271.9
1267,"Höör",2013,15637,290.85,53.8,283.0,279.0
1267,"Höör",2014,15770,290.55,54.3,293.3,286.3
1267,"Höör",2015,15970,290.55,55.0,305.2,298.5
1267,"Höör",2016,16192,290.55,55.7,316.3,310.0
1267,"Höör",2017,16478,290.55,56.7,323.9,318.3
1267,"Höör",2018,16637,290.51,57.3,332.2,326.9
1267,"Höör",2019,16713,290.51,57.5,340.8,334.7
1267,"Höör",2020,16830,290.51,57.9,349.3,343.7
1267,"Höör",2021,16954,290.52,58.4,364.3,357.4
1267,"Höör",2022,17297,290.52,59.5,379.5,371.8
1267,"Höör",2023,17376,290.50,59.8,396.3,385.2
1267,"Höör",2024,17518,291.70,60.1,411.7,402.5
1267,"Höör",2025,17680,291.68,60.6,,
1270,"Tomelilla",2010,12914,398.73,32.4,231.7,233.0
1270,"Tomelilla",2011,12930,395.94,32.7,239.3,240.0
1270,"Tomelilla",2012,12917,395.94,32.6,244.6,246.4
1270,"Tomelilla",2013,12891,395.94,32.6,250.9,252.6
1270,"Tomelilla",2014,13007,395.93,32.9,255.5,258.3
1270,"Tomelilla",2015,13132,395.93,33.2,266.8,268.7
1270,"Tomelilla",2016,13330,395.93,33.7,277.6,281.7
1270,"Tomelilla",2017,13416,395.93,33.9,284.3,288.7
1270,"Tomelilla",2018,13557,396.01,34.2,292.3,294.5
1270,"Tomelilla",2019,13617,396.02,34.4,299.7,302.4
1270,"Tomelilla",2020,13663,396.02,34.5,305.0,311.1
1270,"Tomelilla",2021,13712,396.02,34.6,319.0,323.0
1270,"Tomelilla",2022,13812,396.02,34.9,337.8,335.2
1270,"Tomelilla",2023,13660,396.00,34.5,347.6,348.8
1270,"Tomelilla",2024,13639,397.45,34.3,362.9,359.5
1270,"Tomelilla",2025,13669,397.49,34.4,,
1272,"Bromölla",2010,12272,163.38,75.1,251.2,253.8
1272,"Bromölla",2011,12366,162.50,76.1,256.8,260.7
1272,"Bromölla",2012,12250,162.50,75.3,264.9,268.9
1272,"Bromölla",2013,12336,162.50,75.9,268.8,272.8
1272,"Bromölla",2014,12400,162.49,76.3,274.8,278.3
1272,"Bromölla",2015,12513,162.49,77.0,286.1,291.4
1272,"Bromölla",2016,12625,162.49,77.7,297.0,301.7
1272,"Bromölla",2017,12699,162.49,78.2,303.9,311.1
1272,"Bromölla",2018,12876,162.53,79.2,313.3,319.2
1272,"Bromölla",2019,12870,162.53,79.2,320.3,327.7
1272,"Bromölla",2020,12759,162.53,78.5,324.3,334.3
1272,"Bromölla",2021,12650,162.53,77.8,337.8,347.5
1272,"Bromölla",2022,12633,162.54,77.7,351.5,359.1
1272,"Bromölla",2023,12498,162.53,76.9,367.4,373.3
1272,"Bromölla",2024,12470,163.16,76.4,378.2,384.4
1272,"Bromölla",2025,12497,163.16,76.6,,
1273,"Osby",2010,12724,578.48,22.0,248.4,248.5
1273,"Osby",2011,12699,576.24,22.0,254.9,255.3
1273,"Osby",2012,12637,576.24,21.9,260.9,262.5
1273,"Osby",2013,12713,576.24,22.1,262.2,264.0
1273,"Osby",2014,12828,576.38,22.3,269.6,272.0
1273,"Osby",2015,12954,576.38,22.5,281.0,283.0
1273,"Osby",2016,13149,576.38,22.8,290.6,292.9
1273,"Osby",2017,13182,576.38,22.9,301.1,301.6
1273,"Osby",2018,13267,575.28,23.1,307.1,308.6
1273,"Osby",2019,13208,575.28,23.0,316.8,319.5
1273,"Osby",2020,13198,575.28,22.9,319.8,322.5
1273,"Osby",2021,13269,575.28,23.1,337.7,336.0
1273,"Osby",2022,13238,575.28,23.0,350.7,349.0
1273,"Osby",2023,13106,575.11,22.8,361.4,358.4
1273,"Osby",2024,12947,577.50,22.4,374.1,370.7
1273,"Osby",2025,12861,577.43,22.3,,
1275,"Perstorp",2010,7061,159.79,44.2,231.3,225.0
1275,"Perstorp",2011,7159,158.78,45.1,237.7,232.6
1275,"Perstorp",2012,7096,158.78,44.6,244.3,238.7
1275,"Perstorp",2013,7139,158.78,45.0,247.5,244.9
1275,"Perstorp",2014,7174,158.77,45.2,251.5,245.4
1275,"Perstorp",2015,7211,158.77,45.4,258.2,252.2
1275,"Perstorp",2016,7338,158.77,46.2,267.2,262.5
1275,"Perstorp",2017,7335,158.77,46.2,271.8,270.3
1275,"Perstorp",2018,7479,158.85,47.1,280.3,274.8
1275,"Perstorp",2019,7492,158.85,47.2,280.2,278.7
1275,"Perstorp",2020,7476,158.85,47.1,285.4,281.8
1275,"Perstorp",2021,7565,158.85,47.6,298.4,296.4
1275,"Perstorp",2022,7442,158.85,46.8,314.5,312.7
1275,"Perstorp",2023,7323,158.83,46.1,327.7,325.5
1275,"Perstorp",2024,7235,159.46,45.4,342.0,343.4
1275,"Perstorp",2025,7115,159.45,44.6,,
1276,"Klippan",2010,16515,376.50,43.9,235.4,237.1
1276,"Klippan",2011,16601,374.32,44.3,242.7,243.1
1276,"Klippan",2012,16660,374.32,44.5,249.5,250.6
1276,"Klippan",2013,16715,374.32,44.7,254.9,256.8
1276,"Klippan",2014,16733,374.32,44.7,262.8,261.8
1276,"Klippan",2015,16917,374.32,45.2,268.0,267.6
1276,"Klippan",2016,17219,374.32,46.0,277.5,278.4
1276,"Klippan",2017,17462,374.32,46.7,285.9,286.4
1276,"Klippan",2018,17600,374.27,47.0,295.9,295.3
1276,"Klippan",2019,17756,374.27,47.4,302.4,302.9
1276,"Klippan",2020,17738,374.27,47.4,307.5,310.3
1276,"Klippan",2021,17783,374.27,47.5,320.6,323.6
1276,"Klippan",2022,17865,374.26,47.7,335.0,336.7
1276,"Klippan",2023,17723,374.20,47.4,347.0,349.6
1276,"Klippan",2024,17714,375.76,47.1,361.5,364.3
1276,"Klippan",2025,17713,375.76,47.1,,
1277,"Åstorp",2010,14737,92.96,158.5,235.2,241.3
1277,"Åstorp",2011,14789,92.22,160.4,243.1,247.1
1277,"Åstorp",2012,14806,92.22,160.5,250.0,255.1
1277,"Åstorp",2013,14927,92.22,161.9,256.8,261.9
1277,"Åstorp",2014,15061,92.35,163.1,262.7,268.8
1277,"Åstorp",2015,15193,92.35,164.5,273.3,277.9
1277,"Åstorp",2016,15528,92.35,168.1,281.2,288.2
1277,"Åstorp",2017,15828,92.35,171.4,286.4,293.8
1277,"Åstorp",2018,15987,92.34,173.1,294.9,304.4
1277,"Åstorp",2019,15940,92.34,172.6,304.3,314.8
1277,"Åstorp",2020,16063,92.34,174.0,310.8,321.2
1277,"Åstorp",2021,16308,92.35,176.6,325.2,332.6
1277,"Åstorp",2022,16341,92.35,176.9,336.8,343.6
1277,"Åstorp",2023,16458,92.33,178.3,348.1,353.1
1277,"Åstorp",2024,16449,92.72,177.4,361.7,365.6
1277,"Åstorp",2025,16491,92.72,177.9,,
1278,"Båstad",2010,14278,218.36,65.4,264.3,248.9
1278,"Båstad",2011,14230,209.79,67.8,274.4,258.5
1278,"Båstad",2012,14263,209.79,67.9,282.6,265.9
1278,"Båstad",2013,14275,209.79,68.0,287.5,269.5
1278,"Båstad",2014,14419,217.13,66.4,290.8,276.6
1278,"Båstad",2015,14373,217.13,66.2,299.4,286.4
1278,"Båstad",2016,14614,217.13,67.3,309.3,298.3
1278,"Båstad",2017,14796,217.13,68.1,320.8,306.9
1278,"Båstad",2018,14948,217.10,68.9,329.6,316.3
1278,"Båstad",2019,15128,217.10,69.7,345.3,327.6
1278,"Båstad",2020,15413,217.10,71.0,353.4,340.4
1278,"Båstad",2021,15636,217.10,72.0,374.9,356.0
1278,"Båstad",2022,15824,217.10,72.9,396.2,372.0
1278,"Båstad",2023,15912,217.09,73.3,412.9,381.9
1278,"Båstad",2024,16026,218.05,73.5,430.7,397.6
1278,"Båstad",2025,16046,218.06,73.6,,
1280,"Malmö",2010,298963,155.56,1921.9,227.9,219.1
1280,"Malmö",2011,302835,156.87,1930.5,242.9,232.4
1280,"Malmö",2012,307758,156.87,1961.8,249.2,238.8
1280,"Malmö",2013,312994,156.87,1995.2,256.5,245.5
1280,"Malmö",2014,318107,156.60,2031.3,264.8,252.1
1280,"Malmö",2015,322574,156.60,2059.8,275.1,261.6
1280,"Malmö",2016,328494,156.60,2097.6,286.1,273.1
1280,"Malmö",2017,333633,156.60,2130.4,293.5,281.5
1280,"Malmö",2018,339313,156.95,2161.9,304.3,290.5
1280,"Malmö",2019,344166,156.95,2192.8,314.4,300.8
1280,"Malmö",2020,347949,156.95,2216.9,322.3,306.8
1280,"Malmö",2021,351749,156.95,2241.2,338.3,319.5
1280,"Malmö",2022,357377,156.95,2277.0,356.8,336.4
1280,"Malmö",2023,362133,156.82,2309.2,375.5,352.0
1280,"Malmö",2024,365644,157.46,2322.1,397.0,369.1
1280,"Malmö",2025,367924,157.45,2336.8,,
1281,"Lund",2010,110488,430.27,256.8,259.4,244.8
1281,"Lund",2011,111666,427.23,261.4,268.5,251.6
1281,"Lund",2012,112950,427.23,264.3,275.8,258.2
1281,"Lund",2013,114291,427.23,267.5,280.2,263.8
1281,"Lund",2014,115968,427.07,271.5,286.5,268.9
1281,"Lund",2015,116834,427.07,273.6,298.9,280.5
1281,"Lund",2016,118542,427.07,277.6,308.9,290.7
1281,"Lund",2017,121274,427.07,284.0,315.5,298.2
1281,"Lund",2018,122948,426.83,288.0,324.5,307.4
1281,"Lund",2019,124935,426.83,292.7,331.0,313.8
1281,"Lund",2020,125941,426.83,295.1,335.4,318.9
1281,"Lund",2021,127376,426.84,298.4,349.1,328.3
1281,"Lund",2022,128384,426.84,300.8,363.7,340.4
1281,"Lund",2023,130288,426.67,305.4,378.4,352.9
1281,"Lund",2024,131590,428.38,307.2,396.5,366.3
1281,"Lund",2025,132333,428.22,309.0,,
1282,"Landskrona",2010,41724,141.16,295.6,231.0,230.2
1282,"Landskrona",2011,42189,140.28,300.7,239.6,237.8
1282,"Landskrona",2012,42560,140.28,303.3,247.7,246.8
1282,"Landskrona",2013,43073,140.28,307.1,252.1,251.0
1282,"Landskrona",2014,43574,140.26,310.7,258.1,255.5
1282,"Landskrona",2015,43961,140.26,313.4,268.4,263.8
1282,"Landskrona",2016,44611,140.26,318.1,278.7,275.7
1282,"Landskrona",2017,45286,140.26,322.9,287.8,283.9
1282,"Landskrona",2018,45775,140.22,326.5,298.9,295.3
1282,"Landskrona",2019,46090,140.22,328.7,310.0,307.2
1282,"Landskrona",2020,46305,140.22,330.2,316.1,314.7
1282,"Landskrona",2021,46488,140.22,331.5,332.8,329.0
1282,"Landskrona",2022,47004,140.22,335.2,350.1,343.6
1282,"Landskrona",2023,47134,140.21,336.2,364.9,355.0
1282,"Landskrona",2024,47309,140.78,336.0,379.7,368.4
1282,"Landskrona",2025,47571,140.76,338.0,,
1283,"Helsingborg",2010,129177,346.25,373.1,262.3,253.8
1283,"Helsingborg",2011,130626,344.01,379.7,272.6,261.7
1283,"Helsingborg",2012,132011,344.01,383.7,279.2,268.7
1283,"Helsingborg",2013,132989,344.01,386.6,286.0,275.2
1283,"Helsingborg",2014,135344,343.89,393.6,292.2,281.3
1283,"Helsingborg",2015,137909,343.89,401.0,302.3,289.5
1283,"Helsingborg",2016,140547,343.89,408.7,313.3,300.7
1283,"Helsingborg",2017,143304,343.89,416.7,321.6,308.5
1283,"Helsingborg",2018,145415,343.84,422.9,330.6,317.6
1283,"Helsingborg",2019,147734,343.84,429.7,338.6,326.1
1283,"Helsingborg",2020,149280,343.84,434.2,344.5,330.6
1283,"Helsingborg",2021,150109,343.84,436.6,361.6,343.7
1283,"Helsingborg",2022,150975,343.83,439.1,378.3,356.8
1283,"Helsingborg",2023,151306,343.59,440.4,392.5,368.4
1283,"Helsingborg",2024,152091,345.07,440.8,407.1,382.9
1283,"Helsingborg",2025,152776,345.04,442.8,,
1284,"Höganäs",2010,24637,144.29,170.7,291.5,269.6
1284,"Höganäs",2011,24698,150.84,163.7,303.4,278.7
1284,"Höganäs",2012,24863,150.84,164.8,314.4,287.7
1284,"Höganäs",2013,25084,150.84,166.3,321.9,297.7
1284,"Höganäs",2014,25298,143.50,176.3,328.9,306.9
1284,"Höganäs",2015,25610,143.50,178.5,341.4,315.8
1284,"Höganäs",2016,25847,143.50,180.1,350.1,324.3
1284,"Höganäs",2017,26193,143.50,182.5,357.8,334.8
1284,"Höganäs",2018,26566,143.48,185.2,366.4,344.4
1284,"Höganäs",2019,26942,143.48,187.8,375.7,353.4
1284,"Höganäs",2020,27168,143.48,189.4,382.4,361.0
1284,"Höganäs",2021,27589,143.48,192.3,402.3,377.0
1284,"Höganäs",2022,28103,143.48,195.9,421.4,394.1
1284,"Höganäs",2023,28193,143.48,196.5,438.1,406.6
1284,"Höganäs",2024,28430,144.12,197.3,453.9,422.5
1284,"Höganäs",2025,28489,144.13,197.7,,
1285,"Eslöv",2010,31587,421.66,74.9,253.0,252.9
1285,"Eslöv",2011,31728,419.06,75.7,262.3,260.9
1285,"Eslöv",2012,31744,419.06,75.7,270.0,269.1
1285,"Eslöv",2013,31920,419.06,76.2,276.5,276.2
1285,"Eslöv",2014,32179,419.02,76.8,284.2,282.7
1285,"Eslöv",2015,32438,419.02,77.4,293.7,291.1
1285,"Eslöv",2016,32878,419.02,78.5,304.0,300.2
1285,"Eslöv",2017,33236,419.02,79.3,311.4,308.7
1285,"Eslöv",2018,33557,418.96,80.1,320.4,317.4
1285,"Eslöv",2019,33793,418.96,80.7,328.9,327.0
1285,"Eslöv",2020,34123,418.95,81.4,338.4,333.3
1285,"Eslöv",2021,34593,418.96,82.6,353.3,346.8
1285,"Eslöv",2022,34701,418.96,82.8,366.2,358.8
1285,"Eslöv",2023,34775,418.91,83.0,379.1,370.9
1285,"Eslöv",2024,34922,420.55,83.0,394.2,385.7
1285,"Eslöv",2025,35126,420.54,83.5,,
1286,"Ystad",2010,28338,352.44,80.4,264.2,259.6
1286,"Ystad",2011,28427,350.08,81.2,275.5,268.3
1286,"Ystad",2012,28558,350.08,81.5,283.0,275.3
1286,"Ystad",2013,28623,350.08,81.8,288.0,281.8
1286,"Ystad",2014,28771,350.00,82.2,297.4,290.6
1286,"Ystad",2015,28985,350.00,82.8,308.5,300.5
1286,"Ystad",2016,29448,350.00,84.1,318.7,310.3
1286,"Ystad",2017,29848,350.00,85.3,327.9,318.9
1286,"Ystad",2018,30226,349.93,86.4,337.8,327.4
1286,"Ystad",2019,30541,349.93,87.3,347.4,338.7
1286,"Ystad",2020,30970,349.92,88.5,356.6,347.1
1286,"Ystad",2021,31560,349.92,90.2,373.0,360.5
1286,"Ystad",2022,31714,349.92,90.6,388.5,372.7
1286,"Ystad",2023,31911,350.05,91.2,404.7,387.1
1286,"Ystad",2024,32106,351.42,91.4,422.8,404.1
1286,"Ystad",2025,32188,351.07,91.7,,
1287,"Trelleborg",2010,42219,342.07,123.4,253.2,252.8
1287,"Trelleborg",2011,42542,339.87,125.2,264.9,262.0
1287,"Trelleborg",2012,42605,339.87,125.3,271.7,269.2
1287,"Trelleborg",2013,42837,339.87,126.0,276.8,274.9
1287,"Trelleborg",2014,42973,339.80,126.5,285.5,282.7
1287,"Trelleborg",2015,43359,339.80,127.6,295.1,291.6
1287,"Trelleborg",2016,43913,339.80,129.2,305.7,302.5
1287,"Trelleborg",2017,44595,339.80,131.2,313.7,309.8
1287,"Trelleborg",2018,44902,340.00,132.1,324.2,318.7
1287,"Trelleborg",2019,45440,340.00,133.6,334.9,329.0
1287,"Trelleborg",2020,45877,340.00,134.9,341.9,337.2
1287,"Trelleborg",2021,46231,340.00,136.0,358.3,350.5
1287,"Trelleborg",2022,46649,340.00,137.2,374.0,362.6
1287,"Trelleborg",2023,46936,340.10,138.0,387.0,374.7
1287,"Trelleborg",2024,47269,341.47,138.4,404.1,390.3
1287,"Trelleborg",2025,47405,341.46,138.8,,
1290,"Kristianstad",2010,79543,1251.72,63.5,249.6,249.6
1290,"Kristianstad",2011,79930,1246.25,64.1,257.0,257.3
1290,"Kristianstad",2012,80507,1246.25,64.6,262.3,262.8
1290,"Kristianstad",2013,81009,1246.25,65.0,266.8,267.1
1290,"Kristianstad",2014,81826,1245.22,65.7,274.1,274.0
1290,"Kristianstad",2015,82510,1245.22,66.3,283.7,283.6
1290,"Kristianstad",2016,83191,1245.22,66.8,294.5,294.9
1290,"Kristianstad",2017,84151,1245.22,67.6,303.2,303.1
1290,"Kristianstad",2018,84908,1244.83,68.2,311.5,312.5
1290,"Kristianstad",2019,85747,1244.83,68.9,319.2,320.2
1290,"Kristianstad",2020,86217,1244.82,69.3,324.2,326.3
1290,"Kristianstad",2021,86641,1244.82,69.6,337.4,337.1
1290,"Kristianstad",2022,86738,1244.82,69.7,353.0,351.0
1290,"Kristianstad",2023,86560,1244.45,69.6,367.7,363.5
1290,"Kristianstad",2024,86379,1249.41,69.1,382.0,377.5
1290,"Kristianstad",2025,85908,1249.34,68.8,,
1291,"Simrishamn",2010,19297,394.20,49.0,241.4,235.9
1291,"Simrishamn",2011,19147,391.36,48.9,251.7,243.7
1291,"Simrishamn",2012,18997,391.36,48.5,253.3,250.3
1291,"Simrishamn",2013,18951,391.36,48.4,257.3,254.6
1291,"Simrishamn",2014,18905,392.34,48.2,264.0,261.6
1291,"Simrishamn",2015,19065,392.34,48.6,273.4,269.9
1291,"Simrishamn",2016,19485,392.34,49.7,282.3,281.9
1291,"Simrishamn",2017,19376,392.34,49.4,288.1,288.1
1291,"Simrishamn",2018,19278,392.29,49.1,295.1,294.9
1291,"Simrishamn",2019,19174,392.30,48.9,302.4,300.7
1291,"Simrishamn",2020,19227,392.30,49.0,314.8,310.5
1291,"Simrishamn",2021,19267,392.29,49.1,331.3,324.8
1291,"Simrishamn",2022,19074,392.29,48.6,346.1,338.2
1291,"Simrishamn",2023,18962,392.27,48.3,362.8,352.0
1291,"Simrishamn",2024,18890,393.90,48.0,374.6,365.3
1291,"Simrishamn",2025,18779,393.85,47.7,,
1292,"Ängelholm",2010,39394,422.55,93.2,272.4,261.7
1292,"Ängelholm",2011,39626,420.06,94.3,283.6,271.0
1292,"Ängelholm",2012,39742,420.06,94.6,292.6,278.9
1292,"Ängelholm",2013,39866,420.06,94.9,297.2,286.1
1292,"Ängelholm",2014,40229,419.87,95.8,304.6,293.0
1292,"Ängelholm",2015,40732,419.87,97.0,315.2,301.8
1292,"Ängelholm",2016,41336,419.87,98.4,328.0,314.7
1292,"Ängelholm",2017,41786,419.87,99.5,337.0,325.2
1292,"Ängelholm",2018,42131,419.80,100.4,347.9,335.6
1292,"Ängelholm",2019,42476,419.80,101.2,357.2,345.3
1292,"Ängelholm",2020,42910,419.80,102.2,365.4,353.4
1292,"Ängelholm",2021,43633,419.80,103.9,382.4,368.1
1292,"Ängelholm",2022,44268,419.81,105.4,399.4,382.0
1292,"Ängelholm",2023,44866,419.74,106.9,415.2,394.8
1292,"Ängelholm",2024,45110,421.57,107.0,434.9,409.4
1292,"Ängelholm",2025,45159,421.51,107.1,,
1293,"Hässleholm",2010,50107,1276.52,39.3,242.6,243.3
1293,"Hässleholm",2011,50164,1268.53,39.5,250.2,249.9
1293,"Hässleholm",2012,50163,1268.53,39.5,255.0,255.7
1293,"Hässleholm",2013,50227,1268.53,39.6,260.6,260.7
1293,"Hässleholm",2014,50565,1268.97,39.8,267.7,267.6
1293,"Hässleholm",2015,51048,1268.97,40.2,278.8,278.1
1293,"Hässleholm",2016,51667,1268.97,40.7,289.9,290.4
1293,"Hässleholm",2017,52003,1268.97,41.0,296.7,297.1
1293,"Hässleholm",2018,52121,1269.54,41.1,303.7,304.4
1293,"Hässleholm",2019,52145,1269.54,41.1,311.3,312.8
1293,"Hässleholm",2020,52010,1269.54,41.0,315.8,317.5
1293,"Hässleholm",2021,52309,1269.55,41.2,330.3,331.4
1293,"Hässleholm",2022,52369,1269.55,41.3,344.0,343.4
1293,"Hässleholm",2023,52241,1269.41,41.2,356.2,354.0
1293,"Hässleholm",2024,52114,1274.50,40.9,370.4,369.2
1293,"Hässleholm",2025,51915,1274.47,40.7,,
13,"Hallands län",2010,299484,5461.60,54.8,274.9,264.9
13,"Hallands län",2011,301724,5427.44,55.6,284.8,274.1
13,"Hallands län",2012,304116,5427.44,56.0,294.1,284.1
13,"Hallands län",2013,306840,5427.44,56.5,299.9,289.9
13,"Hallands län",2014,310665,5427.04,57.2,308.1,297.6
13,"Hallands län",2015,314784,5427.04,58.0,318.1,307.0
13,"Hallands län",2016,320333,5427.04,59.0,328.9,317.8
13,"Hallands län",2017,324825,5427.04,59.9,337.8,327.0
13,"Hallands län",2018,329352,5426.59,60.7,348.6,337.0
13,"Hallands län",2019,333848,5426.59,61.5,357.6,345.8
13,"Hallands län",2020,336748,5426.60,62.1,363.7,352.2
13,"Hallands län",2021,340243,5426.60,62.7,380.5,364.8
13,"Hallands län",2022,342805,5426.60,63.2,399.0,379.4
13,"Hallands län",2023,343746,5426.06,63.4,415.3,392.2
13,"Hallands län",2024,345074,5450.92,63.3,428.0,406.1
13,"Hallands län",2025,346090,5450.85,63.5,,
1315,"Hylte",2010,10177,951.14,10.7,253.4,258.5
1315,"Hylte",2011,10126,946.08,10.7,258.6,265.3
1315,"Hylte",2012,10032,946.08,10.6,265.9,275.4
1315,"Hylte",2013,10001,946.08,10.6,268.0,278.5
1315,"Hylte",2014,10278,946.53,10.9,272.7,283.1
1315,"Hylte",2015,10514,946.53,11.1,273.8,286.9
1315,"Hylte",2016,10954,946.53,11.6,281.5,293.4
1315,"Hylte",2017,10990,946.53,11.6,285.3,302.0
1315,"Hylte",2018,10914,946.52,11.5,296.3,310.3
1315,"Hylte",2019,10815,946.52,11.4,299.4,314.8
1315,"Hylte",2020,10649,946.52,11.3,301.5,316.5
1315,"Hylte",2021,10619,946.52,11.2,316.9,333.2
1315,"Hylte",2022,10464,946.52,11.1,330.8,343.7
1315,"Hylte",2023,10299,946.59,10.9,347.7,362.7
1315,"Hylte",2024,10196,950.84,10.7,359.4,372.8
1315,"Hylte",2025,10094,950.85,10.6,,
1380,"Halmstad",2010,91800,1020.10,90.0,257.1,256.7
1380,"Halmstad",2011,92294,1014.13,91.0,264.1,265.1
1380,"Halmstad",2012,93231,1014.13,91.9,273.1,274.3
1380,"Halmstad",2013,94084,1014.13,92.8,278.1,279.4
1380,"Halmstad",2014,95532,1013.97,94.2,284.3,285.7
1380,"Halmstad",2015,96952,1013.97,95.6,293.5,294.1
1380,"Halmstad",2016,98538,1013.97,97.2,304.4,305.2
1380,"Halmstad",2017,99752,1013.97,98.4,312.9,313.8
1380,"Halmstad",2018,101268,1013.90,99.9,321.7,322.3
1380,"Halmstad",2019,102767,1013.89,101.4,328.8,330.6
1380,"Halmstad",2020,103754,1013.89,102.3,332.4,334.5
1380,"Halmstad",2021,104573,1013.89,103.1,348.2,346.6
1380,"Halmstad",2022,105148,1013.89,103.7,364.4,359.5
1380,"Halmstad",2023,105796,1013.71,104.4,378.4,371.5
1380,"Halmstad",2024,106084,1018.25,104.2,387.6,383.8
1380,"Halmstad",2025,106315,1018.23,104.4,,
1381,"Laholm",2010,23390,888.46,26.3,246.5,246.0
1381,"Laholm",2011,23470,882.96,26.6,256.0,256.4
1381,"Laholm",2012,23458,882.96,26.5,263.6,265.1
1381,"Laholm",2013,23517,882.96,26.6,268.4,271.1
1381,"Laholm",2014,23781,882.80,26.9,275.0,277.0
1381,"Laholm",2015,24195,882.80,27.4,283.9,286.3
1381,"Laholm",2016,24664,882.80,27.9,292.6,294.4
1381,"Laholm",2017,25147,882.80,28.5,300.3,302.5
1381,"Laholm",2018,25491,882.58,28.9,310.7,312.8
1381,"Laholm",2019,25903,882.58,29.3,317.9,321.7
1381,"Laholm",2020,25967,882.59,29.4,326.7,330.2
1381,"Laholm",2021,26319,882.59,29.8,343.3,342.7
1381,"Laholm",2022,26575,882.59,30.1,358.1,356.5
1381,"Laholm",2023,26565,882.55,30.1,370.6,366.6
1381,"Laholm",2024,26595,886.33,30.0,384.3,380.3
1381,"Laholm",2025,26565,886.32,30.0,,
1382,"Falkenberg",2010,41008,1115.40,36.8,252.7,254.7
1382,"Falkenberg",2011,41304,1108.89,37.2,262.4,264.8
1382,"Falkenberg",2012,41423,1108.89,37.3,269.9,273.8
1382,"Falkenberg",2013,41912,1108.89,37.8,275.4,279.1
1382,"Falkenberg",2014,42433,1108.53,38.3,282.4,285.2
1382,"Falkenberg",2015,42949,1108.53,38.7,289.6,293.4
1382,"Falkenberg",2016,43867,1108.53,39.6,299.1,303.2
1382,"Falkenberg",2017,44195,1108.53,39.9,307.1,310.8
1382,"Falkenberg",2018,44701,1108.40,40.3,317.2,320.1
1382,"Falkenberg",2019,45367,1108.40,40.9,325.1,329.4
1382,"Falkenberg",2020,46051,1108.41,41.5,330.4,334.6
1382,"Falkenberg",2021,46773,1108.41,42.2,342.3,344.2
1382,"Falkenberg",2022,47017,1108.41,42.4,361.2,358.4
1382,"Falkenberg",2023,47108,1108.14,42.5,374.0,369.3
1382,"Falkenberg",2024,47337,1113.23,42.5,388.3,383.9
1382,"Falkenberg",2025,47321,1113.17,42.5,,
1383,"Varberg",2010,58084,874.20,66.4,268.6,263.6
1383,"Varberg",2011,58576,868.71,67.4,280.2,273.8
1383,"Varberg",2012,59186,868.71,68.1,290.1,284.0
1383,"Varberg",2013,59936,868.71,69.0,296.3,290.2
1383,"Varberg",2014,60422,868.62,69.6,306.3,299.9
1383,"Varberg",2015,61030,868.62,70.3,317.5,310.5
1383,"Varberg",2016,61868,868.62,71.2,328.4,321.3
1383,"Varberg",2017,62755,868.62,72.2,337.5,330.0
1383,"Varberg",2018,63630,868.62,73.3,350.4,342.1
1383,"Varberg",2019,64601,868.62,74.4,359.2,351.5
1383,"Varberg",2020,65397,868.61,75.3,366.1,359.3
1383,"Varberg",2021,66658,868.61,76.7,381.3,371.6
1383,"Varberg",2022,67800,868.61,78.1,398.8,386.5
1383,"Varberg",2023,68325,868.75,78.6,415.2,399.9
1383,"Varberg",2024,69070,872.89,79.1,428.8,413.8
1383,"Varberg",2025,69460,872.91,79.6,,
1384,"Kungsbacka",2010,75025,611.42,122.7,326.6,292.4
1384,"Kungsbacka",2011,75954,606.67,125.2,339.9,302.0
1384,"Kungsbacka",2012,76786,606.67,126.5,350.4,315.1
1384,"Kungsbacka",2013,77390,606.67,127.6,357.9,321.5
1384,"Kungsbacka",2014,78219,606.60,128.9,368.6,331.4
1384,"Kungsbacka",2015,79144,606.60,130.5,381.5,343.1
1384,"Kungsbacka",2016,80442,606.60,132.6,394.1,356.6
1384,"Kungsbacka",2017,81986,606.60,135.2,404.2,368.6
1384,"Kungsbacka",2018,83348,606.58,137.4,416.2,381.0
1384,"Kungsbacka",2019,84395,606.58,139.1,429.3,392.2
1384,"Kungsbacka",2020,84930,606.58,140.0,438.2,400.9
1384,"Kungsbacka",2021,85301,606.58,140.6,460.8,418.4
1384,"Kungsbacka",2022,85801,606.58,141.5,484.3,435.7
1384,"Kungsbacka",2023,85653,606.32,141.3,506.6,452.4
1384,"Kungsbacka",2024,85792,609.38,140.8,521.7,469.5
1384,"Kungsbacka",2025,86332,609.37,141.7,,
14,"Västra Götalands län",2010,1580297,23956.10,66.0,264.9,260.0
14,"Västra Götalands län",2011,1590604,23797.30,66.8,273.6,268.2
14,"Västra Götalands län",2012,1600447,23797.30,67.2,283.1,277.8
14,"Västra Götalands län",2013,1615084,23797.30,67.9,288.4,283.6
14,"Västra Götalands län",2014,1632012,23799.85,68.6,295.8,290.4
14,"Västra Götalands län",2015,1648682,23799.85,69.3,307.5,301.2
14,"Västra Götalands län",2016,1671783,23799.85,70.2,318.8,312.7
14,"Västra Götalands län",2017,1690782,23799.85,71.0,328.7,323.1
14,"Västra Götalands län",2018,1709814,23800.32,71.8,340.3,333.6
14,"Västra Götalands län",2019,1725881,23800.38,72.5,348.6,342.5
14,"Västra Götalands län",2020,1734443,23800.38,72.9,351.9,346.8
14,"Västra Götalands län",2021,1744859,23800.37,73.3,368.5,359.8
14,"Västra Götalands län",2022,1758656,23800.37,73.9,387.6,375.2
14,"Västra Götalands län",2023,1767016,23797.89,74.3,404.2,390.5
14,"Västra Götalands län",2024,1772821,23914.31,74.1,420.1,404.9
14,"Västra Götalands län",2025,1777803,23914.09,74.3,,
1401,"Härryda",2010,34463,268.43,128.4,318.1,293.4
1401,"Härryda",2011,34854,266.78,130.6,330.8,305.5
1401,"Härryda",2012,35223,266.78,132.0,340.1,314.7
1401,"Härryda",2013,35732,266.78,133.9,347.6,323.6
1401,"Härryda",2014,36291,266.70,136.1,356.7,332.8
1401,"Härryda",2015,36651,266.70,137.4,369.8,345.0
1401,"Härryda",2016,37108,266.70,139.1,383.2,359.0
1401,"Härryda",2017,37412,266.70,140.3,395.9,371.3
1401,"Härryda",2018,37802,266.68,141.8,410.8,385.8
1401,"Härryda",2019,37977,266.66,142.4,421.4,396.3
1401,"Härryda",2020,38246,266.66,143.4,429.2,403.9
1401,"Härryda",2021,39006,266.66,146.3,447.8,418.2
1401,"Härryda",2022,39762,266.66,149.1,469.8,435.0
1401,"Härryda",2023,39875,266.65,149.5,493.7,456.6
1401,"Härryda",2024,40003,267.97,149.3,512.4,475.3
1401,"Härryda",2025,40011,267.97,149.3,,
1402,"Partille",2010,35084,57.19,613.5,303.6,285.1
1402,"Partille",2011,35518,56.83,625.0,315.5,296.2
1402,"Partille",2012,35837,56.83,630.6,325.7,306.5
1402,"Partille",2013,36147,56.83,636.1,332.3,314.0
1402,"Partille",2014,36528,56.80,643.1,342.8,322.4
1402,"Partille",2015,36977,56.80,651.0,353.4,332.3
1402,"Partille",2016,37316,56.80,657.0,366.1,343.7
1402,"Partille",2017,37880,56.80,666.9,377.6,356.7
1402,"Partille",2018,38443,56.82,676.6,389.0,367.1
1402,"Partille",2019,39289,56.82,691.5,397.4,376.7
1402,"Partille",2020,39512,56.82,695.4,400.8,382.7
1402,"Partille",2021,39529,56.82,695.7,422.2,399.3
1402,"Partille",2022,39852,56.82,701.4,444.1,416.3
1402,"Partille",2023,40730,56.82,716.8,464.2,436.7
1402,"Partille",2024,41060,57.11,719.0,484.9,454.3
1402,"Partille",2025,41164,57.11,720.8,,
1407,"Öckerö",2010,12449,25.91,480.5,300.2,288.2
1407,"Öckerö",2011,12487,25.74,485.1,312.1,297.8
1407,"Öckerö",2012,12539,25.74,487.1,322.7,307.4
1407,"Öckerö",2013,12574,25.74,488.5,328.9,315.0
1407,"Öckerö",2014,12645,25.75,491.1,337.0,323.9
1407,"Öckerö",2015,12682,25.75,492.6,351.9,334.0
1407,"Öckerö",2016,12773,25.75,496.1,364.0,346.4
1407,"Öckerö",2017,12923,25.75,501.9,373.4,356.9
1407,"Öckerö",2018,12945,25.75,502.7,390.1,368.6
1407,"Öckerö",2019,12916,25.75,501.6,397.3,381.5
1407,"Öckerö",2020,12934,25.75,502.3,402.8,389.5
1407,"Öckerö",2021,12902,25.75,501.0,421.9,402.0
1407,"Öckerö",2022,12800,25.75,497.1,440.5,420.0
1407,"Öckerö",2023,12819,25.75,497.8,464.3,442.4
1407,"Öckerö",2024,12771,25.89,493.3,482.3,459.1
1407,"Öckerö",2025,12863,25.89,496.8,,
1415,"Stenungsund",2010,24292,253.54,95.8,296.3,282.4
1415,"Stenungsund",2011,24601,251.91,97.7,307.3,292.1
1415,"Stenungsund",2012,24868,251.91,98.7,318.5,303.0
1415,"Stenungsund",2013,24932,251.91,99.0,328.5,313.2
1415,"Stenungsund",2014,25275,251.87,100.3,335.9,320.3
1415,"Stenungsund",2015,25508,251.87,101.3,350.4,334.0
1415,"Stenungsund",2016,25815,251.87,102.5,361.5,347.9
1415,"Stenungsund",2017,26224,251.87,104.1,370.7,356.7
1415,"Stenungsund",2018,26503,251.83,105.2,383.5,368.7
1415,"Stenungsund",2019,26777,251.83,106.3,393.0,379.8
1415,"Stenungsund",2020,27044,251.83,107.4,398.9,384.9
1415,"Stenungsund",2021,27556,251.83,109.4,417.8,402.8
1415,"Stenungsund",2022,27870,251.83,110.7,440.4,419.8
1415,"Stenungsund",2023,27862,251.83,110.6,456.3,436.4
1415,"Stenungsund",2024,27851,253.22,110.0,475.3,453.9
1415,"Stenungsund",2025,27854,253.22,110.0,,
1419,"Tjörn",2010,14955,168.23,88.9,291.6,275.4
1419,"Tjörn",2011,14959,167.36,89.4,299.9,283.0
1419,"Tjörn",2012,14974,167.36,89.4,310.5,293.2
1419,"Tjörn",2013,15050,167.36,89.9,317.2,300.5
1419,"Tjörn",2014,15135,167.36,90.4,328.6,310.4
1419,"Tjörn",2015,15315,167.36,91.5,342.3,322.8
1419,"Tjörn",2016,15584,167.36,93.1,354.1,334.7
1419,"Tjörn",2017,15790,167.36,94.3,364.9,343.9
1419,"Tjörn",2018,15922,167.35,95.1,373.8,354.9
1419,"Tjörn",2019,16016,167.35,95.7,385.1,365.2
1419,"Tjörn",2020,16147,167.35,96.5,390.8,375.3
1419,"Tjörn",2021,16312,167.35,97.5,411.3,390.7
1419,"Tjörn",2022,16275,167.35,97.3,432.1,406.7
1419,"Tjörn",2023,16146,167.32,96.5,451.3,423.1
1419,"Tjörn",2024,16092,168.21,95.7,466.8,442.2
1419,"Tjörn",2025,16003,168.21,95.1,,
1421,"Orust",2010,15221,389.01,39.1,265.1,259.8
1421,"Orust",2011,15129,386.52,39.1,275.3,269.8
1421,"Orust",2012,15083,386.52,39.0,286.3,280.0
1421,"Orust",2013,15036,386.52,38.9,291.9,285.4
1421,"Orust",2014,15054,386.49,39.0,298.8,291.5
1421,"Orust",2015,15010,386.49,38.8,308.2,301.3
1421,"Orust",2016,15093,386.49,39.1,319.8,314.5
1421,"Orust",2017,15108,386.49,39.1,327.0,324.2
1421,"Orust",2018,15110,386.50,39.1,339.1,337.7
1421,"Orust",2019,15218,386.50,39.4,347.6,341.9
1421,"Orust",2020,15315,386.50,39.6,351.3,350.7
1421,"Orust",2021,15345,386.50,39.7,367.8,361.9
1421,"Orust",2022,15415,386.50,39.9,384.2,376.4
1421,"Orust",2023,15333,386.49,39.7,400.3,391.1
1421,"Orust",2024,15352,388.55,39.5,414.9,406.4
1421,"Orust",2025,15363,388.55,39.5,,
1427,"Sotenäs",2010,9052,139.18,65.0,268.6,264.0
1427,"Sotenäs",2011,9007,138.21,65.2,276.5,273.5
1427,"Sotenäs",2012,9004,138.21,65.1,285.8,281.2
1427,"Sotenäs",2013,8928,138.21,64.6,297.6,289.1
1427,"Sotenäs",2014,8931,138.20,64.6,306.9,297.3
1427,"Sotenäs",2015,9006,138.20,65.2,319.6,309.8
1427,"Sotenäs",2016,9065,138.20,65.6,329.9,318.6
1427,"Sotenäs",2017,9073,138.20,65.7,337.1,328.0
1427,"Sotenäs",2018,9030,138.20,65.3,346.7,337.7
1427,"Sotenäs",2019,9061,138.20,65.6,358.8,347.0
1427,"Sotenäs",2020,9100,138.20,65.8,362.2,353.3
1427,"Sotenäs",2021,9125,138.20,66.0,374.7,365.2
1427,"Sotenäs",2022,9160,138.20,66.3,398.5,384.1
1427,"Sotenäs",2023,9052,138.19,65.5,420.8,397.4
1427,"Sotenäs",2024,9104,138.97,65.5,433.3,412.6
1427,"Sotenäs",2025,9036,138.97,65.0,,
1430,"Munkedal",2010,10181,638.43,15.9,238.4,242.2
1430,"Munkedal",2011,10223,634.01,16.1,244.1,249.8
1430,"Munkedal",2012,10173,634.01,16.0,262.5,265.6
1430,"Munkedal",2013,10205,634.01,16.1,270.1,269.7
1430,"Munkedal",2014,10243,634.02,16.2,277.7,278.7
1430,"Munkedal",2015,10205,634.02,16.1,291.6,292.1
1430,"Munkedal",2016,10361,634.02,16.3,302.0,304.1
1430,"Munkedal",2017,10423,634.02,16.4,305.3,311.3
1430,"Munkedal",2018,10503,633.99,16.6,313.7,317.8
1430,"Munkedal",2019,10513,633.99,16.6,323.3,327.3
1430,"Munkedal",2020,10582,633.99,16.7,321.9,329.5
1430,"Munkedal",2021,10588,633.99,16.7,334.8,342.6
1430,"Munkedal",2022,10578,633.99,16.7,355.0,356.0
1430,"Munkedal",2023,10502,633.93,16.6,368.1,368.3
1430,"Munkedal",2024,10354,637.34,16.2,383.2,384.2
1430,"Munkedal",2025,10272,637.34,16.1,,
1435,"Tanum",2010,12370,923.58,13.4,239.7,241.9
1435,"Tanum",2011,12320,917.24,13.4,247.4,249.3
1435,"Tanum",2012,12270,917.24,13.3,263.4,261.6
1435,"Tanum",2013,12303,917.24,13.4,269.3,268.7
1435,"Tanum",2014,12346,917.21,13.5,277.1,275.0
1435,"Tanum",2015,12455,917.21,13.6,299.8,293.6
1435,"Tanum",2016,12606,917.21,13.7,307.5,303.3
1435,"Tanum",2017,12763,917.21,13.9,312.7,308.0
1435,"Tanum",2018,12873,917.18,14.0,321.0,316.7
1435,"Tanum",2019,12841,917.18,14.0,335.1,330.4
1435,"Tanum",2020,12912,917.18,14.1,336.9,334.3
1435,"Tanum",2021,12965,917.18,14.1,349.5,342.5
1435,"Tanum",2022,13013,917.18,14.2,374.1,361.6
1435,"Tanum",2023,12865,917.16,14.0,386.7,376.0
1435,"Tanum",2024,12773,922.16,13.9,403.3,389.3
1435,"Tanum",2025,12677,922.15,13.7,,
1438,"Dals-Ed",2010,4692,729.72,6.4,220.2,225.1
1438,"Dals-Ed",2011,4679,724.34,6.5,225.0,228.2
1438,"Dals-Ed",2012,4665,724.34,6.4,246.1,246.7
1438,"Dals-Ed",2013,4740,724.34,6.5,253.8,251.5
1438,"Dals-Ed",2014,4764,724.31,6.6,260.8,258.5
1438,"Dals-Ed",2015,4799,724.31,6.6,287.3,275.0
1438,"Dals-Ed",2016,4777,724.31,6.6,294.2,287.9
1438,"Dals-Ed",2017,4763,724.31,6.6,303.7,295.3
1438,"Dals-Ed",2018,4806,724.32,6.6,315.7,305.6
1438,"Dals-Ed",2019,4813,724.33,6.6,324.2,314.7
1438,"Dals-Ed",2020,4761,724.33,6.6,325.4,321.0
1438,"Dals-Ed",2021,4756,724.33,6.6,337.8,334.4
1438,"Dals-Ed",2022,4650,724.33,6.4,356.6,348.9
1438,"Dals-Ed",2023,4606,724.07,6.4,367.8,362.7
1438,"Dals-Ed",2024,4606,727.96,6.3,383.9,375.5
1438,"Dals-Ed",2025,4571,727.92,6.3,,
1439,"Färgelanda",2010,6654,593.07,11.2,236.9,242.5
1439,"Färgelanda",2011,6606,588.98,11.2,243.9,249.2
1439,"Färgelanda",2012,6549,588.98,11.1,251.7,255.7
1439,"Färgelanda",2013,6520,588.98,11.1,259.7,263.4
1439,"Färgelanda",2014,6502,588.98,11.0,263.6,271.5
1439,"Färgelanda",2015,6495,588.98,11.0,275.2,281.9
1439,"Färgelanda",2016,6627,588.98,11.3,282.6,293.8
1439,"Färgelanda",2017,6592,588.98,11.2,293.2,306.1
1439,"Färgelanda",2018,6602,588.96,11.2,301.3,313.9
1439,"Färgelanda",2019,6637,588.95,11.3,306.1,321.7
1439,"Färgelanda",2020,6658,588.95,11.3,307.6,325.4
1439,"Färgelanda",2021,6576,588.95,11.2,319.4,335.5
1439,"Färgelanda",2022,6512,588.95,11.1,338.1,353.6
1439,"Färgelanda",2023,6434,588.93,10.9,349.2,361.1
1439,"Färgelanda",2024,6376,592.03,10.8,364.6,376.1
1439,"Färgelanda",2025,6288,592.02,10.6,,
1440,"Ale",2010,27442,318.27,86.2,273.8,273.9
1440,"Ale",2011,27577,316.51,87.1,281.8,283.0
1440,"Ale",2012,27842,316.51,87.9,291.5,292.3
1440,"Ale",2013,28074,317.10,88.5,297.0,299.9
1440,"Ale",2014,28423,317.01,89.7,304.8,307.0
1440,"Ale",2015,28862,317.01,91.0,318.2,317.5
1440,"Ale",2016,29549,317.01,93.2,330.5,331.0
1440,"Ale",2017,30223,317.01,95.3,340.5,341.4
1440,"Ale",2018,30926,317.00,97.6,351.7,352.0
1440,"Ale",2019,31402,317.00,99.1,363.5,363.0
1440,"Ale",2020,31868,317.00,100.5,366.2,368.3
1440,"Ale",2021,32148,317.00,101.4,383.2,381.5
1440,"Ale",2022,32394,317.00,102.2,402.3,397.6
1440,"Ale",2023,32446,316.99,102.4,419.9,415.0
1440,"Ale",2024,32576,318.55,102.3,436.5,432.0
1440,"Ale",2025,32620,318.54,102.4,,
1441,"Lerum",2010,38580,260.29,148.2,307.1,290.0
1441,"Lerum",2011,38788,258.61,150.0,318.9,300.7
1441,"Lerum",2012,39070,258.61,151.0,330.2,311.7
1441,"Lerum",2013,39319,258.61,152.0,337.4,320.7
1441,"Lerum",2014,39771,258.55,153.8,346.3,327.2
1441,"Lerum",2015,40181,258.55,155.4,359.1,338.0
1441,"Lerum",2016,40692,258.55,157.4,371.8,350.9
1441,"Lerum",2017,41510,258.55,160.6,382.7,361.8
1441,"Lerum",2018,42137,258.55,163.0,397.0,374.9
1441,"Lerum",2019,42568,258.55,164.6,407.0,385.9
1441,"Lerum",2020,43020,258.55,166.4,413.5,392.4
1441,"Lerum",2021,43399,258.54,167.9,434.8,411.1
1441,"Lerum",2022,43536,258.54,168.4,458.0,427.1
1441,"Lerum",2023,43706,258.51,169.1,479.0,447.5
1441,"Lerum",2024,43570,259.84,167.7,503.3,467.7
1441,"Lerum",2025,43752,259.84,168.4,,
1442,"Vårgårda",2010,10943,428.74,25.5,251.7,259.8
1442,"Vårgårda",2011,10994,426.60,25.8,259.8,265.7
1442,"Vårgårda",2012,11030,426.60,25.8,267.6,277.3
1442,"Vårgårda",2013,11065,426.60,25.9,273.3,281.3
1442,"Vårgårda",2014,11089,426.58,26.0,281.4,289.1
1442,"Vårgårda",2015,11165,426.58,26.2,292.0,297.2
1442,"Vårgårda",2016,11295,426.58,26.5,301.7,309.8
1442,"Vårgårda",2017,11490,426.58,26.9,311.6,319.4
1442,"Vårgårda",2018,11658,426.60,27.3,321.2,328.0
1442,"Vårgårda",2019,11810,426.60,27.7,327.6,336.4
1442,"Vårgårda",2020,11946,426.60,28.0,335.4,342.8
1442,"Vårgårda",2021,12180,426.60,28.6,350.3,355.7
1442,"Vårgårda",2022,12268,426.60,28.8,367.6,371.4
1442,"Vårgårda",2023,12384,426.57,29.0,385.0,387.8
1442,"Vårgårda",2024,12474,428.58,29.1,400.7,402.3
1442,"Vårgårda",2025,12472,428.57,29.1,,
1443,"Bollebygd",2010,8375,264.92,31.6,284.1,273.0
1443,"Bollebygd",2011,8356,263.19,31.7,295.7,283.6
1443,"Bollebygd",2012,8507,263.19,32.3,302.9,293.1
1443,"Bollebygd",2013,8562,263.19,32.5,307.4,300.0
1443,"Bollebygd",2014,8652,263.16,32.9,315.7,305.8
1443,"Bollebygd",2015,8799,263.16,33.4,330.2,317.8
1443,"Bollebygd",2016,9102,263.16,34.6,336.0,328.2
1443,"Bollebygd",2017,9262,263.16,35.2,347.9,338.8
1443,"Bollebygd",2018,9427,263.30,35.8,362.2,352.7
1443,"Bollebygd",2019,9495,263.31,36.1,370.1,360.7
1443,"Bollebygd",2020,9544,263.31,36.2,376.6,367.6
1443,"Bollebygd",2021,9634,263.31,36.6,394.8,381.3
1443,"Bollebygd",2022,9703,263.31,36.9,412.5,396.2
1443,"Bollebygd",2023,9733,263.31,37.0,427.6,412.0
1443,"Bollebygd",2024,9802,264.58,37.0,444.4,430.1
1443,"Bollebygd",2025,9784,264.58,37.0,,
1444,"Grästorp",2010,5776,265.69,21.7,248.4,249.2
1444,"Grästorp",2011,5674,264.68,21.4,257.2,257.8
1444,"Grästorp",2012,5639,264.68,21.3,269.6,268.5
1444,"Grästorp",2013,5641,264.68,21.3,271.3,269.9
1444,"Grästorp",2014,5630,264.64,21.3,283.1,280.6
1444,"Grästorp",2015,5644,264.64,21.3,290.6,291.2
1444,"Grästorp",2016,5721,264.64,21.6,304.4,304.7
1444,"Grästorp",2017,5750,264.64,21.7,312.6,313.9
1444,"Grästorp",2018,5731,264.63,21.7,325.9,324.1
1444,"Grästorp",2019,5693,264.63,21.5,331.6,334.3
1444,"Grästorp",2020,5685,264.65,21.5,337.6,340.8
1444,"Grästorp",2021,5730,264.65,21.7,348.5,349.5
1444,"Grästorp",2022,5646,264.65,21.3,368.0,363.5
1444,"Grästorp",2023,5563,264.43,21.0,380.7,377.0
1444,"Grästorp",2024,5555,265.73,20.9,393.7,388.7
1444,"Grästorp",2025,5602,265.72,21.1,,
1445,"Essunga",2010,5564,235.80,23.6,241.5,247.0
1445,"Essunga",2011,5493,234.61,23.4,251.8,256.6
1445,"Essunga",2012,5502,234.63,23.4,259.9,265.5
1445,"Essunga",2013,5494,234.63,23.4,265.9,271.8
1445,"Essunga",2014,5538,234.58,23.6,272.3,277.2
1445,"Essunga",2015,5590,234.58,23.8,283.7,287.2
1445,"Essunga",2016,5620,234.58,24.0,293.3,297.5
1445,"Essunga",2017,5647,234.58,24.1,301.7,305.8
1445,"Essunga",2018,5671,234.56,24.2,308.1,311.6
1445,"Essunga",2019,5654,234.55,24.1,313.7,320.0
1445,"Essunga",2020,5687,234.54,24.2,319.2,327.4
1445,"Essunga",2021,5698,234.54,24.3,333.4,340.1
1445,"Essunga",2022,5717,234.54,24.4,348.0,352.3
1445,"Essunga",2023,5656,234.53,24.1,357.7,361.0
1445,"Essunga",2024,5560,235.67,23.6,374.2,377.7
1445,"Essunga",2025,5559,235.66,23.6,,
1446,"Karlsborg",2010,6752,407.99,16.5,261.3,265.6
1446,"Karlsborg",2011,6722,405.87,16.6,268.8,271.5
1446,"Karlsborg",2012,6699,405.87,16.5,281.2,280.4
1446,"Karlsborg",2013,6757,405.87,16.7,287.4,286.9
1446,"Karlsborg",2014,6786,405.82,16.7,290.3,291.5
1446,"Karlsborg",2015,6764,405.82,16.7,301.5,300.8
1446,"Karlsborg",2016,6913,405.82,17.0,309.3,308.3
1446,"Karlsborg",2017,6954,405.82,17.1,316.8,322.1
1446,"Karlsborg",2018,6941,405.95,17.1,326.8,328.4
1446,"Karlsborg",2019,6940,405.95,17.1,337.1,337.4
1446,"Karlsborg",2020,6962,405.95,17.1,342.6,345.5
1446,"Karlsborg",2021,6965,405.95,17.2,360.7,360.5
1446,"Karlsborg",2022,7057,405.95,17.4,371.0,370.6
1446,"Karlsborg",2023,7061,405.88,17.4,395.9,391.4
1446,"Karlsborg",2024,7023,407.73,17.2,416.9,410.4
1446,"Karlsborg",2025,7047,407.73,17.3,,
1447,"Gullspång",2010,5291,315.52,16.8,229.7,240.0
1447,"Gullspång",2011,5251,312.89,16.8,235.2,245.8
1447,"Gullspång",2012,5221,312.89,16.6,244.2,254.9
1447,"Gullspång",2013,5185,312.89,16.6,249.7,261.3
1447,"Gullspång",2014,5240,315.44,16.6,255.5,264.3
1447,"Gullspång",2015,5229,315.44,16.6,265.2,277.3
1447,"Gullspång",2016,5307,315.44,16.8,273.5,285.3
1447,"Gullspång",2017,5280,315.44,16.7,278.4,290.0
1447,"Gullspång",2018,5293,315.45,16.8,288.5,300.0
1447,"Gullspång",2019,5280,315.44,16.7,295.0,306.3
1447,"Gullspång",2020,5169,315.44,16.4,301.3,313.2
1447,"Gullspång",2021,5206,315.44,16.5,314.7,321.8
1447,"Gullspång",2022,5194,315.44,16.5,328.0,337.4
1447,"Gullspång",2023,5119,316.04,16.2,344.2,347.7
1447,"Gullspång",2024,5031,317.49,15.8,358.1,364.5
1447,"Gullspång",2025,4949,317.49,15.6,,
1452,"Tranemo",2010,11587,744.35,15.6,258.8,266.9
1452,"Tranemo",2011,11606,741.27,15.7,267.1,274.2
1452,"Tranemo",2012,11573,741.27,15.6,277.9,285.2
1452,"Tranemo",2013,11531,741.27,15.6,279.8,289.3
1452,"Tranemo",2014,11640,741.20,15.7,286.7,296.0
1452,"Tranemo",2015,11619,741.20,15.7,295.5,303.8
1452,"Tranemo",2016,11776,741.20,15.9,304.7,316.3
1452,"Tranemo",2017,11841,741.20,16.0,314.9,325.0
1452,"Tranemo",2018,11874,741.18,16.0,324.3,334.1
1452,"Tranemo",2019,11936,741.18,16.1,330.3,340.8
1452,"Tranemo",2020,11885,741.18,16.0,335.2,343.9
1452,"Tranemo",2021,11937,741.18,16.1,352.7,359.0
1452,"Tranemo",2022,11940,741.18,16.1,369.1,372.2
1452,"Tranemo",2023,11883,741.07,16.0,379.3,381.9
1452,"Tranemo",2024,11839,744.35,15.9,392.4,395.2
1452,"Tranemo",2025,11873,744.35,16.0,,
1460,"Bengtsfors",2010,9791,889.16,11.0,222.9,233.3
1460,"Bengtsfors",2011,9680,882.93,11.0,232.1,243.0
1460,"Bengtsfors",2012,9588,882.93,10.8,252.8,261.0
1460,"Bengtsfors",2013,9550,882.93,10.8,259.2,267.9
1460,"Bengtsfors",2014,9556,882.98,10.8,263.8,274.7
1460,"Bengtsfors",2015,9626,882.98,10.9,274.7,285.2
1460,"Bengtsfors",2016,9940,882.98,11.3,280.5,292.3
1460,"Bengtsfors",2017,9905,882.98,11.2,287.0,296.2
1460,"Bengtsfors",2018,9846,883.00,11.2,295.6,301.9
1460,"Bengtsfors",2019,9750,883.00,11.0,303.2,312.9
1460,"Bengtsfors",2020,9591,883.00,10.9,303.2,317.3
1460,"Bengtsfors",2021,9409,882.99,10.7,316.7,330.5
1460,"Bengtsfors",2022,9255,882.99,10.5,337.9,345.4
1460,"Bengtsfors",2023,9138,882.96,10.3,352.2,358.9
1460,"Bengtsfors",2024,9076,887.58,10.2,365.9,374.5
1460,"Bengtsfors",2025,8955,887.57,10.1,,
1461,"Mellerud",2010,9179,514.98,17.8,220.9,227.4
1461,"Mellerud",2011,9068,516.80,17.5,228.2,234.0
1461,"Mellerud",2012,8946,516.80,17.3,245.0,249.4
1461,"Mellerud",2013,8892,516.80,17.2,248.1,251.8
1461,"Mellerud",2014,8936,513.74,17.4,253.0,256.1
1461,"Mellerud",2015,9169,513.74,17.8,264.7,268.2
1461,"Mellerud",2016,9323,513.74,18.1,269.5,276.6
1461,"Mellerud",2017,9377,513.74,18.3,275.8,283.1
1461,"Mellerud",2018,9354,513.72,18.2,288.9,295.5
1461,"Mellerud",2019,9310,513.72,18.1,299.1,306.2
1461,"Mellerud",2020,9312,513.72,18.1,306.4,314.3
1461,"Mellerud",2021,9268,513.73,18.0,315.5,323.6
1461,"Mellerud",2022,9263,513.73,18.0,329.0,334.7
1461,"Mellerud",2023,9165,513.62,17.8,339.9,344.3
1461,"Mellerud",2024,9052,516.25,17.5,353.2,360.6
1461,"Mellerud",2025,9038,516.25,17.5,,
1462,"Lilla Edet",2010,12578,317.93,39.6,253.4,256.1
1462,"Lilla Edet",2011,12540,316.23,39.7,262.8,266.1
1462,"Lilla Edet",2012,12580,316.23,39.7,272.0,274.9
1462,"Lilla Edet",2013,12829,315.64,40.6,275.2,279.8
1462,"Lilla Edet",2014,13031,315.64,41.3,279.1,283.8
1462,"Lilla Edet",2015,13178,315.64,41.7,291.2,295.0
1462,"Lilla Edet",2016,13728,315.64,43.5,302.2,305.9
1462,"Lilla Edet",2017,13961,315.64,44.2,313.4,318.9
1462,"Lilla Edet",2018,14046,315.64,44.5,321.6,329.6
1462,"Lilla Edet",2019,14109,315.64,44.7,330.5,337.0
1462,"Lilla Edet",2020,14282,315.60,45.3,335.5,341.3
1462,"Lilla Edet",2021,14509,315.61,46.0,349.1,354.2
1462,"Lilla Edet",2022,14428,315.61,45.7,365.8,369.3
1462,"Lilla Edet",2023,14426,315.59,45.7,381.1,384.3
1462,"Lilla Edet",2024,14442,317.13,45.5,394.6,399.1
1462,"Lilla Edet",2025,14398,317.12,45.4,,
1463,"Mark",2010,33845,933.71,36.2,254.3,254.4
1463,"Mark",2011,33791,929.25,36.4,263.3,262.7
1463,"Mark",2012,33763,929.25,36.3,272.2,270.7
1463,"Mark",2013,33753,929.25,36.3,278.1,277.4
1463,"Mark",2014,33887,929.20,36.5,284.7,284.9
1463,"Mark",2015,33906,929.20,36.5,293.8,293.0
1463,"Mark",2016,34218,929.20,36.8,305.3,305.1
1463,"Mark",2017,34484,929.20,37.1,313.0,313.4
1463,"Mark",2018,34781,929.20,37.4,323.1,322.5
1463,"Mark",2019,34754,929.20,37.4,331.3,331.0
1463,"Mark",2020,34896,929.20,37.6,336.2,335.1
1463,"Mark",2021,35201,929.20,37.9,351.0,349.9
1463,"Mark",2022,35329,929.20,38.0,367.7,362.3
1463,"Mark",2023,35287,929.28,38.0,381.6,375.3
1463,"Mark",2024,35155,933.65,37.7,394.6,388.5
1463,"Mark",2025,35134,933.65,37.6,,
1465,"Svenljunga",2010,10288,925.54,11.1,243.1,247.0
1465,"Svenljunga",2011,10282,919.76,11.2,249.9,253.8
1465,"Svenljunga",2012,10239,919.76,11.1,259.7,265.0
1465,"Svenljunga",2013,10299,919.76,11.2,262.4,269.1
1465,"Svenljunga",2014,10365,919.68,11.3,269.7,275.7
1465,"Svenljunga",2015,10506,919.68,11.4,277.5,284.2
1465,"Svenljunga",2016,10679,919.68,11.6,291.2,296.1
1465,"Svenljunga",2017,10659,919.68,11.6,295.5,302.0
1465,"Svenljunga",2018,10683,919.65,11.6,307.1,310.7
1465,"Svenljunga",2019,10780,919.65,11.7,312.8,319.6
1465,"Svenljunga",2020,10751,919.65,11.7,317.8,326.1
1465,"Svenljunga",2021,10864,919.65,11.8,329.7,338.0
1465,"Svenljunga",2022,10816,919.65,11.8,342.0,347.5
1465,"Svenljunga",2023,10759,919.61,11.7,356.0,357.7
1465,"Svenljunga",2024,10747,923.83,11.6,367.5,368.2
1465,"Svenljunga",2025,10616,923.82,11.5,,
1466,"Herrljunga",2010,9314,500.44,18.6,249.6,256.9
1466,"Herrljunga",2011,9284,497.55,18.7,259.5,263.1
1466,"Herrljunga",2012,9282,497.55,18.6,267.0,272.5
1466,"Herrljunga",2013,9274,497.55,18.6,272.2,277.7
1466,"Herrljunga",2014,9376,497.48,18.8,277.9,284.3
1466,"Herrljunga",2015,9349,497.48,18.8,287.7,293.2
1466,"Herrljunga",2016,9486,497.48,19.1,295.3,304.5
1466,"Herrljunga",2017,9485,497.48,19.1,305.4,313.1
1466,"Herrljunga",2018,9494,497.45,19.1,315.4,323.6
1466,"Herrljunga",2019,9464,497.45,19.0,322.4,329.9
1466,"Herrljunga",2020,9444,497.45,19.0,326.0,334.2
1466,"Herrljunga",2021,9501,497.45,19.1,339.9,343.8
1466,"Herrljunga",2022,9517,497.45,19.1,358.2,359.4
1466,"Herrljunga",2023,9441,497.38,19.0,371.2,372.2
1466,"Herrljunga",2024,9497,499.68,19.0,386.4,387.6
1466,"Herrljunga",2025,9509,499.68,19.0,,
1470,"Vara",2010,15762,700.16,22.5,244.2,251.0
1470,"Vara",2011,15694,696.93,22.5,253.0,262.2
1470,"Vara",2012,15557,696.91,22.3,262.4,272.7
1470,"Vara",2013,15609,696.91,22.4,266.4,274.6
1470,"Vara",2014,15597,696.93,22.4,269.8,281.1
1470,"Vara",2015,15662,696.93,22.5,280.8,288.7
1470,"Vara",2016,15788,696.93,22.7,289.6,298.3
1470,"Vara",2017,15942,696.93,22.9,297.6,307.1
1470,"Vara",2018,15952,696.86,22.9,305.8,316.7
1470,"Vara",2019,16024,696.86,23.0,314.3,325.8
1470,"Vara",2020,16096,696.86,23.1,316.6,329.2
1470,"Vara",2021,16162,696.86,23.2,330.9,341.5
1470,"Vara",2022,16163,696.86,23.2,345.3,352.1
1470,"Vara",2023,16066,696.80,23.1,359.0,365.3
1470,"Vara",2024,16088,700.09,23.0,369.9,375.6
1470,"Vara",2025,16011,700.06,22.9,,
1471,"Götene",2010,13223,406.82,32.5,257.8,262.9
1471,"Götene",2011,13134,404.54,32.5,265.1,269.8
1471,"Götene",2012,13092,404.57,32.3,270.6,278.6
1471,"Götene",2013,13028,404.57,32.2,275.3,283.8
1471,"Götene",2014,13080,404.51,32.3,280.3,291.3
1471,"Götene",2015,13160,404.51,32.5,291.6,300.0
1471,"Götene",2016,13275,404.51,32.8,302.0,309.7
1471,"Götene",2017,13242,404.51,32.7,312.1,320.3
1471,"Götene",2018,13232,404.55,32.7,321.7,329.6
1471,"Götene",2019,13207,404.55,32.6,331.6,338.4
1471,"Götene",2020,13194,404.55,32.6,336.2,344.5
1471,"Götene",2021,13263,404.55,32.8,350.8,357.4
1471,"Götene",2022,13275,404.55,32.8,366.2,368.8
1471,"Götene",2023,13218,404.79,32.7,382.6,382.6
1471,"Götene",2024,13286,406.66,32.7,396.6,398.8
1471,"Götene",2025,13223,406.66,32.5,,
1472,"Tibro",2010,10560,220.89,47.8,245.9,252.4
1472,"Tibro",2011,10625,220.65,48.2,254.1,260.7
1472,"Tibro",2012,10673,221.47,48.1,260.5,269.0
1472,"Tibro",2013,10754,221.47,48.6,264.0,273.4
1472,"Tibro",2014,10864,219.80,49.4,267.5,276.0
1472,"Tibro",2015,10980,219.80,50.0,276.2,288.4
1472,"Tibro",2016,11070,219.80,50.4,284.3,299.9
1472,"Tibro",2017,11110,219.80,50.5,295.0,308.5
1472,"Tibro",2018,11168,219.80,50.8,305.1,317.9
1472,"Tibro",2019,11240,219.80,51.1,310.3,324.6
1472,"Tibro",2020,11297,219.80,51.4,311.8,327.1
1472,"Tibro",2021,11281,219.80,51.3,327.6,340.4
1472,"Tibro",2022,11399,219.80,51.9,342.0,351.8
1472,"Tibro",2023,11332,219.80,51.6,359.8,367.9
1472,"Tibro",2024,11338,220.79,51.4,378.1,385.0
1472,"Tibro",2025,11326,220.79,51.3,,
1473,"Töreboda",2010,9113,542.93,16.8,228.7,237.8
1473,"Töreboda",2011,9063,539.85,16.8,238.3,244.3
1473,"Töreboda",2012,9009,539.03,16.7,247.0,254.2
1473,"Töreboda",2013,8992,539.03,16.7,253.2,259.9
1473,"Töreboda",2014,9072,540.69,16.8,257.8,266.3
1473,"Töreboda",2015,9293,540.69,17.2,263.5,272.8
1473,"Töreboda",2016,9435,540.69,17.4,272.6,283.3
1473,"Töreboda",2017,9414,540.69,17.4,280.8,291.6
1473,"Töreboda",2018,9312,540.69,17.2,290.6,301.7
1473,"Töreboda",2019,9293,540.69,17.2,298.8,307.5
1473,"Töreboda",2020,9281,540.69,17.2,301.9,308.0
1473,"Töreboda",2021,9207,540.69,17.0,316.0,324.3
1473,"Töreboda",2022,9186,540.69,17.0,330.1,336.8
1473,"Töreboda",2023,9141,540.69,16.9,344.5,351.8
1473,"Töreboda",2024,9043,543.19,16.6,359.8,367.2
1473,"Töreboda",2025,9093,543.18,16.7,,
1480,"Göteborg",2010,513751,450.71,1139.9,261.3,250.8
1480,"Göteborg",2011,520374,447.76,1162.2,269.4,259.3
1480,"Göteborg",2012,526089,447.76,1174.9,277.9,268.4
1480,"Göteborg",2013,533271,447.76,1191.0,283.3,274.1
1480,"Göteborg",2014,541145,447.88,1208.2,290.9,280.5
1480,"Göteborg",2015,548190,447.88,1224.0,302.7,292.7
1480,"Göteborg",2016,556640,447.88,1242.8,314.8,305.5
1480,"Göteborg",2017,564039,447.88,1259.3,325.0,316.9
1480,"Göteborg",2018,571868,447.84,1276.9,337.4,327.4
1480,"Göteborg",2019,579281,447.84,1293.5,345.6,336.7
1480,"Göteborg",2020,583056,447.84,1301.9,348.0,339.6
1480,"Göteborg",2021,587549,447.84,1312.0,365.2,351.8
1480,"Göteborg",2022,596841,447.84,1332.7,385.1,369.1
1480,"Göteborg",2023,604616,447.84,1350.1,401.6,385.6
1480,"Göteborg",2024,608993,450.22,1352.7,417.2,398.2
1480,"Göteborg",2025,613278,450.22,1362.2,,
1481,"Mölndal",2010,60973,146.81,415.3,301.5,286.7
1481,"Mölndal",2011,61337,145.84,420.6,312.3,295.3
1481,"Mölndal",2012,61659,145.84,422.7,323.3,306.1
1481,"Mölndal",2013,61978,145.84,425.0,329.2,313.8
1481,"Mölndal",2014,62927,145.84,431.5,337.3,321.6
1481,"Mölndal",2015,63340,145.84,434.3,350.0,333.0
1481,"Mölndal",2016,64465,145.84,442.0,360.9,345.4
1481,"Mölndal",2017,66121,145.84,453.4,370.3,355.8
1481,"Mölndal",2018,68152,145.88,467.2,382.8,367.6
1481,"Mölndal",2019,69364,145.88,475.5,393.5,380.0
1481,"Mölndal",2020,69901,145.88,479.2,399.3,386.5
1481,"Mölndal",2021,69943,145.88,479.5,418.8,402.0
1481,"Mölndal",2022,70109,145.88,480.6,442.0,420.4
1481,"Mölndal",2023,70534,145.88,483.5,462.2,439.0
1481,"Mölndal",2024,71420,146.62,487.1,479.7,457.4
1481,"Mölndal",2025,72128,146.62,491.9,,
1482,"Kungälv",2010,41241,364.73,113.1,294.4,283.1
1482,"Kungälv",2011,41538,362.59,114.6,304.8,292.4
1482,"Kungälv",2012,41753,362.59,115.1,314.9,302.7
1482,"Kungälv",2013,42109,362.59,116.1,322.2,311.3
1482,"Kungälv",2014,42334,362.45,116.8,332.6,319.5
1482,"Kungälv",2015,42730,362.45,117.9,342.2,330.4
1482,"Kungälv",2016,43289,362.45,119.4,356.5,344.4
1482,"Kungälv",2017,44110,362.45,121.7,368.6,356.4
1482,"Kungälv",2018,45086,362.49,124.4,378.3,367.2
1482,"Kungälv",2019,46336,362.49,127.8,386.7,375.9
1482,"Kungälv",2020,47050,362.49,129.8,391.5,382.3
1482,"Kungälv",2021,48271,362.49,133.2,410.3,398.1
1482,"Kungälv",2022,49068,362.49,135.4,429.2,415.1
1482,"Kungälv",2023,49785,362.50,137.3,448.8,431.5
1482,"Kungälv",2024,50313,364.38,138.1,469.8,449.8
1482,"Kungälv",2025,50496,364.38,138.6,,
1484,"Lysekil",2010,14521,209.93,69.2,261.4,255.3
1484,"Lysekil",2011,14398,208.45,69.1,268.6,263.5
1484,"Lysekil",2012,14396,208.45,69.0,279.9,276.1
1484,"Lysekil",2013,14369,208.45,68.9,287.4,282.9
1484,"Lysekil",2014,14299,208.45,68.6,293.5,290.5
1484,"Lysekil",2015,14464,208.45,69.4,303.0,300.2
1484,"Lysekil",2016,14570,208.45,69.9,312.9,310.6
1484,"Lysekil",2017,14621,208.45,70.1,320.4,318.8
1484,"Lysekil",2018,14611,208.44,70.1,330.9,327.1
1484,"Lysekil",2019,14555,208.44,69.8,339.2,336.4
1484,"Lysekil",2020,14366,208.44,68.9,341.7,343.0
1484,"Lysekil",2021,14266,208.44,68.4,360.4,359.1
1484,"Lysekil",2022,14170,208.44,68.0,377.5,371.0
1484,"Lysekil",2023,13969,208.44,67.0,399.1,388.4
1484,"Lysekil",2024,13907,209.59,66.4,415.5,406.9
1484,"Lysekil",2025,13796,209.59,65.8,,
1485,"Uddevalla",2010,51868,641.93,80.8,256.5,256.5
1485,"Uddevalla",2011,52156,637.69,81.8,263.5,264.0
1485,"Uddevalla",2012,52530,637.69,82.3,276.3,273.9
1485,"Uddevalla",2013,53025,637.69,83.2,280.9,277.7
1485,"Uddevalla",2014,53517,637.66,83.9,287.1,285.2
1485,"Uddevalla",2015,54180,637.66,85.0,299.0,297.0
1485,"Uddevalla",2016,55164,637.66,86.5,309.8,308.4
1485,"Uddevalla",2017,55763,637.66,87.4,319.4,317.6
1485,"Uddevalla",2018,56259,637.64,88.2,327.2,325.8
1485,"Uddevalla",2019,56703,637.64,88.9,334.3,333.3
1485,"Uddevalla",2020,56787,637.64,89.1,338.7,339.5
1485,"Uddevalla",2021,57122,637.63,89.6,351.4,350.3
1485,"Uddevalla",2022,57282,637.63,89.8,370.7,367.1
1485,"Uddevalla",2023,57045,637.60,89.5,384.4,379.9
1485,"Uddevalla",2024,57010,640.98,88.9,398.7,392.4
1485,"Uddevalla",2025,56744,640.96,88.5,,
1486,"Strömstad",2010,11808,471.54,25.0,244.8,251.4
1486,"Strömstad",2011,12010,467.48,25.7,247.4,256.0
1486,"Strömstad",2012,12295,467.48,26.3,277.6,273.5
1486,"Strömstad",2013,12480,467.48,26.7,281.4,279.9
1486,"Strömstad",2014,12694,467.47,27.2,283.6,281.7
1486,"Strömstad",2015,12854,467.47,27.5,336.5,310.8
1486,"Strömstad",2016,13079,467.47,28.0,338.6,316.7
1486,"Strömstad",2017,13218,467.47,28.3,348.4,324.7
1486,"Strömstad",2018,13253,467.44,28.4,361.9,333.7
1486,"Strömstad",2019,13218,467.50,28.3,379.2,345.3
1486,"Strömstad",2020,13244,467.50,28.3,360.2,339.0
1486,"Strömstad",2021,13277,467.50,28.4,369.3,346.5
1486,"Strömstad",2022,13290,467.50,28.4,413.5,372.5
1486,"Strömstad",2023,13476,467.46,28.8,426.2,385.2
1486,"Strömstad",2024,13482,470.12,28.7,446.8,398.5
1486,"Strömstad",2025,13557,470.11,28.8,,
1487,"Vänersborg",2010,36857,647.48,56.9,259.3,260.8
1487,"Vänersborg",2011,36962,642.70,57.5,263.7,266.0
1487,"Vänersborg",2012,36968,642.70,57.5,274.0,275.7
1487,"Vänersborg",2013,37369,642.70,58.1,277.0,278.3
1487,"Vänersborg",2014,37890,642.60,59.0,283.2,285.3
1487,"Vänersborg",2015,38381,642.60,59.7,293.6,293.7
1487,"Vänersborg",2016,38955,642.60,60.6,303.4,304.0
1487,"Vänersborg",2017,39151,642.60,60.9,310.7,312.9
1487,"Vänersborg",2018,39411,643.94,61.2,322.0,324.2
1487,"Vänersborg",2019,39591,643.94,61.5,326.9,331.1
1487,"Vänersborg",2020,39624,643.94,61.5,332.0,337.4
1487,"Vänersborg",2021,39636,643.94,61.6,343.9,348.2
1487,"Vänersborg",2022,39904,643.95,62.0,362.2,361.9
1487,"Vänersborg",2023,40012,643.49,62.2,377.3,376.1
1487,"Vänersborg",2024,40041,646.73,61.9,391.5,390.1
1487,"Vänersborg",2025,40078,646.72,62.0,,
1488,"Trollhättan",2010,55248,412.14,134.1,255.1,254.7
1488,"Trollhättan",2011,55499,409.88,135.4,259.0,261.1
1488,"Trollhättan",2012,55749,409.88,136.0,270.1,269.3
1488,"Trollhättan",2013,56573,409.88,138.0,271.2,267.8
1488,"Trollhättan",2014,56929,409.86,138.9,278.4,275.8
1488,"Trollhättan",2015,57092,409.86,139.3,292.0,288.1
1488,"Trollhättan",2016,57753,409.86,140.9,303.8,300.9
1488,"Trollhättan",2017,58238,409.86,142.1,313.8,310.5
1488,"Trollhättan",2018,58728,409.63,143.4,323.0,320.9
1488,"Trollhättan",2019,59058,409.63,144.2,330.1,329.7
1488,"Trollhättan",2020,59249,409.63,144.6,331.8,333.4
1488,"Trollhättan",2021,59154,409.63,144.4,344.7,344.8
1488,"Trollhättan",2022,59274,409.63,144.7,363.5,360.1
1488,"Trollhättan",2023,59073,409.60,144.2,379.6,374.7
1488,"Trollhättan",2024,59003,411.68,143.3,394.7,390.2
1488,"Trollhättan",2025,59265,411.66,144.0,,
1489,"Alingsås",2010,37796,474.90,79.6,269.8,261.5
1489,"Alingsås",2011,38053,472.03,80.6,277.6,270.7
1489,"Alingsås",2012,38355,472.03,81.2,287.8,281.5
1489,"Alingsås",2013,38619,472.03,81.8,294.8,288.7
1489,"Alingsås",2014,39188,472.00,83.0,303.2,296.2
1489,"Alingsås",2015,39602,472.00,83.9,315.3,304.7
1489,"Alingsås",2016,40045,472.00,84.8,325.0,315.0
1489,"Alingsås",2017,40390,472.00,85.6,335.0,326.9
1489,"Alingsås",2018,41070,472.03,87.0,345.6,336.7
1489,"Alingsås",2019,41420,472.03,87.7,355.3,346.3
1489,"Alingsås",2020,41602,472.07,88.1,361.3,352.1
1489,"Alingsås",2021,41853,472.07,88.7,377.2,365.8
1489,"Alingsås",2022,42199,472.07,89.4,397.8,382.5
1489,"Alingsås",2023,42382,471.91,89.8,416.3,399.0
1489,"Alingsås",2024,42722,474.30,90.1,429.1,412.0
1489,"Alingsås",2025,42861,474.28,90.4,,
1490,"Borås",2010,103294,915.22,112.9,257.8,258.4
1490,"Borås",2011,104106,909.90,114.4,266.8,267.3
1490,"Borås",2012,104867,909.90,115.2,274.2,274.5
1490,"Borås",2013,105995,909.90,116.5,278.6,280.2
1490,"Borås",2014,107022,909.88,117.6,285.0,285.4
1490,"Borås",2015,108488,909.88,119.2,294.3,294.7
1490,"Borås",2016,109880,909.88,120.8,305.3,305.4
1490,"Borås",2017,111026,909.88,122.0,315.7,314.4
1490,"Borås",2018,112178,909.88,123.3,327.6,323.8
1490,"Borås",2019,113179,909.88,124.4,333.3,331.1
1490,"Borås",2020,113714,909.88,125.0,334.3,334.0
1490,"Borås",2021,114091,909.88,125.4,350.7,345.8
1490,"Borås",2022,114445,909.88,125.8,365.0,358.1
1490,"Borås",2023,114592,909.82,126.0,377.9,369.4
1490,"Borås",2024,114872,914.10,125.7,390.1,382.6
1490,"Borås",2025,115238,914.08,126.1,,
1491,"Ulricehamn",2010,22838,1051.41,21.7,256.3,260.0
1491,"Ulricehamn",2011,22996,1046.02,22.0,267.1,269.1
1491,"Ulricehamn",2012,23015,1046.02,22.0,276.3,278.0
1491,"Ulricehamn",2013,23211,1046.02,22.2,282.1,285.3
1491,"Ulricehamn",2014,23244,1046.03,22.2,290.0,293.7
1491,"Ulricehamn",2015,23494,1046.03,22.5,300.1,301.5
1491,"Ulricehamn",2016,23887,1046.03,22.8,311.2,311.4
1491,"Ulricehamn",2017,24296,1046.03,23.2,319.6,321.2
1491,"Ulricehamn",2018,24445,1045.86,23.4,332.7,330.0
1491,"Ulricehamn",2019,24668,1045.86,23.6,337.0,336.3
1491,"Ulricehamn",2020,24704,1045.86,23.6,341.7,341.7
1491,"Ulricehamn",2021,24898,1045.86,23.8,358.5,355.8
1491,"Ulricehamn",2022,25108,1045.86,24.0,373.8,366.0
1491,"Ulricehamn",2023,25087,1045.68,24.0,386.3,377.5
1491,"Ulricehamn",2024,24985,1050.40,23.8,399.6,390.8
1491,"Ulricehamn",2025,24954,1050.40,23.8,,
1492,"Åmål",2010,12295,484.06,25.4,235.7,240.8
1492,"Åmål",2011,12226,481.12,25.4,244.6,250.3
1492,"Åmål",2012,12211,481.12,25.3,261.3,264.2
1492,"Åmål",2013,12229,481.12,25.4,264.9,267.2
1492,"Åmål",2014,12326,481.11,25.6,269.2,271.2
1492,"Åmål",2015,12601,481.11,26.2,275.1,278.9
1492,"Åmål",2016,12801,481.11,26.6,279.6,283.4
1492,"Åmål",2017,12711,481.11,26.4,288.4,293.5
1492,"Åmål",2018,12720,480.98,26.4,295.5,302.1
1492,"Åmål",2019,12610,480.98,26.2,304.8,311.4
1492,"Åmål",2020,12441,480.98,25.9,306.3,315.0
1492,"Åmål",2021,12318,480.98,25.6,321.1,327.2
1492,"Åmål",2022,12216,480.98,25.4,340.9,343.6
1492,"Åmål",2023,12006,480.29,25.0,354.9,355.0
1492,"Åmål",2024,11906,482.72,24.7,368.6,368.9
1492,"Åmål",2025,11679,482.72,24.2,,
1493,"Mariestad",2010,23741,602.39,39.4,252.1,254.4
1493,"Mariestad",2011,23732,601.18,39.5,261.3,263.2
1493,"Mariestad",2012,23739,601.15,39.4,268.1,270.4
1493,"Mariestad",2013,23870,601.15,39.7,274.3,277.8
1493,"Mariestad",2014,23921,602.47,39.7,281.0,284.5
1493,"Mariestad",2015,24043,602.47,39.9,291.9,293.1
1493,"Mariestad",2016,24215,602.47,40.2,302.8,304.5
1493,"Mariestad",2017,24290,602.47,40.3,313.2,315.8
1493,"Mariestad",2018,24372,602.40,40.5,321.8,325.2
1493,"Mariestad",2019,24537,602.40,40.7,330.8,333.1
1493,"Mariestad",2020,24513,602.40,40.7,337.0,341.2
1493,"Mariestad",2021,24723,602.40,41.0,352.5,353.8
1493,"Mariestad",2022,24768,602.40,41.1,365.5,365.2
1493,"Mariestad",2023,24647,603.74,40.8,379.0,378.2
1493,"Mariestad",2024,24583,606.53,40.5,398.4,396.1
1493,"Mariestad",2025,24421,606.53,40.3,,
1494,"Lidköping",2010,38048,703.19,54.1,267.3,264.1
1494,"Lidköping",2011,38183,695.61,54.9,275.0,271.5
1494,"Lidköping",2012,38254,695.61,54.9,282.8,279.7
1494,"Lidköping",2013,38414,695.61,55.2,287.7,285.7
1494,"Lidköping",2014,38761,698.63,55.5,294.2,292.9
1494,"Lidköping",2015,39009,698.63,55.8,304.4,302.4
1494,"Lidköping",2016,39235,698.63,56.2,316.3,313.3
1494,"Lidköping",2017,39506,698.63,56.5,327.0,324.0
1494,"Lidköping",2018,39879,698.60,57.1,336.5,335.5
1494,"Lidköping",2019,40089,698.60,57.4,345.0,343.1
1494,"Lidköping",2020,40328,698.60,57.7,350.7,347.9
1494,"Lidköping",2021,40460,698.60,57.9,365.7,361.3
1494,"Lidköping",2022,40457,698.60,57.9,382.0,373.9
1494,"Lidköping",2023,40539,697.17,58.1,397.6,386.1
1494,"Lidköping",2024,40425,700.44,57.7,414.4,403.5
1494,"Lidköping",2025,40359,700.41,57.6,,
1495,"Skara",2010,18314,440.05,41.6,255.7,258.4
1495,"Skara",2011,18220,428.65,42.5,261.0,264.6
1495,"Skara",2012,18281,428.65,42.6,267.5,272.2
1495,"Skara",2013,18580,428.65,43.4,269.8,274.0
1495,"Skara",2014,18747,428.62,43.7,276.3,281.4
1495,"Skara",2015,18711,428.62,43.7,287.5,294.0
1495,"Skara",2016,18979,428.62,44.3,295.9,302.8
1495,"Skara",2017,18843,428.62,44.0,305.6,312.8
1495,"Skara",2018,18829,428.49,43.9,315.3,324.9
1495,"Skara",2019,18837,428.49,44.0,326.2,332.5
1495,"Skara",2020,18695,428.49,43.6,327.1,335.5
1495,"Skara",2021,18732,428.49,43.7,341.1,348.8
1495,"Skara",2022,18755,428.49,43.8,359.4,364.5
1495,"Skara",2023,18654,428.40,43.5,374.2,376.0
1495,"Skara",2024,18707,430.40,43.5,386.4,389.5
1495,"Skara",2025,18753,430.40,43.6,,
1496,"Skövde",2010,51402,676.44,76.0,260.2,264.9
1496,"Skövde",2011,51761,673.68,76.8,274.5,275.8
1496,"Skövde",2012,52212,673.68,77.5,281.9,284.5
1496,"Skövde",2013,52859,673.68,78.5,286.2,289.3
1496,"Skövde",2014,53134,673.68,78.9,293.5,297.7
1496,"Skövde",2015,53555,673.68,79.5,303.2,306.4
1496,"Skövde",2016,54133,673.68,80.4,313.4,316.2
1496,"Skövde",2017,54975,673.68,81.6,323.7,327.3
1496,"Skövde",2018,55729,673.63,82.7,337.0,339.8
1496,"Skövde",2019,56366,673.63,83.7,343.8,347.7
1496,"Skövde",2020,56791,673.63,84.3,345.4,351.0
1496,"Skövde",2021,57016,673.63,84.6,365.0,365.2
1496,"Skövde",2022,57463,673.60,85.3,379.9,380.6
1496,"Skövde",2023,57763,673.55,85.8,399.9,398.6
1496,"Skövde",2024,57995,676.63,85.7,416.5,414.8
1496,"Skövde",2025,58272,676.63,86.1,,
1497,"Hjo",2010,8841,298.40,29.6,250.1,253.1
1497,"Hjo",2011,8790,297.04,29.6,257.2,260.0
1497,"Hjo",2012,8832,297.04,29.7,266.2,269.6
1497,"Hjo",2013,8805,297.04,29.6,270.5,275.2
1497,"Hjo",2014,8885,297.04,29.9,277.4,282.2
1497,"Hjo",2015,8983,297.04,30.2,289.4,293.2
1497,"Hjo",2016,9048,297.04,30.5,299.9,303.6
1497,"Hjo",2017,9093,297.04,30.6,310.1,314.3
1497,"Hjo",2018,9176,297.03,30.9,319.2,326.1
1497,"Hjo",2019,9210,297.03,31.0,327.9,332.9
1497,"Hjo",2020,9229,297.03,31.1,330.9,337.1
1497,"Hjo",2021,9233,297.03,31.1,347.3,351.1
1497,"Hjo",2022,9243,297.03,31.1,364.2,365.5
1497,"Hjo",2023,9258,296.95,31.2,379.2,379.2
1497,"Hjo",2024,9350,298.28,31.3,398.2,395.7
1497,"Hjo",2025,9322,298.28,31.3,,
1498,"Tidaholm",2010,12572,520.33,24.2,242.4,253.3
1498,"Tidaholm",2011,12569,518.06,24.3,252.7,262.7
1498,"Tidaholm",2012,12556,518.06,24.2,260.1,271.3
1498,"Tidaholm",2013,12565,518.06,24.3,265.2,277.2
1498,"Tidaholm",2014,12617,517.98,24.4,271.6,285.1
1498,"Tidaholm",2015,12669,517.98,24.5,279.4,292.8
1498,"Tidaholm",2016,12797,517.98,24.7,291.3,303.9
1498,"Tidaholm",2017,12827,517.98,24.8,299.6,315.2
1498,"Tidaholm",2018,12828,517.96,24.8,311.6,327.8
1498,"Tidaholm",2019,12846,517.96,24.8,318.1,334.2
1498,"Tidaholm",2020,12790,517.96,24.7,322.4,338.5
1498,"Tidaholm",2021,12825,517.96,24.8,335.9,350.0
1498,"Tidaholm",2022,12839,517.96,24.8,351.3,365.4
1498,"Tidaholm",2023,12839,517.87,24.8,367.5,378.9
1498,"Tidaholm",2024,12805,520.01,24.6,379.3,390.2
1498,"Tidaholm",2025,12736,520.01,24.5,,
1499,"Falköping",2010,31513,1056.69,29.8,246.9,256.2
1499,"Falköping",2011,31689,1044.98,30.3,255.0,264.0
1499,"Falköping",2012,31689,1044.98,30.3,263.5,273.2
1499,"Falköping",2013,31988,1044.98,30.6,267.0,277.6
1499,"Falköping",2014,32185,1044.88,30.8,274.7,283.4
1499,"Falköping",2015,32511,1044.88,31.1,280.2,289.5
1499,"Falköping",2016,32806,1044.88,31.4,291.8,301.5
1499,"Falköping",2017,33077,1044.88,31.7,300.6,310.2
1499,"Falköping",2018,33155,1044.82,31.7,308.7,318.7
1499,"Falköping",2019,33246,1044.82,31.8,315.8,326.8
1499,"Falköping",2020,33238,1044.82,31.8,317.8,331.4
1499,"Falköping",2021,33270,1044.82,31.8,331.8,343.0
1499,"Falköping",2022,33252,1044.85,31.8,348.0,356.3
1499,"Falköping",2023,32991,1044.70,31.6,363.9,368.6
1499,"Falköping",2024,32806,1049.46,31.3,376.8,383.3
1499,"Falköping",2025,32794,1049.47,31.2,,
17,"Värmlands län",2010,273265,17591.30,15.5,246.2,251.2
17,"Värmlands län",2011,272736,17517.15,15.6,253.7,258.9
17,"Värmlands län",2012,273080,17517.15,15.5,268.7,271.9
17,"Värmlands län",2013,273815,17517.15,15.6,273.2,277.3
17,"Värmlands län",2014,274691,17518.80,15.7,278.4,282.9
17,"Värmlands län",2015,275904,17518.80,15.7,293.8,295.2
17,"Värmlands län",2016,279334,17518.80,15.9,302.7,304.4
17,"Värmlands län",2017,280399,17518.80,16.0,310.8,312.3
17,"Värmlands län",2018,281482,17519.24,16.1,320.3,321.6
17,"Värmlands län",2019,282414,17519.24,16.1,328.2,329.8
17,"Värmlands län",2020,282885,17519.24,16.1,328.5,333.3
17,"Värmlands län",2021,283196,17519.24,16.2,341.9,344.3
17,"Värmlands län",2022,283976,17519.23,16.2,362.0,359.1
17,"Värmlands län",2023,283548,17528.01,16.2,376.8,373.3
17,"Värmlands län",2024,283384,17613.35,16.1,390.4,387.0
17,"Värmlands län",2025,283037,17613.35,16.1,,
1715,"Kil",2010,11706,360.69,32.5,249.3,254.1
1715,"Kil",2011,11682,359.73,32.5,258.1,261.8
1715,"Kil",2012,11782,359.73,32.7,274.1,275.6
1715,"Kil",2013,11810,359.73,32.8,277.3,281.6
1715,"Kil",2014,11885,359.72,33.0,285.1,288.8
1715,"Kil",2015,11802,359.72,32.8,298.7,301.9
1715,"Kil",2016,11800,359.72,32.8,310.3,313.5
1715,"Kil",2017,11910,359.72,33.1,319.0,322.6
1715,"Kil",2018,11962,359.74,33.3,329.9,333.8
1715,"Kil",2019,12087,359.74,33.6,337.6,340.1
1715,"Kil",2020,12115,359.74,33.7,340.8,347.6
1715,"Kil",2021,12134,359.74,33.7,353.7,359.0
1715,"Kil",2022,12115,359.74,33.7,374.6,371.8
1715,"Kil",2023,12085,359.73,33.6,388.6,387.7
1715,"Kil",2024,12061,361.52,33.4,401.3,400.2
1715,"Kil",2025,12024,361.52,33.3,,
1730,"Eda",2010,8524,825.40,10.3,221.0,228.3
1730,"Eda",2011,8460,820.18,10.3,228.4,237.4
1730,"Eda",2012,8496,820.18,10.3,256.5,256.7
1730,"Eda",2013,8426,820.18,10.3,258.9,262.0
1730,"Eda",2014,8453,820.18,10.3,261.3,262.1
1730,"Eda",2015,8505,820.18,10.4,314.9,293.1
1730,"Eda",2016,8526,820.18,10.4,323.7,303.5
1730,"Eda",2017,8618,820.18,10.5,327.1,304.1
1730,"Eda",2018,8575,820.16,10.5,341.0,312.7
1730,"Eda",2019,8564,820.16,10.4,353.1,320.8
1730,"Eda",2020,8550,820.16,10.4,341.7,318.7
1730,"Eda",2021,8490,820.16,10.4,350.6,327.7
1730,"Eda",2022,8535,820.16,10.4,390.3,353.9
1730,"Eda",2023,8499,820.15,10.4,403.1,367.4
1730,"Eda",2024,8412,824.56,10.2,418.1,380.3
1730,"Eda",2025,8289,824.56,10.1,,
1737,"Torsby",2010,12414,4188.65,3.0,231.0,239.7
1737,"Torsby",2011,12312,4162.19,3.0,239.4,248.0
1737,"Torsby",2012,12219,4162.19,2.9,262.4,264.1
1737,"Torsby",2013,12013,4162.19,2.9,269.3,269.7
1737,"Torsby",2014,11992,4162.21,2.9,273.4,274.5
1737,"Torsby",2015,11910,4162.21,2.9,295.7,290.0
1737,"Torsby",2016,12169,4162.21,2.9,302.1,299.2
1737,"Torsby",2017,11890,4162.21,2.9,307.9,303.0
1737,"Torsby",2018,11719,4162.26,2.8,319.4,315.7
1737,"Torsby",2019,11616,4162.26,2.8,330.2,326.1
1737,"Torsby",2020,11549,4162.26,2.8,325.4,328.4
1737,"Torsby",2021,11472,4162.26,2.8,338.8,338.5
1737,"Torsby",2022,11411,4162.26,2.7,363.0,354.1
1737,"Torsby",2023,11387,4162.29,2.7,378.8,368.1
1737,"Torsby",2024,11321,4184.08,2.7,395.8,383.5
1737,"Torsby",2025,11278,4184.08,2.7,,
1760,"Storfors",2010,4273,393.55,10.9,239.2,247.8
1760,"Storfors",2011,4218,391.47,10.8,248.4,258.9
1760,"Storfors",2012,4150,391.47,10.6,261.6,267.8
1760,"Storfors",2013,4131,391.47,10.6,264.9,276.3
1760,"Storfors",2014,4106,391.68,10.5,267.3,279.9
1760,"Storfors",2015,4032,391.68,10.3,277.2,283.9
1760,"Storfors",2016,4046,391.68,10.3,283.8,291.5
1760,"Storfors",2017,4123,391.68,10.5,292.4,297.4
1760,"Storfors",2018,4055,391.68,10.4,300.1,310.1
1760,"Storfors",2019,4014,391.74,10.2,315.0,322.8
1760,"Storfors",2020,3990,391.72,10.2,315.7,326.7
1760,"Storfors",2021,3948,391.72,10.1,330.2,336.7
1760,"Storfors",2022,3882,391.72,9.9,346.9,354.9
1760,"Storfors",2023,3801,391.72,9.7,364.7,365.7
1760,"Storfors",2024,3788,393.58,9.6,374.9,379.5
1760,"Storfors",2025,3777,393.61,9.6,,
1761,"Hammarö",2010,14926,56.90,262.3,301.4,288.1
1761,"Hammarö",2011,14943,59.59,250.8,311.5,296.1
1761,"Hammarö",2012,15061,59.59,252.7,322.5,306.9
1761,"Hammarö",2013,15136,59.59,254.0,329.2,315.0
1761,"Hammarö",2014,15256,59.44,256.7,339.7,324.9
1761,"Hammarö",2015,15420,59.44,259.4,353.7,336.5
1761,"Hammarö",2016,15725,59.44,264.5,366.3,347.5
1761,"Hammarö",2017,16174,59.44,272.1,378.8,361.0
1761,"Hammarö",2018,16483,59.45,277.3,390.8,372.9
1761,"Hammarö",2019,16568,59.45,278.7,397.6,381.9
1761,"Hammarö",2020,16668,59.45,280.4,401.6,391.3
1761,"Hammarö",2021,16765,59.45,282.0,421.4,408.0
1761,"Hammarö",2022,16820,59.45,282.9,446.6,426.0
1761,"Hammarö",2023,16940,59.80,283.3,466.9,446.2
1761,"Hammarö",2024,16992,60.09,282.8,482.5,461.7
1761,"Hammarö",2025,16932,60.09,281.8,,
1762,"Munkfors",2010,3771,142.33,26.5,226.3,245.0
1762,"Munkfors",2011,3702,141.58,26.1,240.5,257.3
1762,"Munkfors",2012,3642,141.58,25.7,258.7,272.7
1762,"Munkfors",2013,3656,141.58,25.8,259.1,277.9
1762,"Munkfors",2014,3656,141.58,25.8,266.8,284.7
1762,"Munkfors",2015,3663,141.58,25.9,275.2,293.1
1762,"Munkfors",2016,3738,141.58,26.4,285.0,303.4
1762,"Munkfors",2017,3763,141.58,26.6,285.4,308.4
1762,"Munkfors",2018,3789,141.58,26.8,291.8,313.2
1762,"Munkfors",2019,3740,141.58,26.4,303.0,321.6
1762,"Munkfors",2020,3725,141.58,26.3,299.5,321.3
1762,"Munkfors",2021,3680,141.58,26.0,310.7,331.0
1762,"Munkfors",2022,3701,141.58,26.1,325.7,342.6
1762,"Munkfors",2023,3669,141.58,25.9,340.9,353.1
1762,"Munkfors",2024,3625,142.28,25.5,349.8,370.6
1762,"Munkfors",2025,3637,142.28,25.6,,
1763,"Forshaga",2010,11266,350.27,32.2,244.9,250.0
1763,"Forshaga",2011,11229,348.18,32.3,252.9,257.8
1763,"Forshaga",2012,11311,348.18,32.4,265.2,270.0
1763,"Forshaga",2013,11292,348.18,32.4,270.0,277.3
1763,"Forshaga",2014,11379,348.16,32.7,274.3,281.2
1763,"Forshaga",2015,11379,348.16,32.7,287.6,295.0
1763,"Forshaga",2016,11451,348.16,32.9,300.2,305.9
1763,"Forshaga",2017,11509,348.16,33.1,307.4,313.5
1763,"Forshaga",2018,11518,348.17,33.1,314.6,321.3
1763,"Forshaga",2019,11499,348.17,33.0,322.5,329.3
1763,"Forshaga",2020,11524,348.17,33.1,325.6,333.6
1763,"Forshaga",2021,11606,348.17,33.3,339.2,347.1
1763,"Forshaga",2022,11578,348.17,33.3,357.6,361.6
1763,"Forshaga",2023,11538,348.21,33.1,370.3,371.2
1763,"Forshaga",2024,11520,349.90,32.9,382.3,385.9
1763,"Forshaga",2025,11439,349.90,32.7,,
1764,"Grums",2010,9091,386.35,23.5,246.0,250.1
1764,"Grums",2011,9017,386.38,23.3,252.5,256.1
1764,"Grums",2012,8939,386.38,23.1,264.5,266.9
1764,"Grums",2013,8925,386.38,23.1,268.5,273.1
1764,"Grums",2014,8958,386.36,23.2,273.8,278.9
1764,"Grums",2015,8945,386.36,23.2,287.5,290.7
1764,"Grums",2016,9063,386.36,23.5,294.8,300.0
1764,"Grums",2017,9011,386.36,23.3,303.0,308.1
1764,"Grums",2018,9016,386.38,23.3,315.0,316.9
1764,"Grums",2019,9047,386.38,23.4,324.3,324.7
1764,"Grums",2020,9043,386.38,23.4,324.8,331.1
1764,"Grums",2021,9091,386.38,23.5,336.1,340.8
1764,"Grums",2022,9105,386.38,23.6,352.3,352.0
1764,"Grums",2023,9057,386.36,23.4,366.7,367.4
1764,"Grums",2024,9004,388.21,23.2,378.0,379.8
1764,"Grums",2025,8854,388.21,22.8,,
1765,"Årjäng",2010,9855,1420.09,6.9,209.6,222.0
1765,"Årjäng",2011,9827,1409.47,7.0,214.2,231.1
1765,"Årjäng",2012,9864,1409.47,7.0,257.2,264.9
1765,"Årjäng",2013,9953,1409.47,7.1,261.6,270.5
1765,"Årjäng",2014,9804,1409.44,7.0,266.3,275.1
1765,"Årjäng",2015,9869,1409.44,7.0,315.0,304.0
1765,"Årjäng",2016,9958,1409.44,7.1,322.8,314.9
1765,"Årjäng",2017,9948,1409.44,7.1,326.2,317.0
1765,"Årjäng",2018,10011,1409.47,7.1,333.7,323.2
1765,"Årjäng",2019,10070,1409.47,7.1,348.4,336.0
1765,"Årjäng",2020,9996,1409.47,7.1,340.0,335.6
1765,"Årjäng",2021,9942,1409.47,7.1,349.1,342.6
1765,"Årjäng",2022,9914,1409.47,7.0,385.1,363.5
1765,"Årjäng",2023,9893,1409.45,7.0,399.2,375.1
1765,"Årjäng",2024,9825,1417.01,6.9,415.8,391.2
1765,"Årjäng",2025,9734,1417.01,6.9,,
1766,"Sunne",2010,13255,1296.39,10.2,238.0,243.1
1766,"Sunne",2011,13142,1288.11,10.2,245.3,252.3
1766,"Sunne",2012,13102,1288.11,10.1,266.7,268.8
1766,"Sunne",2013,13011,1288.11,10.1,269.7,272.9
1766,"Sunne",2014,13099,1288.02,10.2,272.6,278.0
1766,"Sunne",2015,13208,1288.02,10.3,285.3,291.4
1766,"Sunne",2016,13425,1288.02,10.4,295.8,299.4
1766,"Sunne",2017,13331,1288.02,10.3,302.6,306.7
1766,"Sunne",2018,13261,1287.98,10.3,314.5,317.5
1766,"Sunne",2019,13306,1287.98,10.3,322.5,326.9
1766,"Sunne",2020,13335,1287.98,10.4,320.2,329.0
1766,"Sunne",2021,13355,1287.98,10.4,333.9,340.4
1766,"Sunne",2022,13418,1287.98,10.4,354.3,356.4
1766,"Sunne",2023,13366,1287.97,10.4,364.0,366.4
1766,"Sunne",2024,13356,1294.52,10.3,377.4,380.0
1766,"Sunne",2025,13354,1294.52,10.3,,
1780,"Karlstad",2010,85753,1165.25,73.6,253.3,256.1
1780,"Karlstad",2011,86409,1169.11,73.9,260.5,263.8
1780,"Karlstad",2012,86929,1169.11,74.3,272.2,274.4
1780,"Karlstad",2013,87786,1169.11,75.1,277.2,279.9
1780,"Karlstad",2014,88350,1168.66,75.6,283.2,286.2
1780,"Karlstad",2015,89245,1168.66,76.4,295.8,296.9
1780,"Karlstad",2016,90198,1168.66,77.2,305.4,306.8
1780,"Karlstad",2017,91120,1168.66,78.0,314.6,314.9
1780,"Karlstad",2018,92497,1168.47,79.2,323.1,323.7
1780,"Karlstad",2019,93898,1168.47,80.4,330.1,331.2
1780,"Karlstad",2020,94828,1168.49,81.2,331.8,334.5
1780,"Karlstad",2021,95408,1168.49,81.7,345.9,346.0
1780,"Karlstad",2022,96466,1168.49,82.6,363.8,359.1
1780,"Karlstad",2023,97233,1169.31,83.2,378.6,374.5
1780,"Karlstad",2024,98084,1174.87,83.5,391.2,387.8
1780,"Karlstad",2025,99007,1174.87,84.3,,
1781,"Kristinehamn",2010,23808,748.01,31.8,243.5,249.3
1781,"Kristinehamn",2011,23698,753.12,31.5,248.2,254.8
1781,"Kristinehamn",2012,23729,753.12,31.5,259.2,265.1
1781,"Kristinehamn",2013,23949,753.12,31.8,261.6,267.8
1781,"Kristinehamn",2014,24114,755.20,31.9,267.7,272.9
1781,"Kristinehamn",2015,24270,755.20,32.1,277.5,282.3
1781,"Kristinehamn",2016,24671,755.20,32.7,283.9,289.1
1781,"Kristinehamn",2017,24650,755.20,32.6,291.7,300.0
1781,"Kristinehamn",2018,24336,755.35,32.2,303.0,309.6
1781,"Kristinehamn",2019,24255,755.29,32.1,308.6,317.9
1781,"Kristinehamn",2020,24190,755.29,32.0,309.4,322.5
1781,"Kristinehamn",2021,24099,755.29,31.9,322.6,331.9
1781,"Kristinehamn",2022,24053,755.28,31.8,339.1,347.3
1781,"Kristinehamn",2023,23817,756.63,31.5,356.4,362.4
1781,"Kristinehamn",2024,23756,760.19,31.3,369.8,374.4
1781,"Kristinehamn",2025,23590,760.19,31.0,,
1782,"Filipstad",2010,10562,1543.10,6.8,229.5,240.9
1782,"Filipstad",2011,10514,1534.03,6.9,236.8,248.4
1782,"Filipstad",2012,10549,1534.03,6.8,247.1,258.0
1782,"Filipstad",2013,10563,1534.03,6.9,251.2,264.6
1782,"Filipstad",2014,10613,1534.04,6.9,252.7,266.6
1782,"Filipstad",2015,10625,1534.04,6.9,256.9,272.7
1782,"Filipstad",2016,10960,1534.04,7.1,264.2,279.4
1782,"Filipstad",2017,10783,1534.04,7.0,268.6,283.1
1782,"Filipstad",2018,10837,1534.03,7.1,274.9,290.1
1782,"Filipstad",2019,10644,1534.03,6.9,280.3,300.3
1782,"Filipstad",2020,10503,1534.03,6.8,284.6,306.9
1782,"Filipstad",2021,10403,1534.03,6.8,295.9,315.8
1782,"Filipstad",2022,10315,1534.03,6.7,307.7,326.8
1782,"Filipstad",2023,10034,1533.99,6.5,318.0,337.6
1782,"Filipstad",2024,9776,1541.43,6.3,338.2,353.2
1782,"Filipstad",2025,9625,1541.40,6.2,,
1783,"Hagfors",2010,12480,1833.95,6.8,237.3,251.3
1783,"Hagfors",2011,12282,1824.17,6.7,247.3,259.3
1783,"Hagfors",2012,12170,1824.17,6.6,260.8,272.8
1783,"Hagfors",2013,12071,1824.17,6.6,264.8,277.9
1783,"Hagfors",2014,11921,1824.19,6.5,270.7,285.2
1783,"Hagfors",2015,11824,1824.19,6.5,283.8,295.5
1783,"Hagfors",2016,11917,1824.19,6.5,290.2,304.4
1783,"Hagfors",2017,11782,1824.19,6.5,298.6,312.3
1783,"Hagfors",2018,11698,1824.20,6.4,304.5,319.8
1783,"Hagfors",2019,11606,1824.20,6.4,307.5,324.5
1783,"Hagfors",2020,11517,1824.20,6.3,304.6,323.5
1783,"Hagfors",2021,11553,1824.20,6.3,315.6,330.2
1783,"Hagfors",2022,11589,1824.20,6.4,332.7,345.6
1783,"Hagfors",2023,11536,1824.37,6.3,344.5,358.5
1783,"Hagfors",2024,11418,1833.44,6.2,353.6,370.8
1783,"Hagfors",2025,11324,1833.44,6.2,,
1784,"Arvika",2010,26034,1659.43,15.7,240.9,249.4
1784,"Arvika",2011,25907,1649.06,15.7,249.5,257.9
1784,"Arvika",2012,25829,1649.06,15.6,265.0,270.8
1784,"Arvika",2013,25817,1649.06,15.7,268.1,274.2
1784,"Arvika",2014,25771,1649.03,15.6,274.0,282.3
1784,"Arvika",2015,25841,1649.03,15.7,291.5,295.2
1784,"Arvika",2016,26054,1649.03,15.8,299.2,303.4
1784,"Arvika",2017,26060,1649.03,15.8,306.7,312.4
1784,"Arvika",2018,26082,1648.98,15.8,317.8,321.3
1784,"Arvika",2019,26045,1648.98,15.8,327.3,330.2
1784,"Arvika",2020,25932,1648.98,15.7,326.6,333.4
1784,"Arvika",2021,25854,1648.98,15.7,339.6,343.6
1784,"Arvika",2022,25832,1648.98,15.7,362.4,363.4
1784,"Arvika",2023,25682,1650.53,15.6,378.8,378.0
1784,"Arvika",2024,25547,1659.12,15.4,392.9,389.8
1784,"Arvika",2025,25408,1659.12,15.3,,
1785,"Säffle",2010,15547,1220.68,12.7,238.4,241.6
1785,"Säffle",2011,15394,1220.78,12.6,244.1,248.5
1785,"Säffle",2012,15308,1220.78,12.5,260.3,263.6
1785,"Säffle",2013,15276,1220.78,12.5,266.6,267.0
1785,"Säffle",2014,15334,1220.88,12.6,263.5,265.3
1785,"Säffle",2015,15366,1220.88,12.6,274.1,276.3
1785,"Säffle",2016,15633,1220.88,12.8,281.7,284.1
1785,"Säffle",2017,15727,1220.88,12.9,290.0,293.4
1785,"Säffle",2018,15643,1221.34,12.8,297.6,301.1
1785,"Säffle",2019,15455,1221.34,12.7,303.9,310.9
1785,"Säffle",2020,15420,1221.34,12.6,304.0,311.9
1785,"Säffle",2021,15396,1221.34,12.6,316.1,322.5
1785,"Säffle",2022,15242,1221.34,12.5,334.4,337.9
1785,"Säffle",2023,15011,1225.93,12.2,346.0,349.7
1785,"Säffle",2024,14899,1228.55,12.1,361.2,365.6
1785,"Säffle",2025,14756,1228.55,12.0,,
18,"Örebro län",2010,280230,8546.30,32.8,253.0,254.6
18,"Örebro län",2011,281572,8503.94,33.1,261.3,263.7
18,"Örebro län",2012,283113,8503.94,33.2,269.9,272.6
18,"Örebro län",2013,285395,8503.94,33.6,275.0,277.9
18,"Örebro län",2014,288150,8504.39,33.9,281.6,283.9
18,"Örebro län",2015,291012,8504.39,34.2,290.7,292.4
18,"Örebro län",2016,294941,8504.39,34.7,299.6,301.7
18,"Örebro län",2017,298907,8504.39,35.1,307.4,310.3
18,"Örebro län",2018,302252,8504.00,35.5,316.5,318.9
18,"Örebro län",2019,304805,8503.99,35.8,323.4,326.5
18,"Örebro län",2020,305643,8503.99,35.9,327.0,331.7
18,"Örebro län",2021,306792,8503.98,36.1,341.9,343.5
18,"Örebro län",2022,307772,8503.99,36.2,358.4,356.8
18,"Örebro län",2023,308116,8503.39,36.2,373.5,370.0
18,"Örebro län",2024,308375,8542.73,36.1,387.6,384.4
18,"Örebro län",2025,308357,8542.73,36.1,,
1814,"Lekeberg",2010,7134,465.96,15.3,255.6,254.4
1814,"Lekeberg",2011,7223,463.16,15.6,264.7,263.7
1814,"Lekeberg",2012,7298,463.16,15.7,272.5,274.0
1814,"Lekeberg",2013,7289,463.16,15.7,279.2,279.9
1814,"Lekeberg",2014,7363,463.16,15.9,286.1,287.3
1814,"Lekeberg",2015,7492,463.16,16.2,297.4,298.1
1814,"Lekeberg",2016,7636,463.16,16.5,308.5,309.2
1814,"Lekeberg",2017,7868,463.16,17.0,321.9,323.0
1814,"Lekeberg",2018,8116,463.13,17.5,335.6,334.2
1814,"Lekeberg",2019,8234,463.13,17.8,344.3,343.9
1814,"Lekeberg",2020,8472,463.13,18.3,350.6,350.0
1814,"Lekeberg",2021,8603,463.13,18.6,366.8,361.0
1814,"Lekeberg",2022,8756,463.13,18.9,385.6,376.4
1814,"Lekeberg",2023,8606,463.09,18.6,404.1,390.2
1814,"Lekeberg",2024,8606,465.22,18.5,420.2,409.8
1814,"Lekeberg",2025,8608,465.22,18.5,,
1860,"Laxå",2010,5686,604.81,9.4,255.1,259.4
1860,"Laxå",2011,5622,601.97,9.3,267.1,270.0
1860,"Laxå",2012,5552,601.97,9.2,275.7,277.0
1860,"Laxå",2013,5580,601.97,9.3,278.2,280.4
1860,"Laxå",2014,5664,602.00,9.4,273.8,277.9
1860,"Laxå",2015,5656,602.00,9.4,283.0,286.4
1860,"Laxå",2016,5709,602.00,9.5,293.5,299.9
1860,"Laxå",2017,5643,602.00,9.4,297.0,306.6
1860,"Laxå",2018,5637,601.92,9.4,305.8,318.1
1860,"Laxå",2019,5683,601.92,9.4,305.1,319.8
1860,"Laxå",2020,5659,601.92,9.4,310.6,329.9
1860,"Laxå",2021,5582,601.92,9.3,323.9,338.0
1860,"Laxå",2022,5576,601.92,9.3,338.4,349.9
1860,"Laxå",2023,5497,601.90,9.1,354.7,362.6
1860,"Laxå",2024,5423,604.66,9.0,367.3,375.3
1860,"Laxå",2025,5397,604.66,8.9,,
1861,"Hallsberg",2010,15275,640.15,23.9,250.1,252.7
1861,"Hallsberg",2011,15248,636.71,23.9,259.7,263.3
1861,"Hallsberg",2012,15283,636.71,24.0,265.6,271.3
1861,"Hallsberg",2013,15267,636.71,24.0,270.4,275.9
1861,"Hallsberg",2014,15315,636.71,24.1,278.6,282.8
1861,"Hallsberg",2015,15509,636.71,24.4,286.6,290.1
1861,"Hallsberg",2016,15649,636.71,24.6,293.6,300.2
1861,"Hallsberg",2017,15932,636.71,25.0,300.6,308.2
1861,"Hallsberg",2018,15954,636.74,25.1,310.1,317.8
1861,"Hallsberg",2019,15932,636.74,25.0,314.8,324.1
1861,"Hallsberg",2020,15990,636.74,25.1,318.0,330.1
1861,"Hallsberg",2021,16196,636.74,25.4,334.3,344.6
1861,"Hallsberg",2022,16290,636.74,25.6,350.7,357.2
1861,"Hallsberg",2023,16232,636.73,25.5,367.1,372.1
1861,"Hallsberg",2024,16120,639.66,25.2,379.8,385.2
1861,"Hallsberg",2025,16082,639.66,25.1,,
1862,"Degerfors",2010,9641,385.62,25.0,250.5,256.0
1862,"Degerfors",2011,9551,383.98,24.9,257.0,262.7
1862,"Degerfors",2012,9477,383.98,24.6,267.9,274.5
1862,"Degerfors",2013,9500,383.98,24.7,268.3,276.4
1862,"Degerfors",2014,9531,383.95,24.8,274.3,282.9
1862,"Degerfors",2015,9543,383.95,24.9,279.8,288.6
1862,"Degerfors",2016,9609,383.95,25.0,287.1,298.4
1862,"Degerfors",2017,9668,383.95,25.2,292.2,302.3
1862,"Degerfors",2018,9665,383.94,25.2,298.4,311.0
1862,"Degerfors",2019,9666,383.94,25.2,307.3,322.7
1862,"Degerfors",2020,9631,383.94,25.1,311.6,329.4
1862,"Degerfors",2021,9534,383.94,24.8,323.0,338.6
1862,"Degerfors",2022,9530,383.94,24.8,340.6,350.7
1862,"Degerfors",2023,9357,383.94,24.4,356.5,366.4
1862,"Degerfors",2024,9278,385.73,24.1,369.6,382.6
1862,"Degerfors",2025,9237,385.73,23.9,,
1863,"Hällefors",2010,7220,989.80,7.3,230.6,244.4
1863,"Hällefors",2011,7140,984.95,7.2,238.9,254.5
1863,"Hällefors",2012,6988,984.95,7.0,245.0,260.6
1863,"Hällefors",2013,6982,984.95,7.1,252.0,266.6
1863,"Hällefors",2014,6936,984.96,7.0,257.3,272.8
1863,"Hällefors",2015,7032,984.96,7.1,259.6,273.9
1863,"Hällefors",2016,7138,984.96,7.2,270.3,288.4
1863,"Hällefors",2017,7109,984.96,7.2,275.1,296.3
1863,"Hällefors",2018,6983,984.96,7.1,283.2,302.7
1863,"Hällefors",2019,7013,984.95,7.1,283.4,304.3
1863,"Hällefors",2020,6896,984.95,7.0,284.3,307.0
1863,"Hällefors",2021,6849,984.99,7.0,294.7,313.3
1863,"Hällefors",2022,6656,984.90,6.8,311.3,329.0
1863,"Hällefors",2023,6495,984.97,6.6,324.5,337.3
1863,"Hällefors",2024,6321,989.73,6.4,337.8,352.0
1863,"Hällefors",2025,6269,989.73,6.3,,
1864,"Ljusnarsberg",2010,4931,578.57,8.5,227.0,234.4
1864,"Ljusnarsberg",2011,4870,575.54,8.5,236.2,245.2
1864,"Ljusnarsberg",2012,4848,575.54,8.4,246.4,252.8
1864,"Ljusnarsberg",2013,4875,575.54,8.5,251.3,257.9
1864,"Ljusnarsberg",2014,4913,575.54,8.5,260.4,266.2
1864,"Ljusnarsberg",2015,4928,575.54,8.6,263.3,268.1
1864,"Ljusnarsberg",2016,5006,575.54,8.7,268.0,274.1
1864,"Ljusnarsberg",2017,4942,575.54,8.6,273.3,280.7
1864,"Ljusnarsberg",2018,4846,575.53,8.4,279.8,286.3
1864,"Ljusnarsberg",2019,4771,575.53,8.3,282.9,288.0
1864,"Ljusnarsberg",2020,4674,575.53,8.1,285.1,294.9
1864,"Ljusnarsberg",2021,4604,575.50,8.0,300.7,307.2
1864,"Ljusnarsberg",2022,4517,575.59,7.8,315.8,320.4
1864,"Ljusnarsberg",2023,4407,575.59,7.7,331.9,338.1
1864,"Ljusnarsberg",2024,4369,578.34,7.6,348.8,355.0
1864,"Ljusnarsberg",2025,4290,578.34,7.4,,
1880,"Örebro",2010,135460,1380.15,98.1,251.5,252.5
1880,"Örebro",2011,137121,1373.15,99.9,259.5,260.7
1880,"Örebro",2012,138952,1373.15,101.1,267.6,269.2
1880,"Örebro",2013,140599,1373.15,102.4,273.8,275.3
1880,"Örebro",2014,142618,1373.02,103.9,280.6,281.4
1880,"Örebro",2015,144200,1373.02,105.0,290.7,290.7
1880,"Örebro",2016,146631,1373.02,106.8,299.8,300.0
1880,"Örebro",2017,150291,1373.02,109.5,307.7,308.3
1880,"Örebro",2018,153367,1373.03,111.7,316.1,316.1
1880,"Örebro",2019,155696,1373.03,113.4,323.6,323.2
1880,"Örebro",2020,156381,1373.03,113.9,327.0,327.7
1880,"Örebro",2021,156987,1373.03,114.3,341.7,339.5
1880,"Örebro",2022,158057,1373.03,115.1,357.8,351.9
1880,"Örebro",2023,159348,1372.30,116.1,372.4,365.8
1880,"Örebro",2024,160140,1378.51,116.2,384.9,378.0
1880,"Örebro",2025,160687,1378.51,116.6,,
1881,"Kumla",2010,20456,205.34,99.6,260.3,262.8
1881,"Kumla",2011,20510,204.18,100.5,266.9,271.3
1881,"Kumla",2012,20738,204.18,101.5,276.4,280.7
1881,"Kumla",2013,20904,204.18,102.4,281.1,287.5
1881,"Kumla",2014,21016,204.20,102.9,289.8,294.1
1881,"Kumla",2015,21154,204.20,103.6,299.4,302.0
1881,"Kumla",2016,21334,204.20,104.5,311.9,312.7
1881,"Kumla",2017,21506,204.20,105.3,321.4,320.8
1881,"Kumla",2018,21640,203.70,106.2,333.0,330.3
1881,"Kumla",2019,21738,203.70,106.7,338.0,338.9
1881,"Kumla",2020,21862,203.70,107.3,340.0,344.2
1881,"Kumla",2021,22144,203.70,108.7,353.9,355.4
1881,"Kumla",2022,22479,203.70,110.4,371.1,366.5
1881,"Kumla",2023,22516,203.64,110.6,385.9,381.4
1881,"Kumla",2024,22681,204.51,110.9,402.8,397.8
1881,"Kumla",2025,22665,204.51,110.8,,
1882,"Askersund",2010,11278,819.88,13.8,256.4,256.4
1882,"Askersund",2011,11134,815.99,13.6,267.2,268.0
1882,"Askersund",2012,11011,815.99,13.4,276.0,275.4
1882,"Askersund",2013,11096,815.99,13.6,285.0,281.8
1882,"Askersund",2014,11119,816.46,13.6,293.2,290.2
1882,"Askersund",2015,11151,816.46,13.7,302.9,300.5
1882,"Askersund",2016,11282,816.46,13.8,313.4,311.6
1882,"Askersund",2017,11175,816.46,13.7,321.9,322.2
1882,"Askersund",2018,11313,816.71,13.9,331.3,329.2
1882,"Askersund",2019,11377,816.71,13.9,338.9,338.0
1882,"Askersund",2020,11471,816.71,14.0,344.2,346.1
1882,"Askersund",2021,11534,816.71,14.1,364.2,360.0
1882,"Askersund",2022,11497,816.71,14.1,378.4,374.5
1882,"Askersund",2023,11478,816.83,14.1,391.3,380.1
1882,"Askersund",2024,11477,820.44,14.0,408.4,398.7
1882,"Askersund",2025,11382,820.44,13.9,,
1883,"Karlskoga",2010,29668,470.68,63.0,265.0,261.5
1883,"Karlskoga",2011,29616,468.23,63.3,272.2,270.1
1883,"Karlskoga",2012,29631,468.23,63.2,282.3,281.8
1883,"Karlskoga",2013,29728,468.23,63.5,285.1,283.6
1883,"Karlskoga",2014,30054,468.24,64.2,289.3,288.6
1883,"Karlskoga",2015,30283,468.24,64.7,297.5,296.0
1883,"Karlskoga",2016,30538,468.24,65.2,304.2,304.3
1883,"Karlskoga",2017,30413,468.24,65.0,311.9,313.9
1883,"Karlskoga",2018,30419,468.24,65.0,322.3,324.8
1883,"Karlskoga",2019,30381,468.24,64.9,331.3,335.5
1883,"Karlskoga",2020,30263,468.24,64.6,335.1,343.4
1883,"Karlskoga",2021,30437,468.24,65.0,349.9,355.2
1883,"Karlskoga",2022,30278,468.24,64.7,366.5,367.2
1883,"Karlskoga",2023,30261,468.30,64.6,385.1,382.0
1883,"Karlskoga",2024,30180,470.46,64.1,404.2,401.5
1883,"Karlskoga",2025,30128,470.46,64.0,,
1884,"Nora",2010,10447,621.85,16.8,259.8,257.7
1884,"Nora",2011,10429,618.49,16.9,266.0,268.7
1884,"Nora",2012,10356,618.49,16.7,275.9,280.0
1884,"Nora",2013,10399,618.49,16.8,280.5,286.4
1884,"Nora",2014,10352,618.54,16.7,287.6,292.0
1884,"Nora",2015,10502,618.54,17.0,296.0,297.8
1884,"Nora",2016,10665,618.54,17.2,302.2,306.0
1884,"Nora",2017,10747,618.54,17.4,309.8,312.9
1884,"Nora",2018,10737,618.60,17.4,319.6,324.6
1884,"Nora",2019,10726,618.60,17.3,328.7,333.1
1884,"Nora",2020,10686,618.59,17.3,331.7,336.2
1884,"Nora",2021,10721,618.59,17.3,350.1,352.6
1884,"Nora",2022,10701,618.59,17.3,368.7,367.7
1884,"Nora",2023,10627,618.57,17.2,385.0,381.4
1884,"Nora",2024,10639,621.48,17.1,400.1,397.6
1884,"Nora",2025,10603,621.48,17.1,,
1885,"Lindesberg",2010,23034,1382.76,16.7,249.1,255.0
1885,"Lindesberg",2011,23108,1377.59,16.8,260.8,267.4
1885,"Lindesberg",2012,22979,1377.59,16.6,270.2,276.1
1885,"Lindesberg",2013,23176,1377.59,16.8,272.4,279.6
1885,"Lindesberg",2014,23269,1377.60,16.9,279.5,284.0
1885,"Lindesberg",2015,23562,1377.60,17.1,287.6,291.9
1885,"Lindesberg",2016,23744,1377.60,17.2,295.5,301.6
1885,"Lindesberg",2017,23613,1377.60,17.1,303.4,313.3
1885,"Lindesberg",2018,23575,1377.51,17.1,311.7,320.3
1885,"Lindesberg",2019,23588,1377.50,17.1,316.5,326.1
1885,"Lindesberg",2020,23658,1377.51,17.2,322.0,331.5
1885,"Lindesberg",2021,23601,1377.50,17.1,335.0,341.9
1885,"Lindesberg",2022,23435,1377.51,17.0,352.6,358.2
1885,"Lindesberg",2023,23292,1377.52,16.9,365.5,367.3
1885,"Lindesberg",2024,23141,1384.00,16.7,380.2,382.9
1885,"Lindesberg",2025,23014,1384.00,16.6,,
19,"Västmanlands län",2010,252756,5144.90,49.1,263.4,260.6
19,"Västmanlands län",2011,254257,5118.15,49.7,272.7,269.4
19,"Västmanlands län",2012,256224,5118.15,50.0,281.2,277.9
19,"Västmanlands län",2013,259054,5118.15,50.6,286.1,283.8
19,"Västmanlands län",2014,261703,5117.69,51.1,292.8,290.6
19,"Västmanlands län",2015,264276,5117.69,51.6,301.1,298.7
19,"Västmanlands län",2016,267629,5117.69,52.3,311.4,308.2
19,"Västmanlands län",2017,271095,5117.69,53.0,319.6,316.2
19,"Västmanlands län",2018,273929,5117.29,53.5,329.2,325.3
19,"Västmanlands län",2019,275845,5117.28,53.9,335.9,333.2
19,"Västmanlands län",2020,277141,5117.28,54.2,339.5,337.3
19,"Västmanlands län",2021,278967,5117.28,54.5,353.8,349.0
19,"Västmanlands län",2022,280713,5117.27,54.9,371.1,362.2
19,"Västmanlands län",2023,280813,5116.49,54.9,387.4,376.7
19,"Västmanlands län",2024,281158,5141.05,54.7,402.9,391.7
19,"Västmanlands län",2025,280756,5141.05,54.6,,
1904,"Skinnskatteberg",2010,4445,662.22,6.7,241.7,248.3
1904,"Skinnskatteberg",2011,4412,659.43,6.7,251.3,259.2
1904,"Skinnskatteberg",2012,4392,659.43,6.6,258.4,268.6
1904,"Skinnskatteberg",2013,4411,659.43,6.7,266.1,274.9
1904,"Skinnskatteberg",2014,4434,659.42,6.7,268.6,280.6
1904,"Skinnskatteberg",2015,4472,659.42,6.8,272.6,286.6
1904,"Skinnskatteberg",2016,4429,659.42,6.7,287.4,294.7
1904,"Skinnskatteberg",2017,4431,659.42,6.7,298.5,311.7
1904,"Skinnskatteberg",2018,4429,659.40,6.7,304.1,315.3
1904,"Skinnskatteberg",2019,4393,659.40,6.7,309.3,324.7
1904,"Skinnskatteberg",2020,4366,659.40,6.6,307.2,321.2
1904,"Skinnskatteberg",2021,4371,659.40,6.6,320.4,334.6
1904,"Skinnskatteberg",2022,4402,659.39,6.7,334.8,345.8
1904,"Skinnskatteberg",2023,4348,659.39,6.6,342.4,351.8
1904,"Skinnskatteberg",2024,4256,662.56,6.4,357.0,369.5
1904,"Skinnskatteberg",2025,4234,662.56,6.4,,
1907,"Surahammar",2010,9949,345.01,28.8,258.8,265.6
1907,"Surahammar",2011,9871,343.81,28.7,267.6,274.8
1907,"Surahammar",2012,9890,343.81,28.7,275.7,285.9
1907,"Surahammar",2013,9834,343.81,28.6,278.3,288.5
1907,"Surahammar",2014,9918,343.90,28.8,283.5,293.7
1907,"Surahammar",2015,9985,343.90,29.0,293.2,301.0
1907,"Surahammar",2016,10059,343.90,29.2,300.1,310.3
1907,"Surahammar",2017,10037,343.90,29.2,310.7,317.0
1907,"Surahammar",2018,10088,343.91,29.3,318.1,324.4
1907,"Surahammar",2019,10106,343.91,29.4,326.9,334.4
1907,"Surahammar",2020,10092,343.91,29.3,329.3,338.2
1907,"Surahammar",2021,10099,343.91,29.4,343.4,350.1
1907,"Surahammar",2022,10033,343.91,29.2,361.8,364.7
1907,"Surahammar",2023,9934,343.94,28.9,374.9,378.1
1907,"Surahammar",2024,9845,345.60,28.5,387.5,392.9
1907,"Surahammar",2025,9733,345.60,28.2,,
1960,"Kungsör",2010,8089,203.29,39.8,256.2,258.1
1960,"Kungsör",2011,8086,202.65,39.9,268.2,268.6
1960,"Kungsör",2012,8030,202.65,39.6,275.3,277.7
1960,"Kungsör",2013,8175,202.65,40.3,274.4,280.7
1960,"Kungsör",2014,8269,202.62,40.8,278.2,287.8
1960,"Kungsör",2015,8343,202.62,41.2,285.3,295.4
1960,"Kungsör",2016,8432,202.62,41.6,292.2,302.8
1960,"Kungsör",2017,8603,202.62,42.5,298.2,311.4
1960,"Kungsör",2018,8667,202.61,42.8,306.3,320.0
1960,"Kungsör",2019,8675,202.61,42.8,313.5,327.3
1960,"Kungsör",2020,8745,202.61,43.2,318.5,330.4
1960,"Kungsör",2021,8787,202.61,43.4,336.1,344.8
1960,"Kungsör",2022,8762,202.61,43.2,353.8,357.1
1960,"Kungsör",2023,8643,202.53,42.7,364.4,375.0
1960,"Kungsör",2024,8694,203.50,42.7,374.9,385.1
1960,"Kungsör",2025,8550,203.50,42.0,,
1961,"Hallstahammar",2010,15175,171.09,88.7,248.6,258.4
1961,"Hallstahammar",2011,15224,170.70,89.2,258.9,267.7
1961,"Hallstahammar",2012,15346,170.70,89.9,265.7,275.6
1961,"Hallstahammar",2013,15524,169.57,91.6,268.8,279.0
1961,"Hallstahammar",2014,15596,169.53,92.0,276.1,285.7
1961,"Hallstahammar",2015,15645,169.53,92.3,285.8,295.3
1961,"Hallstahammar",2016,15843,169.53,93.5,298.2,306.8
1961,"Hallstahammar",2017,15998,169.53,94.4,307.9,314.6
1961,"Hallstahammar",2018,16186,169.52,95.5,314.5,321.0
1961,"Hallstahammar",2019,16346,169.52,96.4,320.5,330.1
1961,"Hallstahammar",2020,16400,169.52,96.7,325.1,335.1
1961,"Hallstahammar",2021,16608,169.52,98.0,337.9,344.0
1961,"Hallstahammar",2022,16711,169.52,98.6,355.2,357.0
1961,"Hallstahammar",2023,16654,169.58,98.2,369.6,370.2
1961,"Hallstahammar",2024,16653,170.40,97.7,383.5,388.3
1961,"Hallstahammar",2025,16600,170.40,97.4,,
1962,"Norberg",2010,5723,419.70,13.6,249.7,261.0
1962,"Norberg",2011,5725,417.80,13.7,258.1,267.4
1962,"Norberg",2012,5630,417.80,13.4,269.3,278.2
1962,"Norberg",2013,5608,417.80,13.4,274.4,284.7
1962,"Norberg",2014,5719,417.86,13.7,278.5,289.5
1962,"Norberg",2015,5803,417.86,13.9,289.4,296.7
1962,"Norberg",2016,5795,417.86,13.9,299.8,307.5
1962,"Norberg",2017,5796,417.86,13.9,307.8,317.6
1962,"Norberg",2018,5795,417.83,13.9,317.6,323.6
1962,"Norberg",2019,5690,417.83,13.6,319.9,329.0
1962,"Norberg",2020,5729,417.83,13.7,318.9,328.6
1962,"Norberg",2021,5714,417.83,13.7,328.0,339.3
1962,"Norberg",2022,5627,417.83,13.5,346.9,355.4
1962,"Norberg",2023,5517,417.86,13.2,361.8,362.9
1962,"Norberg",2024,5452,419.89,13.0,383.3,379.8
1962,"Norberg",2025,5351,419.84,12.7,,
1980,"Västerås",2010,137207,962.78,142.5,274.1,264.5
1980,"Västerås",2011,138709,957.89,144.8,282.4,272.6
1980,"Västerås",2012,140499,957.89,146.6,291.6,280.9
1980,"Västerås",2013,142131,959.02,148.2,297.2,287.6
1980,"Västerås",2014,143702,958.83,149.9,304.4,294.7
1980,"Västerås",2015,145218,958.83,151.5,312.9,303.2
1980,"Västerås",2016,147420,958.83,153.7,323.5,312.8
1980,"Västerås",2017,150134,958.83,156.6,330.9,320.7
1980,"Västerås",2018,152078,958.36,158.7,341.2,330.7
1980,"Västerås",2019,154049,958.36,160.7,348.5,338.1
1980,"Västerås",2020,155551,958.36,162.3,352.6,342.6
1980,"Västerås",2021,156838,958.36,163.7,367.0,355.2
1980,"Västerås",2022,158653,958.36,165.5,384.3,368.2
1980,"Västerås",2023,159662,957.85,166.7,402.6,383.9
1980,"Västerås",2024,160634,962.42,166.9,418.2,399.5
1980,"Västerås",2025,161240,962.42,167.5,,
1981,"Sala",2010,21535,1174.72,18.3,246.5,250.7
1981,"Sala",2011,21568,1166.85,18.5,252.7,256.6
1981,"Sala",2012,21596,1166.85,18.5,259.5,264.4
1981,"Sala",2013,21769,1166.85,18.7,265.6,270.7
1981,"Sala",2014,21925,1166.83,18.8,272.2,277.5
1981,"Sala",2015,22109,1166.83,18.9,280.0,286.2
1981,"Sala",2016,22353,1166.83,19.2,291.8,294.6
1981,"Sala",2017,22631,1166.83,19.4,300.3,302.7
1981,"Sala",2018,22816,1166.88,19.6,309.4,312.8
1981,"Sala",2019,22894,1166.87,19.6,314.6,318.4
1981,"Sala",2020,22867,1166.87,19.6,320.5,326.6
1981,"Sala",2021,22998,1166.87,19.7,331.1,335.2
1981,"Sala",2022,22981,1166.87,19.7,349.7,348.6
1981,"Sala",2023,22853,1166.87,19.6,362.0,360.3
1981,"Sala",2024,22843,1172.54,19.5,380.1,376.3
1981,"Sala",2025,22600,1172.58,19.3,,
1982,"Fagersta",2010,12443,270.74,46.0,260.3,269.8
1982,"Fagersta",2011,12553,269.04,46.7,269.2,280.1
1982,"Fagersta",2012,12634,269.04,46.9,278.3,287.6
1982,"Fagersta",2013,12872,269.04,47.8,280.5,291.3
1982,"Fagersta",2014,13133,269.03,48.8,285.5,295.5
1982,"Fagersta",2015,13286,269.03,49.4,289.3,301.8
1982,"Fagersta",2016,13445,269.03,50.0,296.9,306.7
1982,"Fagersta",2017,13415,269.03,49.9,305.3,314.4
1982,"Fagersta",2018,13464,269.02,50.0,314.4,320.2
1982,"Fagersta",2019,13391,269.02,49.8,322.6,333.4
1982,"Fagersta",2020,13267,269.02,49.3,322.7,336.1
1982,"Fagersta",2021,13319,269.02,49.5,333.5,344.0
1982,"Fagersta",2022,13341,269.02,49.6,351.1,354.0
1982,"Fagersta",2023,13222,269.03,49.1,357.2,366.2
1982,"Fagersta",2024,13072,270.34,48.4,376.1,380.3
1982,"Fagersta",2025,12915,270.34,47.8,,
1983,"Köping",2010,24905,607.76,41.0,247.2,252.8
1983,"Köping",2011,24807,604.55,41.0,261.4,265.3
1983,"Köping",2012,24854,604.55,41.1,268.5,275.2
1983,"Köping",2013,25237,604.55,41.8,272.5,281.1
1983,"Köping",2014,25376,604.27,42.0,280.9,289.7
1983,"Köping",2015,25557,604.27,42.3,290.0,297.9
1983,"Köping",2016,25950,604.27,42.9,299.1,306.1
1983,"Köping",2017,26116,604.27,43.2,308.4,314.1
1983,"Köping",2018,26268,604.32,43.5,315.9,322.6
1983,"Köping",2019,26214,604.32,43.4,320.9,329.3
1983,"Köping",2020,26085,604.32,43.2,320.8,331.9
1983,"Köping",2021,26133,604.32,43.2,339.1,344.5
1983,"Köping",2022,26120,604.32,43.2,353.4,356.1
1983,"Köping",2023,25978,604.23,43.0,368.5,369.9
1983,"Köping",2024,25729,607.08,42.4,380.1,382.8
1983,"Köping",2025,25610,607.08,42.2,,
1984,"Arboga",2010,13285,327.26,40.6,248.2,253.3
1984,"Arboga",2011,13302,325.43,40.9,259.2,262.3
1984,"Arboga",2012,13353,325.43,41.0,265.8,270.9
1984,"Arboga",2013,13493,325.43,41.5,269.3,275.4
1984,"Arboga",2014,13631,325.40,41.9,273.0,280.6
1984,"Arboga",2015,13858,325.40,42.6,280.6,287.8
1984,"Arboga",2016,13903,325.40,42.7,289.7,297.3
1984,"Arboga",2017,13934,325.40,42.8,300.3,307.6
1984,"Arboga",2018,14138,325.44,43.4,311.3,315.8
1984,"Arboga",2019,14087,325.45,43.3,316.2,323.3
1984,"Arboga",2020,14039,325.45,43.1,320.3,326.5
1984,"Arboga",2021,14100,325.45,43.3,335.7,336.9
1984,"Arboga",2022,14083,325.45,43.3,353.2,352.2
1984,"Arboga",2023,14002,325.20,43.1,370.2,366.6
1984,"Arboga",2024,13980,326.73,42.8,387.4,379.7
1984,"Arboga",2025,13929,326.73,42.6,,
20,"Dalarnas län",2010,277047,28196.80,9.8,254.4,257.5
20,"Dalarnas län",2011,276565,28029.61,9.9,261.4,265.3
20,"Dalarnas län",2012,276555,28029.61,9.8,271.8,274.9
20,"Dalarnas län",2013,277349,28029.61,9.9,277.4,280.6
20,"Dalarnas län",2014,278903,28029.47,10.0,285.1,288.3
20,"Dalarnas län",2015,281028,28029.47,10.0,294.2,296.8
20,"Dalarnas län",2016,284531,28029.47,10.2,302.4,305.6
20,"Dalarnas län",2017,286165,28029.47,10.2,309.8,313.2
20,"Dalarnas län",2018,287191,28030.12,10.2,318.8,321.8
20,"Dalarnas län",2019,287966,28030.12,10.3,327.4,329.7
20,"Dalarnas län",2020,287676,28030.13,10.3,331.8,335.7
20,"Dalarnas län",2021,288387,28030.15,10.3,345.3,347.1
20,"Dalarnas län",2022,288310,28030.15,10.3,362.1,359.7
20,"Dalarnas län",2023,287253,28030.07,10.2,377.3,373.3
20,"Dalarnas län",2024,286546,28172.28,10.2,393.9,389.1
20,"Dalarnas län",2025,286043,28172.33,10.2,,
2021,"Vansbro",2010,6805,1548.70,4.4,228.2,230.0
2021,"Vansbro",2011,6818,1539.57,4.4,236.6,240.0
2021,"Vansbro",2012,6779,1539.57,4.4,254.8,255.0
2021,"Vansbro",2013,6730,1539.57,4.4,260.2,260.2
2021,"Vansbro",2014,6694,1539.55,4.3,270.8,267.7
2021,"Vansbro",2015,6715,1539.55,4.4,282.3,281.4
2021,"Vansbro",2016,6884,1539.55,4.5,291.3,289.6
2021,"Vansbro",2017,6837,1539.55,4.4,294.6,296.9
2021,"Vansbro",2018,6807,1540.03,4.4,302.6,305.1
2021,"Vansbro",2019,6805,1540.03,4.4,310.8,313.0
2021,"Vansbro",2020,6801,1540.03,4.4,314.5,319.9
2021,"Vansbro",2021,6776,1540.03,4.4,327.7,332.2
2021,"Vansbro",2022,6800,1540.03,4.4,345.2,343.8
2021,"Vansbro",2023,6728,1540.02,4.4,354.9,355.0
2021,"Vansbro",2024,6752,1547.62,4.4,365.7,367.6
2021,"Vansbro",2025,6741,1547.62,4.4,,
2023,"Malung-Sälen",2010,10356,4105.77,2.5,236.6,244.5
2023,"Malung-Sälen",2011,10262,4085.06,2.5,242.1,252.0
2023,"Malung-Sälen",2012,10178,4085.06,2.4,256.7,262.3
2023,"Malung-Sälen",2013,10061,4085.06,2.5,264.0,268.1
2023,"Malung-Sälen",2014,9969,4084.89,2.4,271.8,278.0
2023,"Malung-Sälen",2015,10036,4084.89,2.5,289.2,289.6
2023,"Malung-Sälen",2016,10091,4084.89,2.5,300.5,301.6
2023,"Malung-Sälen",2017,10114,4084.89,2.5,308.1,310.0
2023,"Malung-Sälen",2018,10106,4085.01,2.5,318.9,319.6
2023,"Malung-Sälen",2019,10138,4085.01,2.5,330.6,327.5
2023,"Malung-Sälen",2020,10177,4085.01,2.5,331.8,332.3
2023,"Malung-Sälen",2021,10218,4085.01,2.5,347.9,344.2
2023,"Malung-Sälen",2022,10258,4085.04,2.5,369.6,359.0
2023,"Malung-Sälen",2023,10260,4084.94,2.5,381.8,371.0
2023,"Malung-Sälen",2024,10254,4105.92,2.5,394.5,388.6
2023,"Malung-Sälen",2025,10192,4105.91,2.5,,
2026,"Gagnef",2010,10097,769.07,13.1,254.8,253.2
2026,"Gagnef",2011,10069,767.15,13.1,262.5,264.2
2026,"Gagnef",2012,10012,767.15,13.0,276.3,277.0
2026,"Gagnef",2013,10023,767.15,13.1,281.7,280.9
2026,"Gagnef",2014,10024,767.17,13.1,290.0,290.5
2026,"Gagnef",2015,10079,767.17,13.1,299.1,299.1
2026,"Gagnef",2016,10175,767.23,13.3,308.6,308.9
2026,"Gagnef",2017,10241,767.23,13.3,318.3,317.6
2026,"Gagnef",2018,10271,767.23,13.4,327.7,327.1
2026,"Gagnef",2019,10304,767.23,13.4,333.6,334.1
2026,"Gagnef",2020,10378,767.23,13.5,341.0,342.2
2026,"Gagnef",2021,10502,767.23,13.7,353.8,352.0
2026,"Gagnef",2022,10499,767.23,13.7,368.4,365.3
2026,"Gagnef",2023,10430,767.20,13.6,383.6,376.9
2026,"Gagnef",2024,10384,770.96,13.5,398.2,392.3
2026,"Gagnef",2025,10307,770.96,13.4,,
2029,"Leksand",2010,15289,1225.87,12.5,257.8,258.3
2029,"Leksand",2011,15238,1221.23,12.5,266.6,268.0
2029,"Leksand",2012,15146,1221.23,12.4,277.5,277.7
2029,"Leksand",2013,15157,1221.23,12.4,281.8,282.3
2029,"Leksand",2014,15252,1221.26,12.5,289.3,289.0
2029,"Leksand",2015,15326,1221.26,12.5,300.8,299.5
2029,"Leksand",2016,15507,1221.20,12.7,308.6,310.8
2029,"Leksand",2017,15640,1221.20,12.8,313.1,315.1
2029,"Leksand",2018,15804,1221.07,12.9,322.8,325.4
2029,"Leksand",2019,15807,1221.17,12.9,331.6,330.7
2029,"Leksand",2020,15801,1221.17,12.9,337.7,336.2
2029,"Leksand",2021,16012,1221.52,13.1,354.6,350.7
2029,"Leksand",2022,16113,1221.52,13.2,370.5,362.7
2029,"Leksand",2023,16043,1221.56,13.1,383.2,372.8
2029,"Leksand",2024,16137,1227.57,13.1,399.0,389.2
2029,"Leksand",2025,16167,1227.57,13.2,,
2031,"Rättvik",2010,10811,1932.02,5.6,240.1,239.7
2031,"Rättvik",2011,10859,1920.66,5.7,243.5,244.2
2031,"Rättvik",2012,10799,1920.66,5.6,255.8,256.0
2031,"Rättvik",2013,10766,1920.66,5.6,264.2,263.8
2031,"Rättvik",2014,10748,1920.67,5.6,271.7,271.3
2031,"Rättvik",2015,10759,1920.67,5.6,282.4,281.7
2031,"Rättvik",2016,10856,1920.67,5.7,291.6,292.3
2031,"Rättvik",2017,10837,1920.67,5.6,299.3,301.3
2031,"Rättvik",2018,10907,1920.88,5.7,308.6,311.5
2031,"Rättvik",2019,10950,1920.78,5.7,318.6,321.5
2031,"Rättvik",2020,11047,1920.78,5.8,325.5,329.9
2031,"Rättvik",2021,11103,1920.78,5.8,334.4,339.0
2031,"Rättvik",2022,11092,1920.78,5.8,348.5,353.4
2031,"Rättvik",2023,11042,1920.81,5.7,360.0,360.6
2031,"Rättvik",2024,10998,1930.48,5.7,375.6,375.4
2031,"Rättvik",2025,10978,1930.46,5.7,,
2034,"Orsa",2010,6922,1742.27,4.0,223.0,230.4
2034,"Orsa",2011,6867,1730.85,4.0,228.3,235.3
2034,"Orsa",2012,6835,1730.85,3.9,243.0,248.1
2034,"Orsa",2013,6849,1730.85,4.0,249.1,254.3
2034,"Orsa",2014,6812,1730.79,3.9,256.8,264.3
2034,"Orsa",2015,6750,1730.79,3.9,271.6,277.8
2034,"Orsa",2016,6861,1730.79,4.0,282.4,289.0
2034,"Orsa",2017,6887,1730.79,4.0,284.7,291.4
2034,"Orsa",2018,6892,1730.74,4.0,295.1,300.5
2034,"Orsa",2019,6911,1730.73,4.0,302.8,309.6
2034,"Orsa",2020,6877,1730.73,4.0,306.3,312.5
2034,"Orsa",2021,6918,1730.73,4.0,318.5,323.1
2034,"Orsa",2022,6934,1730.73,4.0,335.0,336.3
2034,"Orsa",2023,6908,1730.75,4.0,352.5,352.1
2034,"Orsa",2024,6851,1739.64,3.9,361.4,363.3
2034,"Orsa",2025,6902,1739.65,4.0,,
2039,"Älvdalen",2010,7207,6917.28,1.0,229.1,238.4
2039,"Älvdalen",2011,7184,6871.51,1.0,236.8,245.5
2039,"Älvdalen",2012,7139,6871.51,1.0,250.1,255.7
2039,"Älvdalen",2013,7096,6871.51,1.0,256.8,263.3
2039,"Älvdalen",2014,7052,6871.91,1.0,264.7,270.2
2039,"Älvdalen",2015,7035,6871.91,1.0,284.9,287.8
2039,"Älvdalen",2016,7039,6871.91,1.0,299.0,301.8
2039,"Älvdalen",2017,7068,6871.91,1.0,299.6,303.7
2039,"Älvdalen",2018,7121,6871.32,1.0,312.7,315.5
2039,"Älvdalen",2019,7031,6871.32,1.0,319.2,320.6
2039,"Älvdalen",2020,7033,6871.32,1.0,321.9,326.5
2039,"Älvdalen",2021,7042,6871.32,1.0,330.3,334.0
2039,"Älvdalen",2022,7018,6871.31,1.0,349.0,344.9
2039,"Älvdalen",2023,6929,6871.35,1.0,363.2,359.3
2039,"Älvdalen",2024,6882,6908.70,1.0,375.0,374.9
2039,"Älvdalen",2025,6831,6908.75,1.0,,
2061,"Smedjebacken",2010,10715,953.89,11.2,262.1,262.4
2061,"Smedjebacken",2011,10662,947.92,11.2,271.0,271.1
2061,"Smedjebacken",2012,10650,947.92,11.2,282.1,283.1
2061,"Smedjebacken",2013,10691,947.92,11.3,286.5,288.1
2061,"Smedjebacken",2014,10712,947.95,11.3,293.3,296.7
2061,"Smedjebacken",2015,10790,947.95,11.4,298.5,304.7
2061,"Smedjebacken",2016,10909,947.95,11.5,307.3,314.3
2061,"Smedjebacken",2017,10894,947.95,11.5,318.6,324.0
2061,"Smedjebacken",2018,10897,947.98,11.5,326.9,333.7
2061,"Smedjebacken",2019,10894,947.98,11.5,332.8,340.9
2061,"Smedjebacken",2020,10854,947.98,11.4,337.5,346.0
2061,"Smedjebacken",2021,10933,947.99,11.5,348.4,358.4
2061,"Smedjebacken",2022,10922,947.99,11.5,367.8,372.6
2061,"Smedjebacken",2023,10913,947.97,11.5,383.7,387.0
2061,"Smedjebacken",2024,10823,952.57,11.4,406.0,409.4
2061,"Smedjebacken",2025,10758,952.57,11.3,,
2062,"Mora",2010,20153,2828.12,7.1,249.3,254.7
2062,"Mora",2011,20107,2812.56,7.1,258.4,263.9
2062,"Mora",2012,20082,2812.56,7.1,269.4,273.5
2062,"Mora",2013,19998,2812.56,7.1,277.4,280.0
2062,"Mora",2014,20006,2812.43,7.1,286.5,289.5
2062,"Mora",2015,20101,2812.43,7.1,297.5,298.9
2062,"Mora",2016,20279,2812.43,7.2,308.2,309.8
2062,"Mora",2017,20369,2812.43,7.2,316.8,318.4
2062,"Mora",2018,20390,2812.47,7.2,325.8,326.4
2062,"Mora",2019,20470,2812.47,7.3,336.1,335.3
2062,"Mora",2020,20492,2812.47,7.3,338.2,339.3
2062,"Mora",2021,20670,2812.47,7.3,349.9,349.0
2062,"Mora",2022,20679,2812.47,7.4,365.8,361.4
2062,"Mora",2023,20536,2812.45,7.3,384.1,378.0
2062,"Mora",2024,20540,2826.74,7.3,400.8,392.6
2062,"Mora",2025,20419,2826.74,7.2,,
2080,"Falun",2010,56044,2051.90,27.3,266.1,263.0
2080,"Falun",2011,56124,2040.13,27.5,275.2,270.4
2080,"Falun",2012,56432,2040.13,27.6,284.7,280.3
2080,"Falun",2013,56767,2040.13,27.8,290.2,286.2
2080,"Falun",2014,56896,2040.27,27.9,298.0,293.8
2080,"Falun",2015,57062,2040.27,28.0,307.4,302.3
2080,"Falun",2016,57685,2040.27,28.3,316.0,311.2
2080,"Falun",2017,58340,2040.27,28.6,324.9,320.8
2080,"Falun",2018,58923,2040.18,28.9,334.4,329.8
2080,"Falun",2019,59406,2040.18,29.1,344.6,338.5
2080,"Falun",2020,59528,2040.18,29.2,351.6,346.3
2080,"Falun",2021,59837,2039.85,29.3,367.4,359.9
2080,"Falun",2022,59818,2039.84,29.3,383.8,371.9
2080,"Falun",2023,59986,2039.80,29.4,400.0,386.0
2080,"Falun",2024,59945,2049.88,29.2,416.9,402.9
2080,"Falun",2025,59974,2049.88,29.3,,
2081,"Borlänge",2010,49251,586.74,83.9,252.7,260.1
2081,"Borlänge",2011,49323,583.87,84.5,256.2,265.8
2081,"Borlänge",2012,49482,583.87,84.7,264.9,273.0
2081,"Borlänge",2013,50023,583.87,85.7,270.3,280.3
2081,"Borlänge",2014,50715,583.92,86.9,277.8,286.0
2081,"Borlänge",2015,50988,583.92,87.3,286.3,294.5
2081,"Borlänge",2016,51604,583.92,88.4,293.4,302.4
2081,"Borlänge",2017,51964,583.92,89.0,301.3,308.5
2081,"Borlänge",2018,52224,583.85,89.4,310.2,317.0
2081,"Borlänge",2019,52590,583.85,90.1,317.7,324.6
2081,"Borlänge",2020,52394,583.87,89.7,320.1,329.6
2081,"Borlänge",2021,52254,583.87,89.5,332.7,338.4
2081,"Borlänge",2022,52178,583.87,89.4,349.7,351.8
2081,"Borlänge",2023,51735,583.88,88.6,363.7,364.5
2081,"Borlänge",2024,51425,586.74,87.6,377.4,378.1
2081,"Borlänge",2025,51354,586.74,87.5,,
2082,"Säter",2010,10840,573.91,18.9,259.6,263.8
2082,"Säter",2011,10861,570.33,19.0,265.1,270.5
2082,"Säter",2012,10851,570.33,19.0,274.5,280.5
2082,"Säter",2013,10873,570.33,19.1,281.0,286.6
2082,"Säter",2014,10886,570.33,19.1,290.7,295.2
2082,"Säter",2015,11009,570.33,19.3,301.3,303.1
2082,"Säter",2016,11086,570.33,19.4,314.4,313.6
2082,"Säter",2017,11160,570.33,19.6,320.8,323.9
2082,"Säter",2018,11123,570.33,19.5,330.2,331.8
2082,"Säter",2019,11093,570.33,19.5,339.3,340.5
2082,"Säter",2020,11161,570.31,19.6,342.3,343.1
2082,"Säter",2021,11242,570.31,19.7,358.9,357.4
2082,"Säter",2022,11271,570.31,19.8,371.8,369.7
2082,"Säter",2023,11243,570.29,19.7,385.5,382.1
2082,"Säter",2024,11223,573.09,19.6,405.0,396.6
2082,"Säter",2025,11222,573.09,19.6,,
2083,"Hedemora",2010,15164,839.92,18.1,248.0,256.8
2083,"Hedemora",2011,15119,835.10,18.1,256.0,263.8
2083,"Hedemora",2012,15064,835.10,18.0,264.1,271.4
2083,"Hedemora",2013,15021,835.10,18.0,265.6,271.9
2083,"Hedemora",2014,15085,834.75,18.1,274.3,283.3
2083,"Hedemora",2015,15235,834.79,18.3,282.0,287.5
2083,"Hedemora",2016,15461,834.79,18.5,290.8,296.1
2083,"Hedemora",2017,15566,834.79,18.6,295.4,302.6
2083,"Hedemora",2018,15457,835.52,18.5,303.2,310.1
2083,"Hedemora",2019,15491,835.52,18.5,310.7,317.6
2083,"Hedemora",2020,15462,835.52,18.5,315.4,324.0
2083,"Hedemora",2021,15458,835.52,18.5,328.7,335.6
2083,"Hedemora",2022,15443,835.52,18.5,343.2,347.2
2083,"Hedemora",2023,15345,835.50,18.4,358.1,360.2
2083,"Hedemora",2024,15281,838.62,18.2,373.5,375.8
2083,"Hedemora",2025,15025,838.63,17.9,,
2084,"Avesta",2010,21583,615.67,35.1,261.8,270.2
2084,"Avesta",2011,21486,613.25,35.0,269.6,278.8
2084,"Avesta",2012,21467,613.25,35.0,278.8,288.3
2084,"Avesta",2013,21582,613.25,35.2,281.8,291.0
2084,"Avesta",2014,22022,613.20,35.9,286.3,295.1
2084,"Avesta",2015,22781,613.16,37.2,289.3,298.8
2084,"Avesta",2016,23161,613.16,37.8,292.0,303.1
2084,"Avesta",2017,23256,613.16,37.9,299.9,307.3
2084,"Avesta",2018,23323,613.17,38.0,310.2,316.4
2084,"Avesta",2019,23178,613.17,37.8,319.1,326.0
2084,"Avesta",2020,23067,613.17,37.6,323.3,332.1
2084,"Avesta",2021,22925,613.17,37.4,335.2,343.3
2084,"Avesta",2022,22932,613.17,37.4,357.9,358.1
2084,"Avesta",2023,22753,613.14,37.1,369.6,372.3
2084,"Avesta",2024,22417,616.17,36.4,387.3,389.1
2084,"Avesta",2025,22366,616.17,36.3,,
2085,"Ludvika",2010,25810,1498.93,17.2,260.1,263.4
2085,"Ludvika",2011,25586,1490.42,17.2,266.8,271.7
2085,"Ludvika",2012,25639,1490.42,17.2,277.2,280.7
2085,"Ludvika",2013,25712,1490.42,17.3,283.8,289.0
2085,"Ludvika",2014,26030,1490.37,17.5,290.9,296.3
2085,"Ludvika",2015,26362,1490.37,17.7,296.5,303.2
2085,"Ludvika",2016,26933,1490.37,18.1,302.6,309.7
2085,"Ludvika",2017,26992,1490.37,18.1,309.3,318.0
2085,"Ludvika",2018,26946,1490.33,18.1,314.2,325.0
2085,"Ludvika",2019,26898,1490.34,18.0,321.2,330.7
2085,"Ludvika",2020,26604,1490.34,17.9,324.8,336.2
2085,"Ludvika",2021,26497,1490.34,17.8,338.2,346.5
2085,"Ludvika",2022,26353,1490.34,17.7,353.1,358.9
2085,"Ludvika",2023,26402,1490.39,17.7,374.4,376.4
2085,"Ludvika",2024,26634,1497.59,17.8,400.3,399.1
2085,"Ludvika",2025,26812,1497.59,17.9,,
21,"Gävleborgs län",2010,276508,18200.20,15.2,255.9,257.4
21,"Gävleborgs län",2011,276130,18119.34,15.2,263.4,265.1
21,"Gävleborgs län",2012,276637,18119.34,15.2,270.2,272.4
21,"Gävleborgs län",2013,277970,18119.34,15.3,275.4,278.5
21,"Gävleborgs län",2014,279991,18118.44,15.5,281.2,285.0
21,"Gävleborgs län",2015,281815,18118.44,15.6,290.0,293.1
21,"Gävleborgs län",2016,284586,18118.44,15.7,298.9,301.8
21,"Gävleborgs län",2017,285637,18118.44,15.8,307.7,310.4
21,"Gävleborgs län",2018,286547,18113.25,15.8,316.7,318.6
21,"Gävleborgs län",2019,287382,18113.25,15.9,324.7,326.2
21,"Gävleborgs län",2020,287502,18113.25,15.9,328.3,331.4
21,"Gävleborgs län",2021,287767,18113.23,15.9,344.3,344.7
21,"Gävleborgs län",2022,287334,18113.24,15.9,360.0,356.2
21,"Gävleborgs län",2023,285642,18113.07,15.8,373.1,369.0
21,"Gävleborgs län",2024,284558,18207.76,15.6,388.7,383.2
21,"Gävleborgs län",2025,283452,18207.77,15.6,,
2101,"Ockelbo",2010,5936,1069.59,5.5,246.7,250.6
2101,"Ockelbo",2011,5907,1064.97,5.5,250.9,255.5
2101,"Ockelbo",2012,5850,1064.97,5.4,257.5,261.1
2101,"Ockelbo",2013,5785,1064.97,5.4,263.2,266.0
2101,"Ockelbo",2014,5765,1064.76,5.4,266.3,272.5
2101,"Ockelbo",2015,5849,1064.76,5.5,272.8,277.1
2101,"Ockelbo",2016,5856,1064.76,5.5,277.3,283.5
2101,"Ockelbo",2017,5896,1064.76,5.5,286.4,289.5
2101,"Ockelbo",2018,5906,1064.72,5.5,295.3,298.6
2101,"Ockelbo",2019,5908,1064.68,5.5,303.0,304.3
2101,"Ockelbo",2020,5884,1064.68,5.5,311.7,314.6
2101,"Ockelbo",2021,5865,1064.69,5.5,329.1,330.9
2101,"Ockelbo",2022,5821,1064.69,5.5,342.5,344.7
2101,"Ockelbo",2023,5758,1064.65,5.4,352.6,356.1
2101,"Ockelbo",2024,5715,1070.14,5.3,371.7,373.6
2101,"Ockelbo",2025,5715,1070.14,5.3,,
2104,"Hofors",2010,9741,411.11,23.7,257.7,270.9
2104,"Hofors",2011,9578,409.94,23.4,269.8,282.6
2104,"Hofors",2012,9521,409.94,23.2,275.9,290.0
2104,"Hofors",2013,9511,409.94,23.2,278.2,291.7
2104,"Hofors",2014,9431,409.95,23.0,289.9,305.3
2104,"Hofors",2015,9435,409.95,23.0,294.9,310.4
2104,"Hofors",2016,9564,409.95,23.3,302.8,317.1
2104,"Hofors",2017,9660,409.95,23.6,312.6,323.3
2104,"Hofors",2018,9602,409.91,23.4,322.6,334.9
2104,"Hofors",2019,9588,409.91,23.4,324.3,338.9
2104,"Hofors",2020,9570,409.91,23.3,324.3,341.5
2104,"Hofors",2021,9578,409.91,23.4,337.0,352.1
2104,"Hofors",2022,9472,409.91,23.1,356.3,365.9
2104,"Hofors",2023,9374,409.87,22.9,369.4,380.4
2104,"Hofors",2024,9281,411.93,22.5,387.7,395.5
2104,"Hofors",2025,9138,411.93,22.2,,
2121,"Ovanåker",2010,11440,1883.46,6.1,241.7,252.2
2121,"Ovanåker",2011,11404,1873.31,6.1,249.9,262.3
2121,"Ovanåker",2012,11392,1873.31,6.0,254.4,269.2
2121,"Ovanåker",2013,11354,1873.31,6.1,259.9,274.6
2121,"Ovanåker",2014,11432,1873.32,6.1,265.7,280.4
2121,"Ovanåker",2015,11469,1873.32,6.1,274.7,289.8
2121,"Ovanåker",2016,11631,1873.32,6.2,281.6,298.7
2121,"Ovanåker",2017,11609,1873.32,6.2,293.1,307.7
2121,"Ovanåker",2018,11684,1873.32,6.2,301.6,314.0
2121,"Ovanåker",2019,11670,1873.32,6.2,307.6,321.7
2121,"Ovanåker",2020,11672,1873.32,6.2,309.5,326.0
2121,"Ovanåker",2021,11711,1873.32,6.3,323.9,342.1
2121,"Ovanåker",2022,11622,1873.32,6.2,337.8,349.9
2121,"Ovanåker",2023,11525,1873.28,6.2,351.8,362.9
2121,"Ovanåker",2024,11341,1882.88,6.0,364.0,372.5
2121,"Ovanåker",2025,11272,1882.88,6.0,,
2132,"Nordanstig",2010,9611,1380.12,7.0,233.4,240.8
2132,"Nordanstig",2011,9533,1370.64,7.0,241.3,247.8
2132,"Nordanstig",2012,9533,1370.64,6.9,248.1,256.2
2132,"Nordanstig",2013,9491,1370.64,6.9,251.8,260.1
2132,"Nordanstig",2014,9493,1370.48,6.9,260.0,267.0
2132,"Nordanstig",2015,9490,1370.48,6.9,270.3,275.1
2132,"Nordanstig",2016,9511,1370.48,6.9,280.2,286.6
2132,"Nordanstig",2017,9481,1370.48,6.9,286.5,293.9
2132,"Nordanstig",2018,9517,1370.06,6.9,293.7,302.1
2132,"Nordanstig",2019,9477,1370.06,6.9,299.5,310.7
2132,"Nordanstig",2020,9483,1370.06,6.9,302.5,314.6
2132,"Nordanstig",2021,9480,1370.06,6.9,318.1,328.7
2132,"Nordanstig",2022,9487,1370.06,6.9,330.7,340.1
2132,"Nordanstig",2023,9370,1370.10,6.8,345.9,347.9
2132,"Nordanstig",2024,9262,1377.60,6.7,359.4,365.1
2132,"Nordanstig",2025,9284,1377.60,6.7,,
2161,"Ljusdal",2010,19065,5288.56,3.6,236.0,237.4
2161,"Ljusdal",2011,18974,5256.70,3.6,242.6,245.0
2161,"Ljusdal",2012,18880,5256.70,3.5,252.4,254.4
2161,"Ljusdal",2013,18931,5256.70,3.6,258.6,260.6
2161,"Ljusdal",2014,18949,5256.37,3.6,265.7,268.1
2161,"Ljusdal",2015,19027,5256.37,3.6,271.8,276.0
2161,"Ljusdal",2016,19067,5256.37,3.6,280.6,284.8
2161,"Ljusdal",2017,19028,5256.37,3.6,288.2,292.0
2161,"Ljusdal",2018,19033,5256.40,3.6,299.0,300.7
2161,"Ljusdal",2019,18949,5256.40,3.6,306.8,310.2
2161,"Ljusdal",2020,18867,5256.40,3.6,310.3,316.5
2161,"Ljusdal",2021,18804,5256.40,3.6,326.1,330.2
2161,"Ljusdal",2022,18771,5256.40,3.6,343.1,343.5
2161,"Ljusdal",2023,18538,5256.45,3.5,358.7,357.5
2161,"Ljusdal",2024,18445,5283.71,3.5,371.4,369.4
2161,"Ljusdal",2025,18377,5283.71,3.5,,
2180,"Gävle",2010,95055,1615.08,58.9,268.6,267.3
2180,"Gävle",2011,95428,1613.37,59.1,273.1,272.6
2180,"Gävle",2012,96170,1613.37,59.6,278.5,278.7
2180,"Gävle",2013,97236,1613.37,60.3,284.1,285.7
2180,"Gävle",2014,98314,1613.84,60.9,289.9,291.7
2180,"Gävle",2015,98877,1613.84,61.3,300.2,301.2
2180,"Gävle",2016,99788,1613.84,61.8,310.9,311.3
2180,"Gävle",2017,100603,1613.84,62.3,320.6,320.8
2180,"Gävle",2018,101455,1612.98,62.9,329.8,329.8
2180,"Gävle",2019,102418,1613.03,63.5,337.8,337.7
2180,"Gävle",2020,102904,1613.03,63.8,341.4,341.9
2180,"Gävle",2021,103136,1613.03,63.9,357.4,353.4
2180,"Gävle",2022,103493,1613.03,64.2,372.8,365.5
2180,"Gävle",2023,103532,1612.99,64.2,386.2,378.7
2180,"Gävle",2024,103838,1621.46,64.0,402.3,394.0
2180,"Gävle",2025,104108,1621.46,64.2,,
2181,"Sandviken",2010,36916,1167.37,31.6,265.6,271.6
2181,"Sandviken",2011,36995,1166.40,31.7,277.7,280.9
2181,"Sandviken",2012,37089,1166.40,31.8,283.3,288.4
2181,"Sandviken",2013,37250,1166.40,31.9,285.8,291.7
2181,"Sandviken",2014,37833,1165.78,32.5,289.8,298.3
2181,"Sandviken",2015,38314,1165.78,32.9,297.9,304.6
2181,"Sandviken",2016,38949,1165.78,33.4,304.0,309.3
2181,"Sandviken",2017,39259,1165.78,33.7,309.4,315.3
2181,"Sandviken",2018,39208,1165.58,33.6,316.4,322.4
2181,"Sandviken",2019,39234,1165.58,33.7,327.6,330.8
2181,"Sandviken",2020,39290,1165.58,33.7,329.2,335.0
2181,"Sandviken",2021,39250,1165.56,33.7,347.3,348.3
2181,"Sandviken",2022,39098,1165.57,33.5,364.6,361.2
2181,"Sandviken",2023,38628,1165.46,33.1,373.6,374.7
2181,"Sandviken",2024,38360,1171.38,32.7,394.2,391.9
2181,"Sandviken",2025,38033,1171.37,32.5,,
2182,"Söderhamn",2010,25647,1064.92,24.1,244.6,245.7
2182,"Söderhamn",2011,25334,1060.77,23.9,253.1,255.9
2182,"Söderhamn",2012,25223,1060.77,23.7,261.0,263.2
2182,"Söderhamn",2013,25442,1060.77,24.0,265.9,269.5
2182,"Söderhamn",2014,25456,1060.85,24.0,270.7,275.0
2182,"Söderhamn",2015,25785,1060.85,24.3,278.8,283.4
2182,"Söderhamn",2016,25992,1060.85,24.5,288.5,293.5
2182,"Söderhamn",2017,25782,1060.85,24.3,296.0,301.5
2182,"Söderhamn",2018,25721,1059.41,24.3,303.4,306.6
2182,"Söderhamn",2019,25643,1059.41,24.2,310.2,314.3
2182,"Söderhamn",2020,25492,1059.42,24.1,313.8,320.0
2182,"Söderhamn",2021,25446,1059.42,24.0,326.7,334.0
2182,"Söderhamn",2022,25258,1059.42,23.8,341.5,344.3
2182,"Söderhamn",2023,24858,1059.43,23.5,356.3,357.2
2182,"Söderhamn",2024,24545,1065.06,23.0,367.9,369.5
2182,"Söderhamn",2025,24163,1065.09,22.7,,
2183,"Bollnäs",2010,26248,1821.31,14.4,241.0,246.8
2183,"Bollnäs",2011,26193,1814.35,14.4,247.8,254.7
2183,"Bollnäs",2012,26158,1814.35,14.4,257.8,263.4
2183,"Bollnäs",2013,26141,1814.35,14.4,262.1,268.4
2183,"Bollnäs",2014,26394,1814.04,14.5,265.3,273.9
2183,"Bollnäs",2015,26594,1814.04,14.7,273.3,281.3
2183,"Bollnäs",2016,26929,1814.04,14.8,279.7,291.1
2183,"Bollnäs",2017,26918,1814.04,14.8,288.8,298.2
2183,"Bollnäs",2018,26991,1814.05,14.9,298.8,305.1
2183,"Bollnäs",2019,26888,1814.05,14.8,305.4,312.0
2183,"Bollnäs",2020,26809,1814.05,14.8,310.6,317.6
2183,"Bollnäs",2021,26753,1814.05,14.7,326.2,330.4
2183,"Bollnäs",2022,26624,1814.05,14.7,337.8,338.7
2183,"Bollnäs",2023,26414,1814.01,14.6,350.3,350.6
2183,"Bollnäs",2024,26243,1823.40,14.4,364.2,364.2
2183,"Bollnäs",2025,26018,1823.39,14.3,,
2184,"Hudiksvall",2010,36849,2497.49,14.8,251.7,252.2
2184,"Hudiksvall",2011,36784,2488.89,14.8,261.0,261.5
2184,"Hudiksvall",2012,36821,2488.89,14.7,269.3,270.2
2184,"Hudiksvall",2013,36829,2488.89,14.8,276.6,278.0
2184,"Hudiksvall",2014,36924,2489.05,14.8,283.8,283.9
2184,"Hudiksvall",2015,36975,2489.05,14.9,292.5,290.7
2184,"Hudiksvall",2016,37299,2489.05,15.0,301.6,299.4
2184,"Hudiksvall",2017,37401,2489.05,15.0,311.9,309.0
2184,"Hudiksvall",2018,37430,2486.81,15.1,321.7,318.6
2184,"Hudiksvall",2019,37607,2486.81,15.1,330.3,327.0
2184,"Hudiksvall",2020,37531,2486.80,15.1,335.2,334.0
2184,"Hudiksvall",2021,37744,2486.80,15.2,352.2,350.9
2184,"Hudiksvall",2022,37688,2486.80,15.2,370.1,362.6
2184,"Hudiksvall",2023,37645,2486.84,15.1,384.2,374.2
2184,"Hudiksvall",2024,37528,2500.21,15.0,397.5,386.7
2184,"Hudiksvall",2025,37341,2500.22,14.9,,
22,"Västernorrlands län",2010,242625,21684.50,11.2,263.3,263.9
22,"Västernorrlands län",2011,242155,21551.67,11.2,270.8,270.7
22,"Västernorrlands län",2012,241981,21551.67,11.2,280.1,279.7
22,"Västernorrlands län",2013,242156,21551.67,11.2,286.0,286.7
22,"Västernorrlands län",2014,243061,21548.74,11.3,293.1,293.0
22,"Västernorrlands län",2015,243897,21548.74,11.3,301.4,301.2
22,"Västernorrlands län",2016,245572,21548.74,11.4,311.4,310.6
22,"Västernorrlands län",2017,245968,21548.74,11.4,319.0,318.3
22,"Västernorrlands län",2018,245453,21548.50,11.4,329.1,327.8
22,"Västernorrlands län",2019,245347,21548.49,11.4,336.6,336.5
22,"Västernorrlands län",2020,244554,21548.49,11.3,341.9,342.3
22,"Västernorrlands län",2021,244193,21548.49,11.3,355.4,354.2
22,"Västernorrlands län",2022,243265,21548.49,11.3,370.2,365.9
22,"Västernorrlands län",2023,242148,21550.60,11.2,387.7,381.4
22,"Västernorrlands län",2024,241458,21673.48,11.1,402.6,397.2
22,"Västernorrlands län",2025,240640,21673.60,11.1,,
2260,"Ånge",2010,10053,3068.08,3.3,247.4,253.1
2260,"Ånge",2011,9839,3051.36,3.2,255.1,261.2
2260,"Ånge",2012,9639,3051.36,3.1,267.1,270.7
2260,"Ånge",2013,9548,3051.36,3.1,267.7,275.5
2260,"Ånge",2014,9484,3050.26,3.1,273.9,281.9
2260,"Ånge",2015,9493,3050.26,3.1,279.3,288.0
2260,"Ånge",2016,9495,3050.26,3.1,292.9,298.7
2260,"Ånge",2017,9480,3050.26,3.1,299.0,305.6
2260,"Ånge",2018,9411,3050.17,3.1,309.0,315.5
2260,"Ånge",2019,9316,3050.17,3.1,313.0,322.3
2260,"Ånge",2020,9226,3050.17,3.0,320.5,329.4
2260,"Ånge",2021,9233,3050.17,3.0,330.7,337.9
2260,"Ånge",2022,9143,3050.17,3.0,343.6,348.7
2260,"Ånge",2023,9109,3050.19,3.0,356.2,360.6
2260,"Ånge",2024,9044,3066.50,2.9,375.2,378.5
2260,"Ånge",2025,9000,3066.50,2.9,,
2262,"Timrå",2010,17990,787.98,22.8,259.2,260.1
2262,"Timrå",2011,18026,783.30,23.0,267.5,269.3
2262,"Timrå",2012,17997,783.30,22.9,276.1,278.0
2262,"Timrå",2013,18062,783.30,23.1,280.8,283.1
2262,"Timrå",2014,18025,783.26,23.0,288.1,290.7
2262,"Timrå",2015,17987,783.26,23.0,295.5,297.9
2262,"Timrå",2016,17992,783.26,23.0,307.7,310.2
2262,"Timrå",2017,18030,783.26,23.0,317.4,318.3
2262,"Timrå",2018,18060,783.16,23.1,325.0,326.8
2262,"Timrå",2019,17979,783.16,23.0,331.2,335.2
2262,"Timrå",2020,17963,783.16,22.9,333.7,340.1
2262,"Timrå",2021,17923,783.16,22.9,348.3,352.6
2262,"Timrå",2022,17754,783.16,22.7,364.5,365.9
2262,"Timrå",2023,17540,783.22,22.4,381.3,379.9
2262,"Timrå",2024,17521,787.62,22.2,396.7,397.3
2262,"Timrå",2025,17465,787.68,22.2,,
2280,"Härnösand",2010,24611,1064.50,23.1,250.9,256.5
2280,"Härnösand",2011,24541,1058.36,23.2,256.7,261.8
2280,"Härnösand",2012,24398,1058.36,23.0,264.5,269.4
2280,"Härnösand",2013,24509,1058.36,23.2,269.2,275.6
2280,"Härnösand",2014,24755,1058.32,23.4,274.6,281.0
2280,"Härnösand",2015,25066,1058.32,23.7,280.5,286.0
2280,"Härnösand",2016,25269,1058.32,23.9,288.3,294.4
2280,"Härnösand",2017,25190,1058.38,23.8,295.6,301.3
2280,"Härnösand",2018,25120,1058.27,23.7,303.6,310.7
2280,"Härnösand",2019,25183,1058.27,23.8,310.1,316.9
2280,"Härnösand",2020,25114,1058.27,23.7,317.0,323.9
2280,"Härnösand",2021,25012,1058.27,23.6,332.4,336.7
2280,"Härnösand",2022,24879,1058.27,23.5,347.3,347.8
2280,"Härnösand",2023,24654,1058.27,23.3,360.3,359.0
2280,"Härnösand",2024,24515,1064.42,23.0,375.3,375.3
2280,"Härnösand",2025,24348,1064.42,22.9,,
2281,"Sundsvall",2010,95732,3208.70,29.8,273.6,270.4
2281,"Sundsvall",2011,96113,3189.61,30.1,280.8,277.7
2281,"Sundsvall",2012,96687,3189.61,30.3,289.6,286.3
2281,"Sundsvall",2013,96978,3189.61,30.4,296.5,294.4
2281,"Sundsvall",2014,97338,3189.71,30.5,303.5,299.9
2281,"Sundsvall",2015,97633,3189.71,30.6,312.9,308.6
2281,"Sundsvall",2016,98325,3189.71,30.8,324.1,319.0
2281,"Sundsvall",2017,98810,3189.71,31.0,333.4,328.0
2281,"Sundsvall",2018,98850,3189.14,31.0,344.9,338.6
2281,"Sundsvall",2019,99449,3189.14,31.2,354.0,348.9
2281,"Sundsvall",2020,99439,3189.14,31.2,360.4,354.6
2281,"Sundsvall",2021,99383,3189.14,31.2,372.3,366.1
2281,"Sundsvall",2022,99361,3189.14,31.2,386.5,378.4
2281,"Sundsvall",2023,99213,3189.26,31.1,405.2,394.1
2281,"Sundsvall",2024,99048,3206.97,30.9,418.3,409.8
2281,"Sundsvall",2025,98962,3206.97,30.9,,
2282,"Kramfors",2010,18911,1705.51,11.1,242.7,249.5
2282,"Kramfors",2011,18742,1694.76,11.1,248.8,255.2
2282,"Kramfors",2012,18516,1694.76,10.9,259.0,265.3
2282,"Kramfors",2013,18450,1694.76,10.9,263.8,272.5
2282,"Kramfors",2014,18435,1694.65,10.9,271.6,278.0
2282,"Kramfors",2015,18359,1694.65,10.8,278.6,287.2
2282,"Kramfors",2016,18681,1694.65,11.0,284.6,293.4
2282,"Kramfors",2017,18610,1694.59,11.0,289.5,298.7
2282,"Kramfors",2018,18423,1694.63,10.9,298.2,307.7
2282,"Kramfors",2019,18282,1694.63,10.8,302.8,314.0
2282,"Kramfors",2020,18133,1694.63,10.7,306.4,318.4
2282,"Kramfors",2021,18005,1694.63,10.6,321.7,332.0
2282,"Kramfors",2022,17904,1694.63,10.6,333.1,339.5
2282,"Kramfors",2023,17631,1694.62,10.4,347.3,354.2
2282,"Kramfors",2024,17491,1704.69,10.3,362.3,365.4
2282,"Kramfors",2025,17390,1704.70,10.2,,
2283,"Sollefteå",2010,20255,5428.06,3.7,240.8,247.9
2283,"Sollefteå",2011,19964,5397.82,3.7,246.2,252.4
2283,"Sollefteå",2012,19736,5397.82,3.6,256.7,262.1
2283,"Sollefteå",2013,19623,5397.82,3.6,263.3,268.2
2283,"Sollefteå",2014,19776,5396.48,3.7,268.7,274.2
2283,"Sollefteå",2015,19783,5396.48,3.7,274.4,280.0
2283,"Sollefteå",2016,19846,5396.48,3.7,284.0,290.0
2283,"Sollefteå",2017,19709,5396.48,3.7,290.8,296.9
2283,"Sollefteå",2018,19500,5396.59,3.6,299.1,305.3
2283,"Sollefteå",2019,19140,5396.59,3.5,305.4,312.6
2283,"Sollefteå",2020,18872,5396.59,3.5,311.9,320.0
2283,"Sollefteå",2021,18814,5396.59,3.5,323.0,328.8
2283,"Sollefteå",2022,18667,5396.59,3.5,336.5,339.9
2283,"Sollefteå",2023,18523,5398.48,3.4,351.8,353.9
2283,"Sollefteå",2024,18396,5427.42,3.4,366.4,365.6
2283,"Sollefteå",2025,18138,5427.44,3.3,,
2284,"Örnsköldsvik",2010,55073,6420.97,8.6,269.4,271.1
2284,"Örnsköldsvik",2011,54930,6376.46,8.6,278.7,277.7
2284,"Örnsköldsvik",2012,55008,6376.46,8.6,288.0,286.7
2284,"Örnsköldsvik",2013,54986,6376.46,8.6,293.8,293.6
2284,"Örnsköldsvik",2014,55248,6376.05,8.7,302.3,301.8
2284,"Örnsköldsvik",2015,55576,6376.05,8.7,311.4,310.6
2284,"Örnsköldsvik",2016,55964,6376.05,8.8,320.5,319.2
2284,"Örnsköldsvik",2017,56139,6376.05,8.8,325.4,325.2
2284,"Örnsköldsvik",2018,56089,6376.54,8.8,335.3,334.5
2284,"Örnsköldsvik",2019,55998,6376.53,8.8,342.0,342.6
2284,"Örnsköldsvik",2020,55807,6376.53,8.8,345.4,347.3
2284,"Örnsköldsvik",2021,55823,6376.53,8.8,360.9,359.9
2284,"Örnsköldsvik",2022,55557,6376.53,8.7,377.7,374.3
2284,"Örnsköldsvik",2023,55478,6376.55,8.7,397.4,391.0
2284,"Örnsköldsvik",2024,55443,6415.86,8.6,414.4,408.2
2284,"Örnsköldsvik",2025,55338,6415.89,8.6,,
23,"Jämtlands län",2010,126691,49343.10,2.6,246.0,247.8
23,"Jämtlands län",2011,126299,48944.80,2.6,251.9,254.6
23,"Jämtlands län",2012,126201,48944.80,2.5,262.2,263.9
23,"Jämtlands län",2013,126461,48944.80,2.6,268.9,270.6
23,"Jämtlands län",2014,126765,48935.42,2.6,275.1,276.7
23,"Jämtlands län",2015,127376,48935.42,2.6,286.0,286.0
23,"Jämtlands län",2016,128673,48935.42,2.6,296.1,296.1
23,"Jämtlands län",2017,129806,48935.42,2.7,304.5,304.6
23,"Jämtlands län",2018,130280,48935.25,2.7,314.3,313.8
23,"Jämtlands län",2019,130810,48935.24,2.7,321.7,321.1
23,"Jämtlands län",2020,131155,48935.24,2.7,326.8,327.3
23,"Jämtlands län",2021,132054,48935.24,2.7,340.8,340.1
23,"Jämtlands län",2022,132670,48935.26,2.7,359.1,352.8
23,"Jämtlands län",2023,132572,48934.60,2.7,374.9,367.7
23,"Jämtlands län",2024,132839,49205.55,2.7,389.8,382.2
23,"Jämtlands län",2025,132736,49205.47,2.7,,
2303,"Ragunda",2010,5590,2526.22,2.2,238.0,240.4
2303,"Ragunda",2011,5501,2511.14,2.2,244.1,249.4
2303,"Ragunda",2012,5466,2511.14,2.1,253.7,256.6
2303,"Ragunda",2013,5458,2511.14,2.2,258.6,262.6
2303,"Ragunda",2014,5440,2510.96,2.2,265.2,266.9
2303,"Ragunda",2015,5387,2510.96,2.1,270.6,275.5
2303,"Ragunda",2016,5415,2510.96,2.2,278.0,283.8
2303,"Ragunda",2017,5444,2510.96,2.2,284.6,290.5
2303,"Ragunda",2018,5343,2510.89,2.1,291.2,296.8
2303,"Ragunda",2019,5284,2510.89,2.1,297.4,300.3
2303,"Ragunda",2020,5208,2510.89,2.1,302.8,307.4
2303,"Ragunda",2021,5210,2510.89,2.1,315.7,319.2
2303,"Ragunda",2022,5174,2510.89,2.1,327.7,330.0
2303,"Ragunda",2023,5135,2511.10,2.0,345.4,348.6
2303,"Ragunda",2024,5146,2524.79,2.0,357.8,354.0
2303,"Ragunda",2025,5152,2524.79,2.0,,
2305,"Bräcke",2010,6885,3428.89,2.0,233.6,240.8
2305,"Bräcke",2011,6750,3408.20,2.0,238.3,246.1
2305,"Bräcke",2012,6655,3408.20,1.9,248.7,253.2
2305,"Bräcke",2013,6559,3408.20,1.9,254.5,258.9
2305,"Bräcke",2014,6463,3408.09,1.9,260.9,265.8
2305,"Bräcke",2015,6455,3408.09,1.9,265.7,271.9
2305,"Bräcke",2016,6492,3408.09,1.9,274.3,281.6
2305,"Bräcke",2017,6501,3408.09,1.9,281.4,289.5
2305,"Bräcke",2018,6376,3408.10,1.9,287.9,297.4
2305,"Bräcke",2019,6298,3408.10,1.8,291.9,302.0
2305,"Bräcke",2020,6181,3408.10,1.8,300.3,311.8
2305,"Bräcke",2021,6175,3408.10,1.8,313.6,321.2
2305,"Bräcke",2022,6162,3408.10,1.8,328.6,336.3
2305,"Bräcke",2023,6099,3408.12,1.8,342.3,347.8
2305,"Bräcke",2024,6035,3426.54,1.8,359.2,366.7
2305,"Bräcke",2025,5950,3426.54,1.7,,
2309,"Krokom",2010,14535,6218.22,2.3,252.5,253.5
2309,"Krokom",2011,14559,6155.18,2.4,260.5,262.3
2309,"Krokom",2012,14590,6155.18,2.3,272.6,273.7
2309,"Krokom",2013,14643,6155.18,2.4,281.7,282.4
2309,"Krokom",2014,14648,6154.45,2.4,289.2,290.3
2309,"Krokom",2015,14785,6154.45,2.4,300.5,298.7
2309,"Krokom",2016,14843,6154.45,2.4,310.6,311.3
2309,"Krokom",2017,14925,6154.45,2.4,319.7,320.4
2309,"Krokom",2018,14858,6154.45,2.4,331.4,331.0
2309,"Krokom",2019,14966,6154.45,2.4,340.2,340.8
2309,"Krokom",2020,15054,6154.45,2.4,349.0,348.9
2309,"Krokom",2021,15352,6154.45,2.5,362.7,360.8
2309,"Krokom",2022,15532,6154.47,2.5,383.0,377.0
2309,"Krokom",2023,15595,6154.26,2.5,401.6,393.9
2309,"Krokom",2024,15680,6188.44,2.5,419.3,407.8
2309,"Krokom",2025,15795,6188.44,2.6,,
2313,"Strömsund",2010,12185,10566.84,1.2,231.5,236.2
2313,"Strömsund",2011,12171,10465.08,1.2,236.0,243.1
2313,"Strömsund",2012,12138,10465.08,1.1,247.6,253.5
2313,"Strömsund",2013,11984,10465.08,1.2,254.7,260.7
2313,"Strömsund",2014,11873,10464.65,1.1,262.3,267.7
2313,"Strömsund",2015,11712,10464.65,1.1,273.7,277.0
2313,"Strömsund",2016,11809,10464.65,1.1,282.0,285.4
2313,"Strömsund",2017,11791,10464.65,1.1,289.1,292.1
2313,"Strömsund",2018,11703,10464.23,1.1,299.7,298.7
2313,"Strömsund",2019,11605,10464.22,1.1,306.3,307.7
2313,"Strömsund",2020,11488,10464.22,1.1,308.9,312.4
2313,"Strömsund",2021,11473,10464.22,1.1,318.4,324.0
2313,"Strömsund",2022,11397,10464.24,1.1,338.8,336.1
2313,"Strömsund",2023,11113,10464.12,1.1,352.5,349.0
2313,"Strömsund",2024,11023,10523.24,1.0,362.5,357.7
2313,"Strömsund",2025,10904,10523.21,1.0,,
2321,"Åre",2010,10274,7262.75,1.4,236.7,237.8
2321,"Åre",2011,10259,7199.45,1.4,243.3,245.5
2321,"Åre",2012,10406,7199.45,1.4,253.4,254.9
2321,"Åre",2013,10420,7199.45,1.5,257.6,261.0
2321,"Åre",2014,10555,7194.95,1.5,262.3,264.8
2321,"Åre",2015,10677,7194.95,1.5,280.1,278.6
2321,"Åre",2016,11088,7194.95,1.5,290.1,289.9
2321,"Åre",2017,11268,7194.95,1.6,299.2,298.6
2321,"Åre",2018,11529,7195.01,1.6,309.5,307.6
2321,"Åre",2019,11727,7195.00,1.6,318.7,316.4
2321,"Åre",2020,12049,7195.00,1.7,319.2,318.2
2321,"Åre",2021,12271,7195.00,1.7,338.2,332.6
2321,"Åre",2022,12330,7195.00,1.7,363.3,350.9
2321,"Åre",2023,12464,7194.92,1.7,377.6,366.0
2321,"Åre",2024,12693,7236.33,1.8,397.7,382.1
2321,"Åre",2025,12770,7236.33,1.8,,
2326,"Berg",2010,7352,5753.45,1.3,230.8,233.9
2326,"Berg",2011,7345,5711.34,1.3,235.5,239.2
2326,"Berg",2012,7215,5711.34,1.2,244.3,249.1
2326,"Berg",2013,7160,5711.34,1.3,253.2,256.7
2326,"Berg",2014,7067,5710.18,1.2,261.8,263.4
2326,"Berg",2015,7032,5710.18,1.2,270.6,271.7
2326,"Berg",2016,7081,5710.18,1.2,280.9,283.3
2326,"Berg",2017,7122,5710.18,1.2,285.8,289.9
2326,"Berg",2018,7097,5710.25,1.2,295.7,297.7
2326,"Berg",2019,7061,5710.26,1.2,304.8,304.0
2326,"Berg",2020,7120,5710.26,1.2,312.6,314.2
2326,"Berg",2021,7135,5710.25,1.2,321.9,322.9
2326,"Berg",2022,7176,5710.25,1.3,337.6,333.6
2326,"Berg",2023,7140,5710.10,1.3,345.8,341.8
2326,"Berg",2024,7108,5741.37,1.2,360.8,356.4
2326,"Berg",2025,7085,5741.39,1.2,,
2361,"Härjedalen",2010,10454,11364.29,0.9,236.5,239.3
2361,"Härjedalen",2011,10341,11286.10,0.9,243.9,247.6
2361,"Härjedalen",2012,10246,11286.10,0.9,254.6,257.3
2361,"Härjedalen",2013,10281,11286.10,0.9,260.2,263.1
2361,"Härjedalen",2014,10224,11283.83,0.9,266.6,268.1
2361,"Härjedalen",2015,10262,11283.83,0.9,282.4,280.6
2361,"Härjedalen",2016,10200,11283.83,0.9,293.8,292.9
2361,"Härjedalen",2017,10154,11283.83,0.9,301.6,300.1
2361,"Härjedalen",2018,10147,11283.97,0.9,307.5,305.1
2361,"Härjedalen",2019,10090,11283.97,0.9,312.8,314.1
2361,"Härjedalen",2020,10070,11283.97,0.9,316.4,319.3
2361,"Härjedalen",2021,10114,11283.97,0.9,333.5,334.4
2361,"Härjedalen",2022,10185,11283.96,0.9,352.6,346.8
2361,"Härjedalen",2023,10145,11283.67,0.9,365.3,358.8
2361,"Härjedalen",2024,10175,11344.51,0.9,382.8,371.5
2361,"Härjedalen",2025,10117,11344.46,0.9,,
2380,"Östersund",2010,59416,2220.50,26.8,254.0,255.2
2380,"Östersund",2011,59373,2208.31,26.9,259.5,260.8
2380,"Östersund",2012,59485,2208.31,26.9,269.2,270.0
2380,"Östersund",2013,59956,2208.31,27.2,275.9,276.1
2380,"Östersund",2014,60495,2208.29,27.4,281.4,281.4
2380,"Östersund",2015,61066,2208.29,27.7,291.3,290.9
2380,"Östersund",2016,61745,2208.29,28.0,301.6,300.6
2380,"Östersund",2017,62601,2208.29,28.3,310.7,309.4
2380,"Östersund",2018,63227,2208.35,28.6,321.0,320.5
2380,"Östersund",2019,63779,2208.35,28.9,328.3,327.1
2380,"Östersund",2020,63985,2208.35,29.0,333.3,333.2
2380,"Östersund",2021,64324,2208.35,29.1,347.2,345.6
2380,"Östersund",2022,64714,2208.35,29.3,364.0,357.3
2380,"Östersund",2023,64881,2208.31,29.4,380.9,373.3
2380,"Östersund",2024,64979,2220.33,29.3,394.1,388.2
2380,"Östersund",2025,64963,2220.33,29.3,,
24,"Västerbottens län",2010,259286,55189.70,4.7,253.3,257.7
24,"Västerbottens län",2011,259667,54672.14,4.7,261.0,264.7
24,"Västerbottens län",2012,260217,54672.14,4.7,269.4,273.0
24,"Västerbottens län",2013,261112,54672.14,4.8,274.7,279.3
24,"Västerbottens län",2014,262362,54664.60,4.8,281.5,286.0
24,"Västerbottens län",2015,263378,54664.60,4.8,291.1,294.9
24,"Västerbottens län",2016,265881,54664.60,4.9,301.0,303.9
24,"Västerbottens län",2017,268465,54664.60,4.9,308.6,311.9
24,"Västerbottens län",2018,270154,54664.39,4.9,317.6,321.3
24,"Västerbottens län",2019,271736,54664.43,5.0,326.0,330.0
24,"Västerbottens län",2020,273192,54664.42,5.0,330.5,335.4
24,"Västerbottens län",2021,274563,54664.42,5.0,345.7,348.2
24,"Västerbottens län",2022,276295,54664.38,5.1,362.3,362.4
24,"Västerbottens län",2023,278729,54663.57,5.1,381.4,380.4
24,"Västerbottens län",2024,281138,55013.00,5.1,398.1,397.8
24,"Västerbottens län",2025,279028,55012.96,5.1,,
2401,"Nordmaling",2010,7098,1238.66,5.7,252.5,253.4
2401,"Nordmaling",2011,7048,1229.42,5.7,257.0,261.2
2401,"Nordmaling",2012,7039,1229.42,5.7,260.6,264.9
2401,"Nordmaling",2013,7006,1229.42,5.7,264.5,269.3
2401,"Nordmaling",2014,7085,1229.59,5.8,271.1,277.3
2401,"Nordmaling",2015,7060,1229.59,5.7,281.0,286.3
2401,"Nordmaling",2016,7132,1229.59,5.8,291.0,294.5
2401,"Nordmaling",2017,7103,1229.59,5.8,296.3,304.0
2401,"Nordmaling",2018,7118,1230.67,5.8,306.1,314.0
2401,"Nordmaling",2019,7143,1230.67,5.8,313.2,321.9
2401,"Nordmaling",2020,7108,1230.66,5.8,316.1,325.5
2401,"Nordmaling",2021,7100,1230.66,5.8,331.9,335.5
2401,"Nordmaling",2022,7066,1230.66,5.7,349.1,355.2
2401,"Nordmaling",2023,7033,1230.56,5.7,363.3,367.2
2401,"Nordmaling",2024,6942,1238.88,5.6,380.5,385.8
2401,"Nordmaling",2025,6905,1238.88,5.6,,
2403,"Bjurholm",2010,2460,1315.60,1.9,228.4,230.0
2403,"Bjurholm",2011,2431,1306.75,1.9,236.9,242.2
2403,"Bjurholm",2012,2421,1306.75,1.8,243.8,247.6
2403,"Bjurholm",2013,2436,1306.75,1.9,247.4,252.6
2403,"Bjurholm",2014,2451,1306.77,1.9,254.5,259.6
2403,"Bjurholm",2015,2453,1306.77,1.9,265.5,273.1
2403,"Bjurholm",2016,2454,1306.77,1.9,277.1,285.2
2403,"Bjurholm",2017,2451,1306.77,1.9,284.9,292.7
2403,"Bjurholm",2018,2450,1306.73,1.9,290.9,299.3
2403,"Bjurholm",2019,2408,1306.73,1.8,297.7,302.3
2403,"Bjurholm",2020,2387,1306.72,1.8,304.8,312.9
2403,"Bjurholm",2021,2395,1306.72,1.8,319.6,325.6
2403,"Bjurholm",2022,2372,1306.72,1.8,329.9,337.8
2403,"Bjurholm",2023,2348,1306.69,1.8,344.1,349.9
2403,"Bjurholm",2024,2359,1315.22,1.8,357.1,362.5
2403,"Bjurholm",2025,2327,1315.18,1.8,,
2404,"Vindeln",2010,5507,2650.66,2.1,240.7,246.3
2404,"Vindeln",2011,5434,2629.37,2.1,249.7,254.7
2404,"Vindeln",2012,5359,2629.37,2.0,260.8,266.4
2404,"Vindeln",2013,5344,2629.37,2.0,267.2,271.8
2404,"Vindeln",2014,5383,2630.05,2.0,273.0,280.3
2404,"Vindeln",2015,5371,2630.05,2.0,279.7,288.4
2404,"Vindeln",2016,5413,2630.05,2.1,290.2,299.1
2404,"Vindeln",2017,5412,2630.05,2.1,298.7,308.6
2404,"Vindeln",2018,5436,2630.14,2.1,307.5,313.6
2404,"Vindeln",2019,5423,2630.14,2.1,314.2,320.8
2404,"Vindeln",2020,5485,2630.12,2.1,315.9,325.9
2404,"Vindeln",2021,5550,2630.12,2.1,330.3,338.2
2404,"Vindeln",2022,5504,2630.12,2.1,346.2,351.2
2404,"Vindeln",2023,5461,2630.10,2.1,358.8,363.5
2404,"Vindeln",2024,5417,2648.05,2.0,374.8,379.4
2404,"Vindeln",2025,5421,2648.22,2.0,,
2409,"Robertsfors",2010,6831,1301.79,5.2,245.4,251.9
2409,"Robertsfors",2011,6762,1292.21,5.2,253.2,258.5
2409,"Robertsfors",2012,6717,1292.21,5.2,261.6,267.3
2409,"Robertsfors",2013,6738,1292.21,5.2,268.0,274.4
2409,"Robertsfors",2014,6724,1292.32,5.2,274.1,280.0
2409,"Robertsfors",2015,6771,1292.32,5.2,283.4,286.8
2409,"Robertsfors",2016,6784,1292.32,5.2,287.5,293.5
2409,"Robertsfors",2017,6784,1292.32,5.2,294.3,302.5
2409,"Robertsfors",2018,6762,1292.32,5.2,305.5,310.2
2409,"Robertsfors",2019,6747,1292.32,5.2,315.6,322.7
2409,"Robertsfors",2020,6748,1292.33,5.2,322.8,327.4
2409,"Robertsfors",2021,6786,1292.33,5.3,335.9,342.9
2409,"Robertsfors",2022,6759,1292.33,5.2,353.1,355.6
2409,"Robertsfors",2023,6740,1292.34,5.2,366.6,366.0
2409,"Robertsfors",2024,6690,1302.11,5.1,381.4,383.6
2409,"Robertsfors",2025,6595,1302.11,5.1,,
2417,"Norsjö",2010,4304,1751.39,2.5,246.0,254.8
2417,"Norsjö",2011,4237,1739.45,2.4,254.3,264.0
2417,"Norsjö",2012,4172,1739.45,2.4,268.0,277.1
2417,"Norsjö",2013,4175,1739.45,2.4,272.3,280.9
2417,"Norsjö",2014,4180,1739.15,2.4,277.6,286.7
2417,"Norsjö",2015,4176,1739.15,2.4,282.4,293.3
2417,"Norsjö",2016,4125,1739.15,2.4,293.7,303.2
2417,"Norsjö",2017,4086,1739.15,2.3,297.1,304.7
2417,"Norsjö",2018,4094,1739.15,2.4,305.1,313.1
2417,"Norsjö",2019,3986,1739.13,2.3,316.3,323.4
2417,"Norsjö",2020,3945,1739.13,2.3,327.2,330.8
2417,"Norsjö",2021,3971,1739.13,2.3,338.6,341.6
2417,"Norsjö",2022,3947,1739.13,2.3,352.5,352.7
2417,"Norsjö",2023,3924,1739.16,2.3,372.0,374.1
2417,"Norsjö",2024,3968,1751.14,2.3,384.0,384.1
2417,"Norsjö",2025,3811,1751.14,2.2,,
2418,"Malå",2010,3274,1608.72,2.0,261.5,270.0
2418,"Malå",2011,3230,1598.95,2.0,268.5,273.8
2418,"Malå",2012,3196,1598.95,2.0,282.6,284.3
2418,"Malå",2013,3155,1598.95,2.0,286.7,288.1
2418,"Malå",2014,3115,1598.21,1.9,291.3,295.8
2418,"Malå",2015,3109,1598.21,1.9,301.1,306.0
2418,"Malå",2016,3100,1598.21,1.9,312.6,313.8
2418,"Malå",2017,3133,1598.21,2.0,321.0,321.1
2418,"Malå",2018,3122,1598.21,2.0,328.8,332.0
2418,"Malå",2019,3068,1598.21,1.9,336.7,343.7
2418,"Malå",2020,3024,1598.21,1.9,340.8,346.6
2418,"Malå",2021,3034,1598.21,1.9,351.2,353.3
2418,"Malå",2022,3033,1598.21,1.9,360.9,366.0
2418,"Malå",2023,2990,1598.20,1.9,380.9,381.0
2418,"Malå",2024,2962,1608.68,1.8,396.3,391.8
2418,"Malå",2025,2902,1608.68,1.8,,
2421,"Storuman",2010,6120,7378.47,0.8,245.3,247.9
2421,"Storuman",2011,6026,7303.53,0.8,256.1,256.3
2421,"Storuman",2012,6006,7303.53,0.8,262.7,263.1
2421,"Storuman",2013,5954,7303.53,0.8,266.6,267.3
2421,"Storuman",2014,5955,7299.64,0.8,274.1,277.1
2421,"Storuman",2015,5943,7299.64,0.8,288.3,288.2
2421,"Storuman",2016,5899,7299.64,0.8,297.9,297.4
2421,"Storuman",2017,5902,7299.64,0.8,305.0,300.8
2421,"Storuman",2018,5912,7298.87,0.8,310.6,309.4
2421,"Storuman",2019,5852,7298.88,0.8,319.8,318.4
2421,"Storuman",2020,5826,7298.86,0.8,318.8,320.4
2421,"Storuman",2021,5808,7298.86,0.8,328.9,328.3
2421,"Storuman",2022,5747,7298.82,0.8,354.0,346.0
2421,"Storuman",2023,5621,7298.24,0.8,370.1,364.7
2421,"Storuman",2024,5577,7341.79,0.8,387.7,378.5
2421,"Storuman",2025,5543,7341.78,0.8,,
2422,"Sorsele",2010,2736,7464.95,0.4,234.0,243.4
2422,"Sorsele",2011,2729,7368.44,0.4,243.9,250.5
2422,"Sorsele",2012,2673,7368.44,0.3,246.1,254.2
2422,"Sorsele",2013,2595,7368.44,0.4,254.5,260.9
2422,"Sorsele",2014,2565,7367.04,0.3,263.5,271.7
2422,"Sorsele",2015,2516,7367.04,0.3,275.5,283.7
2422,"Sorsele",2016,2535,7367.04,0.3,286.8,298.1
2422,"Sorsele",2017,2516,7367.04,0.3,294.9,302.5
2422,"Sorsele",2018,2522,7366.65,0.3,304.1,313.4
2422,"Sorsele",2019,2489,7366.62,0.3,306.9,313.3
2422,"Sorsele",2020,2442,7366.62,0.3,314.3,319.6
2422,"Sorsele",2021,2460,7366.62,0.3,320.6,329.2
2422,"Sorsele",2022,2436,7366.62,0.3,333.7,335.7
2422,"Sorsele",2023,2387,7366.19,0.3,357.9,355.8
2422,"Sorsele",2024,2357,7411.06,0.3,377.0,373.7
2422,"Sorsele",2025,2362,7411.06,0.3,,
2425,"Dorotea",2010,2878,2795.08,1.0,242.5,253.3
2425,"Dorotea",2011,2862,2764.92,1.0,249.9,261.5
2425,"Dorotea",2012,2794,2764.92,1.0,258.5,270.7
2425,"Dorotea",2013,2757,2764.92,1.0,260.7,272.6
2425,"Dorotea",2014,2757,2764.53,1.0,270.9,285.0
2425,"Dorotea",2015,2740,2764.53,1.0,282.0,292.5
2425,"Dorotea",2016,2719,2764.53,1.0,285.5,298.1
2425,"Dorotea",2017,2646,2764.53,1.0,292.2,305.4
2425,"Dorotea",2018,2568,2764.43,0.9,303.9,318.7
2425,"Dorotea",2019,2551,2764.44,0.9,313.3,327.1
2425,"Dorotea",2020,2498,2764.44,0.9,318.8,333.9
2425,"Dorotea",2021,2459,2764.44,0.9,341.4,346.1
2425,"Dorotea",2022,2413,2764.44,0.9,352.7,358.3
2425,"Dorotea",2023,2339,2764.49,0.8,373.2,377.4
2425,"Dorotea",2024,2294,2780.42,0.8,382.9,387.1
2425,"Dorotea",2025,2241,2780.42,0.8,,
2460,"Vännäs",2010,8414,533.18,15.8,259.9,264.6
2460,"Vännäs",2011,8465,529.49,16.0,268.8,272.1
2460,"Vännäs",2012,8522,529.49,16.0,274.1,278.5
2460,"Vännäs",2013,8583,529.49,16.2,280.2,285.5
2460,"Vännäs",2014,8616,529.49,16.3,288.8,292.1
2460,"Vännäs",2015,8593,529.49,16.2,297.8,300.0
2460,"Vännäs",2016,8695,529.49,16.4,304.5,307.2
2460,"Vännäs",2017,8776,529.49,16.6,311.6,312.8
2460,"Vännäs",2018,8785,529.51,16.6,319.3,322.0
2460,"Vännäs",2019,8872,529.51,16.8,328.9,333.2
2460,"Vännäs",2020,8997,529.51,17.0,334.5,339.0
2460,"Vännäs",2021,9054,529.51,17.1,350.2,352.7
2460,"Vännäs",2022,8963,529.51,16.9,367.1,366.7
2460,"Vännäs",2023,9059,529.51,17.1,385.1,381.6
2460,"Vännäs",2024,9132,533.17,17.1,399.2,398.0
2460,"Vännäs",2025,9225,533.17,17.3,,
2462,"Vilhelmina",2010,7135,8120.18,0.9,225.7,232.3
2462,"Vilhelmina",2011,7048,8047.87,0.9,230.4,236.3
2462,"Vilhelmina",2012,6941,8047.87,0.8,240.3,245.0
2462,"Vilhelmina",2013,6887,8047.87,0.9,244.3,249.7
2462,"Vilhelmina",2014,6848,8048.43,0.9,253.6,258.0
2462,"Vilhelmina",2015,6829,8048.43,0.8,264.3,268.5
2462,"Vilhelmina",2016,6805,8048.43,0.8,275.1,281.6
2462,"Vilhelmina",2017,6787,8048.43,0.8,282.9,288.5
2462,"Vilhelmina",2018,6752,8047.17,0.8,296.4,297.9
2462,"Vilhelmina",2019,6668,8047.19,0.8,301.4,301.6
2462,"Vilhelmina",2020,6539,8047.21,0.8,304.7,306.5
2462,"Vilhelmina",2021,6485,8047.21,0.8,314.3,316.2
2462,"Vilhelmina",2022,6393,8047.22,0.8,332.8,330.1
2462,"Vilhelmina",2023,6263,8047.01,0.8,348.3,344.5
2462,"Vilhelmina",2024,6229,8094.02,0.8,365.0,363.6
2462,"Vilhelmina",2025,6172,8094.02,0.8,,
2463,"Åsele",2010,3039,4276.95,0.7,233.4,236.5
2463,"Åsele",2011,3007,4223.79,0.7,240.5,242.0
2463,"Åsele",2012,2958,4223.79,0.7,250.6,253.3
2463,"Åsele",2013,2875,4223.79,0.7,255.3,259.6
2463,"Åsele",2014,2838,4223.52,0.7,262.4,267.8
2463,"Åsele",2015,2832,4223.52,0.7,264.2,272.0
2463,"Åsele",2016,2875,4223.52,0.7,277.5,282.1
2463,"Åsele",2017,2809,4223.52,0.7,276.9,282.5
2463,"Åsele",2018,2819,4223.45,0.7,285.4,287.6
2463,"Åsele",2019,2794,4223.45,0.7,294.5,294.5
2463,"Åsele",2020,2805,4223.45,0.7,299.7,303.2
2463,"Åsele",2021,2807,4223.45,0.7,313.6,322.6
2463,"Åsele",2022,2782,4223.43,0.7,328.8,335.3
2463,"Åsele",2023,2718,4223.40,0.6,346.1,350.5
2463,"Åsele",2024,2694,4248.88,0.6,361.3,362.9
2463,"Åsele",2025,2683,4248.88,0.6,,
2480,"Umeå",2010,115473,2331.39,49.5,251.9,256.7
2480,"Umeå",2011,116465,2316.61,50.3,259.4,263.4
2480,"Umeå",2012,117294,2316.61,50.6,266.8,270.8
2480,"Umeå",2013,118349,2316.61,51.1,272.5,277.3
2480,"Umeå",2014,119613,2317.12,51.6,279.7,284.3
2480,"Umeå",2015,120777,2317.12,52.1,289.7,293.5
2480,"Umeå",2016,122892,2317.12,53.0,299.4,301.6
2480,"Umeå",2017,125080,2317.12,54.0,306.9,309.7
2480,"Umeå",2018,127119,2316.68,54.9,315.3,318.9
2480,"Umeå",2019,128901,2316.68,55.6,322.5,326.4
2480,"Umeå",2020,130224,2316.69,56.2,325.9,331.9
2480,"Umeå",2021,130997,2316.69,56.5,341.7,345.0
2480,"Umeå",2022,132235,2316.69,57.1,357.0,359.2
2480,"Umeå",2023,133091,2317.03,57.4,375.5,376.5
2480,"Umeå",2024,134249,2333.51,57.5,388.7,390.3
2480,"Umeå",2025,135273,2333.35,58.0,,
2481,"Lycksele",2010,12376,5560.41,2.2,253.9,256.8
2481,"Lycksele",2011,12343,5518.49,2.2,264.0,265.8
2481,"Lycksele",2012,12351,5518.49,2.2,275.1,276.3
2481,"Lycksele",2013,12270,5518.49,2.2,275.8,279.9
2481,"Lycksele",2014,12208,5518.18,2.2,282.6,285.6
2481,"Lycksele",2015,12177,5518.18,2.2,290.2,293.0
2481,"Lycksele",2016,12187,5518.18,2.2,300.0,302.5
2481,"Lycksele",2017,12257,5518.18,2.2,305.5,307.3
2481,"Lycksele",2018,12228,5518.12,2.2,315.0,319.6
2481,"Lycksele",2019,12245,5518.12,2.2,323.4,325.9
2481,"Lycksele",2020,12324,5518.14,2.2,330.1,334.1
2481,"Lycksele",2021,12264,5518.14,2.2,341.6,343.5
2481,"Lycksele",2022,12243,5518.15,2.2,356.5,354.6
2481,"Lycksele",2023,12213,5518.31,2.2,374.4,372.4
2481,"Lycksele",2024,12118,5553.37,2.2,393.9,390.8
2481,"Lycksele",2025,12159,5553.34,2.2,,
2482,"Skellefteå",2010,71641,6858.73,10.4,262.6,265.1
2482,"Skellefteå",2011,71580,6802.85,10.5,270.2,271.8
2482,"Skellefteå",2012,71774,6802.85,10.5,280.0,281.0
2482,"Skellefteå",2013,71988,6802.85,10.6,285.6,288.1
2482,"Skellefteå",2014,72024,6800.56,10.6,291.5,293.8
2482,"Skellefteå",2015,72031,6800.56,10.6,300.6,302.9
2482,"Skellefteå",2016,72266,6800.56,10.6,311.7,312.9
2482,"Skellefteå",2017,72723,6800.56,10.7,320.5,322.7
2482,"Skellefteå",2018,72467,6802.31,10.7,330.7,332.6
2482,"Skellefteå",2019,72589,6802.34,10.7,341.8,343.4
2482,"Skellefteå",2020,72840,6802.33,10.7,347.8,349.1
2482,"Skellefteå",2021,73393,6802.33,10.8,363.8,362.8
2482,"Skellefteå",2022,74402,6802.33,10.9,382.9,378.0
2482,"Skellefteå",2023,76542,6802.34,11.3,404.5,398.2
2482,"Skellefteå",2024,78150,6852.72,11.4,427.9,423.5
2482,"Skellefteå",2025,75405,6852.74,11.0,,
25,"Norrbottens län",2010,248609,98249.00,2.5,266.3,266.7
25,"Norrbottens län",2011,248545,97256.85,2.6,275.2,274.9
25,"Norrbottens län",2012,248637,97256.85,2.5,286.5,286.2
25,"Norrbottens län",2013,249436,97256.85,2.6,294.1,293.8
25,"Norrbottens län",2014,249987,97238.87,2.6,301.6,301.5
25,"Norrbottens län",2015,249733,97238.87,2.6,310.8,310.6
25,"Norrbottens län",2016,250570,97238.87,2.6,319.8,320.4
25,"Norrbottens län",2017,251295,97238.87,2.6,327.5,328.5
25,"Norrbottens län",2018,250497,97241.90,2.6,338.2,338.9
25,"Norrbottens län",2019,250093,97241.87,2.6,347.7,348.5
25,"Norrbottens län",2020,249614,97241.89,2.6,353.7,354.1
25,"Norrbottens län",2021,249693,97241.89,2.6,369.6,368.2
25,"Norrbottens län",2022,249177,97241.89,2.6,388.5,384.3
25,"Norrbottens län",2023,248480,97238.96,2.6,407.4,402.6
25,"Norrbottens län",2024,248620,97968.89,2.5,427.4,421.7
25,"Norrbottens län",2025,248927,97972.73,2.5,,
2505,"Arvidsjaur",2010,6529,5699.06,1.1,259.8,263.8
2505,"Arvidsjaur",2011,6494,5655.97,1.1,267.8,271.9
2505,"Arvidsjaur",2012,6467,5655.97,1.1,277.9,280.2
2505,"Arvidsjaur",2013,6471,5655.97,1.1,284.7,288.7
2505,"Arvidsjaur",2014,6484,5655.59,1.1,286.3,293.7
2505,"Arvidsjaur",2015,6471,5655.59,1.1,296.2,300.9
2505,"Arvidsjaur",2016,6442,5655.59,1.1,307.5,310.4
2505,"Arvidsjaur",2017,6440,5655.59,1.1,317.1,316.2
2505,"Arvidsjaur",2018,6334,5655.43,1.1,326.4,327.9
2505,"Arvidsjaur",2019,6220,5655.43,1.1,336.1,333.2
2505,"Arvidsjaur",2020,6145,5655.44,1.1,339.1,341.5
2505,"Arvidsjaur",2021,6143,5655.44,1.1,348.3,352.3
2505,"Arvidsjaur",2022,6111,5655.44,1.1,369.5,368.1
2505,"Arvidsjaur",2023,6113,5655.47,1.1,392.7,387.0
2505,"Arvidsjaur",2024,6089,5694.20,1.1,408.6,404.8
2505,"Arvidsjaur",2025,6026,5694.20,1.1,,
2506,"Arjeplog",2010,3161,12804.48,0.2,248.6,250.6
2506,"Arjeplog",2011,3114,12556.77,0.2,253.7,259.0
2506,"Arjeplog",2012,3054,12556.77,0.2,270.4,275.2
2506,"Arjeplog",2013,2980,12556.77,0.2,275.7,280.4
2506,"Arjeplog",2014,2907,12557.59,0.2,284.2,286.9
2506,"Arjeplog",2015,2887,12557.59,0.2,298.8,300.0
2506,"Arjeplog",2016,2876,12557.59,0.2,309.1,313.0
2506,"Arjeplog",2017,2821,12557.59,0.2,314.0,313.9
2506,"Arjeplog",2018,2794,12556.73,0.2,320.8,318.3
2506,"Arjeplog",2019,2785,12556.73,0.2,327.8,322.9
2506,"Arjeplog",2020,2718,12556.73,0.2,332.9,328.3
2506,"Arjeplog",2021,2707,12556.73,0.2,346.5,342.7
2506,"Arjeplog",2022,2667,12556.87,0.2,365.8,361.6
2506,"Arjeplog",2023,2609,12556.48,0.2,386.1,378.4
2506,"Arjeplog",2024,2599,12635.46,0.2,400.1,391.3
2506,"Arjeplog",2025,2570,12635.46,0.2,,
2510,"Jokkmokk",2010,5170,17735.36,0.3,247.0,251.2
2510,"Jokkmokk",2011,5119,17614.32,0.3,255.1,259.9
2510,"Jokkmokk",2012,5086,17614.32,0.2,266.1,269.2
2510,"Jokkmokk",2013,5066,17614.32,0.3,277.4,278.6
2510,"Jokkmokk",2014,5086,17600.76,0.3,285.7,287.8
2510,"Jokkmokk",2015,5072,17600.76,0.3,292.8,296.5
2510,"Jokkmokk",2016,5105,17600.76,0.3,304.0,305.8
2510,"Jokkmokk",2017,5081,17600.76,0.3,308.0,309.6
2510,"Jokkmokk",2018,5001,17600.86,0.3,319.2,320.7
2510,"Jokkmokk",2019,4923,17600.84,0.3,324.2,327.5
2510,"Jokkmokk",2020,4851,17600.84,0.3,331.8,332.1
2510,"Jokkmokk",2021,4780,17600.84,0.3,348.5,348.6
2510,"Jokkmokk",2022,4760,17600.76,0.3,369.4,365.4
2510,"Jokkmokk",2023,4728,17599.69,0.3,384.4,380.3
2510,"Jokkmokk",2024,4701,17718.93,0.3,407.5,404.8
2510,"Jokkmokk",2025,4695,17718.88,0.3,,
2513,"Överkalix",2010,3611,2791.96,1.3,238.6,242.3
2513,"Överkalix",2011,3549,2764.53,1.3,247.4,251.0
2513,"Överkalix",2012,3497,2764.53,1.2,259.2,262.3
2513,"Överkalix",2013,3436,2764.53,1.2,265.9,270.7
2513,"Överkalix",2014,3409,2764.52,1.2,276.2,282.2
2513,"Överkalix",2015,3395,2764.52,1.2,284.4,291.5
2513,"Överkalix",2016,3378,2764.52,1.2,294.3,301.7
2513,"Överkalix",2017,3367,2764.52,1.2,296.2,299.7
2513,"Överkalix",2018,3302,2764.77,1.2,306.0,307.8
2513,"Överkalix",2019,3315,2764.77,1.2,312.7,313.4
2513,"Överkalix",2020,3289,2764.76,1.2,321.5,322.8
2513,"Överkalix",2021,3252,2764.76,1.2,332.8,329.6
2513,"Överkalix",2022,3160,2764.76,1.1,343.2,341.5
2513,"Överkalix",2023,3162,2764.81,1.1,354.8,353.7
2513,"Överkalix",2024,3201,2789.18,1.1,371.3,371.2
2513,"Överkalix",2025,3183,2789.18,1.1,,
2514,"Kalix",2010,16740,1815.02,9.2,255.5,254.5
2514,"Kalix",2011,16591,1807.67,9.2,263.2,262.8
2514,"Kalix",2012,16518,1807.67,9.1,274.8,274.6
2514,"Kalix",2013,16387,1807.67,9.1,282.7,280.6
2514,"Kalix",2014,16307,1803.08,9.0,289.7,289.6
2514,"Kalix",2015,16248,1803.08,9.0,299.4,299.2
2514,"Kalix",2016,16223,1803.08,9.0,307.9,309.1
2514,"Kalix",2017,16169,1803.08,9.0,317.7,317.2
2514,"Kalix",2018,16058,1803.16,8.9,326.2,326.8
2514,"Kalix",2019,15886,1803.17,8.8,334.1,336.0
2514,"Kalix",2020,15812,1803.18,8.8,338.7,341.1
2514,"Kalix",2021,15768,1803.18,8.7,350.8,351.7
2514,"Kalix",2022,15729,1803.18,8.7,371.0,367.3
2514,"Kalix",2023,15547,1803.15,8.6,385.6,381.3
2514,"Kalix",2024,15391,1819.66,8.5,405.9,395.6
2514,"Kalix",2025,15252,1819.66,8.4,,
2518,"Övertorneå",2010,4812,2381.35,2.0,228.2,236.6
2518,"Övertorneå",2011,4810,2362.07,2.0,242.0,247.9
2518,"Övertorneå",2012,4772,2362.07,2.0,255.8,262.2
2518,"Övertorneå",2013,4709,2362.07,2.0,256.2,261.1
2518,"Övertorneå",2014,4711,2362.30,2.0,262.4,270.0
2518,"Övertorneå",2015,4603,2362.30,1.9,273.6,280.4
2518,"Övertorneå",2016,4534,2362.30,1.9,282.1,291.5
2518,"Övertorneå",2017,4461,2362.30,1.9,288.1,297.9
2518,"Övertorneå",2018,4410,2358.03,1.9,302.4,308.0
2518,"Övertorneå",2019,4299,2358.03,1.8,308.4,316.7
2518,"Övertorneå",2020,4217,2358.03,1.8,318.4,323.4
2518,"Övertorneå",2021,4211,2358.03,1.8,331.3,333.7
2518,"Övertorneå",2022,4119,2358.03,1.7,354.8,356.2
2518,"Övertorneå",2023,4088,2358.03,1.7,364.5,361.7
2518,"Övertorneå",2024,4057,2380.48,1.7,384.6,387.2
2518,"Övertorneå",2025,3995,2380.48,1.7,,
2521,"Pajala",2010,6282,7916.52,0.8,245.5,248.0
2521,"Pajala",2011,6270,7840.19,0.8,256.8,260.4
2521,"Pajala",2012,6279,7840.19,0.8,272.2,276.0
2521,"Pajala",2013,6299,7840.19,0.8,280.6,285.7
2521,"Pajala",2014,6303,7840.30,0.8,296.2,302.7
2521,"Pajala",2015,6193,7840.30,0.8,290.0,295.7
2521,"Pajala",2016,6116,7840.30,0.8,295.9,302.2
2521,"Pajala",2017,6101,7840.30,0.8,301.1,308.0
2521,"Pajala",2018,6039,7839.78,0.8,314.5,319.3
2521,"Pajala",2019,6052,7839.78,0.8,325.3,333.9
2521,"Pajala",2020,5966,7839.80,0.8,334.8,339.8
2521,"Pajala",2021,5973,7839.79,0.8,352.0,356.2
2521,"Pajala",2022,5883,7839.79,0.8,370.5,371.6
2521,"Pajala",2023,5871,7839.52,0.7,391.6,394.4
2521,"Pajala",2024,5857,7910.29,0.7,407.9,411.8
2521,"Pajala",2025,5706,7910.29,0.7,,
2523,"Gällivare",2010,18425,15825.22,1.2,300.5,295.2
2523,"Gällivare",2011,18326,15705.15,1.2,312.9,307.9
2523,"Gällivare",2012,18307,15705.15,1.1,326.0,319.4
2523,"Gällivare",2013,18339,15705.15,1.2,337.1,330.5
2523,"Gällivare",2014,18231,15690.78,1.2,343.6,338.3
2523,"Gällivare",2015,18123,15690.78,1.2,351.7,349.8
2523,"Gällivare",2016,17956,15690.78,1.1,360.7,360.3
2523,"Gällivare",2017,17825,15690.78,1.1,367.1,370.4
2523,"Gällivare",2018,17630,15691.35,1.1,383.8,384.3
2523,"Gällivare",2019,17529,15691.33,1.1,394.8,397.3
2523,"Gällivare",2020,17462,15691.33,1.1,405.9,409.7
2523,"Gällivare",2021,17449,15691.33,1.1,426.3,427.1
2523,"Gällivare",2022,17420,15691.28,1.1,443.4,443.3
2523,"Gällivare",2023,17330,15690.83,1.1,468.7,470.3
2523,"Gällivare",2024,17233,15808.77,1.1,489.6,491.7
2523,"Gällivare",2025,17135,15812.72,1.1,,
2560,"Älvsbyn",2010,8335,1712.65,4.9,248.1,253.0
2560,"Älvsbyn",2011,8253,1698.04,4.9,254.8,261.3
2560,"Älvsbyn",2012,8200,1698.04,4.8,265.8,271.0
2560,"Älvsbyn",2013,8168,1698.04,4.8,268.8,277.3
2560,"Älvsbyn",2014,8171,1699.24,4.8,277.4,283.9
2560,"Älvsbyn",2015,8183,1699.24,4.8,287.7,293.9
2560,"Älvsbyn",2016,8193,1699.24,4.8,297.1,304.8
2560,"Älvsbyn",2017,8274,1699.24,4.9,303.2,311.9
2560,"Älvsbyn",2018,8140,1699.25,4.8,312.1,321.4
2560,"Älvsbyn",2019,8066,1699.25,4.7,319.6,330.8
2560,"Älvsbyn",2020,8054,1699.25,4.7,322.7,332.6
2560,"Älvsbyn",2021,8009,1699.25,4.7,336.8,345.4
2560,"Älvsbyn",2022,7911,1699.25,4.7,352.9,358.2
2560,"Älvsbyn",2023,7783,1699.35,4.6,374.8,376.9
2560,"Älvsbyn",2024,7774,1712.20,4.5,390.5,396.0
2560,"Älvsbyn",2025,7815,1712.19,4.6,,
2580,"Luleå",2010,74178,2110.01,35.2,265.4,268.0
2580,"Luleå",2011,74426,2094.18,35.5,272.6,274.6
2580,"Luleå",2012,74905,2094.18,35.7,282.2,285.0
2580,"Luleå",2013,75383,2094.18,36.0,290.8,292.9
2580,"Luleå",2014,75966,2094.08,36.3,298.9,301.3
2580,"Luleå",2015,76088,2094.08,36.3,308.9,311.1
2580,"Luleå",2016,76770,2094.08,36.7,317.9,319.3
2580,"Luleå",2017,77470,2087.79,37.1,326.2,328.0
2580,"Luleå",2018,77832,2088.91,37.3,336.0,338.0
2580,"Luleå",2019,78105,2088.39,37.4,346.0,348.0
2580,"Luleå",2020,78549,2088.39,37.6,351.0,351.9
2580,"Luleå",2021,78867,2088.39,37.8,367.2,366.9
2580,"Luleå",2022,79244,2088.39,37.9,386.1,382.8
2580,"Luleå",2023,79352,2088.82,38.0,403.5,401.2
2580,"Luleå",2024,79645,2106.61,37.8,426.1,421.1
2580,"Luleå",2025,80304,2106.61,38.1,,
2581,"Piteå",2010,40892,3111.79,13.1,265.3,265.6
2581,"Piteå",2011,40942,3086.95,13.3,273.1,272.6
2581,"Piteå",2012,41078,3086.95,13.3,282.3,283.1
2581,"Piteå",2013,41278,3086.95,13.4,288.7,290.0
2581,"Piteå",2014,41508,3086.04,13.5,296.4,297.1
2581,"Piteå",2015,41548,3086.04,13.5,307.9,307.8
2581,"Piteå",2016,41904,3086.04,13.6,318.3,318.6
2581,"Piteå",2017,42184,3086.04,13.7,327.0,328.8
2581,"Piteå",2018,42116,3086.12,13.6,336.8,339.0
2581,"Piteå",2019,42281,3086.12,13.7,348.2,349.4
2581,"Piteå",2020,42226,3086.12,13.7,353.6,355.2
2581,"Piteå",2021,42323,3086.12,13.7,370.6,370.5
2581,"Piteå",2022,42362,3086.12,13.7,387.9,384.2
2581,"Piteå",2023,42344,3086.15,13.7,406.7,400.9
2581,"Piteå",2024,42447,3109.89,13.6,425.2,420.0
2581,"Piteå",2025,42184,3109.89,13.6,,
2582,"Boden",2010,27471,4043.01,6.8,260.1,261.9
2582,"Boden",2011,27643,4007.86,6.9,266.0,267.5
2582,"Boden",2012,27598,4007.86,6.8,277.0,278.3
2582,"Boden",2013,27838,4007.86,7.0,282.5,285.1
2582,"Boden",2014,27887,4007.89,7.0,290.3,292.8
2582,"Boden",2015,27913,4007.89,7.0,299.9,300.1
2582,"Boden",2016,28042,4007.89,7.0,310.8,311.9
2582,"Boden",2017,28181,4014.18,7.0,319.5,320.5
2582,"Boden",2018,28064,4013.37,7.0,331.0,331.2
2582,"Boden",2019,28080,4013.89,7.0,337.6,337.9
2582,"Boden",2020,28060,4013.89,7.0,342.2,343.3
2582,"Boden",2021,28160,4013.89,7.0,355.6,354.2
2582,"Boden",2022,28048,4013.88,7.0,375.8,372.4
2582,"Boden",2023,27943,4014.00,7.0,396.9,393.6
2582,"Boden",2024,28049,4046.09,6.9,418.6,412.6
2582,"Boden",2025,28624,4046.09,7.1,,
2583,"Haparanda",2010,10059,927.26,10.8,227.2,234.6
2583,"Haparanda",2011,10041,922.76,10.9,242.6,245.8
2583,"Haparanda",2012,9904,922.76,10.7,254.7,255.9
2583,"Haparanda",2013,9886,922.76,10.7,259.4,257.6
2583,"Haparanda",2014,9776,921.27,10.6,265.0,263.5
2583,"Haparanda",2015,9831,921.27,10.7,274.2,274.1
2583,"Haparanda",2016,9864,921.27,10.7,285.2,284.8
2583,"Haparanda",2017,9805,921.27,10.6,291.6,289.2
2583,"Haparanda",2018,9785,920.91,10.6,301.5,297.6
2583,"Haparanda",2019,9685,920.89,10.5,309.1,308.0
2583,"Haparanda",2020,9601,920.90,10.4,312.2,313.5
2583,"Haparanda",2021,9496,920.90,10.3,326.5,323.0
2583,"Haparanda",2022,9340,920.90,10.1,345.7,342.4
2583,"Haparanda",2023,9177,921.00,10.0,364.8,356.8
2583,"Haparanda",2024,9151,930.08,9.8,377.9,373.4
2583,"Haparanda",2025,9027,930.08,9.7,,
2584,"Kiruna",2010,22944,19371.12,1.2,305.5,302.0
2584,"Kiruna",2011,22967,19140.33,1.2,321.2,316.5
2584,"Kiruna",2012,22972,19140.33,1.2,337.3,332.0
2584,"Kiruna",2013,23196,19140.33,1.2,346.0,341.8
2584,"Kiruna",2014,23241,19155.37,1.2,351.4,347.8
2584,"Kiruna",2015,23178,19155.37,1.2,356.0,356.9
2584,"Kiruna",2016,23167,19155.37,1.2,359.9,362.6
2584,"Kiruna",2017,23116,19155.37,1.2,364.2,367.2
2584,"Kiruna",2018,22992,19163.23,1.2,376.4,380.3
2584,"Kiruna",2019,22867,19163.24,1.2,386.7,392.6
2584,"Kiruna",2020,22664,19163.22,1.2,397.1,402.8
2584,"Kiruna",2021,22555,19163.23,1.2,415.7,420.0
2584,"Kiruna",2022,22423,19163.23,1.2,435.7,440.6
2584,"Kiruna",2023,22433,19161.65,1.2,454.6,460.8
2584,"Kiruna",2024,22426,19307.05,1.2,470.6,478.8
2584,"Kiruna",2025,22402,19307.00,1.2,,