ar,manad,lan,drivm,agarkat,nyreg
2017,t1,01,101,t1,38488
2017,t1,03,101,t1,4736
2017,t1,04,101,t1,4199
2017,t1,05,101,t1,6562
2017,t1,06,101,t1,6282
2017,t1,07,101,t1,3192
2017,t1,08,101,t1,3868
2017,t1,09,101,t1,694
2017,t1,10,101,t1,2161
2017,t1,12,101,t1,22384
2017,t1,13,101,t1,5976
2017,t1,14,101,t1,32300
2017,t1,17,101,t1,3950
2017,t1,18,101,t1,3824
2017,t1,19,101,t1,3567
2017,t1,20,101,t1,3320
2017,t1,21,101,t1,3741
2017,t1,22,101,t1,2719
2017,t1,23,101,t1,964
2017,t1,24,101,t1,2708
2017,t1,25,101,t1,1918
2017,t1,aa,101,t1,1
2017,t1,t1,101,t1,157554
2017,t1,01,102,t1,64525
2017,t1,03,102,t1,4815
2017,t1,04,102,t1,3777
2017,t1,05,102,t1,6764
2017,t1,06,102,t1,6703
2017,t1,07,102,t1,3421
2017,t1,08,102,t1,3724
2017,t1,09,102,t1,489
2017,t1,10,102,t1,1795
2017,t1,12,102,t1,24689
2017,t1,13,102,t1,4774
2017,t1,14,102,t1,31253
2017,t1,17,102,t1,4224
2017,t1,18,102,t1,3888
2017,t1,19,102,t1,3800
2017,t1,20,102,t1,4200
2017,t1,21,102,t1,4328
2017,t1,22,102,t1,4587
2017,t1,23,102,t1,2196
2017,t1,24,102,t1,3982
2017,t1,25,102,t1,3132
2017,t1,aa,102,t1,1
2017,t1,t1,102,t1,191067
2017,t1,01,103,t1,1419
2017,t1,03,103,t1,105
2017,t1,04,103,t1,109
2017,t1,05,103,t1,160
2017,t1,06,103,t1,103
2017,t1,07,103,t1,43
2017,t1,08,103,t1,108
2017,t1,09,103,t1,25
2017,t1,10,103,t1,62
2017,t1,12,103,t1,605
2017,t1,13,103,t1,220
2017,t1,14,103,t1,798
2017,t1,17,103,t1,84
2017,t1,18,103,t1,81
2017,t1,19,103,t1,60
2017,t1,20,103,t1,62
2017,t1,21,103,t1,56
2017,t1,22,103,t1,52
2017,t1,23,103,t1,64
2017,t1,24,103,t1,90
2017,t1,25,103,t1,53
2017,t1,t1,103,t1,4359
2017,t1,01,104,t1,4415
2017,t1,03,104,t1,616
2017,t1,04,104,t1,462
2017,t1,05,104,t1,1213
2017,t1,06,104,t1,600
2017,t1,07,104,t1,246
2017,t1,08,104,t1,337
2017,t1,09,104,t1,91
2017,t1,10,104,t1,193
2017,t1,12,104,t1,1773
2017,t1,13,104,t1,504
2017,t1,14,104,t1,4697
2017,t1,17,104,t1,504
2017,t1,18,104,t1,741
2017,t1,19,104,t1,293
2017,t1,20,104,t1,376
2017,t1,21,104,t1,448
2017,t1,22,104,t1,305
2017,t1,23,104,t1,124
2017,t1,24,104,t1,375
2017,t1,25,104,t1,324
2017,t1,t1,104,t1,18637
2017,t1,01,105,t1,8074
2017,t1,03,105,t1,396
2017,t1,04,105,t1,181
2017,t1,05,105,t1,360
2017,t1,06,105,t1,501
2017,t1,07,105,t1,217
2017,t1,08,105,t1,183
2017,t1,09,105,t1,26
2017,t1,10,105,t1,73
2017,t1,12,105,t1,1775
2017,t1,13,105,t1,248
2017,t1,14,105,t1,2202
2017,t1,17,105,t1,298
2017,t1,18,105,t1,209
2017,t1,19,105,t1,226
2017,t1,20,105,t1,163
2017,t1,21,105,t1,208
2017,t1,22,105,t1,216
2017,t1,23,105,t1,103
2017,t1,24,105,t1,205
2017,t1,25,105,t1,129
2017,t1,t1,105,t1,15993
2017,t1,01,106,t1,330
2017,t1,03,106,t1,127
2017,t1,04,106,t1,34
2017,t1,05,106,t1,54
2017,t1,06,106,t1,77
2017,t1,07,106,t1,15
2017,t1,08,106,t1,1
2017,t1,10,106,t1,63
2017,t1,12,106,t1,15
2017,t1,13,106,t1,100
2017,t1,14,106,t1,114
2017,t1,17,106,t1,4
2017,t1,18,106,t1,5
2017,t1,19,106,t1,24
2017,t1,20,106,t1,23
2017,t1,21,106,t1,18
2017,t1,22,106,t1,63
2017,t1,23,106,t1,5
2017,t1,24,106,t1,18
2017,t1,t1,106,t1,1090
2017,t1,01,107,t1,1110
2017,t1,03,107,t1,95
2017,t1,04,107,t1,139
2017,t1,05,107,t1,170
2017,t1,06,107,t1,110
2017,t1,07,107,t1,51
2017,t1,08,107,t1,147
2017,t1,09,107,t1,20
2017,t1,10,107,t1,143
2017,t1,12,107,t1,632
2017,t1,13,107,t1,77
2017,t1,14,107,t1,837
2017,t1,17,107,t1,93
2017,t1,18,107,t1,122
2017,t1,19,107,t1,101
2017,t1,20,107,t1,7
2017,t1,21,107,t1,26
2017,t1,22,107,t1,38
2017,t1,23,107,t1,18
2017,t1,24,107,t1,17
2017,t1,25,107,t1,18
2017,t1,t1,107,t1,3971
2017,t1,01,109,t1,9
2017,t1,03,109,t1,2
2017,t1,04,109,t1,1
2017,t1,05,109,t1,5
2017,t1,07,109,t1,3
2017,t1,08,109,t1,4
2017,t1,09,109,t1,1
2017,t1,10,109,t1,2
2017,t1,12,109,t1,10
2017,t1,14,109,t1,10
2017,t1,17,109,t1,1
2017,t1,18,109,t1,3
2017,t1,19,109,t1,1
2017,t1,20,109,t1,2
2017,t1,21,109,t1,1
2017,t1,23,109,t1,1
2017,t1,25,109,t1,1
2017,t1,t1,109,t1,57
2017,t1,01,t1,t1,118370
2017,t1,03,t1,t1,10892
2017,t1,04,t1,t1,8902
2017,t1,05,t1,t1,15288
2017,t1,06,t1,t1,14376
2017,t1,07,t1,t1,7188
2017,t1,08,t1,t1,8372
2017,t1,09,t1,t1,1346
2017,t1,10,t1,t1,4492
2017,t1,12,t1,t1,51883
2017,t1,13,t1,t1,11899
2017,t1,14,t1,t1,72211
2017,t1,17,t1,t1,9158
2017,t1,18,t1,t1,8873
2017,t1,19,t1,t1,8072
2017,t1,20,t1,t1,8153
2017,t1,21,t1,t1,8826
2017,t1,22,t1,t1,7980
2017,t1,23,t1,t1,3475
2017,t1,24,t1,t1,7395
2017,t1,25,t1,t1,5575
2017,t1,aa,t1,t1,2
2017,t1,t1,t1,t1,392728
2018,t1,01,101,t1,45521
2018,t1,03,101,t1,4669
2018,t1,04,101,t1,4401
2018,t1,05,101,t1,7343
2018,t1,06,101,t1,6879
2018,t1,07,101,t1,3200
2018,t1,08,101,t1,3901
2018,t1,09,101,t1,694
2018,t1,10,101,t1,2245
2018,t1,12,101,t1,24518
2018,t1,13,101,t1,6757
2018,t1,14,101,t1,35099
2018,t1,17,101,t1,4436
2018,t1,18,101,t1,4079
2018,t1,19,101,t1,4204
2018,t1,20,101,t1,3675
2018,t1,21,101,t1,3690
2018,t1,22,101,t1,2763
2018,t1,23,101,t1,1153
2018,t1,24,101,t1,2810
2018,t1,25,101,t1,1770
2018,t1,aa,101,t1,1
2018,t1,t1,101,t1,173808
2018,t1,01,102,t1,45870
2018,t1,03,102,t1,3637
2018,t1,04,102,t1,2664
2018,t1,05,102,t1,4423
2018,t1,06,102,t1,5174
2018,t1,07,102,t1,2113
2018,t1,08,102,t1,2751
2018,t1,09,102,t1,241
2018,t1,10,102,t1,1262
2018,t1,12,102,t1,18613
2018,t1,13,102,t1,3485
2018,t1,14,102,t1,21410
2018,t1,17,102,t1,3265
2018,t1,18,102,t1,2758
2018,t1,19,102,t1,2755
2018,t1,20,102,t1,3061
2018,t1,21,102,t1,2992
2018,t1,22,102,t1,3902
2018,t1,23,102,t1,2049
2018,t1,24,102,t1,2876
2018,t1,25,102,t1,2108
2018,t1,t1,102,t1,137409
2018,t1,01,103,t1,2150
2018,t1,03,103,t1,207
2018,t1,04,103,t1,141
2018,t1,05,103,t1,276
2018,t1,06,103,t1,236
2018,t1,07,103,t1,91
2018,t1,08,103,t1,75
2018,t1,09,103,t1,32
2018,t1,10,103,t1,60
2018,t1,12,103,t1,1203
2018,t1,13,103,t1,425
2018,t1,14,103,t1,1242
2018,t1,17,103,t1,263
2018,t1,18,103,t1,134
2018,t1,19,103,t1,75
2018,t1,20,103,t1,104
2018,t1,21,103,t1,96
2018,t1,22,103,t1,99
2018,t1,23,103,t1,93
2018,t1,24,103,t1,97
2018,t1,25,103,t1,48
2018,t1,t1,103,t1,7147
2018,t1,01,104,t1,5158
2018,t1,03,104,t1,785
2018,t1,04,104,t1,531
2018,t1,05,104,t1,1100
2018,t1,06,104,t1,699
2018,t1,07,104,t1,281
2018,t1,08,104,t1,318
2018,t1,09,104,t1,124
2018,t1,10,104,t1,218
2018,t1,12,104,t1,2051
2018,t1,13,104,t1,573
2018,t1,14,104,t1,5204
2018,t1,17,104,t1,553
2018,t1,18,104,t1,736
2018,t1,19,104,t1,340
2018,t1,20,104,t1,522
2018,t1,21,104,t1,529
2018,t1,22,104,t1,345
2018,t1,23,104,t1,113
2018,t1,24,104,t1,442
2018,t1,25,104,t1,398
2018,t1,t1,104,t1,21020
2018,t1,01,105,t1,12164
2018,t1,03,105,t1,489
2018,t1,04,105,t1,223
2018,t1,05,105,t1,582
2018,t1,06,105,t1,501
2018,t1,07,105,t1,229
2018,t1,08,105,t1,147
2018,t1,09,105,t1,49
2018,t1,10,105,t1,132
2018,t1,12,105,t1,2253
2018,t1,13,105,t1,364
2018,t1,14,105,t1,2689
2018,t1,17,105,t1,249
2018,t1,18,105,t1,313
2018,t1,19,105,t1,359
2018,t1,20,105,t1,237
2018,t1,21,105,t1,226
2018,t1,22,105,t1,161
2018,t1,23,105,t1,101
2018,t1,24,105,t1,204
2018,t1,25,105,t1,139
2018,t1,t1,105,t1,21811
2018,t1,01,106,t1,472
2018,t1,03,106,t1,88
2018,t1,04,106,t1,20
2018,t1,05,106,t1,51
2018,t1,06,106,t1,11
2018,t1,07,106,t1,10
2018,t1,08,106,t1,2
2018,t1,09,106,t1,1
2018,t1,10,106,t1,4
2018,t1,12,106,t1,24
2018,t1,13,106,t1,60
2018,t1,14,106,t1,55
2018,t1,17,106,t1,1
2018,t1,18,106,t1,3
2018,t1,19,106,t1,19
2018,t1,20,106,t1,3
2018,t1,21,106,t1,58
2018,t1,22,106,t1,77
2018,t1,23,106,t1,5
2018,t1,24,106,t1,56
2018,t1,t1,106,t1,1020
2018,t1,01,107,t1,1107
2018,t1,03,107,t1,74
2018,t1,04,107,t1,104
2018,t1,05,107,t1,84
2018,t1,06,107,t1,94
2018,t1,07,107,t1,74
2018,t1,08,107,t1,70
2018,t1,09,107,t1,35
2018,t1,10,107,t1,70
2018,t1,12,107,t1,564
2018,t1,13,107,t1,41
2018,t1,14,107,t1,658
2018,t1,17,107,t1,56
2018,t1,18,107,t1,66
2018,t1,19,107,t1,46
2018,t1,20,107,t1,12
2018,t1,21,107,t1,48
2018,t1,22,107,t1,22
2018,t1,23,107,t1,27
2018,t1,24,107,t1,10
2018,t1,25,107,t1,26
2018,t1,t1,107,t1,3288
2018,t1,01,109,t1,11
2018,t1,03,109,t1,2
2018,t1,05,109,t1,2
2018,t1,06,109,t1,1
2018,t1,07,109,t1,2
2018,t1,08,109,t1,1
2018,t1,10,109,t1,1
2018,t1,12,109,t1,7
2018,t1,14,109,t1,1
2018,t1,19,109,t1,1
2018,t1,20,109,t1,2
2018,t1,24,109,t1,1
2018,t1,t1,109,t1,32
2018,t1,01,t1,t1,112453
2018,t1,03,t1,t1,9951
2018,t1,04,t1,t1,8084
2018,t1,05,t1,t1,13861
2018,t1,06,t1,t1,13595
2018,t1,07,t1,t1,6000
2018,t1,08,t1,t1,7265
2018,t1,09,t1,t1,1176
2018,t1,10,t1,t1,3992
2018,t1,12,t1,t1,49233
2018,t1,13,t1,t1,11705
2018,t1,14,t1,t1,66358
2018,t1,17,t1,t1,8823
2018,t1,18,t1,t1,8089
2018,t1,19,t1,t1,7799
2018,t1,20,t1,t1,7616
2018,t1,21,t1,t1,7639
2018,t1,22,t1,t1,7369
2018,t1,23,t1,t1,3541
2018,t1,24,t1,t1,6496
2018,t1,25,t1,t1,4489
2018,t1,aa,t1,t1,1
2018,t1,t1,t1,t1,365535
2019,t1,01,101,t1,45595
2019,t1,03,101,t1,4666
2019,t1,04,101,t1,4158
2019,t1,05,101,t1,6840
2019,t1,06,101,t1,6912
2019,t1,07,101,t1,3006
2019,t1,08,101,t1,3662
2019,t1,09,101,t1,648
2019,t1,10,101,t1,2206
2019,t1,12,101,t1,27617
2019,t1,13,101,t1,7243
2019,t1,14,101,t1,32593
2019,t1,17,101,t1,4185
2019,t1,18,101,t1,3841
2019,t1,19,101,t1,3930
2019,t1,20,101,t1,3431
2019,t1,21,101,t1,3401
2019,t1,22,101,t1,2599
2019,t1,23,101,t1,937
2019,t1,24,101,t1,2561
2019,t1,25,101,t1,1874
2019,t1,t1,101,t1,171905
2019,t1,01,102,t1,46019
2019,t1,03,102,t1,2741
2019,t1,04,102,t1,2242
2019,t1,05,102,t1,4126
2019,t1,06,102,t1,4092
2019,t1,07,102,t1,1574
2019,t1,08,102,t1,2457
2019,t1,09,102,t1,232
2019,t1,10,102,t1,1174
2019,t1,12,102,t1,17617
2019,t1,13,102,t1,2842
2019,t1,14,102,t1,15642
2019,t1,17,102,t1,3009
2019,t1,18,102,t1,2145
2019,t1,19,102,t1,2064
2019,t1,20,102,t1,3042
2019,t1,21,102,t1,2957
2019,t1,22,102,t1,2982
2019,t1,23,102,t1,1255
2019,t1,24,102,t1,2387
2019,t1,25,102,t1,2140
2019,t1,t1,102,t1,122739
2019,t1,01,103,t1,5767
2019,t1,03,103,t1,473
2019,t1,04,103,t1,287
2019,t1,05,103,t1,606
2019,t1,06,103,t1,421
2019,t1,07,103,t1,215
2019,t1,08,103,t1,171
2019,t1,09,103,t1,56
2019,t1,10,103,t1,166
2019,t1,12,103,t1,2260
2019,t1,13,103,t1,534
2019,t1,14,103,t1,2772
2019,t1,17,103,t1,341
2019,t1,18,103,t1,224
2019,t1,19,103,t1,310
2019,t1,20,103,t1,218
2019,t1,21,103,t1,245
2019,t1,22,103,t1,222
2019,t1,23,103,t1,151
2019,t1,24,103,t1,187
2019,t1,25,103,t1,169
2019,t1,t1,103,t1,15795
2019,t1,01,104,t1,6378
2019,t1,03,104,t1,903
2019,t1,04,104,t1,626
2019,t1,05,104,t1,1453
2019,t1,06,104,t1,962
2019,t1,07,104,t1,395
2019,t1,08,104,t1,346
2019,t1,09,104,t1,127
2019,t1,10,104,t1,248
2019,t1,12,104,t1,3096
2019,t1,13,104,t1,624
2019,t1,14,104,t1,5329
2019,t1,17,104,t1,732
2019,t1,18,104,t1,827
2019,t1,19,104,t1,533
2019,t1,20,104,t1,597
2019,t1,21,104,t1,721
2019,t1,22,104,t1,416
2019,t1,23,104,t1,119
2019,t1,24,104,t1,483
2019,t1,25,104,t1,537
2019,t1,t1,104,t1,25452
2019,t1,01,105,t1,13945
2019,t1,03,105,t1,586
2019,t1,04,105,t1,344
2019,t1,05,105,t1,547
2019,t1,06,105,t1,543
2019,t1,07,105,t1,239
2019,t1,08,105,t1,173
2019,t1,09,105,t1,39
2019,t1,10,105,t1,118
2019,t1,12,105,t1,3139
2019,t1,13,105,t1,424
2019,t1,14,105,t1,2645
2019,t1,17,105,t1,291
2019,t1,18,105,t1,359
2019,t1,19,105,t1,378
2019,t1,20,105,t1,293
2019,t1,21,105,t1,206
2019,t1,22,105,t1,169
2019,t1,23,105,t1,76
2019,t1,24,105,t1,247
2019,t1,25,105,t1,146
2019,t1,t1,105,t1,24907
2019,t1,01,106,t1,104
2019,t1,03,106,t1,76
2019,t1,04,106,t1,32
2019,t1,05,106,t1,61
2019,t1,06,106,t1,50
2019,t1,07,106,t1,7
2019,t1,08,106,t1,23
2019,t1,09,106,t1,12
2019,t1,10,106,t1,52
2019,t1,12,106,t1,196
2019,t1,13,106,t1,102
2019,t1,14,106,t1,220
2019,t1,17,106,t1,15
2019,t1,18,106,t1,9
2019,t1,19,106,t1,23
2019,t1,20,106,t1,30
2019,t1,21,106,t1,8
2019,t1,22,106,t1,71
2019,t1,23,106,t1,10
2019,t1,24,106,t1,58
2019,t1,25,106,t1,8
2019,t1,t1,106,t1,1167
2019,t1,01,107,t1,1427
2019,t1,03,107,t1,124
2019,t1,04,107,t1,136
2019,t1,05,107,t1,117
2019,t1,06,107,t1,161
2019,t1,07,107,t1,122
2019,t1,08,107,t1,300
2019,t1,09,107,t1,35
2019,t1,10,107,t1,143
2019,t1,12,107,t1,645
2019,t1,13,107,t1,130
2019,t1,14,107,t1,894
2019,t1,17,107,t1,91
2019,t1,18,107,t1,145
2019,t1,19,107,t1,142
2019,t1,20,107,t1,107
2019,t1,21,107,t1,69
2019,t1,22,107,t1,85
2019,t1,23,107,t1,35
2019,t1,24,107,t1,17
2019,t1,25,107,t1,46
2019,t1,t1,107,t1,4971
2019,t1,01,109,t1,4
2019,t1,05,109,t1,1
2019,t1,08,109,t1,1
2019,t1,10,109,t1,1
2019,t1,12,109,t1,10
2019,t1,14,109,t1,3
2019,t1,17,109,t1,4
2019,t1,25,109,t1,1
2019,t1,t1,109,t1,25
2019,t1,01,t1,t1,119239
2019,t1,03,t1,t1,9569
2019,t1,04,t1,t1,7825
2019,t1,05,t1,t1,13751
2019,t1,06,t1,t1,13141
2019,t1,07,t1,t1,5558
2019,t1,08,t1,t1,7133
2019,t1,09,t1,t1,1149
2019,t1,10,t1,t1,4108
2019,t1,12,t1,t1,54580
2019,t1,13,t1,t1,11899
2019,t1,14,t1,t1,60098
2019,t1,17,t1,t1,8668
2019,t1,18,t1,t1,7550
2019,t1,19,t1,t1,7380
2019,t1,20,t1,t1,7718
2019,t1,21,t1,t1,7607
2019,t1,22,t1,t1,6544
2019,t1,23,t1,t1,2583
2019,t1,24,t1,t1,5940
2019,t1,25,t1,t1,4921
2019,t1,t1,t1,t1,366961
2020,t1,01,101,t1,32153
2020,t1,03,101,t1,2908
2020,t1,04,101,t1,2754
2020,t1,05,101,t1,4365
2020,t1,06,101,t1,4767
2020,t1,07,101,t1,2084
2020,t1,08,101,t1,2388
2020,t1,09,101,t1,449
2020,t1,10,101,t1,1560
2020,t1,12,101,t1,18861
2020,t1,13,101,t1,4495
2020,t1,14,101,t1,21210
2020,t1,17,101,t1,2910
2020,t1,18,101,t1,2475
2020,t1,19,101,t1,2488
2020,t1,20,101,t1,1939
2020,t1,21,101,t1,2135
2020,t1,22,101,t1,1499
2020,t1,23,101,t1,523
2020,t1,24,101,t1,1631
2020,t1,25,101,t1,1045
2020,t1,t1,101,t1,114639
2020,t1,01,102,t1,23816
2020,t1,03,102,t1,1425
2020,t1,04,102,t1,1164
2020,t1,05,102,t1,2220
2020,t1,06,102,t1,2386
2020,t1,07,102,t1,950
2020,t1,08,102,t1,1390
2020,t1,09,102,t1,126
2020,t1,10,102,t1,608
2020,t1,12,102,t1,11525
2020,t1,13,102,t1,1553
2020,t1,14,102,t1,8178
2020,t1,17,102,t1,1967
2020,t1,18,102,t1,1381
2020,t1,19,102,t1,1161
2020,t1,20,102,t1,1744
2020,t1,21,102,t1,1792
2020,t1,22,102,t1,1657
2020,t1,23,102,t1,779
2020,t1,24,102,t1,1113
2020,t1,25,102,t1,1136
2020,t1,aa,102,t1,1
2020,t1,t1,102,t1,68072
2020,t1,01,103,t1,10007
2020,t1,03,103,t1,863
2020,t1,04,103,t1,560
2020,t1,05,103,t1,1040
2020,t1,06,103,t1,839
2020,t1,07,103,t1,437
2020,t1,08,103,t1,368
2020,t1,09,103,t1,105
2020,t1,10,103,t1,194
2020,t1,12,103,t1,4022
2020,t1,13,103,t1,1029
2020,t1,14,103,t1,4983
2020,t1,17,103,t1,590
2020,t1,18,103,t1,422
2020,t1,19,103,t1,492
2020,t1,20,103,t1,427
2020,t1,21,103,t1,469
2020,t1,22,103,t1,288
2020,t1,23,103,t1,215
2020,t1,24,103,t1,456
2020,t1,25,103,t1,292
2020,t1,t1,103,t1,28098
2020,t1,01,104,t1,5787
2020,t1,03,104,t1,922
2020,t1,04,104,t1,557
2020,t1,05,104,t1,1231
2020,t1,06,104,t1,888
2020,t1,07,104,t1,426
2020,t1,08,104,t1,280
2020,t1,09,104,t1,96
2020,t1,10,104,t1,246
2020,t1,12,104,t1,2739
2020,t1,13,104,t1,596
2020,t1,14,104,t1,4459
2020,t1,17,104,t1,668
2020,t1,18,104,t1,811
2020,t1,19,104,t1,433
2020,t1,20,104,t1,406
2020,t1,21,104,t1,682
2020,t1,22,104,t1,397
2020,t1,23,104,t1,91
2020,t1,24,104,t1,490
2020,t1,25,104,t1,427
2020,t1,t1,104,t1,22632
2020,t1,01,105,t1,35360
2020,t1,03,105,t1,1292
2020,t1,04,105,t1,939
2020,t1,05,105,t1,1642
2020,t1,06,105,t1,1410
2020,t1,07,105,t1,699
2020,t1,08,105,t1,606
2020,t1,09,105,t1,128
2020,t1,10,105,t1,438
2020,t1,12,105,t1,8705
2020,t1,13,105,t1,1202
2020,t1,14,105,t1,7292
2020,t1,17,105,t1,944
2020,t1,18,105,t1,946
2020,t1,19,105,t1,1049
2020,t1,20,105,t1,867
2020,t1,21,105,t1,635
2020,t1,22,105,t1,605
2020,t1,23,105,t1,211
2020,t1,24,105,t1,774
2020,t1,25,105,t1,390
2020,t1,t1,105,t1,66134
2020,t1,01,106,t1,27
2020,t1,03,106,t1,6
2020,t1,05,106,t1,2
2020,t1,06,106,t1,1
2020,t1,07,106,t1,1
2020,t1,08,106,t1,1
2020,t1,09,106,t1,1
2020,t1,12,106,t1,5
2020,t1,14,106,t1,9
2020,t1,17,106,t1,1
2020,t1,18,106,t1,7
2020,t1,19,106,t1,2
2020,t1,20,106,t1,1
2020,t1,21,106,t1,2
2020,t1,22,106,t1,1
2020,t1,23,106,t1,1
2020,t1,24,106,t1,1
2020,t1,25,106,t1,1
2020,t1,t1,106,t1,70
2020,t1,01,107,t1,757
2020,t1,03,107,t1,69
2020,t1,04,107,t1,97
2020,t1,05,107,t1,101
2020,t1,06,107,t1,152
2020,t1,07,107,t1,100
2020,t1,08,107,t1,321
2020,t1,09,107,t1,73
2020,t1,10,107,t1,200
2020,t1,12,107,t1,646
2020,t1,13,107,t1,74
2020,t1,14,107,t1,541
2020,t1,17,107,t1,48
2020,t1,18,107,t1,55
2020,t1,19,107,t1,119
2020,t1,20,107,t1,26
2020,t1,21,107,t1,17
2020,t1,22,107,t1,47
2020,t1,23,107,t1,44
2020,t1,24,107,t1,15
2020,t1,25,107,t1,23
2020,t1,t1,107,t1,3525
2020,t1,01,109,t1,7
2020,t1,03,109,t1,1
2020,t1,05,109,t1,3
2020,t1,06,109,t1,1
2020,t1,07,109,t1,1
2020,t1,12,109,t1,8
2020,t1,14,109,t1,4
2020,t1,22,109,t1,1
2020,t1,t1,109,t1,26
2020,t1,01,t1,t1,107914
2020,t1,03,t1,t1,7486
2020,t1,04,t1,t1,6071
2020,t1,05,t1,t1,10604
2020,t1,06,t1,t1,10444
2020,t1,07,t1,t1,4698
2020,t1,08,t1,t1,5354
2020,t1,09,t1,t1,978
2020,t1,10,t1,t1,3246
2020,t1,12,t1,t1,46511
2020,t1,13,t1,t1,8949
2020,t1,14,t1,t1,46676
2020,t1,17,t1,t1,7128
2020,t1,18,t1,t1,6097
2020,t1,19,t1,t1,5744
2020,t1,20,t1,t1,5410
2020,t1,21,t1,t1,5732
2020,t1,22,t1,t1,4495
2020,t1,23,t1,t1,1864
2020,t1,24,t1,t1,4480
2020,t1,25,t1,t1,3314
2020,t1,aa,t1,t1,1
2020,t1,t1,t1,t1,303196
2021,01,01,101,10,747
2021,01,03,101,10,89
2021,01,04,101,10,115
2021,01,05,101,10,193
2021,01,06,101,10,189
2021,01,07,101,10,76
2021,01,08,101,10,88
2021,01,09,101,10,12
2021,01,10,101,10,70
2021,01,12,101,10,600
2021,01,13,101,10,207
2021,01,14,101,10,874
2021,01,17,101,10,84
2021,01,18,101,10,100
2021,01,19,101,10,89
2021,01,20,101,10,57
2021,01,21,101,10,77
2021,01,22,101,10,31
2021,01,23,101,10,22
2021,01,24,101,10,40
2021,01,25,101,10,25
2021,01,t1,101,10,3785
2021,01,01,101,20,454
2021,01,03,101,20,28
2021,01,04,101,20,19
2021,01,05,101,20,58
2021,01,06,101,20,53
2021,01,07,101,20,25
2021,01,08,101,20,17
2021,01,09,101,20,9
2021,01,10,101,20,27
2021,01,12,101,20,280
2021,01,13,101,20,37
2021,01,14,101,20,177
2021,01,17,101,20,33
2021,01,18,101,20,18
2021,01,19,101,20,13
2021,01,20,101,20,12
2021,01,21,101,20,18
2021,01,22,101,20,12
2021,01,23,101,20,6
2021,01,24,101,20,11
2021,01,25,101,20,17
2021,01,t1,101,20,1324
2021,01,01,101,30,595
2021,01,03,101,30,46
2021,01,04,101,30,39
2021,01,05,101,30,61
2021,01,06,101,30,117
2021,01,07,101,30,35
2021,01,08,101,30,54
2021,01,09,101,30,5
2021,01,10,101,30,24
2021,01,12,101,30,633
2021,01,13,101,30,102
2021,01,14,101,30,545
2021,01,17,101,30,92
2021,01,18,101,30,31
2021,01,19,101,30,54
2021,01,20,101,30,57
2021,01,21,101,30,37
2021,01,22,101,30,17
2021,01,23,101,30,9
2021,01,24,101,30,40
2021,01,25,101,30,16
2021,01,t1,101,30,2609
2021,01,01,101,t1,1796
2021,01,03,101,t1,163
2021,01,04,101,t1,173
2021,01,05,101,t1,312
2021,01,06,101,t1,359
2021,01,07,101,t1,136
2021,01,08,101,t1,159
2021,01,09,101,t1,26
2021,01,10,101,t1,121
2021,01,12,101,t1,1513
2021,01,13,101,t1,346
2021,01,14,101,t1,1596
2021,01,17,101,t1,209
2021,01,18,101,t1,149
2021,01,19,101,t1,156
2021,01,20,101,t1,126
2021,01,21,101,t1,132
2021,01,22,101,t1,60
2021,01,23,101,t1,37
2021,01,24,101,t1,91
2021,01,25,101,t1,58
2021,01,t1,101,t1,7718
2021,01,01,102,10,159
2021,01,03,102,10,30
2021,01,04,102,10,22
2021,01,05,102,10,44
2021,01,06,102,10,38
2021,01,07,102,10,23
2021,01,08,102,10,22
2021,01,09,102,10,1
2021,01,10,102,10,13
2021,01,12,102,10,134
2021,01,13,102,10,35
2021,01,14,102,10,164
2021,01,17,102,10,30
2021,01,18,102,10,36
2021,01,19,102,10,25
2021,01,20,102,10,23
2021,01,21,102,10,32
2021,01,22,102,10,20
2021,01,23,102,10,14
2021,01,24,102,10,22
2021,01,25,102,10,19
2021,01,t1,102,10,906
2021,01,01,102,20,1286
2021,01,03,102,20,39
2021,01,04,102,20,30
2021,01,05,102,20,100
2021,01,06,102,20,113
2021,01,07,102,20,33
2021,01,08,102,20,30
2021,01,09,102,20,5
2021,01,10,102,20,15
2021,01,12,102,20,429
2021,01,13,102,20,46
2021,01,14,102,20,261
2021,01,17,102,20,48
2021,01,18,102,20,47
2021,01,19,102,20,35
2021,01,20,102,20,48
2021,01,21,102,20,40
2021,01,22,102,20,41
2021,01,23,102,20,40
2021,01,24,102,20,37
2021,01,25,102,20,58
2021,01,t1,102,20,2781
2021,01,01,102,30,327
2021,01,03,102,30,21
2021,01,04,102,30,12
2021,01,05,102,30,12
2021,01,06,102,30,54
2021,01,07,102,30,8
2021,01,08,102,30,32
2021,01,09,102,30,2
2021,01,10,102,30,11
2021,01,12,102,30,405
2021,01,13,102,30,32
2021,01,14,102,30,118
2021,01,17,102,30,42
2021,01,18,102,30,19
2021,01,19,102,30,19
2021,01,20,102,30,38
2021,01,21,102,30,33
2021,01,22,102,30,41
2021,01,23,102,30,4
2021,01,24,102,30,18
2021,01,25,102,30,12
2021,01,t1,102,30,1260
2021,01,01,102,t1,1772
2021,01,03,102,t1,90
2021,01,04,102,t1,64
2021,01,05,102,t1,156
2021,01,06,102,t1,205
2021,01,07,102,t1,64
2021,01,08,102,t1,84
2021,01,09,102,t1,8
2021,01,10,102,t1,39
2021,01,12,102,t1,968
2021,01,13,102,t1,113
2021,01,14,102,t1,543
2021,01,17,102,t1,120
2021,01,18,102,t1,102
2021,01,19,102,t1,79
2021,01,20,102,t1,109
2021,01,21,102,t1,105
2021,01,22,102,t1,102
2021,01,23,102,t1,58
2021,01,24,102,t1,77
2021,01,25,102,t1,89
2021,01,t1,102,t1,4947
2021,01,01,103,10,134
2021,01,03,103,10,24
2021,01,04,103,10,18
2021,01,05,103,10,14
2021,01,06,103,10,18
2021,01,07,103,10,7
2021,01,08,103,10,11
2021,01,09,103,10,4
2021,01,10,103,10,2
2021,01,12,103,10,50
2021,01,13,103,10,29
2021,01,14,103,10,73
2021,01,17,103,10,6
2021,01,18,103,10,6
2021,01,19,103,10,8
2021,01,20,103,10,8
2021,01,21,103,10,11
2021,01,22,103,10,2
2021,01,23,103,10,3
2021,01,24,103,10,9
2021,01,25,103,10,2
2021,01,t1,103,10,439
2021,01,01,103,20,223
2021,01,03,103,20,14
2021,01,04,103,20,6
2021,01,05,103,20,17
2021,01,06,103,20,24
2021,01,07,103,20,11
2021,01,08,103,20,4
2021,01,09,103,20,2
2021,01,10,103,20,3
2021,01,12,103,20,87
2021,01,13,103,20,10
2021,01,14,103,20,119
2021,01,17,103,20,8
2021,01,18,103,20,5
2021,01,19,103,20,11
2021,01,20,103,20,3
2021,01,21,103,20,25
2021,01,22,103,20,5
2021,01,23,103,20,10
2021,01,24,103,20,11
2021,01,25,103,20,4
2021,01,t1,103,20,602
2021,01,01,103,30,26
2021,01,03,103,30,7
2021,01,04,103,30,2
2021,01,05,103,30,4
2021,01,06,103,30,3
2021,01,07,103,30,3
2021,01,08,103,30,5
2021,01,12,103,30,12
2021,01,13,103,30,5
2021,01,14,103,30,29
2021,01,17,103,30,4
2021,01,18,103,30,7
2021,01,19,103,30,5
2021,01,20,103,30,2
2021,01,21,103,30,1
2021,01,23,103,30,1
2021,01,24,103,30,3
2021,01,25,103,30,1
2021,01,t1,103,30,120
2021,01,01,103,t1,383
2021,01,03,103,t1,45
2021,01,04,103,t1,26
2021,01,05,103,t1,35
2021,01,06,103,t1,45
2021,01,07,103,t1,21
2021,01,08,103,t1,20
2021,01,09,103,t1,6
2021,01,10,103,t1,5
2021,01,12,103,t1,149
2021,01,13,103,t1,44
2021,01,14,103,t1,221
2021,01,17,103,t1,18
2021,01,18,103,t1,18
2021,01,19,103,t1,24
2021,01,20,103,t1,13
2021,01,21,103,t1,37
2021,01,22,103,t1,7
2021,01,23,103,t1,14
2021,01,24,103,t1,23
2021,01,25,103,t1,7
2021,01,t1,103,t1,1161
2021,01,01,104,10,173
2021,01,03,104,10,28
2021,01,04,104,10,31
2021,01,05,104,10,50
2021,01,06,104,10,41
2021,01,07,104,10,12
2021,01,08,104,10,9
2021,01,09,104,10,5
2021,01,10,104,10,15
2021,01,12,104,10,110
2021,01,13,104,10,29
2021,01,14,104,10,179
2021,01,17,104,10,17
2021,01,18,104,10,26
2021,01,19,104,10,10
2021,01,20,104,10,8
2021,01,21,104,10,32
2021,01,22,104,10,7
2021,01,23,104,10,5
2021,01,24,104,10,14
2021,01,25,104,10,10
2021,01,t1,104,10,811
2021,01,01,104,20,189
2021,01,03,104,20,8
2021,01,04,104,20,2
2021,01,05,104,20,10
2021,01,06,104,20,12
2021,01,07,104,20,3
2021,01,08,104,20,3
2021,01,10,104,20,1
2021,01,12,104,20,38
2021,01,13,104,20,2
2021,01,14,104,20,55
2021,01,17,104,20,9
2021,01,18,104,20,9
2021,01,20,104,20,1
2021,01,21,104,20,12
2021,01,22,104,20,9
2021,01,23,104,20,2
2021,01,24,104,20,5
2021,01,25,104,20,22
2021,01,t1,104,20,392
2021,01,01,104,30,47
2021,01,03,104,30,17
2021,01,04,104,30,14
2021,01,05,104,30,40
2021,01,06,104,30,41
2021,01,07,104,30,9
2021,01,08,104,30,10
2021,01,09,104,30,2
2021,01,10,104,30,9
2021,01,12,104,30,39
2021,01,13,104,30,17
2021,01,14,104,30,80
2021,01,17,104,30,15
2021,01,18,104,30,21
2021,01,19,104,30,4
2021,01,20,104,30,14
2021,01,21,104,30,15
2021,01,22,104,30,7
2021,01,23,104,30,4
2021,01,24,104,30,20
2021,01,25,104,30,7
2021,01,t1,104,30,432
2021,01,01,104,t1,409
2021,01,03,104,t1,53
2021,01,04,104,t1,47
2021,01,05,104,t1,100
2021,01,06,104,t1,94
2021,01,07,104,t1,24
2021,01,08,104,t1,22
2021,01,09,104,t1,7
2021,01,10,104,t1,25
2021,01,12,104,t1,187
2021,01,13,104,t1,48
2021,01,14,104,t1,314
2021,01,17,104,t1,41
2021,01,18,104,t1,56
2021,01,19,104,t1,14
2021,01,20,104,t1,23
2021,01,21,104,t1,59
2021,01,22,104,t1,23
2021,01,23,104,t1,11
2021,01,24,104,t1,39
2021,01,25,104,t1,39
2021,01,t1,104,t1,1635
2021,01,01,105,10,388
2021,01,03,105,10,61
2021,01,04,105,10,49
2021,01,05,105,10,68
2021,01,06,105,10,38
2021,01,07,105,10,26
2021,01,08,105,10,28
2021,01,09,105,10,6
2021,01,10,105,10,18
2021,01,12,105,10,173
2021,01,13,105,10,61
2021,01,14,105,10,302
2021,01,17,105,10,31
2021,01,18,105,10,30
2021,01,19,105,10,56
2021,01,20,105,10,39
2021,01,21,105,10,29
2021,01,22,105,10,24
2021,01,23,105,10,11
2021,01,24,105,10,30
2021,01,25,105,10,14
2021,01,t1,105,10,1482
2021,01,01,105,20,2087
2021,01,03,105,20,62
2021,01,04,105,20,35
2021,01,05,105,20,93
2021,01,06,105,20,83
2021,01,07,105,20,30
2021,01,08,105,20,24
2021,01,09,105,20,5
2021,01,10,105,20,16
2021,01,12,105,20,483
2021,01,13,105,20,53
2021,01,14,105,20,397
2021,01,17,105,20,55
2021,01,18,105,20,43
2021,01,19,105,20,35
2021,01,20,105,20,25
2021,01,21,105,20,27
2021,01,22,105,20,28
2021,01,23,105,20,23
2021,01,24,105,20,89
2021,01,25,105,20,31
2021,01,t1,105,20,3724
2021,01,01,105,30,351
2021,01,03,105,30,13
2021,01,04,105,30,10
2021,01,05,105,30,16
2021,01,06,105,30,25
2021,01,07,105,30,12
2021,01,08,105,30,8
2021,01,09,105,30,2
2021,01,10,105,30,6
2021,01,12,105,30,92
2021,01,13,105,30,21
2021,01,14,105,30,49
2021,01,17,105,30,11
2021,01,18,105,30,11
2021,01,19,105,30,9
2021,01,20,105,30,19
2021,01,21,105,30,9
2021,01,22,105,30,9
2021,01,24,105,30,10
2021,01,25,105,30,9
2021,01,t1,105,30,692
2021,01,01,105,t1,2826
2021,01,03,105,t1,136
2021,01,04,105,t1,94
2021,01,05,105,t1,177
2021,01,06,105,t1,146
2021,01,07,105,t1,68
2021,01,08,105,t1,60
2021,01,09,105,t1,13
2021,01,10,105,t1,40
2021,01,12,105,t1,748
2021,01,13,105,t1,135
2021,01,14,105,t1,748
2021,01,17,105,t1,97
2021,01,18,105,t1,84
2021,01,19,105,t1,100
2021,01,20,105,t1,83
2021,01,21,105,t1,65
2021,01,22,105,t1,61
2021,01,23,105,t1,34
2021,01,24,105,t1,129
2021,01,25,105,t1,54
2021,01,t1,105,t1,5898
2021,01,12,106,10,1
2021,01,18,106,10,3
2021,01,t1,106,10,4
2021,01,01,106,20,1
2021,01,t1,106,20,1
2021,01,01,106,t1,1
2021,01,12,106,t1,1
2021,01,18,106,t1,3
2021,01,t1,106,t1,5
2021,01,01,107,10,1
2021,01,05,107,10,1
2021,01,06,107,10,1
2021,01,08,107,10,1
2021,01,13,107,10,1
2021,01,14,107,10,1
2021,01,23,107,10,1
2021,01,t1,107,10,7
2021,01,01,107,20,14
2021,01,05,107,20,1
2021,01,06,107,20,1
2021,01,08,107,20,9
2021,01,12,107,20,30
2021,01,13,107,20,3
2021,01,14,107,20,25
2021,01,17,107,20,1
2021,01,18,107,20,1
2021,01,19,107,20,15
2021,01,25,107,20,1
2021,01,t1,107,20,101
2021,01,01,107,30,3
2021,01,t1,107,30,3
2021,01,01,107,t1,18
2021,01,05,107,t1,2
2021,01,06,107,t1,2
2021,01,08,107,t1,10
2021,01,12,107,t1,30
2021,01,13,107,t1,4
2021,01,14,107,t1,26
2021,01,17,107,t1,1
2021,01,18,107,t1,1
2021,01,19,107,t1,15
2021,01,23,107,t1,1
2021,01,25,107,t1,1
2021,01,t1,107,t1,111
2021,01,12,109,10,1
2021,01,t1,109,10,1
2021,01,12,109,t1,1
2021,01,t1,109,t1,1
2021,01,01,t1,10,1602
2021,01,03,t1,10,232
2021,01,04,t1,10,235
2021,01,05,t1,10,370
2021,01,06,t1,10,325
2021,01,07,t1,10,144
2021,01,08,t1,10,159
2021,01,09,t1,10,28
2021,01,10,t1,10,118
2021,01,12,t1,10,1069
2021,01,13,t1,10,362
2021,01,14,t1,10,1593
2021,01,17,t1,10,168
2021,01,18,t1,10,201
2021,01,19,t1,10,188
2021,01,20,t1,10,135
2021,01,21,t1,10,181
2021,01,22,t1,10,84
2021,01,23,t1,10,56
2021,01,24,t1,10,115
2021,01,25,t1,10,70
2021,01,t1,t1,10,7435
2021,01,01,t1,20,4254
2021,01,03,t1,20,151
2021,01,04,t1,20,92
2021,01,05,t1,20,279
2021,01,06,t1,20,286
2021,01,07,t1,20,102
2021,01,08,t1,20,87
2021,01,09,t1,20,21
2021,01,10,t1,20,62
2021,01,12,t1,20,1347
2021,01,13,t1,20,151
2021,01,14,t1,20,1034
2021,01,17,t1,20,154
2021,01,18,t1,20,123
2021,01,19,t1,20,109
2021,01,20,t1,20,89
2021,01,21,t1,20,122
2021,01,22,t1,20,95
2021,01,23,t1,20,81
2021,01,24,t1,20,153
2021,01,25,t1,20,133
2021,01,t1,t1,20,8925
2021,01,01,t1,30,1349
2021,01,03,t1,30,104
2021,01,04,t1,30,77
2021,01,05,t1,30,133
2021,01,06,t1,30,240
2021,01,07,t1,30,67
2021,01,08,t1,30,109
2021,01,09,t1,30,11
2021,01,10,t1,30,50
2021,01,12,t1,30,1181
2021,01,13,t1,30,177
2021,01,14,t1,30,821
2021,01,17,t1,30,164
2021,01,18,t1,30,89
2021,01,19,t1,30,91
2021,01,20,t1,30,130
2021,01,21,t1,30,95
2021,01,22,t1,30,74
2021,01,23,t1,30,18
2021,01,24,t1,30,91
2021,01,25,t1,30,45
2021,01,t1,t1,30,5116
2021,01,01,t1,t1,7205
2021,01,03,t1,t1,487
2021,01,04,t1,t1,404
2021,01,05,t1,t1,782
2021,01,06,t1,t1,851
2021,01,07,t1,t1,313
2021,01,08,t1,t1,355
2021,01,09,t1,t1,60
2021,01,10,t1,t1,230
2021,01,12,t1,t1,3597
2021,01,13,t1,t1,690
2021,01,14,t1,t1,3448
2021,01,17,t1,t1,486
2021,01,18,t1,t1,413
2021,01,19,t1,t1,388
2021,01,20,t1,t1,354
2021,01,21,t1,t1,398
2021,01,22,t1,t1,253
2021,01,23,t1,t1,155
2021,01,24,t1,t1,359
2021,01,25,t1,t1,248
2021,01,t1,t1,t1,21476
2021,02,01,101,10,1016
2021,02,03,101,10,113
2021,02,04,101,10,143
2021,02,05,101,10,196
2021,02,06,101,10,208
2021,02,07,101,10,89
2021,02,08,101,10,107
2021,02,09,101,10,22
2021,02,10,101,10,103
2021,02,12,101,10,647
2021,02,13,101,10,204
2021,02,14,101,10,1001
2021,02,17,101,10,114
2021,02,18,101,10,139
2021,02,19,101,10,110
2021,02,20,101,10,76
2021,02,21,101,10,96
2021,02,22,101,10,62
2021,02,23,101,10,26
2021,02,24,101,10,50
2021,02,25,101,10,33
2021,02,t1,101,10,4555
2021,02,01,101,20,575
2021,02,03,101,20,29
2021,02,04,101,20,19
2021,02,05,101,20,44
2021,02,06,101,20,68
2021,02,07,101,20,17
2021,02,08,101,20,18
2021,02,09,101,20,3
2021,02,10,101,20,12
2021,02,12,101,20,322
2021,02,13,101,20,53
2021,02,14,101,20,219
2021,02,17,101,20,46
2021,02,18,101,20,24
2021,02,19,101,20,23
2021,02,20,101,20,32
2021,02,21,101,20,28
2021,02,22,101,20,20
2021,02,23,101,20,19
2021,02,24,101,20,8
2021,02,25,101,20,28
2021,02,t1,101,20,1607
2021,02,01,101,30,770
2021,02,03,101,30,50
2021,02,04,101,30,25
2021,02,05,101,30,65
2021,02,06,101,30,55
2021,02,07,101,30,52
2021,02,08,101,30,52
2021,02,09,101,30,4
2021,02,10,101,30,17
2021,02,12,101,30,555
2021,02,13,101,30,81
2021,02,14,101,30,541
2021,02,17,101,30,93
2021,02,18,101,30,44
2021,02,19,101,30,53
2021,02,20,101,30,49
2021,02,21,101,30,44
2021,02,22,101,30,15
2021,02,23,101,30,7
2021,02,24,101,30,40
2021,02,25,101,30,25
2021,02,t1,101,30,2637
2021,02,01,101,t1,2361
2021,02,03,101,t1,192
2021,02,04,101,t1,187
2021,02,05,101,t1,305
2021,02,06,101,t1,331
2021,02,07,101,t1,158
2021,02,08,101,t1,177
2021,02,09,101,t1,29
2021,02,10,101,t1,132
2021,02,12,101,t1,1524
2021,02,13,101,t1,338
2021,02,14,101,t1,1761
2021,02,17,101,t1,253
2021,02,18,101,t1,207
2021,02,19,101,t1,186
2021,02,20,101,t1,157
2021,02,21,101,t1,168
2021,02,22,101,t1,97
2021,02,23,101,t1,52
2021,02,24,101,t1,98
2021,02,25,101,t1,86
2021,02,t1,101,t1,8799
2021,02,01,102,10,195
2021,02,03,102,10,30
2021,02,04,102,10,25
2021,02,05,102,10,34
2021,02,06,102,10,42
2021,02,07,102,10,19
2021,02,08,102,10,29
2021,02,09,102,10,3
2021,02,10,102,10,18
2021,02,12,102,10,134
2021,02,13,102,10,39
2021,02,14,102,10,206
2021,02,17,102,10,36
2021,02,18,102,10,37
2021,02,19,102,10,27
2021,02,20,102,10,19
2021,02,21,102,10,30
2021,02,22,102,10,30
2021,02,23,102,10,11
2021,02,24,102,10,20
2021,02,25,102,10,29
2021,02,t1,102,10,1013
2021,02,01,102,20,1122
2021,02,03,102,20,28
2021,02,04,102,20,53
2021,02,05,102,20,89
2021,02,06,102,20,109
2021,02,07,102,20,32
2021,02,08,102,20,37
2021,02,09,102,20,18
2021,02,10,102,20,29
2021,02,12,102,20,445
2021,02,13,102,20,49
2021,02,14,102,20,280
2021,02,17,102,20,74
2021,02,18,102,20,44
2021,02,19,102,20,41
2021,02,20,102,20,61
2021,02,21,102,20,49
2021,02,22,102,20,77
2021,02,23,102,20,36
2021,02,24,102,20,49
2021,02,25,102,20,86
2021,02,t1,102,20,2808
2021,02,01,102,30,287
2021,02,03,102,30,17
2021,02,04,102,30,13
2021,02,05,102,30,20
2021,02,06,102,30,34
2021,02,07,102,30,9
2021,02,08,102,30,33
2021,02,09,102,30,3
2021,02,10,102,30,10
2021,02,12,102,30,335
2021,02,13,102,30,27
2021,02,14,102,30,93
2021,02,17,102,30,27
2021,02,18,102,30,17
2021,02,19,102,30,7
2021,02,20,102,30,38
2021,02,21,102,30,62
2021,02,22,102,30,47
2021,02,23,102,30,8
2021,02,24,102,30,36
2021,02,25,102,30,17
2021,02,t1,102,30,1140
2021,02,01,102,t1,1604
2021,02,03,102,t1,75
2021,02,04,102,t1,91
2021,02,05,102,t1,143
2021,02,06,102,t1,185
2021,02,07,102,t1,60
2021,02,08,102,t1,99
2021,02,09,102,t1,24
2021,02,10,102,t1,57
2021,02,12,102,t1,914
2021,02,13,102,t1,115
2021,02,14,102,t1,579
2021,02,17,102,t1,137
2021,02,18,102,t1,98
2021,02,19,102,t1,75
2021,02,20,102,t1,118
2021,02,21,102,t1,141
2021,02,22,102,t1,154
2021,02,23,102,t1,55
2021,02,24,102,t1,105
2021,02,25,102,t1,132
2021,02,t1,102,t1,4961
2021,02,01,103,10,148
2021,02,03,103,10,19
2021,02,04,103,10,12
2021,02,05,103,10,35
2021,02,06,103,10,12
2021,02,07,103,10,13
2021,02,08,103,10,9
2021,02,09,103,10,4
2021,02,10,103,10,5
2021,02,12,103,10,73
2021,02,13,103,10,23
2021,02,14,103,10,77
2021,02,17,103,10,10
2021,02,18,103,10,4
2021,02,19,103,10,18
2021,02,20,103,10,10
2021,02,21,103,10,4
2021,02,22,103,10,6
2021,02,23,103,10,7
2021,02,24,103,10,12
2021,02,25,103,10,9
2021,02,t1,103,10,510
2021,02,01,103,20,321
2021,02,03,103,20,11
2021,02,04,103,20,8
2021,02,05,103,20,27
2021,02,06,103,20,18
2021,02,07,103,20,15
2021,02,08,103,20,7
2021,02,09,103,20,4
2021,02,10,103,20,3
2021,02,12,103,20,90
2021,02,13,103,20,14
2021,02,14,103,20,135
2021,02,17,103,20,9
2021,02,18,103,20,4
2021,02,19,103,20,4
2021,02,20,103,20,4
2021,02,21,103,20,8
2021,02,22,103,20,12
2021,02,23,103,20,4
2021,02,24,103,20,5
2021,02,25,103,20,10
2021,02,t1,103,20,713
2021,02,01,103,30,47
2021,02,03,103,30,7
2021,02,04,103,30,1
2021,02,05,103,30,10
2021,02,06,103,30,2
2021,02,07,103,30,1
2021,02,08,103,30,5
2021,02,12,103,30,74
2021,02,13,103,30,5
2021,02,14,103,30,19
2021,02,17,103,30,3
2021,02,18,103,30,4
2021,02,19,103,30,3
2021,02,20,103,30,4
2021,02,21,103,30,2
2021,02,24,103,30,5
2021,02,25,103,30,1
2021,02,t1,103,30,193
2021,02,01,103,t1,516
2021,02,03,103,t1,37
2021,02,04,103,t1,21
2021,02,05,103,t1,72
2021,02,06,103,t1,32
2021,02,07,103,t1,29
2021,02,08,103,t1,21
2021,02,09,103,t1,8
2021,02,10,103,t1,8
2021,02,12,103,t1,237
2021,02,13,103,t1,42
2021,02,14,103,t1,231
2021,02,17,103,t1,22
2021,02,18,103,t1,12
2021,02,19,103,t1,25
2021,02,20,103,t1,18
2021,02,21,103,t1,14
2021,02,22,103,t1,18
2021,02,23,103,t1,11
2021,02,24,103,t1,22
2021,02,25,103,t1,20
2021,02,t1,103,t1,1416
2021,02,01,104,10,170
2021,02,03,104,10,28
2021,02,04,104,10,14
2021,02,05,104,10,53
2021,02,06,104,10,34
2021,02,07,104,10,18
2021,02,08,104,10,16
2021,02,10,104,10,18
2021,02,12,104,10,103
2021,02,13,104,10,24
2021,02,14,104,10,156
2021,02,17,104,10,19
2021,02,18,104,10,34
2021,02,19,104,10,7
2021,02,20,104,10,13
2021,02,21,104,10,30
2021,02,22,104,10,11
2021,02,23,104,10,1
2021,02,24,104,10,18
2021,02,25,104,10,16
2021,02,t1,104,10,783
2021,02,01,104,20,176
2021,02,03,104,20,3
2021,02,04,104,20,5
2021,02,05,104,20,20
2021,02,06,104,20,15
2021,02,07,104,20,3
2021,02,08,104,20,3
2021,02,10,104,20,2
2021,02,12,104,20,69
2021,02,13,104,20,3
2021,02,14,104,20,51
2021,02,17,104,20,9
2021,02,18,104,20,3
2021,02,19,104,20,3
2021,02,20,104,20,6
2021,02,21,104,20,10
2021,02,22,104,20,2
2021,02,23,104,20,6
2021,02,24,104,20,6
2021,02,25,104,20,10
2021,02,t1,104,20,405
2021,02,01,104,30,40
2021,02,03,104,30,28
2021,02,04,104,30,16
2021,02,05,104,30,30
2021,02,06,104,30,35
2021,02,07,104,30,11
2021,02,08,104,30,4
2021,02,09,104,30,2
2021,02,10,104,30,12
2021,02,12,104,30,41
2021,02,13,104,30,25
2021,02,14,104,30,108
2021,02,17,104,30,11
2021,02,18,104,30,30
2021,02,19,104,30,5
2021,02,20,104,30,18
2021,02,21,104,30,9
2021,02,22,104,30,12
2021,02,23,104,30,2
2021,02,24,104,30,8
2021,02,25,104,30,8
2021,02,t1,104,30,455
2021,02,01,104,t1,386
2021,02,03,104,t1,59
2021,02,04,104,t1,35
2021,02,05,104,t1,103
2021,02,06,104,t1,84
2021,02,07,104,t1,32
2021,02,08,104,t1,23
2021,02,09,104,t1,2
2021,02,10,104,t1,32
2021,02,12,104,t1,213
2021,02,13,104,t1,52
2021,02,14,104,t1,315
2021,02,17,104,t1,39
2021,02,18,104,t1,67
2021,02,19,104,t1,15
2021,02,20,104,t1,37
2021,02,21,104,t1,49
2021,02,22,104,t1,25
2021,02,23,104,t1,9
2021,02,24,104,t1,32
2021,02,25,104,t1,34
2021,02,t1,104,t1,1643
2021,02,01,105,10,336
2021,02,03,105,10,49
2021,02,04,105,10,47
2021,02,05,105,10,66
2021,02,06,105,10,39
2021,02,07,105,10,33
2021,02,08,105,10,29
2021,02,09,105,10,1
2021,02,10,105,10,23
2021,02,12,105,10,176
2021,02,13,105,10,56
2021,02,14,105,10,297
2021,02,17,105,10,39
2021,02,18,105,10,37
2021,02,19,105,10,31
2021,02,20,105,10,33
2021,02,21,105,10,18
2021,02,22,105,10,32
2021,02,23,105,10,8
2021,02,24,105,10,41
2021,02,25,105,10,15
2021,02,t1,105,10,1406
2021,02,01,105,20,2519
2021,02,03,105,20,50
2021,02,04,105,20,52
2021,02,05,105,20,80
2021,02,06,105,20,84
2021,02,07,105,20,36
2021,02,08,105,20,30
2021,02,09,105,20,5
2021,02,10,105,20,28
2021,02,12,105,20,525
2021,02,13,105,20,66
2021,02,14,105,20,354
2021,02,17,105,20,65
2021,02,18,105,20,32
2021,02,19,105,20,39
2021,02,20,105,20,36
2021,02,21,105,20,57
2021,02,22,105,20,37
2021,02,23,105,20,15
2021,02,24,105,20,52
2021,02,25,105,20,39
2021,02,t1,105,20,4201
2021,02,01,105,30,490
2021,02,03,105,30,14
2021,02,04,105,30,13
2021,02,05,105,30,17
2021,02,06,105,30,24
2021,02,07,105,30,19
2021,02,08,105,30,14
2021,02,09,105,30,3
2021,02,10,105,30,8
2021,02,12,105,30,121
2021,02,13,105,30,17
2021,02,14,105,30,131
2021,02,17,105,30,10
2021,02,18,105,30,17
2021,02,19,105,30,18
2021,02,20,105,30,25
2021,02,21,105,30,19
2021,02,22,105,30,10
2021,02,23,105,30,1
2021,02,24,105,30,12
2021,02,25,105,30,8
2021,02,t1,105,30,991
2021,02,01,105,t1,3345
2021,02,03,105,t1,113
2021,02,04,105,t1,112
2021,02,05,105,t1,163
2021,02,06,105,t1,147
2021,02,07,105,t1,88
2021,02,08,105,t1,73
2021,02,09,105,t1,9
2021,02,10,105,t1,59
2021,02,12,105,t1,822
2021,02,13,105,t1,139
2021,02,14,105,t1,782
2021,02,17,105,t1,114
2021,02,18,105,t1,86
2021,02,19,105,t1,88
2021,02,20,105,t1,94
2021,02,21,105,t1,94
2021,02,22,105,t1,79
2021,02,23,105,t1,24
2021,02,24,105,t1,105
2021,02,25,105,t1,62
2021,02,t1,105,t1,6598
2021,02,14,106,10,1
2021,02,t1,106,10,1
2021,02,14,106,20,1
2021,02,t1,106,20,1
2021,02,18,106,30,1
2021,02,t1,106,30,1
2021,02,14,106,t1,2
2021,02,18,106,t1,1
2021,02,t1,106,t1,3
2021,02,08,107,10,1
2021,02,12,107,10,2
2021,02,14,107,10,2
2021,02,18,107,10,1
2021,02,t1,107,10,6
2021,02,01,107,20,47
2021,02,04,107,20,3
2021,02,05,107,20,3
2021,02,06,107,20,13
2021,02,07,107,20,5
2021,02,08,107,20,24
2021,02,10,107,20,1
2021,02,12,107,20,15
2021,02,13,107,20,4
2021,02,14,107,20,8
2021,02,17,107,20,5
2021,02,19,107,20,11
2021,02,23,107,20,10
2021,02,t1,107,20,149
2021,02,01,107,30,1
2021,02,07,107,30,6
2021,02,08,107,30,1
2021,02,t1,107,30,8
2021,02,01,107,t1,48
2021,02,04,107,t1,3
2021,02,05,107,t1,3
2021,02,06,107,t1,13
2021,02,07,107,t1,11
2021,02,08,107,t1,26
2021,02,10,107,t1,1
2021,02,12,107,t1,17
2021,02,13,107,t1,4
2021,02,14,107,t1,10
2021,02,17,107,t1,5
2021,02,18,107,t1,1
2021,02,19,107,t1,11
2021,02,23,107,t1,10
2021,02,t1,107,t1,163
2021,02,01,109,10,1
2021,02,10,109,10,1
2021,02,t1,109,10,2
2021,02,01,109,30,1
2021,02,t1,109,30,1
2021,02,01,109,t1,2
2021,02,10,109,t1,1
2021,02,t1,109,t1,3
2021,02,01,t1,10,1866
2021,02,03,t1,10,239
2021,02,04,t1,10,241
2021,02,05,t1,10,384
2021,02,06,t1,10,335
2021,02,07,t1,10,172
2021,02,08,t1,10,191
2021,02,09,t1,10,30
2021,02,10,t1,10,168
2021,02,12,t1,10,1135
2021,02,13,t1,10,346
2021,02,14,t1,10,1740
2021,02,17,t1,10,218
2021,02,18,t1,10,252
2021,02,19,t1,10,193
2021,02,20,t1,10,151
2021,02,21,t1,10,178
2021,02,22,t1,10,141
2021,02,23,t1,10,53
2021,02,24,t1,10,141
2021,02,25,t1,10,102
2021,02,t1,t1,10,8276
2021,02,01,t1,20,4760
2021,02,03,t1,20,121
2021,02,04,t1,20,140
2021,02,05,t1,20,263
2021,02,06,t1,20,307
2021,02,07,t1,20,108
2021,02,08,t1,20,119
2021,02,09,t1,20,30
2021,02,10,t1,20,75
2021,02,12,t1,20,1466
2021,02,13,t1,20,189
2021,02,14,t1,20,1048
2021,02,17,t1,20,208
2021,02,18,t1,20,107
2021,02,19,t1,20,121
2021,02,20,t1,20,139
2021,02,21,t1,20,152
2021,02,22,t1,20,148
2021,02,23,t1,20,90
2021,02,24,t1,20,120
2021,02,25,t1,20,173
2021,02,t1,t1,20,9884
2021,02,01,t1,30,1636
2021,02,03,t1,30,116
2021,02,04,t1,30,68
2021,02,05,t1,30,142
2021,02,06,t1,30,150
2021,02,07,t1,30,98
2021,02,08,t1,30,109
2021,02,09,t1,30,12
2021,02,10,t1,30,47
2021,02,12,t1,30,1126
2021,02,13,t1,30,155
2021,02,14,t1,30,892
2021,02,17,t1,30,144
2021,02,18,t1,30,113
2021,02,19,t1,30,86
2021,02,20,t1,30,134
2021,02,21,t1,30,136
2021,02,22,t1,30,84
2021,02,23,t1,30,18
2021,02,24,t1,30,101
2021,02,25,t1,30,59
2021,02,t1,t1,30,5426
2021,02,01,t1,t1,8262
2021,02,03,t1,t1,476
2021,02,04,t1,t1,449
2021,02,05,t1,t1,789
2021,02,06,t1,t1,792
2021,02,07,t1,t1,378
2021,02,08,t1,t1,419
2021,02,09,t1,t1,72
2021,02,10,t1,t1,290
2021,02,12,t1,t1,3727
2021,02,13,t1,t1,690
2021,02,14,t1,t1,3680
2021,02,17,t1,t1,570
2021,02,18,t1,t1,472
2021,02,19,t1,t1,400
2021,02,20,t1,t1,424
2021,02,21,t1,t1,466
2021,02,22,t1,t1,373
2021,02,23,t1,t1,161
2021,02,24,t1,t1,362
2021,02,25,t1,t1,334
2021,02,t1,t1,t1,23586
2021,03,01,101,10,1782
2021,03,03,101,10,215
2021,03,04,101,10,234
2021,03,05,101,10,408
2021,03,06,101,10,406
2021,03,07,101,10,153
2021,03,08,101,10,212
2021,03,09,101,10,27
2021,03,10,101,10,146
2021,03,12,101,10,1145
2021,03,13,101,10,360
2021,03,14,101,10,1802
2021,03,17,101,10,185
2021,03,18,101,10,244
2021,03,19,101,10,221
2021,03,20,101,10,90
2021,03,21,101,10,191
2021,03,22,101,10,94
2021,03,23,101,10,25
2021,03,24,101,10,74
2021,03,25,101,10,59
2021,03,t1,101,10,8073
2021,03,01,101,20,1597
2021,03,03,101,20,66
2021,03,04,101,20,45
2021,03,05,101,20,139
2021,03,06,101,20,96
2021,03,07,101,20,42
2021,03,08,101,20,72
2021,03,09,101,20,2
2021,03,10,101,20,32
2021,03,12,101,20,582
2021,03,13,101,20,89
2021,03,14,101,20,399
2021,03,17,101,20,98
2021,03,18,101,20,57
2021,03,19,101,20,33
2021,03,20,101,20,70
2021,03,21,101,20,32
2021,03,22,101,20,32
2021,03,23,101,20,20
2021,03,24,101,20,39
2021,03,25,101,20,24
2021,03,t1,101,20,3566
2021,03,01,101,30,1301
2021,03,03,101,30,159
2021,03,04,101,30,141
2021,03,05,101,30,121
2021,03,06,101,30,171
2021,03,07,101,30,84
2021,03,08,101,30,130
2021,03,09,101,30,14
2021,03,10,101,30,60
2021,03,12,101,30,992
2021,03,13,101,30,239
2021,03,14,101,30,882
2021,03,17,101,30,102
2021,03,18,101,30,129
2021,03,19,101,30,139
2021,03,20,101,30,81
2021,03,21,101,30,128
2021,03,22,101,30,101
2021,03,23,101,30,46
2021,03,24,101,30,67
2021,03,25,101,30,81
2021,03,t1,101,30,5168
2021,03,01,101,t1,4680
2021,03,03,101,t1,440
2021,03,04,101,t1,420
2021,03,05,101,t1,668
2021,03,06,101,t1,673
2021,03,07,101,t1,279
2021,03,08,101,t1,414
2021,03,09,101,t1,43
2021,03,10,101,t1,238
2021,03,12,101,t1,2719
2021,03,13,101,t1,688
2021,03,14,101,t1,3083
2021,03,17,101,t1,385
2021,03,18,101,t1,430
2021,03,19,101,t1,393
2021,03,20,101,t1,241
2021,03,21,101,t1,351
2021,03,22,101,t1,227
2021,03,23,101,t1,91
2021,03,24,101,t1,180
2021,03,25,101,t1,164
2021,03,t1,101,t1,16807
2021,03,01,102,10,326
2021,03,03,102,10,60
2021,03,04,102,10,55
2021,03,05,102,10,85
2021,03,06,102,10,100
2021,03,07,102,10,37
2021,03,08,102,10,52
2021,03,09,102,10,4
2021,03,10,102,10,43
2021,03,12,102,10,244
2021,03,13,102,10,75
2021,03,14,102,10,393
2021,03,17,102,10,85
2021,03,18,102,10,57
2021,03,19,102,10,68
2021,03,20,102,10,59
2021,03,21,102,10,49
2021,03,22,102,10,39
2021,03,23,102,10,23
2021,03,24,102,10,32
2021,03,25,102,10,30
2021,03,t1,102,10,1916
2021,03,01,102,20,2826
2021,03,03,102,20,118
2021,03,04,102,20,129
2021,03,05,102,20,210
2021,03,06,102,20,183
2021,03,07,102,20,79
2021,03,08,102,20,71
2021,03,09,102,20,12
2021,03,10,102,20,37
2021,03,12,102,20,666
2021,03,13,102,20,75
2021,03,14,102,20,652
2021,03,17,102,20,141
2021,03,18,102,20,146
2021,03,19,102,20,79
2021,03,20,102,20,88
2021,03,21,102,20,80
2021,03,22,102,20,124
2021,03,23,102,20,57
2021,03,24,102,20,65
2021,03,25,102,20,105
2021,03,t1,102,20,5943
2021,03,01,102,30,737
2021,03,03,102,30,98
2021,03,04,102,30,58
2021,03,05,102,30,69
2021,03,06,102,30,112
2021,03,07,102,30,24
2021,03,08,102,30,111
2021,03,09,102,30,2
2021,03,10,102,30,24
2021,03,12,102,30,483
2021,03,13,102,30,66
2021,03,14,102,30,530
2021,03,17,102,30,65
2021,03,18,102,30,44
2021,03,19,102,30,61
2021,03,20,102,30,86
2021,03,21,102,30,77
2021,03,22,102,30,121
2021,03,23,102,30,92
2021,03,24,102,30,86
2021,03,25,102,30,70
2021,03,t1,102,30,3016
2021,03,01,102,t1,3889
2021,03,03,102,t1,276
2021,03,04,102,t1,242
2021,03,05,102,t1,364
2021,03,06,102,t1,395
2021,03,07,102,t1,140
2021,03,08,102,t1,234
2021,03,09,102,t1,18
2021,03,10,102,t1,104
2021,03,12,102,t1,1393
2021,03,13,102,t1,216
2021,03,14,102,t1,1575
2021,03,17,102,t1,291
2021,03,18,102,t1,247
2021,03,19,102,t1,208
2021,03,20,102,t1,233
2021,03,21,102,t1,206
2021,03,22,102,t1,284
2021,03,23,102,t1,172
2021,03,24,102,t1,183
2021,03,25,102,t1,205
2021,03,t1,102,t1,10875
2021,03,01,103,10,342
2021,03,03,103,10,40
2021,03,04,103,10,30
2021,03,05,103,10,58
2021,03,06,103,10,35
2021,03,07,103,10,20
2021,03,08,103,10,7
2021,03,09,103,10,2
2021,03,10,103,10,14
2021,03,12,103,10,167
2021,03,13,103,10,40
2021,03,14,103,10,194
2021,03,17,103,10,17
2021,03,18,103,10,23
2021,03,19,103,10,29
2021,03,20,103,10,17
2021,03,21,103,10,15
2021,03,22,103,10,10
2021,03,23,103,10,10
2021,03,24,103,10,16
2021,03,25,103,10,11
2021,03,t1,103,10,1097
2021,03,01,103,20,707
2021,03,03,103,20,25
2021,03,04,103,20,17
2021,03,05,103,20,36
2021,03,06,103,20,29
2021,03,07,103,20,16
2021,03,08,103,20,16
2021,03,10,103,20,8
2021,03,12,103,20,148
2021,03,13,103,20,36
2021,03,14,103,20,202
2021,03,17,103,20,4
2021,03,18,103,20,16
2021,03,19,103,20,20
2021,03,20,103,20,16
2021,03,21,103,20,12
2021,03,22,103,20,7
2021,03,23,103,20,6
2021,03,24,103,20,8
2021,03,25,103,20,27
2021,03,t1,103,20,1356
2021,03,01,103,30,72
2021,03,03,103,30,3
2021,03,04,103,30,3
2021,03,06,103,30,5
2021,03,08,103,30,1
2021,03,09,103,30,2
2021,03,10,103,30,3
2021,03,12,103,30,33
2021,03,13,103,30,3
2021,03,14,103,30,15
2021,03,17,103,30,10
2021,03,18,103,30,3
2021,03,19,103,30,3
2021,03,20,103,30,3
2021,03,21,103,30,1
2021,03,22,103,30,4
2021,03,24,103,30,3
2021,03,25,103,30,5
2021,03,t1,103,30,172
2021,03,01,103,t1,1121
2021,03,03,103,t1,68
2021,03,04,103,t1,50
2021,03,05,103,t1,94
2021,03,06,103,t1,69
2021,03,07,103,t1,36
2021,03,08,103,t1,24
2021,03,09,103,t1,4
2021,03,10,103,t1,25
2021,03,12,103,t1,348
2021,03,13,103,t1,79
2021,03,14,103,t1,411
2021,03,17,103,t1,31
2021,03,18,103,t1,42
2021,03,19,103,t1,52
2021,03,20,103,t1,36
2021,03,21,103,t1,28
2021,03,22,103,t1,21
2021,03,23,103,t1,16
2021,03,24,103,t1,27
2021,03,25,103,t1,43
2021,03,t1,103,t1,2625
2021,03,01,104,10,313
2021,03,03,104,10,55
2021,03,04,104,10,35
2021,03,05,104,10,76
2021,03,06,104,10,63
2021,03,07,104,10,13
2021,03,08,104,10,12
2021,03,09,104,10,5
2021,03,10,104,10,21
2021,03,12,104,10,192
2021,03,13,104,10,54
2021,03,14,104,10,285
2021,03,17,104,10,37
2021,03,18,104,10,34
2021,03,19,104,10,15
2021,03,20,104,10,16
2021,03,21,104,10,44
2021,03,22,104,10,17
2021,03,23,104,10,4
2021,03,24,104,10,19
2021,03,25,104,10,18
2021,03,t1,104,10,1328
2021,03,01,104,20,252
2021,03,03,104,20,20
2021,03,04,104,20,8
2021,03,05,104,20,40
2021,03,06,104,20,15
2021,03,07,104,20,10
2021,03,08,104,20,6
2021,03,09,104,20,1
2021,03,10,104,20,3
2021,03,12,104,20,81
2021,03,13,104,20,6
2021,03,14,104,20,131
2021,03,17,104,20,16
2021,03,18,104,20,11
2021,03,19,104,20,2
2021,03,20,104,20,5
2021,03,21,104,20,11
2021,03,22,104,20,8
2021,03,23,104,20,3
2021,03,24,104,20,10
2021,03,25,104,20,15
2021,03,t1,104,20,654
2021,03,01,104,30,396
2021,03,03,104,30,49
2021,03,04,104,30,16
2021,03,05,104,30,90
2021,03,06,104,30,53
2021,03,07,104,30,31
2021,03,08,104,30,7
2021,03,09,104,30,2
2021,03,10,104,30,15
2021,03,12,104,30,142
2021,03,13,104,30,31
2021,03,14,104,30,239
2021,03,17,104,30,29
2021,03,18,104,30,46
2021,03,19,104,30,24
2021,03,20,104,30,25
2021,03,21,104,30,32
2021,03,22,104,30,28
2021,03,23,104,30,6
2021,03,24,104,30,29
2021,03,25,104,30,29
2021,03,t1,104,30,1319
2021,03,01,104,t1,961
2021,03,03,104,t1,124
2021,03,04,104,t1,59
2021,03,05,104,t1,206
2021,03,06,104,t1,131
2021,03,07,104,t1,54
2021,03,08,104,t1,25
2021,03,09,104,t1,8
2021,03,10,104,t1,39
2021,03,12,104,t1,415
2021,03,13,104,t1,91
2021,03,14,104,t1,655
2021,03,17,104,t1,82
2021,03,18,104,t1,91
2021,03,19,104,t1,41
2021,03,20,104,t1,46
2021,03,21,104,t1,87
2021,03,22,104,t1,53
2021,03,23,104,t1,13
2021,03,24,104,t1,58
2021,03,25,104,t1,62
2021,03,t1,104,t1,3301
2021,03,01,105,10,880
2021,03,03,105,10,142
2021,03,04,105,10,106
2021,03,05,105,10,156
2021,03,06,105,10,102
2021,03,07,105,10,75
2021,03,08,105,10,47
2021,03,09,105,10,17
2021,03,10,105,10,69
2021,03,12,105,10,458
2021,03,13,105,10,155
2021,03,14,105,10,612
2021,03,17,105,10,91
2021,03,18,105,10,114
2021,03,19,105,10,99
2021,03,20,105,10,71
2021,03,21,105,10,59
2021,03,22,105,10,45
2021,03,23,105,10,18
2021,03,24,105,10,63
2021,03,25,105,10,31
2021,03,t1,105,10,3410
2021,03,01,105,20,5532
2021,03,03,105,20,180
2021,03,04,105,20,112
2021,03,05,105,20,232
2021,03,06,105,20,168
2021,03,07,105,20,81
2021,03,08,105,20,82
2021,03,09,105,20,13
2021,03,10,105,20,58
2021,03,12,105,20,1032
2021,03,13,105,20,173
2021,03,14,105,20,809
2021,03,17,105,20,99
2021,03,18,105,20,100
2021,03,19,105,20,107
2021,03,20,105,20,70
2021,03,21,105,20,58
2021,03,22,105,20,53
2021,03,23,105,20,19
2021,03,24,105,20,127
2021,03,25,105,20,64
2021,03,t1,105,20,9169
2021,03,01,105,30,1341
2021,03,03,105,30,57
2021,03,04,105,30,30
2021,03,05,105,30,28
2021,03,06,105,30,71
2021,03,07,105,30,14
2021,03,08,105,30,33
2021,03,09,105,30,5
2021,03,10,105,30,21
2021,03,12,105,30,235
2021,03,13,105,30,46
2021,03,14,105,30,236
2021,03,17,105,30,24
2021,03,18,105,30,44
2021,03,19,105,30,35
2021,03,20,105,30,51
2021,03,21,105,30,23
2021,03,22,105,30,20
2021,03,23,105,30,7
2021,03,24,105,30,42
2021,03,25,105,30,21
2021,03,t1,105,30,2384
2021,03,01,105,t1,7753
2021,03,03,105,t1,379
2021,03,04,105,t1,248
2021,03,05,105,t1,416
2021,03,06,105,t1,341
2021,03,07,105,t1,170
2021,03,08,105,t1,162
2021,03,09,105,t1,35
2021,03,10,105,t1,148
2021,03,12,105,t1,1725
2021,03,13,105,t1,374
2021,03,14,105,t1,1657
2021,03,17,105,t1,214
2021,03,18,105,t1,258
2021,03,19,105,t1,241
2021,03,20,105,t1,192
2021,03,21,105,t1,140
2021,03,22,105,t1,118
2021,03,23,105,t1,44
2021,03,24,105,t1,232
2021,03,25,105,t1,116
2021,03,t1,105,t1,14963
2021,03,06,106,10,1
2021,03,07,106,10,1
2021,03,14,106,10,1
2021,03,17,106,10,1
2021,03,18,106,10,1
2021,03,t1,106,10,5
2021,03,01,106,20,1
2021,03,12,106,20,1
2021,03,t1,106,20,2
2021,03,25,106,30,1
2021,03,t1,106,30,1
2021,03,01,106,t1,1
2021,03,06,106,t1,1
2021,03,07,106,t1,1
2021,03,12,106,t1,1
2021,03,14,106,t1,1
2021,03,17,106,t1,1
2021,03,18,106,t1,1
2021,03,25,106,t1,1
2021,03,t1,106,t1,8
2021,03,01,107,10,1
2021,03,05,107,10,2
2021,03,12,107,10,1
2021,03,t1,107,10,4
2021,03,01,107,20,23
2021,03,03,107,20,2
2021,03,04,107,20,2
2021,03,05,107,20,1
2021,03,06,107,20,10
2021,03,07,107,20,6
2021,03,08,107,20,12
2021,03,10,107,20,3
2021,03,12,107,20,18
2021,03,13,107,20,27
2021,03,14,107,20,10
2021,03,17,107,20,4
2021,03,22,107,20,1
2021,03,25,107,20,1
2021,03,t1,107,20,120
2021,03,01,107,30,12
2021,03,05,107,30,2
2021,03,06,107,30,2
2021,03,12,107,30,2
2021,03,t1,107,30,18
2021,03,01,107,t1,36
2021,03,03,107,t1,2
2021,03,04,107,t1,2
2021,03,05,107,t1,5
2021,03,06,107,t1,12
2021,03,07,107,t1,6
2021,03,08,107,t1,12
2021,03,10,107,t1,3
2021,03,12,107,t1,21
2021,03,13,107,t1,27
2021,03,14,107,t1,10
2021,03,17,107,t1,4
2021,03,22,107,t1,1
2021,03,25,107,t1,1
2021,03,t1,107,t1,142
2021,03,07,109,10,1
2021,03,t1,109,10,1
2021,03,01,109,30,1
2021,03,t1,109,30,1
2021,03,01,109,t1,1
2021,03,07,109,t1,1
2021,03,t1,109,t1,2
2021,03,01,t1,10,3644
2021,03,03,t1,10,512
2021,03,04,t1,10,460
2021,03,05,t1,10,785
2021,03,06,t1,10,707
2021,03,07,t1,10,300
2021,03,08,t1,10,330
2021,03,09,t1,10,55
2021,03,10,t1,10,293
2021,03,12,t1,10,2207
2021,03,13,t1,10,684
2021,03,14,t1,10,3287
2021,03,17,t1,10,416
2021,03,18,t1,10,473
2021,03,19,t1,10,432
2021,03,20,t1,10,253
2021,03,21,t1,10,358
2021,03,22,t1,10,205
2021,03,23,t1,10,80
2021,03,24,t1,10,204
2021,03,25,t1,10,149
2021,03,t1,t1,10,15834
2021,03,01,t1,20,10938
2021,03,03,t1,20,411
2021,03,04,t1,20,313
2021,03,05,t1,20,658
2021,03,06,t1,20,501
2021,03,07,t1,20,234
2021,03,08,t1,20,259
2021,03,09,t1,20,28
2021,03,10,t1,20,141
2021,03,12,t1,20,2528
2021,03,13,t1,20,406
2021,03,14,t1,20,2203
2021,03,17,t1,20,362
2021,03,18,t1,20,330
2021,03,19,t1,20,241
2021,03,20,t1,20,249
2021,03,21,t1,20,193
2021,03,22,t1,20,225
2021,03,23,t1,20,105
2021,03,24,t1,20,249
2021,03,25,t1,20,236
2021,03,t1,t1,20,20810
2021,03,01,t1,30,3860
2021,03,03,t1,30,366
2021,03,04,t1,30,248
2021,03,05,t1,30,310
2021,03,06,t1,30,414
2021,03,07,t1,30,153
2021,03,08,t1,30,282
2021,03,09,t1,30,25
2021,03,10,t1,30,123
2021,03,12,t1,30,1887
2021,03,13,t1,30,385
2021,03,14,t1,30,1902
2021,03,17,t1,30,230
2021,03,18,t1,30,266
2021,03,19,t1,30,262
2021,03,20,t1,30,246
2021,03,21,t1,30,261
2021,03,22,t1,30,274
2021,03,23,t1,30,151
2021,03,24,t1,30,227
2021,03,25,t1,30,207
2021,03,t1,t1,30,12079
2021,03,01,t1,t1,18442
2021,03,03,t1,t1,1289
2021,03,04,t1,t1,1021
2021,03,05,t1,t1,1753
2021,03,06,t1,t1,1622
2021,03,07,t1,t1,687
2021,03,08,t1,t1,871
2021,03,09,t1,t1,108
2021,03,10,t1,t1,557
2021,03,12,t1,t1,6622
2021,03,13,t1,t1,1475
2021,03,14,t1,t1,7392
2021,03,17,t1,t1,1008
2021,03,18,t1,t1,1069
2021,03,19,t1,t1,935
2021,03,20,t1,t1,748
2021,03,21,t1,t1,812
2021,03,22,t1,t1,704
2021,03,23,t1,t1,336
2021,03,24,t1,t1,680
2021,03,25,t1,t1,592
2021,03,t1,t1,t1,48723
2021,04,01,101,10,944
2021,04,03,101,10,116
2021,04,04,101,10,128
2021,04,05,101,10,168
2021,04,06,101,10,161
2021,04,07,101,10,91
2021,04,08,101,10,88
2021,04,09,101,10,23
2021,04,10,101,10,85
2021,04,12,101,10,620
2021,04,13,101,10,171
2021,04,14,101,10,854
2021,04,17,101,10,100
2021,04,18,101,10,88
2021,04,19,101,10,94
2021,04,20,101,10,52
2021,04,21,101,10,91
2021,04,22,101,10,54
2021,04,23,101,10,17
2021,04,24,101,10,44
2021,04,25,101,10,21
2021,04,t1,101,10,4010
2021,04,01,101,20,686
2021,04,03,101,20,32
2021,04,04,101,20,30
2021,04,05,101,20,46
2021,04,06,101,20,41
2021,04,07,101,20,20
2021,04,08,101,20,13
2021,04,09,101,20,5
2021,04,10,101,20,19
2021,04,12,101,20,495
2021,04,13,101,20,47
2021,04,14,101,20,262
2021,04,17,101,20,31
2021,04,18,101,20,16
2021,04,19,101,20,14
2021,04,20,101,20,27
2021,04,21,101,20,14
2021,04,22,101,20,17
2021,04,23,101,20,11
2021,04,24,101,20,25
2021,04,25,101,20,8
2021,04,t1,101,20,1859
2021,04,01,101,30,368
2021,04,03,101,30,54
2021,04,04,101,30,41
2021,04,05,101,30,91
2021,04,06,101,30,98
2021,04,07,101,30,50
2021,04,08,101,30,42
2021,04,09,101,30,4
2021,04,10,101,30,12
2021,04,12,101,30,373
2021,04,13,101,30,62
2021,04,14,101,30,379
2021,04,17,101,30,92
2021,04,18,101,30,22
2021,04,19,101,30,44
2021,04,20,101,30,49
2021,04,21,101,30,46
2021,04,22,101,30,19
2021,04,23,101,30,5
2021,04,24,101,30,22
2021,04,25,101,30,16
2021,04,t1,101,30,1889
2021,04,01,101,t1,1998
2021,04,03,101,t1,202
2021,04,04,101,t1,199
2021,04,05,101,t1,305
2021,04,06,101,t1,300
2021,04,07,101,t1,161
2021,04,08,101,t1,143
2021,04,09,101,t1,32
2021,04,10,101,t1,116
2021,04,12,101,t1,1488
2021,04,13,101,t1,280
2021,04,14,101,t1,1495
2021,04,17,101,t1,223
2021,04,18,101,t1,126
2021,04,19,101,t1,152
2021,04,20,101,t1,128
2021,04,21,101,t1,151
2021,04,22,101,t1,90
2021,04,23,101,t1,33
2021,04,24,101,t1,91
2021,04,25,101,t1,45
2021,04,t1,101,t1,7758
2021,04,01,102,10,162
2021,04,03,102,10,38
2021,04,04,102,10,18
2021,04,05,102,10,36
2021,04,06,102,10,33
2021,04,07,102,10,21
2021,04,08,102,10,20
2021,04,09,102,10,9
2021,04,10,102,10,17
2021,04,12,102,10,145
2021,04,13,102,10,42
2021,04,14,102,10,207
2021,04,17,102,10,30
2021,04,18,102,10,36
2021,04,19,102,10,17
2021,04,20,102,10,31
2021,04,21,102,10,29
2021,04,22,102,10,25
2021,04,23,102,10,9
2021,04,24,102,10,27
2021,04,25,102,10,26
2021,04,t1,102,10,978
2021,04,01,102,20,880
2021,04,03,102,20,26
2021,04,04,102,20,32
2021,04,05,102,20,82
2021,04,06,102,20,55
2021,04,07,102,20,23
2021,04,08,102,20,18
2021,04,09,102,20,6
2021,04,10,102,20,9
2021,04,12,102,20,525
2021,04,13,102,20,29
2021,04,14,102,20,150
2021,04,17,102,20,34
2021,04,18,102,20,31
2021,04,19,102,20,27
2021,04,20,102,20,38
2021,04,21,102,20,25
2021,04,22,102,20,23
2021,04,23,102,20,12
2021,04,24,102,20,17
2021,04,25,102,20,21
2021,04,t1,102,20,2063
2021,04,01,102,30,118
2021,04,03,102,30,11
2021,04,04,102,30,8
2021,04,05,102,30,9
2021,04,06,102,30,33
2021,04,07,102,30,5
2021,04,08,102,30,14
2021,04,09,102,30,4
2021,04,10,102,30,5
2021,04,12,102,30,257
2021,04,13,102,30,17
2021,04,14,102,30,82
2021,04,17,102,30,33
2021,04,18,102,30,11
2021,04,19,102,30,8
2021,04,20,102,30,26
2021,04,21,102,30,23
2021,04,22,102,30,12
2021,04,24,102,30,11
2021,04,25,102,30,1
2021,04,t1,102,30,688
2021,04,01,102,t1,1160
2021,04,03,102,t1,75
2021,04,04,102,t1,58
2021,04,05,102,t1,127
2021,04,06,102,t1,121
2021,04,07,102,t1,49
2021,04,08,102,t1,52
2021,04,09,102,t1,19
2021,04,10,102,t1,31
2021,04,12,102,t1,927
2021,04,13,102,t1,88
2021,04,14,102,t1,439
2021,04,17,102,t1,97
2021,04,18,102,t1,78
2021,04,19,102,t1,52
2021,04,20,102,t1,95
2021,04,21,102,t1,77
2021,04,22,102,t1,60
2021,04,23,102,t1,21
2021,04,24,102,t1,55
2021,04,25,102,t1,48
2021,04,t1,102,t1,3729
2021,04,01,103,10,435
2021,04,03,103,10,68
2021,04,04,103,10,50
2021,04,05,103,10,89
2021,04,06,103,10,59
2021,04,07,103,10,31
2021,04,08,103,10,30
2021,04,09,103,10,14
2021,04,10,103,10,20
2021,04,12,103,10,274
2021,04,13,103,10,71
2021,04,14,103,10,326
2021,04,17,103,10,44
2021,04,18,103,10,38
2021,04,19,103,10,48
2021,04,20,103,10,35
2021,04,21,103,10,24
2021,04,22,103,10,25
2021,04,23,103,10,8
2021,04,24,103,10,39
2021,04,25,103,10,28
2021,04,t1,103,10,1756
2021,04,01,103,20,1183
2021,04,03,103,20,50
2021,04,04,103,20,33
2021,04,05,103,20,53
2021,04,06,103,20,77
2021,04,07,103,20,16
2021,04,08,103,20,25
2021,04,09,103,20,6
2021,04,10,103,20,17
2021,04,12,103,20,284
2021,04,13,103,20,74
2021,04,14,103,20,376
2021,04,17,103,20,59
2021,04,18,103,20,38
2021,04,19,103,20,26
2021,04,20,103,20,18
2021,04,21,103,20,19
2021,04,22,103,20,14
2021,04,23,103,20,16
2021,04,24,103,20,23
2021,04,25,103,20,13
2021,04,t1,103,20,2420
2021,04,01,103,30,191
2021,04,03,103,30,17
2021,04,04,103,30,16
2021,04,05,103,30,18
2021,04,06,103,30,28
2021,04,07,103,30,17
2021,04,08,103,30,19
2021,04,09,103,30,2
2021,04,10,103,30,9
2021,04,12,103,30,161
2021,04,13,103,30,18
2021,04,14,103,30,111
2021,04,17,103,30,11
2021,04,18,103,30,14
2021,04,19,103,30,19
2021,04,20,103,30,15
2021,04,21,103,30,15
2021,04,22,103,30,10
2021,04,23,103,30,3
2021,04,24,103,30,12
2021,04,25,103,30,6
2021,04,t1,103,30,712
2021,04,01,103,t1,1809
2021,04,03,103,t1,135
2021,04,04,103,t1,99
2021,04,05,103,t1,160
2021,04,06,103,t1,164
2021,04,07,103,t1,64
2021,04,08,103,t1,74
2021,04,09,103,t1,22
2021,04,10,103,t1,46
2021,04,12,103,t1,719
2021,04,13,103,t1,163
2021,04,14,103,t1,813
2021,04,17,103,t1,114
2021,04,18,103,t1,90
2021,04,19,103,t1,93
2021,04,20,103,t1,68
2021,04,21,103,t1,58
2021,04,22,103,t1,49
2021,04,23,103,t1,27
2021,04,24,103,t1,74
2021,04,25,103,t1,47
2021,04,t1,103,t1,4888
2021,04,01,104,10,249
2021,04,03,104,10,35
2021,04,04,104,10,19
2021,04,05,104,10,46
2021,04,06,104,10,35
2021,04,07,104,10,8
2021,04,08,104,10,10
2021,04,09,104,10,7
2021,04,10,104,10,12
2021,04,12,104,10,104
2021,04,13,104,10,23
2021,04,14,104,10,216
2021,04,17,104,10,27
2021,04,18,104,10,17
2021,04,19,104,10,18
2021,04,20,104,10,19
2021,04,21,104,10,18
2021,04,22,104,10,15
2021,04,23,104,10,3
2021,04,24,104,10,9
2021,04,25,104,10,8
2021,04,aa,104,10,1
2021,04,t1,104,10,899
2021,04,01,104,20,273
2021,04,03,104,20,10
2021,04,04,104,20,3
2021,04,05,104,20,28
2021,04,06,104,20,5
2021,04,07,104,20,6
2021,04,08,104,20,5
2021,04,09,104,20,2
2021,04,10,104,20,4
2021,04,12,104,20,61
2021,04,13,104,20,6
2021,04,14,104,20,56
2021,04,17,104,20,14
2021,04,18,104,20,5
2021,04,19,104,20,2
2021,04,20,104,20,2
2021,04,21,104,20,12
2021,04,22,104,20,1
2021,04,23,104,20,8
2021,04,24,104,20,5
2021,04,25,104,20,8
2021,04,t1,104,20,516
2021,04,01,104,30,190
2021,04,03,104,30,14
2021,04,04,104,30,14
2021,04,05,104,30,28
2021,04,06,104,30,19
2021,04,07,104,30,9
2021,04,08,104,30,6
2021,04,09,104,30,2
2021,04,10,104,30,9
2021,04,12,104,30,49
2021,04,13,104,30,16
2021,04,14,104,30,111
2021,04,17,104,30,12
2021,04,18,104,30,15
2021,04,19,104,30,17
2021,04,20,104,30,8
2021,04,21,104,30,14
2021,04,22,104,30,10
2021,04,23,104,30,2
2021,04,24,104,30,16
2021,04,25,104,30,16
2021,04,t1,104,30,577
2021,04,01,104,t1,712
2021,04,03,104,t1,59
2021,04,04,104,t1,36
2021,04,05,104,t1,102
2021,04,06,104,t1,59
2021,04,07,104,t1,23
2021,04,08,104,t1,21
2021,04,09,104,t1,11
2021,04,10,104,t1,25
2021,04,12,104,t1,214
2021,04,13,104,t1,45
2021,04,14,104,t1,383
2021,04,17,104,t1,53
2021,04,18,104,t1,37
2021,04,19,104,t1,37
2021,04,20,104,t1,29
2021,04,21,104,t1,44
2021,04,22,104,t1,26
2021,04,23,104,t1,13
2021,04,24,104,t1,30
2021,04,25,104,t1,32
2021,04,aa,104,t1,1
2021,04,t1,104,t1,1992
2021,04,01,105,10,321
2021,04,03,105,10,49
2021,04,04,105,10,35
2021,04,05,105,10,52
2021,04,06,105,10,31
2021,04,07,105,10,14
2021,04,08,105,10,20
2021,04,09,105,10,6
2021,04,10,105,10,12
2021,04,12,105,10,140
2021,04,13,105,10,45
2021,04,14,105,10,178
2021,04,17,105,10,24
2021,04,18,105,10,20
2021,04,19,105,10,42
2021,04,20,105,10,20
2021,04,21,105,10,12
2021,04,22,105,10,20
2021,04,23,105,10,4
2021,04,24,105,10,20
2021,04,25,105,10,7
2021,04,t1,105,10,1072
2021,04,01,105,20,1903
2021,04,03,105,20,30
2021,04,04,105,20,31
2021,04,05,105,20,52
2021,04,06,105,20,56
2021,04,07,105,20,18
2021,04,08,105,20,19
2021,04,09,105,20,3
2021,04,10,105,20,10
2021,04,12,105,20,356
2021,04,13,105,20,44
2021,04,14,105,20,253
2021,04,17,105,20,14
2021,04,18,105,20,28
2021,04,19,105,20,29
2021,04,20,105,20,29
2021,04,21,105,20,18
2021,04,22,105,20,21
2021,04,23,105,20,8
2021,04,24,105,20,10
2021,04,25,105,20,17
2021,04,t1,105,20,2949
2021,04,01,105,30,178
2021,04,03,105,30,7
2021,04,04,105,30,13
2021,04,05,105,30,16
2021,04,06,105,30,25
2021,04,07,105,30,7
2021,04,08,105,30,8
2021,04,09,105,30,3
2021,04,10,105,30,8
2021,04,12,105,30,116
2021,04,13,105,30,11
2021,04,14,105,30,85
2021,04,17,105,30,16
2021,04,18,105,30,6
2021,04,19,105,30,10
2021,04,20,105,30,17
2021,04,21,105,30,13
2021,04,22,105,30,6
2021,04,24,105,30,8
2021,04,25,105,30,4
2021,04,t1,105,30,557
2021,04,01,105,t1,2402
2021,04,03,105,t1,86
2021,04,04,105,t1,79
2021,04,05,105,t1,120
2021,04,06,105,t1,112
2021,04,07,105,t1,39
2021,04,08,105,t1,47
2021,04,09,105,t1,12
2021,04,10,105,t1,30
2021,04,12,105,t1,612
2021,04,13,105,t1,100
2021,04,14,105,t1,516
2021,04,17,105,t1,54
2021,04,18,105,t1,54
2021,04,19,105,t1,81
2021,04,20,105,t1,66
2021,04,21,105,t1,43
2021,04,22,105,t1,47
2021,04,23,105,t1,12
2021,04,24,105,t1,38
2021,04,25,105,t1,28
2021,04,t1,105,t1,4578
2021,04,12,106,10,1
2021,04,20,106,10,2
2021,04,21,106,10,1
2021,04,t1,106,10,4
2021,04,01,106,20,3
2021,04,12,106,20,1
2021,04,17,106,20,1
2021,04,t1,106,20,5
2021,04,01,106,30,3
2021,04,04,106,30,2
2021,04,05,106,30,3
2021,04,12,106,30,7
2021,04,13,106,30,2
2021,04,14,106,30,6
2021,04,17,106,30,1
2021,04,18,106,30,4
2021,04,19,106,30,2
2021,04,20,106,30,1
2021,04,21,106,30,3
2021,04,22,106,30,3
2021,04,23,106,30,1
2021,04,24,106,30,2
2021,04,25,106,30,2
2021,04,t1,106,30,42
2021,04,01,106,t1,6
2021,04,04,106,t1,2
2021,04,05,106,t1,3
2021,04,12,106,t1,9
2021,04,13,106,t1,2
2021,04,14,106,t1,6
2021,04,17,106,t1,2
2021,04,18,106,t1,4
2021,04,19,106,t1,2
2021,04,20,106,t1,3
2021,04,21,106,t1,4
2021,04,22,106,t1,3
2021,04,23,106,t1,1
2021,04,24,106,t1,2
2021,04,25,106,t1,2
2021,04,t1,106,t1,51
2021,04,01,107,10,1
2021,04,14,107,10,1
2021,04,t1,107,10,2
2021,04,01,107,20,26
2021,04,03,107,20,3
2021,04,04,107,20,2
2021,04,05,107,20,5
2021,04,06,107,20,15
2021,04,07,107,20,2
2021,04,08,107,20,1
2021,04,10,107,20,6
2021,04,12,107,20,22
2021,04,13,107,20,7
2021,04,14,107,20,28
2021,04,17,107,20,3
2021,04,18,107,20,1
2021,04,19,107,20,6
2021,04,20,107,20,1
2021,04,23,107,20,2
2021,04,t1,107,20,130
2021,04,01,107,30,2
2021,04,12,107,30,1
2021,04,t1,107,30,3
2021,04,01,107,t1,29
2021,04,03,107,t1,3
2021,04,04,107,t1,2
2021,04,05,107,t1,5
2021,04,06,107,t1,15
2021,04,07,107,t1,2
2021,04,08,107,t1,1
2021,04,10,107,t1,6
2021,04,12,107,t1,23
2021,04,13,107,t1,7
2021,04,14,107,t1,29
2021,04,17,107,t1,3
2021,04,18,107,t1,1
2021,04,19,107,t1,6
2021,04,20,107,t1,1
2021,04,23,107,t1,2
2021,04,t1,107,t1,135
2021,04,01,109,10,1
2021,04,07,109,10,1
2021,04,t1,109,10,2
2021,04,01,109,t1,1
2021,04,07,109,t1,1
2021,04,t1,109,t1,2
2021,04,01,t1,10,2113
2021,04,03,t1,10,306
2021,04,04,t1,10,250
2021,04,05,t1,10,391
2021,04,06,t1,10,319
2021,04,07,t1,10,166
2021,04,08,t1,10,168
2021,04,09,t1,10,59
2021,04,10,t1,10,146
2021,04,12,t1,10,1284
2021,04,13,t1,10,352
2021,04,14,t1,10,1782
2021,04,17,t1,10,225
2021,04,18,t1,10,199
2021,04,19,t1,10,219
2021,04,20,t1,10,159
2021,04,21,t1,10,175
2021,04,22,t1,10,139
2021,04,23,t1,10,41
2021,04,24,t1,10,139
2021,04,25,t1,10,90
2021,04,aa,t1,10,1
2021,04,t1,t1,10,8723
2021,04,01,t1,20,4954
2021,04,03,t1,20,151
2021,04,04,t1,20,131
2021,04,05,t1,20,266
2021,04,06,t1,20,249
2021,04,07,t1,20,85
2021,04,08,t1,20,81
2021,04,09,t1,20,22
2021,04,10,t1,20,65
2021,04,12,t1,20,1744
2021,04,13,t1,20,207
2021,04,14,t1,20,1125
2021,04,17,t1,20,156
2021,04,18,t1,20,119
2021,04,19,t1,20,104
2021,04,20,t1,20,115
2021,04,21,t1,20,88
2021,04,22,t1,20,76
2021,04,23,t1,20,57
2021,04,24,t1,20,80
2021,04,25,t1,20,67
2021,04,t1,t1,20,9942
2021,04,01,t1,30,1050
2021,04,03,t1,30,103
2021,04,04,t1,30,94
2021,04,05,t1,30,165
2021,04,06,t1,30,203
2021,04,07,t1,30,88
2021,04,08,t1,30,89
2021,04,09,t1,30,15
2021,04,10,t1,30,43
2021,04,12,t1,30,964
2021,04,13,t1,30,126
2021,04,14,t1,30,774
2021,04,17,t1,30,165
2021,04,18,t1,30,72
2021,04,19,t1,30,100
2021,04,20,t1,30,116
2021,04,21,t1,30,114
2021,04,22,t1,30,60
2021,04,23,t1,30,11
2021,04,24,t1,30,71
2021,04,25,t1,30,45
2021,04,t1,t1,30,4468
2021,04,01,t1,t1,8117
2021,04,03,t1,t1,560
2021,04,04,t1,t1,475
2021,04,05,t1,t1,822
2021,04,06,t1,t1,771
2021,04,07,t1,t1,339
2021,04,08,t1,t1,338
2021,04,09,t1,t1,96
2021,04,10,t1,t1,254
2021,04,12,t1,t1,3992
2021,04,13,t1,t1,685
2021,04,14,t1,t1,3681
2021,04,17,t1,t1,546
2021,04,18,t1,t1,390
2021,04,19,t1,t1,423
2021,04,20,t1,t1,390
2021,04,21,t1,t1,377
2021,04,22,t1,t1,275
2021,04,23,t1,t1,109
2021,04,24,t1,t1,290
2021,04,25,t1,t1,202
2021,04,aa,t1,t1,1
2021,04,t1,t1,t1,23133
2021,05,01,101,10,1021
2021,05,03,101,10,131
2021,05,04,101,10,123
2021,05,05,101,10,204
2021,05,06,101,10,231
2021,05,07,101,10,84
2021,05,08,101,10,113
2021,05,09,101,10,20
2021,05,10,101,10,75
2021,05,12,101,10,706
2021,05,13,101,10,187
2021,05,14,101,10,1040
2021,05,17,101,10,119
2021,05,18,101,10,136
2021,05,19,101,10,127
2021,05,20,101,10,82
2021,05,21,101,10,102
2021,05,22,101,10,75
2021,05,23,101,10,18
2021,05,24,101,10,67
2021,05,25,101,10,37
2021,05,t1,101,10,4698
2021,05,01,101,20,1352
2021,05,03,101,20,42
2021,05,04,101,20,33
2021,05,05,101,20,56
2021,05,06,101,20,45
2021,05,07,101,20,23
2021,05,08,101,20,31
2021,05,09,101,20,13
2021,05,10,101,20,36
2021,05,12,101,20,439
2021,05,13,101,20,59
2021,05,14,101,20,251
2021,05,17,101,20,62
2021,05,18,101,20,38
2021,05,19,101,20,32
2021,05,20,101,20,35
2021,05,21,101,20,26
2021,05,22,101,20,25
2021,05,23,101,20,11
2021,05,24,101,20,16
2021,05,25,101,20,16
2021,05,t1,101,20,2641
2021,05,01,101,30,375
2021,05,03,101,30,37
2021,05,04,101,30,34
2021,05,05,101,30,40
2021,05,06,101,30,85
2021,05,07,101,30,33
2021,05,08,101,30,43
2021,05,09,101,30,6
2021,05,10,101,30,19
2021,05,12,101,30,338
2021,05,13,101,30,106
2021,05,14,101,30,291
2021,05,17,101,30,19
2021,05,18,101,30,31
2021,05,19,101,30,37
2021,05,20,101,30,36
2021,05,21,101,30,55
2021,05,22,101,30,15
2021,05,23,101,30,5
2021,05,24,101,30,23
2021,05,25,101,30,4
2021,05,t1,101,30,1632
2021,05,01,101,t1,2748
2021,05,03,101,t1,210
2021,05,04,101,t1,190
2021,05,05,101,t1,300
2021,05,06,101,t1,361
2021,05,07,101,t1,140
2021,05,08,101,t1,187
2021,05,09,101,t1,39
2021,05,10,101,t1,130
2021,05,12,101,t1,1483
2021,05,13,101,t1,352
2021,05,14,101,t1,1582
2021,05,17,101,t1,200
2021,05,18,101,t1,205
2021,05,19,101,t1,196
2021,05,20,101,t1,153
2021,05,21,101,t1,183
2021,05,22,101,t1,115
2021,05,23,101,t1,34
2021,05,24,101,t1,106
2021,05,25,101,t1,57
2021,05,t1,101,t1,8971
2021,05,01,102,10,199
2021,05,03,102,10,36
2021,05,04,102,10,35
2021,05,05,102,10,48
2021,05,06,102,10,55
2021,05,07,102,10,27
2021,05,08,102,10,35
2021,05,09,102,10,7
2021,05,10,102,10,21
2021,05,12,102,10,175
2021,05,13,102,10,50
2021,05,14,102,10,208
2021,05,17,102,10,33
2021,05,18,102,10,41
2021,05,19,102,10,42
2021,05,20,102,10,39
2021,05,21,102,10,46
2021,05,22,102,10,41
2021,05,23,102,10,14
2021,05,24,102,10,34
2021,05,25,102,10,50
2021,05,t1,102,10,1236
2021,05,01,102,20,1195
2021,05,03,102,20,34
2021,05,04,102,20,39
2021,05,05,102,20,65
2021,05,06,102,20,92
2021,05,07,102,20,22
2021,05,08,102,20,47
2021,05,09,102,20,7
2021,05,10,102,20,17
2021,05,12,102,20,452
2021,05,13,102,20,55
2021,05,14,102,20,227
2021,05,17,102,20,55
2021,05,18,102,20,45
2021,05,19,102,20,30
2021,05,20,102,20,34
2021,05,21,102,20,55
2021,05,22,102,20,81
2021,05,23,102,20,35
2021,05,24,102,20,46
2021,05,25,102,20,38
2021,05,t1,102,20,2671
2021,05,01,102,30,178
2021,05,03,102,30,12
2021,05,04,102,30,9
2021,05,05,102,30,12
2021,05,06,102,30,22
2021,05,07,102,30,6
2021,05,08,102,30,15
2021,05,10,102,30,4
2021,05,12,102,30,157
2021,05,13,102,30,22
2021,05,14,102,30,76
2021,05,17,102,30,20
2021,05,18,102,30,3
2021,05,19,102,30,7
2021,05,20,102,30,23
2021,05,21,102,30,37
2021,05,22,102,30,29
2021,05,23,102,30,5
2021,05,24,102,30,13
2021,05,25,102,30,4
2021,05,t1,102,30,654
2021,05,01,102,t1,1572
2021,05,03,102,t1,82
2021,05,04,102,t1,83
2021,05,05,102,t1,125
2021,05,06,102,t1,169
2021,05,07,102,t1,55
2021,05,08,102,t1,97
2021,05,09,102,t1,14
2021,05,10,102,t1,42
2021,05,12,102,t1,784
2021,05,13,102,t1,127
2021,05,14,102,t1,511
2021,05,17,102,t1,108
2021,05,18,102,t1,89
2021,05,19,102,t1,79
2021,05,20,102,t1,96
2021,05,21,102,t1,138
2021,05,22,102,t1,151
2021,05,23,102,t1,54
2021,05,24,102,t1,93
2021,05,25,102,t1,92
2021,05,t1,102,t1,4561
2021,05,01,103,10,423
2021,05,03,103,10,60
2021,05,04,103,10,37
2021,05,05,103,10,66
2021,05,06,103,10,53
2021,05,07,103,10,25
2021,05,08,103,10,18
2021,05,09,103,10,7
2021,05,10,103,10,21
2021,05,12,103,10,224
2021,05,13,103,10,69
2021,05,14,103,10,313
2021,05,17,103,10,35
2021,05,18,103,10,34
2021,05,19,103,10,36
2021,05,20,103,10,28
2021,05,21,103,10,24
2021,05,22,103,10,21
2021,05,23,103,10,9
2021,05,24,103,10,31
2021,05,25,103,10,21
2021,05,t1,103,10,1555
2021,05,01,103,20,968
2021,05,03,103,20,63
2021,05,04,103,20,30
2021,05,05,103,20,66
2021,05,06,103,20,49
2021,05,07,103,20,16
2021,05,08,103,20,16
2021,05,09,103,20,5
2021,05,10,103,20,9
2021,05,12,103,20,293
2021,05,13,103,20,46
2021,05,14,103,20,321
2021,05,17,103,20,36
2021,05,18,103,20,24
2021,05,19,103,20,23
2021,05,20,103,20,16
2021,05,21,103,20,21
2021,05,22,103,20,14
2021,05,23,103,20,20
2021,05,24,103,20,22
2021,05,25,103,20,15
2021,05,t1,103,20,2073
2021,05,01,103,30,141
2021,05,03,103,30,6
2021,05,04,103,30,9
2021,05,05,103,30,11
2021,05,06,103,30,8
2021,05,07,103,30,10
2021,05,08,103,30,4
2021,05,09,103,30,3
2021,05,10,103,30,9
2021,05,12,103,30,48
2021,05,13,103,30,7
2021,05,14,103,30,49
2021,05,17,103,30,2
2021,05,18,103,30,6
2021,05,19,103,30,8
2021,05,20,103,30,8
2021,05,21,103,30,5
2021,05,22,103,30,2
2021,05,24,103,30,6
2021,05,25,103,30,2
2021,05,t1,103,30,344
2021,05,01,103,t1,1532
2021,05,03,103,t1,129
2021,05,04,103,t1,76
2021,05,05,103,t1,143
2021,05,06,103,t1,110
2021,05,07,103,t1,51
2021,05,08,103,t1,38
2021,05,09,103,t1,15
2021,05,10,103,t1,39
2021,05,12,103,t1,565
2021,05,13,103,t1,122
2021,05,14,103,t1,683
2021,05,17,103,t1,73
2021,05,18,103,t1,64
2021,05,19,103,t1,67
2021,05,20,103,t1,52
2021,05,21,103,t1,50
2021,05,22,103,t1,37
2021,05,23,103,t1,29
2021,05,24,103,t1,59
2021,05,25,103,t1,38
2021,05,t1,103,t1,3972
2021,05,01,104,10,271
2021,05,03,104,10,42
2021,05,04,104,10,31
2021,05,05,104,10,68
2021,05,06,104,10,49
2021,05,07,104,10,24
2021,05,08,104,10,11
2021,05,09,104,10,4
2021,05,10,104,10,17
2021,05,12,104,10,123
2021,05,13,104,10,26
2021,05,14,104,10,196
2021,05,17,104,10,29
2021,05,18,104,10,32
2021,05,19,104,10,19
2021,05,20,104,10,21
2021,05,21,104,10,37
2021,05,22,104,10,27
2021,05,23,104,10,3
2021,05,24,104,10,21
2021,05,25,104,10,16
2021,05,t1,104,10,1067
2021,05,01,104,20,420
2021,05,03,104,20,9
2021,05,04,104,20,5
2021,05,05,104,20,27
2021,05,06,104,20,11
2021,05,07,104,20,7
2021,05,08,104,20,4
2021,05,09,104,20,3
2021,05,10,104,20,1
2021,05,12,104,20,47
2021,05,13,104,20,9
2021,05,14,104,20,58
2021,05,17,104,20,20
2021,05,18,104,20,13
2021,05,19,104,20,3
2021,05,20,104,20,2
2021,05,21,104,20,13
2021,05,22,104,20,4
2021,05,23,104,20,2
2021,05,24,104,20,8
2021,05,25,104,20,27
2021,05,t1,104,20,693
2021,05,01,104,30,230
2021,05,03,104,30,18
2021,05,04,104,30,10
2021,05,05,104,30,30
2021,05,06,104,30,24
2021,05,07,104,30,8
2021,05,08,104,30,5
2021,05,09,104,30,1
2021,05,10,104,30,10
2021,05,12,104,30,66
2021,05,13,104,30,14
2021,05,14,104,30,120
2021,05,17,104,30,11
2021,05,18,104,30,28
2021,05,19,104,30,3
2021,05,20,104,30,20
2021,05,21,104,30,11
2021,05,22,104,30,7
2021,05,23,104,30,1
2021,05,24,104,30,21
2021,05,25,104,30,6
2021,05,t1,104,30,644
2021,05,01,104,t1,921
2021,05,03,104,t1,69
2021,05,04,104,t1,46
2021,05,05,104,t1,125
2021,05,06,104,t1,84
2021,05,07,104,t1,39
2021,05,08,104,t1,20
2021,05,09,104,t1,8
2021,05,10,104,t1,28
2021,05,12,104,t1,236
2021,05,13,104,t1,49
2021,05,14,104,t1,374
2021,05,17,104,t1,60
2021,05,18,104,t1,73
2021,05,19,104,t1,25
2021,05,20,104,t1,43
2021,05,21,104,t1,61
2021,05,22,104,t1,38
2021,05,23,104,t1,6
2021,05,24,104,t1,50
2021,05,25,104,t1,49
2021,05,t1,104,t1,2404
2021,05,01,105,10,372
2021,05,03,105,10,55
2021,05,04,105,10,37
2021,05,05,105,10,45
2021,05,06,105,10,42
2021,05,07,105,10,23
2021,05,08,105,10,20
2021,05,09,105,10,6
2021,05,10,105,10,21
2021,05,12,105,10,163
2021,05,13,105,10,45
2021,05,14,105,10,226
2021,05,17,105,10,24
2021,05,18,105,10,27
2021,05,19,105,10,46
2021,05,20,105,10,21
2021,05,21,105,10,16
2021,05,22,105,10,23
2021,05,23,105,10,8
2021,05,24,105,10,25
2021,05,25,105,10,16
2021,05,t1,105,10,1261
2021,05,01,105,20,2180
2021,05,03,105,20,48
2021,05,04,105,20,27
2021,05,05,105,20,78
2021,05,06,105,20,68
2021,05,07,105,20,28
2021,05,08,105,20,38
2021,05,09,105,20,4
2021,05,10,105,20,18
2021,05,12,105,20,468
2021,05,13,105,20,56
2021,05,14,105,20,355
2021,05,17,105,20,41
2021,05,18,105,20,31
2021,05,19,105,20,39
2021,05,20,105,20,21
2021,05,21,105,20,24
2021,05,22,105,20,26
2021,05,23,105,20,12
2021,05,24,105,20,25
2021,05,25,105,20,27
2021,05,aa,105,20,1
2021,05,t1,105,20,3615
2021,05,01,105,30,230
2021,05,03,105,30,5
2021,05,04,105,30,15
2021,05,05,105,30,9
2021,05,06,105,30,36
2021,05,07,105,30,8
2021,05,08,105,30,11
2021,05,09,105,30,3
2021,05,10,105,30,4
2021,05,12,105,30,97
2021,05,13,105,30,17
2021,05,14,105,30,148
2021,05,17,105,30,14
2021,05,18,105,30,8
2021,05,19,105,30,10
2021,05,20,105,30,14
2021,05,21,105,30,14
2021,05,22,105,30,10
2021,05,23,105,30,3
2021,05,24,105,30,19
2021,05,25,105,30,7
2021,05,t1,105,30,682
2021,05,01,105,t1,2782
2021,05,03,105,t1,108
2021,05,04,105,t1,79
2021,05,05,105,t1,132
2021,05,06,105,t1,146
2021,05,07,105,t1,59
2021,05,08,105,t1,69
2021,05,09,105,t1,13
2021,05,10,105,t1,43
2021,05,12,105,t1,728
2021,05,13,105,t1,118
2021,05,14,105,t1,729
2021,05,17,105,t1,79
2021,05,18,105,t1,66
2021,05,19,105,t1,95
2021,05,20,105,t1,56
2021,05,21,105,t1,54
2021,05,22,105,t1,59
2021,05,23,105,t1,23
2021,05,24,105,t1,69
2021,05,25,105,t1,50
2021,05,aa,105,t1,1
2021,05,t1,105,t1,5558
2021,05,01,106,10,5
2021,05,04,106,10,1
2021,05,13,106,10,2
2021,05,14,106,10,2
2021,05,18,106,10,3
2021,05,20,106,10,1
2021,05,22,106,10,2
2021,05,23,106,10,1
2021,05,t1,106,10,17
2021,05,01,106,20,4
2021,05,04,106,20,1
2021,05,12,106,20,1
2021,05,17,106,20,2
2021,05,19,106,20,1
2021,05,20,106,20,1
2021,05,21,106,20,2
2021,05,23,106,20,1
2021,05,t1,106,20,13
2021,05,01,106,30,8
2021,05,03,106,30,2
2021,05,05,106,30,5
2021,05,06,106,30,2
2021,05,07,106,30,2
2021,05,08,106,30,1
2021,05,10,106,30,2
2021,05,12,106,30,7
2021,05,13,106,30,6
2021,05,14,106,30,12
2021,05,17,106,30,3
2021,05,18,106,30,2
2021,05,20,106,30,3
2021,05,22,106,30,2
2021,05,23,106,30,3
2021,05,24,106,30,2
2021,05,25,106,30,2
2021,05,t1,106,30,64
2021,05,01,106,t1,17
2021,05,03,106,t1,2
2021,05,04,106,t1,2
2021,05,05,106,t1,5
2021,05,06,106,t1,2
2021,05,07,106,t1,2
2021,05,08,106,t1,1
2021,05,10,106,t1,2
2021,05,12,106,t1,8
2021,05,13,106,t1,8
2021,05,14,106,t1,14
2021,05,17,106,t1,5
2021,05,18,106,t1,5
2021,05,19,106,t1,1
2021,05,20,106,t1,5
2021,05,21,106,t1,2
2021,05,22,106,t1,4
2021,05,23,106,t1,5
2021,05,24,106,t1,2
2021,05,25,106,t1,2
2021,05,t1,106,t1,94
2021,05,01,107,10,2
2021,05,t1,107,10,2
2021,05,01,107,20,15
2021,05,03,107,20,1
2021,05,05,107,20,3
2021,05,06,107,20,15
2021,05,07,107,20,5
2021,05,08,107,20,17
2021,05,09,107,20,2
2021,05,10,107,20,17
2021,05,12,107,20,28
2021,05,13,107,20,1
2021,05,14,107,20,20
2021,05,17,107,20,4
2021,05,18,107,20,1
2021,05,19,107,20,9
2021,05,21,107,20,1
2021,05,23,107,20,1
2021,05,t1,107,20,140
2021,05,07,107,30,3
2021,05,10,107,30,1
2021,05,t1,107,30,4
2021,05,01,107,t1,17
2021,05,03,107,t1,1
2021,05,05,107,t1,3
2021,05,06,107,t1,15
2021,05,07,107,t1,8
2021,05,08,107,t1,17
2021,05,09,107,t1,2
2021,05,10,107,t1,18
2021,05,12,107,t1,28
2021,05,13,107,t1,1
2021,05,14,107,t1,20
2021,05,17,107,t1,4
2021,05,18,107,t1,1
2021,05,19,107,t1,9
2021,05,21,107,t1,1
2021,05,23,107,t1,1
2021,05,t1,107,t1,146
2021,05,01,109,10,1
2021,05,10,109,10,1
2021,05,24,109,10,1
2021,05,t1,109,10,3
2021,05,01,109,30,4
2021,05,t1,109,30,4
2021,05,01,109,t1,5
2021,05,10,109,t1,1
2021,05,24,109,t1,1
2021,05,t1,109,t1,7
2021,05,01,t1,10,2294
2021,05,03,t1,10,324
2021,05,04,t1,10,264
2021,05,05,t1,10,431
2021,05,06,t1,10,430
2021,05,07,t1,10,183
2021,05,08,t1,10,197
2021,05,09,t1,10,44
2021,05,10,t1,10,156
2021,05,12,t1,10,1391
2021,05,13,t1,10,379
2021,05,14,t1,10,1985
2021,05,17,t1,10,240
2021,05,18,t1,10,273
2021,05,19,t1,10,270
2021,05,20,t1,10,192
2021,05,21,t1,10,225
2021,05,22,t1,10,189
2021,05,23,t1,10,53
2021,05,24,t1,10,179
2021,05,25,t1,10,140
2021,05,t1,t1,10,9839
2021,05,01,t1,20,6134
2021,05,03,t1,20,197
2021,05,04,t1,20,135
2021,05,05,t1,20,295
2021,05,06,t1,20,280
2021,05,07,t1,20,101
2021,05,08,t1,20,153
2021,05,09,t1,20,34
2021,05,10,t1,20,98
2021,05,12,t1,20,1728
2021,05,13,t1,20,226
2021,05,14,t1,20,1232
2021,05,17,t1,20,220
2021,05,18,t1,20,152
2021,05,19,t1,20,137
2021,05,20,t1,20,109
2021,05,21,t1,20,142
2021,05,22,t1,20,150
2021,05,23,t1,20,82
2021,05,24,t1,20,117
2021,05,25,t1,20,123
2021,05,aa,t1,20,1
2021,05,t1,t1,20,11846
2021,05,01,t1,30,1166
2021,05,03,t1,30,80
2021,05,04,t1,30,77
2021,05,05,t1,30,107
2021,05,06,t1,30,177
2021,05,07,t1,30,70
2021,05,08,t1,30,79
2021,05,09,t1,30,13
2021,05,10,t1,30,49
2021,05,12,t1,30,713
2021,05,13,t1,30,172
2021,05,14,t1,30,696
2021,05,17,t1,30,69
2021,05,18,t1,30,78
2021,05,19,t1,30,65
2021,05,20,t1,30,104
2021,05,21,t1,30,122
2021,05,22,t1,30,65
2021,05,23,t1,30,17
2021,05,24,t1,30,84
2021,05,25,t1,30,25
2021,05,t1,t1,30,4028
2021,05,01,t1,t1,9594
2021,05,03,t1,t1,601
2021,05,04,t1,t1,476
2021,05,05,t1,t1,833
2021,05,06,t1,t1,887
2021,05,07,t1,t1,354
2021,05,08,t1,t1,429
2021,05,09,t1,t1,91
2021,05,10,t1,t1,303
2021,05,12,t1,t1,3832
2021,05,13,t1,t1,777
2021,05,14,t1,t1,3913
2021,05,17,t1,t1,529
2021,05,18,t1,t1,503
2021,05,19,t1,t1,472
2021,05,20,t1,t1,405
2021,05,21,t1,t1,489
2021,05,22,t1,t1,404
2021,05,23,t1,t1,152
2021,05,24,t1,t1,380
2021,05,25,t1,t1,288
2021,05,aa,t1,t1,1
2021,05,t1,t1,t1,25713
2021,06,01,101,10,1126
2021,06,03,101,10,144
2021,06,04,101,10,165
2021,06,05,101,10,212
2021,06,06,101,10,234
2021,06,07,101,10,107
2021,06,08,101,10,146
2021,06,09,101,10,21
2021,06,10,101,10,87
2021,06,12,101,10,718
2021,06,13,101,10,240
2021,06,14,101,10,1092
2021,06,17,101,10,122
2021,06,18,101,10,150
2021,06,19,101,10,155
2021,06,20,101,10,93
2021,06,21,101,10,86
2021,06,22,101,10,76
2021,06,23,101,10,16
2021,06,24,101,10,61
2021,06,25,101,10,28
2021,06,t1,101,10,5079
2021,06,01,101,20,1480
2021,06,03,101,20,77
2021,06,04,101,20,70
2021,06,05,101,20,142
2021,06,06,101,20,74
2021,06,07,101,20,19
2021,06,08,101,20,31
2021,06,09,101,20,25
2021,06,10,101,20,29
2021,06,12,101,20,471
2021,06,13,101,20,86
2021,06,14,101,20,450
2021,06,17,101,20,75
2021,06,18,101,20,42
2021,06,19,101,20,32
2021,06,20,101,20,42
2021,06,21,101,20,43
2021,06,22,101,20,29
2021,06,23,101,20,19
2021,06,24,101,20,39
2021,06,25,101,20,40
2021,06,t1,101,20,3315
2021,06,01,101,30,588
2021,06,03,101,30,25
2021,06,04,101,30,45
2021,06,05,101,30,45
2021,06,06,101,30,80
2021,06,07,101,30,25
2021,06,08,101,30,65
2021,06,09,101,30,5
2021,06,10,101,30,22
2021,06,12,101,30,380
2021,06,13,101,30,91
2021,06,14,101,30,313
2021,06,17,101,30,42
2021,06,18,101,30,25
2021,06,19,101,30,34
2021,06,20,101,30,31
2021,06,21,101,30,54
2021,06,22,101,30,18
2021,06,23,101,30,12
2021,06,24,101,30,46
2021,06,25,101,30,3
2021,06,t1,101,30,1949
2021,06,01,101,t1,3194
2021,06,03,101,t1,246
2021,06,04,101,t1,280
2021,06,05,101,t1,399
2021,06,06,101,t1,388
2021,06,07,101,t1,151
2021,06,08,101,t1,242
2021,06,09,101,t1,51
2021,06,10,101,t1,138
2021,06,12,101,t1,1569
2021,06,13,101,t1,417
2021,06,14,101,t1,1855
2021,06,17,101,t1,239
2021,06,18,101,t1,217
2021,06,19,101,t1,221
2021,06,20,101,t1,166
2021,06,21,101,t1,183
2021,06,22,101,t1,123
2021,06,23,101,t1,47
2021,06,24,101,t1,146
2021,06,25,101,t1,71
2021,06,t1,101,t1,10343
2021,06,01,102,10,249
2021,06,03,102,10,40
2021,06,04,102,10,45
2021,06,05,102,10,61
2021,06,06,102,10,56
2021,06,07,102,10,42
2021,06,08,102,10,34
2021,06,09,102,10,7
2021,06,10,102,10,22
2021,06,12,102,10,165
2021,06,13,102,10,56
2021,06,14,102,10,266
2021,06,17,102,10,39
2021,06,18,102,10,33
2021,06,19,102,10,42
2021,06,20,102,10,39
2021,06,21,102,10,52
2021,06,22,102,10,55
2021,06,23,102,10,17
2021,06,24,102,10,39
2021,06,25,102,10,69
2021,06,t1,102,10,1428
2021,06,01,102,20,1517
2021,06,03,102,20,65
2021,06,04,102,20,43
2021,06,05,102,20,108
2021,06,06,102,20,136
2021,06,07,102,20,60
2021,06,08,102,20,37
2021,06,09,102,20,6
2021,06,10,102,20,17
2021,06,12,102,20,458
2021,06,13,102,20,56
2021,06,14,102,20,357
2021,06,17,102,20,63
2021,06,18,102,20,57
2021,06,19,102,20,74
2021,06,20,102,20,47
2021,06,21,102,20,63
2021,06,22,102,20,75
2021,06,23,102,20,39
2021,06,24,102,20,65
2021,06,25,102,20,77
2021,06,t1,102,20,3420
2021,06,01,102,30,385
2021,06,03,102,30,42
2021,06,04,102,30,21
2021,06,05,102,30,21
2021,06,06,102,30,62
2021,06,07,102,30,7
2021,06,08,102,30,41
2021,06,09,102,30,3
2021,06,10,102,30,9
2021,06,12,102,30,221
2021,06,13,102,30,49
2021,06,14,102,30,119
2021,06,17,102,30,46
2021,06,18,102,30,9
2021,06,19,102,30,23
2021,06,20,102,30,57
2021,06,21,102,30,91
2021,06,22,102,30,41
2021,06,23,102,30,22
2021,06,24,102,30,30
2021,06,25,102,30,26
2021,06,t1,102,30,1325
2021,06,01,102,t1,2151
2021,06,03,102,t1,147
2021,06,04,102,t1,109
2021,06,05,102,t1,190
2021,06,06,102,t1,254
2021,06,07,102,t1,109
2021,06,08,102,t1,112
2021,06,09,102,t1,16
2021,06,10,102,t1,48
2021,06,12,102,t1,844
2021,06,13,102,t1,161
2021,06,14,102,t1,742
2021,06,17,102,t1,148
2021,06,18,102,t1,99
2021,06,19,102,t1,139
2021,06,20,102,t1,143
2021,06,21,102,t1,206
2021,06,22,102,t1,171
2021,06,23,102,t1,78
2021,06,24,102,t1,134
2021,06,25,102,t1,172
2021,06,t1,102,t1,6173
2021,06,01,103,10,787
2021,06,03,103,10,86
2021,06,04,103,10,58
2021,06,05,103,10,123
2021,06,06,103,10,88
2021,06,07,103,10,45
2021,06,08,103,10,34
2021,06,09,103,10,7
2021,06,10,103,10,28
2021,06,12,103,10,459
2021,06,13,103,10,128
2021,06,14,103,10,482
2021,06,17,103,10,51
2021,06,18,103,10,71
2021,06,19,103,10,64
2021,06,20,103,10,37
2021,06,21,103,10,33
2021,06,22,103,10,32
2021,06,23,103,10,12
2021,06,24,103,10,47
2021,06,25,103,10,35
2021,06,t1,103,10,2707
2021,06,01,103,20,2134
2021,06,03,103,20,63
2021,06,04,103,20,36
2021,06,05,103,20,92
2021,06,06,103,20,98
2021,06,07,103,20,32
2021,06,08,103,20,28
2021,06,09,103,20,19
2021,06,10,103,20,21
2021,06,12,103,20,584
2021,06,13,103,20,92
2021,06,14,103,20,583
2021,06,17,103,20,51
2021,06,18,103,20,44
2021,06,19,103,20,52
2021,06,20,103,20,30
2021,06,21,103,20,27
2021,06,22,103,20,35
2021,06,23,103,20,16
2021,06,24,103,20,44
2021,06,25,103,20,33
2021,06,t1,103,20,4114
2021,06,01,103,30,240
2021,06,03,103,30,15
2021,06,04,103,30,17
2021,06,05,103,30,18
2021,06,06,103,30,24
2021,06,07,103,30,4
2021,06,08,103,30,11
2021,06,09,103,30,4
2021,06,10,103,30,10
2021,06,12,103,30,122
2021,06,13,103,30,23
2021,06,14,103,30,1313
2021,06,17,103,30,8
2021,06,18,103,30,13
2021,06,19,103,30,7
2021,06,20,103,30,12
2021,06,21,103,30,13
2021,06,22,103,30,5
2021,06,23,103,30,4
2021,06,24,103,30,14
2021,06,25,103,30,8
2021,06,t1,103,30,1885
2021,06,01,103,t1,3161
2021,06,03,103,t1,164
2021,06,04,103,t1,111
2021,06,05,103,t1,233
2021,06,06,103,t1,210
2021,06,07,103,t1,81
2021,06,08,103,t1,73
2021,06,09,103,t1,30
2021,06,10,103,t1,59
2021,06,12,103,t1,1165
2021,06,13,103,t1,243
2021,06,14,103,t1,2378
2021,06,17,103,t1,110
2021,06,18,103,t1,128
2021,06,19,103,t1,123
2021,06,20,103,t1,79
2021,06,21,103,t1,73
2021,06,22,103,t1,72
2021,06,23,103,t1,32
2021,06,24,103,t1,105
2021,06,25,103,t1,76
2021,06,t1,103,t1,8706
2021,06,01,104,10,310
2021,06,03,104,10,50
2021,06,04,104,10,40
2021,06,05,104,10,67
2021,06,06,104,10,47
2021,06,07,104,10,10
2021,06,08,104,10,25
2021,06,09,104,10,4
2021,06,10,104,10,18
2021,06,12,104,10,152
2021,06,13,104,10,47
2021,06,14,104,10,206
2021,06,17,104,10,34
2021,06,18,104,10,40
2021,06,19,104,10,15
2021,06,20,104,10,20
2021,06,21,104,10,40
2021,06,22,104,10,17
2021,06,23,104,10,3
2021,06,24,104,10,21
2021,06,25,104,10,18
2021,06,t1,104,10,1184
2021,06,01,104,20,357
2021,06,03,104,20,12
2021,06,04,104,20,9
2021,06,05,104,20,32
2021,06,06,104,20,22
2021,06,07,104,20,9
2021,06,08,104,20,7
2021,06,09,104,20,2
2021,06,10,104,20,2
2021,06,12,104,20,110
2021,06,13,104,20,12
2021,06,14,104,20,101
2021,06,17,104,20,8
2021,06,18,104,20,27
2021,06,19,104,20,4
2021,06,20,104,20,8
2021,06,21,104,20,13
2021,06,22,104,20,3
2021,06,23,104,20,14
2021,06,24,104,20,9
2021,06,25,104,20,24
2021,06,t1,104,20,785
2021,06,01,104,30,279
2021,06,03,104,30,37
2021,06,04,104,30,19
2021,06,05,104,30,43
2021,06,06,104,30,45
2021,06,07,104,30,24
2021,06,08,104,30,3
2021,06,09,104,30,4
2021,06,10,104,30,14
2021,06,12,104,30,87
2021,06,13,104,30,22
2021,06,14,104,30,190
2021,06,17,104,30,26
2021,06,18,104,30,27
2021,06,19,104,30,17
2021,06,20,104,30,39
2021,06,21,104,30,15
2021,06,22,104,30,20
2021,06,23,104,30,4
2021,06,24,104,30,31
2021,06,25,104,30,7
2021,06,t1,104,30,953
2021,06,01,104,t1,946
2021,06,03,104,t1,99
2021,06,04,104,t1,68
2021,06,05,104,t1,142
2021,06,06,104,t1,114
2021,06,07,104,t1,43
2021,06,08,104,t1,35
2021,06,09,104,t1,10
2021,06,10,104,t1,34
2021,06,12,104,t1,349
2021,06,13,104,t1,81
2021,06,14,104,t1,497
2021,06,17,104,t1,68
2021,06,18,104,t1,94
2021,06,19,104,t1,36
2021,06,20,104,t1,67
2021,06,21,104,t1,68
2021,06,22,104,t1,40
2021,06,23,104,t1,21
2021,06,24,104,t1,61
2021,06,25,104,t1,49
2021,06,t1,104,t1,2922
2021,06,01,105,10,403
2021,06,03,105,10,59
2021,06,04,105,10,56
2021,06,05,105,10,60
2021,06,06,105,10,37
2021,06,07,105,10,30
2021,06,08,105,10,19
2021,06,09,105,10,5
2021,06,10,105,10,22
2021,06,12,105,10,163
2021,06,13,105,10,42
2021,06,14,105,10,281
2021,06,17,105,10,33
2021,06,18,105,10,41
2021,06,19,105,10,59
2021,06,20,105,10,35
2021,06,21,105,10,25
2021,06,22,105,10,37
2021,06,23,105,10,8
2021,06,24,105,10,30
2021,06,25,105,10,20
2021,06,t1,105,10,1465
2021,06,01,105,20,4235
2021,06,03,105,20,63
2021,06,04,105,20,64
2021,06,05,105,20,99
2021,06,06,105,20,116
2021,06,07,105,20,46
2021,06,08,105,20,34
2021,06,09,105,20,9
2021,06,10,105,20,33
2021,06,12,105,20,792
2021,06,13,105,20,78
2021,06,14,105,20,523
2021,06,17,105,20,68
2021,06,18,105,20,58
2021,06,19,105,20,57
2021,06,20,105,20,44
2021,06,21,105,20,36
2021,06,22,105,20,38
2021,06,23,105,20,27
2021,06,24,105,20,47
2021,06,25,105,20,36
2021,06,t1,105,20,6503
2021,06,01,105,30,568
2021,06,03,105,30,9
2021,06,04,105,30,18
2021,06,05,105,30,21
2021,06,06,105,30,37
2021,06,07,105,30,10
2021,06,08,105,30,10
2021,06,09,105,30,4
2021,06,10,105,30,11
2021,06,12,105,30,107
2021,06,13,105,30,18
2021,06,14,105,30,261
2021,06,17,105,30,9
2021,06,18,105,30,13
2021,06,19,105,30,14
2021,06,20,105,30,21
2021,06,21,105,30,8
2021,06,22,105,30,15
2021,06,23,105,30,7
2021,06,24,105,30,14
2021,06,25,105,30,3
2021,06,t1,105,30,1178
2021,06,01,105,t1,5206
2021,06,03,105,t1,131
2021,06,04,105,t1,138
2021,06,05,105,t1,180
2021,06,06,105,t1,190
2021,06,07,105,t1,86
2021,06,08,105,t1,63
2021,06,09,105,t1,18
2021,06,10,105,t1,66
2021,06,12,105,t1,1062
2021,06,13,105,t1,138
2021,06,14,105,t1,1065
2021,06,17,105,t1,110
2021,06,18,105,t1,112
2021,06,19,105,t1,130
2021,06,20,105,t1,100
2021,06,21,105,t1,69
2021,06,22,105,t1,90
2021,06,23,105,t1,42
2021,06,24,105,t1,91
2021,06,25,105,t1,59
2021,06,t1,105,t1,9146
2021,06,01,106,10,13
2021,06,03,106,10,1
2021,06,04,106,10,2
2021,06,05,106,10,5
2021,06,06,106,10,5
2021,06,08,106,10,2
2021,06,10,106,10,1
2021,06,12,106,10,7
2021,06,13,106,10,1
2021,06,14,106,10,24
2021,06,17,106,10,2
2021,06,18,106,10,11
2021,06,19,106,10,4
2021,06,20,106,10,6
2021,06,21,106,10,6
2021,06,22,106,10,3
2021,06,25,106,10,7
2021,06,t1,106,10,100
2021,06,01,106,20,14
2021,06,03,106,20,1
2021,06,04,106,20,2
2021,06,05,106,20,4
2021,06,06,106,20,4
2021,06,07,106,20,1
2021,06,10,106,20,1
2021,06,12,106,20,3
2021,06,13,106,20,3
2021,06,14,106,20,1
2021,06,17,106,20,4
2021,06,18,106,20,4
2021,06,21,106,20,3
2021,06,22,106,20,3
2021,06,23,106,20,1
2021,06,24,106,20,2
2021,06,t1,106,20,51
2021,06,01,106,30,6
2021,06,03,106,30,3
2021,06,06,106,30,1
2021,06,07,106,30,1
2021,06,12,106,30,5
2021,06,17,106,30,1
2021,06,19,106,30,1
2021,06,20,106,30,1
2021,06,21,106,30,2
2021,06,22,106,30,1
2021,06,23,106,30,3
2021,06,24,106,30,1
2021,06,t1,106,30,26
2021,06,01,106,t1,33
2021,06,03,106,t1,5
2021,06,04,106,t1,4
2021,06,05,106,t1,9
2021,06,06,106,t1,10
2021,06,07,106,t1,2
2021,06,08,106,t1,2
2021,06,10,106,t1,2
2021,06,12,106,t1,15
2021,06,13,106,t1,4
2021,06,14,106,t1,25
2021,06,17,106,t1,7
2021,06,18,106,t1,15
2021,06,19,106,t1,5
2021,06,20,106,t1,7
2021,06,21,106,t1,11
2021,06,22,106,t1,7
2021,06,23,106,t1,4
2021,06,24,106,t1,3
2021,06,25,106,t1,7
2021,06,t1,106,t1,177
2021,06,01,107,10,1
2021,06,04,107,10,1
2021,06,08,107,10,2
2021,06,12,107,10,1
2021,06,13,107,10,1
2021,06,14,107,10,1
2021,06,24,107,10,1
2021,06,t1,107,10,8
2021,06,01,107,20,26
2021,06,04,107,20,1
2021,06,05,107,20,1
2021,06,06,107,20,7
2021,06,07,107,20,1
2021,06,08,107,20,33
2021,06,09,107,20,1
2021,06,10,107,20,3
2021,06,12,107,20,26
2021,06,13,107,20,8
2021,06,14,107,20,28
2021,06,17,107,20,2
2021,06,18,107,20,1
2021,06,19,107,20,3
2021,06,21,107,20,2
2021,06,22,107,20,2
2021,06,23,107,20,9
2021,06,25,107,20,1
2021,06,t1,107,20,155
2021,06,01,107,30,1
2021,06,06,107,30,1
2021,06,07,107,30,1
2021,06,t1,107,30,3
2021,06,01,107,t1,28
2021,06,04,107,t1,2
2021,06,05,107,t1,1
2021,06,06,107,t1,8
2021,06,07,107,t1,2
2021,06,08,107,t1,35
2021,06,09,107,t1,1
2021,06,10,107,t1,3
2021,06,12,107,t1,27
2021,06,13,107,t1,9
2021,06,14,107,t1,29
2021,06,17,107,t1,2
2021,06,18,107,t1,1
2021,06,19,107,t1,3
2021,06,21,107,t1,2
2021,06,22,107,t1,2
2021,06,23,107,t1,9
2021,06,24,107,t1,1
2021,06,25,107,t1,1
2021,06,t1,107,t1,166
2021,06,05,109,10,1
2021,06,12,109,10,1
2021,06,22,109,10,1
2021,06,t1,109,10,3
2021,06,01,109,30,1
2021,06,12,109,30,1
2021,06,t1,109,30,2
2021,06,01,109,t1,1
2021,06,05,109,t1,1
2021,06,12,109,t1,2
2021,06,22,109,t1,1
2021,06,t1,109,t1,5
2021,06,01,t1,10,2889
2021,06,03,t1,10,380
2021,06,04,t1,10,367
2021,06,05,t1,10,529
2021,06,06,t1,10,467
2021,06,07,t1,10,234
2021,06,08,t1,10,262
2021,06,09,t1,10,44
2021,06,10,t1,10,178
2021,06,12,t1,10,1666
2021,06,13,t1,10,515
2021,06,14,t1,10,2352
2021,06,17,t1,10,281
2021,06,18,t1,10,346
2021,06,19,t1,10,339
2021,06,20,t1,10,230
2021,06,21,t1,10,242
2021,06,22,t1,10,221
2021,06,23,t1,10,56
2021,06,24,t1,10,199
2021,06,25,t1,10,177
2021,06,t1,t1,10,11974
2021,06,01,t1,20,9763
2021,06,03,t1,20,281
2021,06,04,t1,20,225
2021,06,05,t1,20,478
2021,06,06,t1,20,457
2021,06,07,t1,20,168
2021,06,08,t1,20,170
2021,06,09,t1,20,62
2021,06,10,t1,20,106
2021,06,12,t1,20,2444
2021,06,13,t1,20,335
2021,06,14,t1,20,2043
2021,06,17,t1,20,271
2021,06,18,t1,20,233
2021,06,19,t1,20,222
2021,06,20,t1,20,171
2021,06,21,t1,20,187
2021,06,22,t1,20,185
2021,06,23,t1,20,125
2021,06,24,t1,20,206
2021,06,25,t1,20,211
2021,06,t1,t1,20,18343
2021,06,01,t1,30,2068
2021,06,03,t1,30,131
2021,06,04,t1,30,120
2021,06,05,t1,30,148
2021,06,06,t1,30,250
2021,06,07,t1,30,72
2021,06,08,t1,30,130
2021,06,09,t1,30,20
2021,06,10,t1,30,66
2021,06,12,t1,30,923
2021,06,13,t1,30,203
2021,06,14,t1,30,2196
2021,06,17,t1,30,132
2021,06,18,t1,30,87
2021,06,19,t1,30,96
2021,06,20,t1,30,161
2021,06,21,t1,30,183
2021,06,22,t1,30,100
2021,06,23,t1,30,52
2021,06,24,t1,30,136
2021,06,25,t1,30,47
2021,06,t1,t1,30,7321
2021,06,01,t1,t1,14720
2021,06,03,t1,t1,792
2021,06,04,t1,t1,712
2021,06,05,t1,t1,1155
2021,06,06,t1,t1,1174
2021,06,07,t1,t1,474
2021,06,08,t1,t1,562
2021,06,09,t1,t1,126
2021,06,10,t1,t1,350
2021,06,12,t1,t1,5033
2021,06,13,t1,t1,1053
2021,06,14,t1,t1,6591
2021,06,17,t1,t1,684
2021,06,18,t1,t1,666
2021,06,19,t1,t1,657
2021,06,20,t1,t1,562
2021,06,21,t1,t1,612
2021,06,22,t1,t1,506
2021,06,23,t1,t1,233
2021,06,24,t1,t1,541
2021,06,25,t1,t1,435
2021,06,t1,t1,t1,37638
2021,07,01,101,10,948
2021,07,03,101,10,111
2021,07,04,101,10,107
2021,07,05,101,10,206
2021,07,06,101,10,179
2021,07,07,101,10,91
2021,07,08,101,10,106
2021,07,09,101,10,15
2021,07,10,101,10,63
2021,07,12,101,10,706
2021,07,13,101,10,173
2021,07,14,101,10,836
2021,07,17,101,10,118
2021,07,18,101,10,122
2021,07,19,101,10,125
2021,07,20,101,10,85
2021,07,21,101,10,81
2021,07,22,101,10,60
2021,07,23,101,10,14
2021,07,24,101,10,38
2021,07,25,101,10,29
2021,07,t1,101,10,4213
2021,07,01,101,20,489
2021,07,03,101,20,31
2021,07,04,101,20,36
2021,07,05,101,20,34
2021,07,06,101,20,37
2021,07,07,101,20,17
2021,07,08,101,20,17
2021,07,09,101,20,18
2021,07,10,101,20,12
2021,07,12,101,20,242
2021,07,13,101,20,32
2021,07,14,101,20,206
2021,07,17,101,20,29
2021,07,18,101,20,14
2021,07,19,101,20,12
2021,07,20,101,20,22
2021,07,21,101,20,26
2021,07,22,101,20,18
2021,07,23,101,20,21
2021,07,24,101,20,17
2021,07,25,101,20,13
2021,07,t1,101,20,1343
2021,07,01,101,30,169
2021,07,03,101,30,28
2021,07,04,101,30,29
2021,07,05,101,30,46
2021,07,06,101,30,46
2021,07,07,101,30,26
2021,07,08,101,30,24
2021,07,09,101,30,8
2021,07,10,101,30,24
2021,07,12,101,30,239
2021,07,13,101,30,62
2021,07,14,101,30,153
2021,07,17,101,30,30
2021,07,18,101,30,28
2021,07,19,101,30,17
2021,07,20,101,30,19
2021,07,21,101,30,22
2021,07,22,101,30,20
2021,07,23,101,30,8
2021,07,24,101,30,25
2021,07,25,101,30,9
2021,07,t1,101,30,1032
2021,07,01,101,t1,1606
2021,07,03,101,t1,170
2021,07,04,101,t1,172
2021,07,05,101,t1,286
2021,07,06,101,t1,262
2021,07,07,101,t1,134
2021,07,08,101,t1,147
2021,07,09,101,t1,41
2021,07,10,101,t1,99
2021,07,12,101,t1,1187
2021,07,13,101,t1,267
2021,07,14,101,t1,1195
2021,07,17,101,t1,177
2021,07,18,101,t1,164
2021,07,19,101,t1,154
2021,07,20,101,t1,126
2021,07,21,101,t1,129
2021,07,22,101,t1,98
2021,07,23,101,t1,43
2021,07,24,101,t1,80
2021,07,25,101,t1,51
2021,07,t1,101,t1,6588
2021,07,01,102,10,209
2021,07,03,102,10,38
2021,07,04,102,10,41
2021,07,05,102,10,49
2021,07,06,102,10,45
2021,07,07,102,10,17
2021,07,08,102,10,36
2021,07,09,102,10,2
2021,07,10,102,10,21
2021,07,12,102,10,189
2021,07,13,102,10,57
2021,07,14,102,10,260
2021,07,17,102,10,34
2021,07,18,102,10,71
2021,07,19,102,10,37
2021,07,20,102,10,38
2021,07,21,102,10,51
2021,07,22,102,10,39
2021,07,23,102,10,18
2021,07,24,102,10,34
2021,07,25,102,10,57
2021,07,t1,102,10,1343
2021,07,01,102,20,416
2021,07,03,102,20,21
2021,07,04,102,20,13
2021,07,05,102,20,68
2021,07,06,102,20,96
2021,07,07,102,20,17
2021,07,08,102,20,13
2021,07,09,102,20,7
2021,07,10,102,20,21
2021,07,12,102,20,183
2021,07,13,102,20,19
2021,07,14,102,20,118
2021,07,17,102,20,40
2021,07,18,102,20,16
2021,07,19,102,20,11
2021,07,20,102,20,33
2021,07,21,102,20,22
2021,07,22,102,20,19
2021,07,23,102,20,22
2021,07,24,102,20,28
2021,07,25,102,20,27
2021,07,t1,102,20,1210
2021,07,01,102,30,88
2021,07,03,102,30,11
2021,07,04,102,30,15
2021,07,05,102,30,9
2021,07,06,102,30,16
2021,07,07,102,30,6
2021,07,08,102,30,11
2021,07,09,102,30,2
2021,07,10,102,30,3
2021,07,12,102,30,193
2021,07,13,102,30,14
2021,07,14,102,30,74
2021,07,17,102,30,13
2021,07,18,102,30,11
2021,07,19,102,30,6
2021,07,20,102,30,20
2021,07,21,102,30,23
2021,07,22,102,30,23
2021,07,23,102,30,11
2021,07,24,102,30,12
2021,07,25,102,30,8
2021,07,t1,102,30,569
2021,07,01,102,t1,713
2021,07,03,102,t1,70
2021,07,04,102,t1,69
2021,07,05,102,t1,126
2021,07,06,102,t1,157
2021,07,07,102,t1,40
2021,07,08,102,t1,60
2021,07,09,102,t1,11
2021,07,10,102,t1,45
2021,07,12,102,t1,565
2021,07,13,102,t1,90
2021,07,14,102,t1,452
2021,07,17,102,t1,87
2021,07,18,102,t1,98
2021,07,19,102,t1,54
2021,07,20,102,t1,91
2021,07,21,102,t1,96
2021,07,22,102,t1,81
2021,07,23,102,t1,51
2021,07,24,102,t1,74
2021,07,25,102,t1,92
2021,07,t1,102,t1,3122
2021,07,01,103,10,360
2021,07,03,103,10,82
2021,07,04,103,10,54
2021,07,05,103,10,73
2021,07,06,103,10,67
2021,07,07,103,10,26
2021,07,08,103,10,25
2021,07,09,103,10,11
2021,07,10,103,10,20
2021,07,12,103,10,271
2021,07,13,103,10,99
2021,07,14,103,10,297
2021,07,17,103,10,38
2021,07,18,103,10,40
2021,07,19,103,10,35
2021,07,20,103,10,30
2021,07,21,103,10,33
2021,07,22,103,10,27
2021,07,23,103,10,7
2021,07,24,103,10,26
2021,07,25,103,10,25
2021,07,t1,103,10,1646
2021,07,01,103,20,276
2021,07,03,103,20,18
2021,07,04,103,20,12
2021,07,05,103,20,16
2021,07,06,103,20,13
2021,07,07,103,20,10
2021,07,08,103,20,9
2021,07,09,103,20,8
2021,07,10,103,20,2
2021,07,12,103,20,132
2021,07,13,103,20,24
2021,07,14,103,20,106
2021,07,17,103,20,3
2021,07,18,103,20,8
2021,07,19,103,20,14
2021,07,20,103,20,11
2021,07,21,103,20,9
2021,07,22,103,20,2
2021,07,23,103,20,4
2021,07,24,103,20,11
2021,07,25,103,20,11
2021,07,t1,103,20,699
2021,07,01,103,30,59
2021,07,03,103,30,5
2021,07,04,103,30,4
2021,07,05,103,30,8
2021,07,06,103,30,7
2021,07,07,103,30,2
2021,07,08,103,30,1
2021,07,09,103,30,1
2021,07,12,103,30,23
2021,07,13,103,30,10
2021,07,14,103,30,50
2021,07,17,103,30,7
2021,07,18,103,30,3
2021,07,19,103,30,1
2021,07,20,103,30,4
2021,07,21,103,30,7
2021,07,22,103,30,7
2021,07,23,103,30,1
2021,07,24,103,30,10
2021,07,25,103,30,1
2021,07,t1,103,30,211
2021,07,01,103,t1,695
2021,07,03,103,t1,105
2021,07,04,103,t1,70
2021,07,05,103,t1,97
2021,07,06,103,t1,87
2021,07,07,103,t1,38
2021,07,08,103,t1,35
2021,07,09,103,t1,20
2021,07,10,103,t1,22
2021,07,12,103,t1,426
2021,07,13,103,t1,133
2021,07,14,103,t1,453
2021,07,17,103,t1,48
2021,07,18,103,t1,51
2021,07,19,103,t1,50
2021,07,20,103,t1,45
2021,07,21,103,t1,49
2021,07,22,103,t1,36
2021,07,23,103,t1,12
2021,07,24,103,t1,47
2021,07,25,103,t1,37
2021,07,t1,103,t1,2556
2021,07,01,104,10,217
2021,07,03,104,10,49
2021,07,04,104,10,22
2021,07,05,104,10,45
2021,07,06,104,10,36
2021,07,07,104,10,6
2021,07,08,104,10,17
2021,07,09,104,10,3
2021,07,10,104,10,13
2021,07,12,104,10,150
2021,07,13,104,10,23
2021,07,14,104,10,150
2021,07,17,104,10,25
2021,07,18,104,10,34
2021,07,19,104,10,19
2021,07,20,104,10,12
2021,07,21,104,10,31
2021,07,22,104,10,5
2021,07,23,104,10,6
2021,07,24,104,10,18
2021,07,25,104,10,9
2021,07,t1,104,10,890
2021,07,01,104,20,183
2021,07,03,104,20,5
2021,07,04,104,20,7
2021,07,05,104,20,9
2021,07,06,104,20,10
2021,07,07,104,20,1
2021,07,08,104,20,2
2021,07,09,104,20,1
2021,07,10,104,20,2
2021,07,12,104,20,70
2021,07,13,104,20,6
2021,07,14,104,20,32
2021,07,17,104,20,3
2021,07,18,104,20,2
2021,07,20,104,20,5
2021,07,21,104,20,6
2021,07,22,104,20,3
2021,07,23,104,20,6
2021,07,24,104,20,2
2021,07,25,104,20,23
2021,07,t1,104,20,378
2021,07,01,104,30,52
2021,07,03,104,30,19
2021,07,04,104,30,9
2021,07,05,104,30,30
2021,07,06,104,30,26
2021,07,07,104,30,11
2021,07,08,104,30,5
2021,07,09,104,30,6
2021,07,10,104,30,4
2021,07,12,104,30,72
2021,07,13,104,30,16
2021,07,14,104,30,116
2021,07,17,104,30,11
2021,07,18,104,30,20
2021,07,19,104,30,4
2021,07,20,104,30,17
2021,07,21,104,30,15
2021,07,22,104,30,7
2021,07,23,104,30,1
2021,07,24,104,30,15
2021,07,25,104,30,6
2021,07,t1,104,30,462
2021,07,01,104,t1,452
2021,07,03,104,t1,73
2021,07,04,104,t1,38
2021,07,05,104,t1,84
2021,07,06,104,t1,72
2021,07,07,104,t1,18
2021,07,08,104,t1,24
2021,07,09,104,t1,10
2021,07,10,104,t1,19
2021,07,12,104,t1,292
2021,07,13,104,t1,45
2021,07,14,104,t1,298
2021,07,17,104,t1,39
2021,07,18,104,t1,56
2021,07,19,104,t1,23
2021,07,20,104,t1,34
2021,07,21,104,t1,52
2021,07,22,104,t1,15
2021,07,23,104,t1,13
2021,07,24,104,t1,35
2021,07,25,104,t1,38
2021,07,t1,104,t1,1730
2021,07,01,105,10,425
2021,07,03,105,10,58
2021,07,04,105,10,40
2021,07,05,105,10,65
2021,07,06,105,10,35
2021,07,07,105,10,25
2021,07,08,105,10,23
2021,07,09,105,10,5
2021,07,10,105,10,23
2021,07,12,105,10,165
2021,07,13,105,10,49
2021,07,14,105,10,243
2021,07,17,105,10,30
2021,07,18,105,10,33
2021,07,19,105,10,53
2021,07,20,105,10,32
2021,07,21,105,10,30
2021,07,22,105,10,24
2021,07,23,105,10,9
2021,07,24,105,10,27
2021,07,25,105,10,10
2021,07,t1,105,10,1404
2021,07,01,105,20,1269
2021,07,03,105,20,20
2021,07,04,105,20,41
2021,07,05,105,20,30
2021,07,06,105,20,21
2021,07,07,105,20,11
2021,07,08,105,20,13
2021,07,09,105,20,2
2021,07,10,105,20,5
2021,07,12,105,20,204
2021,07,13,105,20,11
2021,07,14,105,20,166
2021,07,17,105,20,23
2021,07,18,105,20,16
2021,07,19,105,20,10
2021,07,20,105,20,12
2021,07,21,105,20,13
2021,07,22,105,20,15
2021,07,23,105,20,8
2021,07,24,105,20,17
2021,07,25,105,20,15
2021,07,t1,105,20,1922
2021,07,01,105,30,160
2021,07,03,105,30,9
2021,07,04,105,30,8
2021,07,05,105,30,12
2021,07,06,105,30,17
2021,07,07,105,30,13
2021,07,08,105,30,11
2021,07,09,105,30,3
2021,07,10,105,30,6
2021,07,12,105,30,73
2021,07,13,105,30,18
2021,07,14,105,30,73
2021,07,17,105,30,6
2021,07,18,105,30,9
2021,07,19,105,30,14
2021,07,20,105,30,13
2021,07,21,105,30,4
2021,07,22,105,30,13
2021,07,23,105,30,2
2021,07,24,105,30,14
2021,07,25,105,30,4
2021,07,t1,105,30,482
2021,07,01,105,t1,1854
2021,07,03,105,t1,87
2021,07,04,105,t1,89
2021,07,05,105,t1,107
2021,07,06,105,t1,73
2021,07,07,105,t1,49
2021,07,08,105,t1,47
2021,07,09,105,t1,10
2021,07,10,105,t1,34
2021,07,12,105,t1,442
2021,07,13,105,t1,78
2021,07,14,105,t1,482
2021,07,17,105,t1,59
2021,07,18,105,t1,58
2021,07,19,105,t1,77
2021,07,20,105,t1,57
2021,07,21,105,t1,47
2021,07,22,105,t1,52
2021,07,23,105,t1,19
2021,07,24,105,t1,58
2021,07,25,105,t1,29
2021,07,t1,105,t1,3808
2021,07,01,106,10,29
2021,07,03,106,10,1
2021,07,04,106,10,5
2021,07,05,106,10,7
2021,07,06,106,10,6
2021,07,07,106,10,3
2021,07,08,106,10,1
2021,07,10,106,10,1
2021,07,12,106,10,7
2021,07,13,106,10,1
2021,07,14,106,10,15
2021,07,17,106,10,6
2021,07,18,106,10,10
2021,07,19,106,10,3
2021,07,20,106,10,6
2021,07,21,106,10,12
2021,07,22,106,10,11
2021,07,23,106,10,3
2021,07,24,106,10,2
2021,07,25,106,10,8
2021,07,t1,106,10,137
2021,07,01,106,20,16
2021,07,03,106,20,2
2021,07,04,106,20,1
2021,07,05,106,20,2
2021,07,06,106,20,4
2021,07,07,106,20,1
2021,07,10,106,20,1
2021,07,12,106,20,2
2021,07,14,106,20,7
2021,07,17,106,20,3
2021,07,18,106,20,1
2021,07,20,106,20,3
2021,07,21,106,20,8
2021,07,22,106,20,2
2021,07,24,106,20,4
2021,07,25,106,20,3
2021,07,t1,106,20,60
2021,07,03,106,30,1
2021,07,05,106,30,3
2021,07,06,106,30,1
2021,07,12,106,30,1
2021,07,20,106,30,1
2021,07,21,106,30,3
2021,07,22,106,30,1
2021,07,23,106,30,1
2021,07,t1,106,30,12
2021,07,01,106,t1,45
2021,07,03,106,t1,4
2021,07,04,106,t1,6
2021,07,05,106,t1,12
2021,07,06,106,t1,11
2021,07,07,106,t1,4
2021,07,08,106,t1,1
2021,07,10,106,t1,2
2021,07,12,106,t1,10
2021,07,13,106,t1,1
2021,07,14,106,t1,22
2021,07,17,106,t1,9
2021,07,18,106,t1,11
2021,07,19,106,t1,3
2021,07,20,106,t1,10
2021,07,21,106,t1,23
2021,07,22,106,t1,14
2021,07,23,106,t1,4
2021,07,24,106,t1,6
2021,07,25,106,t1,11
2021,07,t1,106,t1,209
2021,07,01,107,10,1
2021,07,20,107,10,1
2021,07,t1,107,10,2
2021,07,01,107,20,25
2021,07,03,107,20,1
2021,07,04,107,20,8
2021,07,06,107,20,4
2021,07,08,107,20,23
2021,07,09,107,20,1
2021,07,12,107,20,11
2021,07,14,107,20,12
2021,07,19,107,20,2
2021,07,t1,107,20,87
2021,07,01,107,t1,26
2021,07,03,107,t1,1
2021,07,04,107,t1,8
2021,07,06,107,t1,4
2021,07,08,107,t1,23
2021,07,09,107,t1,1
2021,07,12,107,t1,11
2021,07,14,107,t1,12
2021,07,19,107,t1,2
2021,07,20,107,t1,1
2021,07,t1,107,t1,89
2021,07,04,109,10,1
2021,07,06,109,10,1
2021,07,t1,109,10,2
2021,07,12,109,20,6
2021,07,t1,109,20,6
2021,07,04,109,t1,1
2021,07,06,109,t1,1
2021,07,12,109,t1,6
2021,07,t1,109,t1,8
2021,07,01,t1,10,2189
2021,07,03,t1,10,339
2021,07,04,t1,10,270
2021,07,05,t1,10,445
2021,07,06,t1,10,369
2021,07,07,t1,10,168
2021,07,08,t1,10,208
2021,07,09,t1,10,36
2021,07,10,t1,10,141
2021,07,12,t1,10,1488
2021,07,13,t1,10,402
2021,07,14,t1,10,1801
2021,07,17,t1,10,251
2021,07,18,t1,10,310
2021,07,19,t1,10,272
2021,07,20,t1,10,204
2021,07,21,t1,10,238
2021,07,22,t1,10,166
2021,07,23,t1,10,57
2021,07,24,t1,10,145
2021,07,25,t1,10,138
2021,07,t1,t1,10,9637
2021,07,01,t1,20,2674
2021,07,03,t1,20,98
2021,07,04,t1,20,118
2021,07,05,t1,20,159
2021,07,06,t1,20,185
2021,07,07,t1,20,57
2021,07,08,t1,20,77
2021,07,09,t1,20,37
2021,07,10,t1,20,43
2021,07,12,t1,20,850
2021,07,13,t1,20,92
2021,07,14,t1,20,647
2021,07,17,t1,20,101
2021,07,18,t1,20,57
2021,07,19,t1,20,49
2021,07,20,t1,20,86
2021,07,21,t1,20,84
2021,07,22,t1,20,59
2021,07,23,t1,20,61
2021,07,24,t1,20,79
2021,07,25,t1,20,92
2021,07,t1,t1,20,5705
2021,07,01,t1,30,528
2021,07,03,t1,30,73
2021,07,04,t1,30,65
2021,07,05,t1,30,108
2021,07,06,t1,30,113
2021,07,07,t1,30,58
2021,07,08,t1,30,52
2021,07,09,t1,30,20
2021,07,10,t1,30,37
2021,07,12,t1,30,601
2021,07,13,t1,30,120
2021,07,14,t1,30,466
2021,07,17,t1,30,67
2021,07,18,t1,30,71
2021,07,19,t1,30,42
2021,07,20,t1,30,74
2021,07,21,t1,30,74
2021,07,22,t1,30,71
2021,07,23,t1,30,24
2021,07,24,t1,30,76
2021,07,25,t1,30,28
2021,07,t1,t1,30,2768
2021,07,01,t1,t1,5391
2021,07,03,t1,t1,510
2021,07,04,t1,t1,453
2021,07,05,t1,t1,712
2021,07,06,t1,t1,667
2021,07,07,t1,t1,283
2021,07,08,t1,t1,337
2021,07,09,t1,t1,93
2021,07,10,t1,t1,221
2021,07,12,t1,t1,2939
2021,07,13,t1,t1,614
2021,07,14,t1,t1,2914
2021,07,17,t1,t1,419
2021,07,18,t1,t1,438
2021,07,19,t1,t1,363
2021,07,20,t1,t1,364
2021,07,21,t1,t1,396
2021,07,22,t1,t1,296
2021,07,23,t1,t1,142
2021,07,24,t1,t1,300
2021,07,25,t1,t1,258
2021,07,t1,t1,t1,18110
2021,08,01,101,10,874
2021,08,03,101,10,115
2021,08,04,101,10,110
2021,08,05,101,10,148
2021,08,06,101,10,164
2021,08,07,101,10,75
2021,08,08,101,10,86
2021,08,09,101,10,22
2021,08,10,101,10,61
2021,08,12,101,10,591
2021,08,13,101,10,166
2021,08,14,101,10,761
2021,08,17,101,10,94
2021,08,18,101,10,106
2021,08,19,101,10,84
2021,08,20,101,10,93
2021,08,21,101,10,65
2021,08,22,101,10,59
2021,08,23,101,10,7
2021,08,24,101,10,40
2021,08,25,101,10,25
2021,08,t1,101,10,3746
2021,08,01,101,20,462
2021,08,03,101,20,17
2021,08,04,101,20,20
2021,08,05,101,20,59
2021,08,06,101,20,40
2021,08,07,101,20,13
2021,08,08,101,20,22
2021,08,09,101,20,2
2021,08,10,101,20,24
2021,08,12,101,20,215
2021,08,13,101,20,35
2021,08,14,101,20,208
2021,08,17,101,20,58
2021,08,18,101,20,30
2021,08,19,101,20,21
2021,08,20,101,20,25
2021,08,21,101,20,17
2021,08,22,101,20,21
2021,08,23,101,20,12
2021,08,24,101,20,20
2021,08,25,101,20,9
2021,08,t1,101,20,1330
2021,08,01,101,30,229
2021,08,03,101,30,21
2021,08,04,101,30,44
2021,08,05,101,30,31
2021,08,06,101,30,77
2021,08,07,101,30,28
2021,08,08,101,30,37
2021,08,09,101,30,5
2021,08,10,101,30,16
2021,08,12,101,30,216
2021,08,13,101,30,77
2021,08,14,101,30,234
2021,08,17,101,30,46
2021,08,18,101,30,20
2021,08,19,101,30,26
2021,08,20,101,30,51
2021,08,21,101,30,41
2021,08,22,101,30,19
2021,08,23,101,30,10
2021,08,24,101,30,32
2021,08,25,101,30,4
2021,08,t1,101,30,1264
2021,08,01,101,t1,1565
2021,08,03,101,t1,153
2021,08,04,101,t1,174
2021,08,05,101,t1,238
2021,08,06,101,t1,281
2021,08,07,101,t1,116
2021,08,08,101,t1,145
2021,08,09,101,t1,29
2021,08,10,101,t1,101
2021,08,12,101,t1,1022
2021,08,13,101,t1,278
2021,08,14,101,t1,1203
2021,08,17,101,t1,198
2021,08,18,101,t1,156
2021,08,19,101,t1,131
2021,08,20,101,t1,169
2021,08,21,101,t1,123
2021,08,22,101,t1,99
2021,08,23,101,t1,29
2021,08,24,101,t1,92
2021,08,25,101,t1,38
2021,08,t1,101,t1,6340
2021,08,01,102,10,191
2021,08,03,102,10,32
2021,08,04,102,10,28
2021,08,05,102,10,45
2021,08,06,102,10,37
2021,08,07,102,10,15
2021,08,08,102,10,34
2021,08,09,102,10,6
2021,08,10,102,10,9
2021,08,12,102,10,159
2021,08,13,102,10,30
2021,08,14,102,10,149
2021,08,17,102,10,37
2021,08,18,102,10,38
2021,08,19,102,10,28
2021,08,20,102,10,36
2021,08,21,102,10,43
2021,08,22,102,10,26
2021,08,23,102,10,12
2021,08,24,102,10,32
2021,08,25,102,10,43
2021,08,t1,102,10,1030
2021,08,01,102,20,676
2021,08,03,102,20,26
2021,08,04,102,20,23
2021,08,05,102,20,45
2021,08,06,102,20,40
2021,08,07,102,20,10
2021,08,08,102,20,22
2021,08,09,102,20,6
2021,08,10,102,20,11
2021,08,12,102,20,161
2021,08,13,102,20,29
2021,08,14,102,20,147
2021,08,17,102,20,37
2021,08,18,102,20,25
2021,08,19,102,20,19
2021,08,20,102,20,28
2021,08,21,102,20,28
2021,08,22,102,20,24
2021,08,23,102,20,11
2021,08,24,102,20,40
2021,08,25,102,20,36
2021,08,t1,102,20,1444
2021,08,01,102,30,108
2021,08,03,102,30,3
2021,08,04,102,30,12
2021,08,05,102,30,20
2021,08,06,102,30,25
2021,08,07,102,30,5
2021,08,08,102,30,14
2021,08,10,102,30,5
2021,08,12,102,30,114
2021,08,13,102,30,17
2021,08,14,102,30,78
2021,08,17,102,30,16
2021,08,18,102,30,9
2021,08,19,102,30,11
2021,08,20,102,30,25
2021,08,21,102,30,40
2021,08,22,102,30,31
2021,08,23,102,30,21
2021,08,24,102,30,19
2021,08,25,102,30,12
2021,08,t1,102,30,585
2021,08,01,102,t1,975
2021,08,03,102,t1,61
2021,08,04,102,t1,63
2021,08,05,102,t1,110
2021,08,06,102,t1,102
2021,08,07,102,t1,30
2021,08,08,102,t1,70
2021,08,09,102,t1,12
2021,08,10,102,t1,25
2021,08,12,102,t1,434
2021,08,13,102,t1,76
2021,08,14,102,t1,374
2021,08,17,102,t1,90
2021,08,18,102,t1,72
2021,08,19,102,t1,58
2021,08,20,102,t1,89
2021,08,21,102,t1,111
2021,08,22,102,t1,81
2021,08,23,102,t1,44
2021,08,24,102,t1,91
2021,08,25,102,t1,91
2021,08,t1,102,t1,3059
2021,08,01,103,10,629
2021,08,03,103,10,115
2021,08,04,103,10,78
2021,08,05,103,10,105
2021,08,06,103,10,121
2021,08,07,103,10,61
2021,08,08,103,10,44
2021,08,09,103,10,11
2021,08,10,103,10,27
2021,08,12,103,10,384
2021,08,13,103,10,171
2021,08,14,103,10,608
2021,08,17,103,10,44
2021,08,18,103,10,80
2021,08,19,103,10,70
2021,08,20,103,10,50
2021,08,21,103,10,37
2021,08,22,103,10,52
2021,08,23,103,10,19
2021,08,24,103,10,63
2021,08,25,103,10,52
2021,08,t1,103,10,2821
2021,08,01,103,20,628
2021,08,03,103,20,36
2021,08,04,103,20,40
2021,08,05,103,20,52
2021,08,06,103,20,44
2021,08,07,103,20,24
2021,08,08,103,20,28
2021,08,09,103,20,4
2021,08,10,103,20,9
2021,08,12,103,20,285
2021,08,13,103,20,45
2021,08,14,103,20,314
2021,08,17,103,20,36
2021,08,18,103,20,24
2021,08,19,103,20,21
2021,08,20,103,20,15
2021,08,21,103,20,22
2021,08,22,103,20,18
2021,08,23,103,20,15
2021,08,24,103,20,24
2021,08,25,103,20,16
2021,08,t1,103,20,1700
2021,08,01,103,30,73
2021,08,03,103,30,12
2021,08,04,103,30,10
2021,08,05,103,30,16
2021,08,06,103,30,17
2021,08,07,103,30,6
2021,08,08,103,30,7
2021,08,09,103,30,2
2021,08,10,103,30,2
2021,08,12,103,30,42
2021,08,13,103,30,9
2021,08,14,103,30,46
2021,08,17,103,30,9
2021,08,18,103,30,6
2021,08,19,103,30,2
2021,08,20,103,30,5
2021,08,21,103,30,5
2021,08,22,103,30,4
2021,08,23,103,30,4
2021,08,24,103,30,7
2021,08,25,103,30,1
2021,08,t1,103,30,285
2021,08,01,103,t1,1330
2021,08,03,103,t1,163
2021,08,04,103,t1,128
2021,08,05,103,t1,173
2021,08,06,103,t1,182
2021,08,07,103,t1,91
2021,08,08,103,t1,79
2021,08,09,103,t1,17
2021,08,10,103,t1,38
2021,08,12,103,t1,711
2021,08,13,103,t1,225
2021,08,14,103,t1,968
2021,08,17,103,t1,89
2021,08,18,103,t1,110
2021,08,19,103,t1,93
2021,08,20,103,t1,70
2021,08,21,103,t1,64
2021,08,22,103,t1,74
2021,08,23,103,t1,38
2021,08,24,103,t1,94
2021,08,25,103,t1,69
2021,08,t1,103,t1,4806
2021,08,01,104,10,200
2021,08,03,104,10,36
2021,08,04,104,10,19
2021,08,05,104,10,37
2021,08,06,104,10,40
2021,08,07,104,10,12
2021,08,08,104,10,17
2021,08,09,104,10,4
2021,08,10,104,10,12
2021,08,12,104,10,125
2021,08,13,104,10,30
2021,08,14,104,10,155
2021,08,17,104,10,24
2021,08,18,104,10,21
2021,08,19,104,10,9
2021,08,20,104,10,27
2021,08,21,104,10,41
2021,08,22,104,10,13
2021,08,23,104,10,3
2021,08,24,104,10,24
2021,08,25,104,10,6
2021,08,t1,104,10,855
2021,08,01,104,20,188
2021,08,03,104,20,4
2021,08,04,104,20,10
2021,08,05,104,20,19
2021,08,06,104,20,11
2021,08,07,104,20,5
2021,08,08,104,20,6
2021,08,09,104,20,1
2021,08,10,104,20,1
2021,08,12,104,20,84
2021,08,13,104,20,6
2021,08,14,104,20,66
2021,08,17,104,20,9
2021,08,18,104,20,15
2021,08,19,104,20,6
2021,08,20,104,20,1
2021,08,21,104,20,8
2021,08,22,104,20,3
2021,08,23,104,20,5
2021,08,24,104,20,5
2021,08,25,104,20,14
2021,08,t1,104,20,467
2021,08,01,104,30,58
2021,08,03,104,30,34
2021,08,04,104,30,21
2021,08,05,104,30,42
2021,08,06,104,30,20
2021,08,07,104,30,13
2021,08,08,104,30,5
2021,08,09,104,30,1
2021,08,10,104,30,10
2021,08,12,104,30,52
2021,08,13,104,30,11
2021,08,14,104,30,129
2021,08,17,104,30,24
2021,08,18,104,30,20
2021,08,19,104,30,6
2021,08,20,104,30,11
2021,08,21,104,30,31
2021,08,22,104,30,20
2021,08,23,104,30,5
2021,08,24,104,30,22
2021,08,25,104,30,8
2021,08,t1,104,30,543
2021,08,01,104,t1,446
2021,08,03,104,t1,74
2021,08,04,104,t1,50
2021,08,05,104,t1,98
2021,08,06,104,t1,71
2021,08,07,104,t1,30
2021,08,08,104,t1,28
2021,08,09,104,t1,6
2021,08,10,104,t1,23
2021,08,12,104,t1,261
2021,08,13,104,t1,47
2021,08,14,104,t1,350
2021,08,17,104,t1,57
2021,08,18,104,t1,56
2021,08,19,104,t1,21
2021,08,20,104,t1,39
2021,08,21,104,t1,80
2021,08,22,104,t1,36
2021,08,23,104,t1,13
2021,08,24,104,t1,51
2021,08,25,104,t1,28
2021,08,t1,104,t1,1865
2021,08,01,105,10,434
2021,08,03,105,10,78
2021,08,04,105,10,52
2021,08,05,105,10,60
2021,08,06,105,10,42
2021,08,07,105,10,38
2021,08,08,105,10,28
2021,08,09,105,10,8
2021,08,10,105,10,24
2021,08,12,105,10,217
2021,08,13,105,10,54
2021,08,14,105,10,280
2021,08,17,105,10,41
2021,08,18,105,10,51
2021,08,19,105,10,73
2021,08,20,105,10,45
2021,08,21,105,10,35
2021,08,22,105,10,38
2021,08,23,105,10,7
2021,08,24,105,10,39
2021,08,25,105,10,17
2021,08,t1,105,10,1661
2021,08,01,105,20,1360
2021,08,03,105,20,28
2021,08,04,105,20,36
2021,08,05,105,20,47
2021,08,06,105,20,51
2021,08,07,105,20,18
2021,08,08,105,20,10
2021,08,09,105,20,2
2021,08,10,105,20,9
2021,08,12,105,20,223
2021,08,13,105,20,29
2021,08,14,105,20,209
2021,08,17,105,20,60
2021,08,18,105,20,30
2021,08,19,105,20,18
2021,08,20,105,20,20
2021,08,21,105,20,13
2021,08,22,105,20,19
2021,08,23,105,20,16
2021,08,24,105,20,24
2021,08,25,105,20,16
2021,08,t1,105,20,2238
2021,08,01,105,30,277
2021,08,03,105,30,9
2021,08,04,105,30,10
2021,08,05,105,30,11
2021,08,06,105,30,21
2021,08,07,105,30,14
2021,08,08,105,30,12
2021,08,09,105,30,3
2021,08,10,105,30,5
2021,08,12,105,30,70
2021,08,13,105,30,7
2021,08,14,105,30,149
2021,08,17,105,30,12
2021,08,18,105,30,7
2021,08,19,105,30,10
2021,08,20,105,30,13
2021,08,21,105,30,11
2021,08,22,105,30,8
2021,08,23,105,30,2
2021,08,24,105,30,6
2021,08,25,105,30,5
2021,08,t1,105,30,662
2021,08,01,105,t1,2071
2021,08,03,105,t1,115
2021,08,04,105,t1,98
2021,08,05,105,t1,118
2021,08,06,105,t1,114
2021,08,07,105,t1,70
2021,08,08,105,t1,50
2021,08,09,105,t1,13
2021,08,10,105,t1,38
2021,08,12,105,t1,510
2021,08,13,105,t1,90
2021,08,14,105,t1,638
2021,08,17,105,t1,113
2021,08,18,105,t1,88
2021,08,19,105,t1,101
2021,08,20,105,t1,78
2021,08,21,105,t1,59
2021,08,22,105,t1,65
2021,08,23,105,t1,25
2021,08,24,105,t1,69
2021,08,25,105,t1,38
2021,08,t1,105,t1,4561
2021,08,01,106,10,17
2021,08,03,106,10,3
2021,08,05,106,10,8
2021,08,06,106,10,2
2021,08,07,106,10,1
2021,08,10,106,10,2
2021,08,12,106,10,1
2021,08,13,106,10,2
2021,08,14,106,10,10
2021,08,17,106,10,1
2021,08,18,106,10,5
2021,08,19,106,10,6
2021,08,20,106,10,3
2021,08,21,106,10,4
2021,08,22,106,10,1
2021,08,23,106,10,1
2021,08,24,106,10,6
2021,08,25,106,10,1
2021,08,t1,106,10,74
2021,08,01,106,20,21
2021,08,04,106,20,1
2021,08,05,106,20,2
2021,08,06,106,20,1
2021,08,08,106,20,1
2021,08,09,106,20,2
2021,08,10,106,20,2
2021,08,14,106,20,1
2021,08,17,106,20,5
2021,08,20,106,20,2
2021,08,23,106,20,1
2021,08,25,106,20,3
2021,08,t1,106,20,42
2021,08,01,106,30,5
2021,08,03,106,30,1
2021,08,05,106,30,1
2021,08,07,106,30,1
2021,08,12,106,30,2
2021,08,14,106,30,1
2021,08,t1,106,30,11
2021,08,01,106,t1,43
2021,08,03,106,t1,4
2021,08,04,106,t1,1
2021,08,05,106,t1,11
2021,08,06,106,t1,3
2021,08,07,106,t1,2
2021,08,08,106,t1,1
2021,08,09,106,t1,2
2021,08,10,106,t1,4
2021,08,12,106,t1,3
2021,08,13,106,t1,2
2021,08,14,106,t1,12
2021,08,17,106,t1,6
2021,08,18,106,t1,5
2021,08,19,106,t1,6
2021,08,20,106,t1,5
2021,08,21,106,t1,4
2021,08,22,106,t1,1
2021,08,23,106,t1,2
2021,08,24,106,t1,6
2021,08,25,106,t1,4
2021,08,t1,106,t1,127
2021,08,08,107,10,1
2021,08,12,107,10,1
2021,08,14,107,10,1
2021,08,23,107,10,1
2021,08,t1,107,10,4
2021,08,01,107,20,60
2021,08,03,107,20,5
2021,08,04,107,20,11
2021,08,06,107,20,1
2021,08,08,107,20,2
2021,08,09,107,20,4
2021,08,10,107,20,3
2021,08,12,107,20,26
2021,08,13,107,20,3
2021,08,14,107,20,27
2021,08,17,107,20,1
2021,08,18,107,20,3
2021,08,19,107,20,2
2021,08,20,107,20,1
2021,08,22,107,20,2
2021,08,24,107,20,6
2021,08,t1,107,20,157
2021,08,08,107,30,1
2021,08,t1,107,30,1
2021,08,01,107,t1,60
2021,08,03,107,t1,5
2021,08,04,107,t1,11
2021,08,06,107,t1,1
2021,08,08,107,t1,4
2021,08,09,107,t1,4
2021,08,10,107,t1,3
2021,08,12,107,t1,27
2021,08,13,107,t1,3
2021,08,14,107,t1,28
2021,08,17,107,t1,1
2021,08,18,107,t1,3
2021,08,19,107,t1,2
2021,08,20,107,t1,1
2021,08,22,107,t1,2
2021,08,23,107,t1,1
2021,08,24,107,t1,6
2021,08,t1,107,t1,162
2021,08,03,109,10,1
2021,08,14,109,10,2
2021,08,17,109,10,1
2021,08,t1,109,10,4
2021,08,13,109,20,1
2021,08,t1,109,20,1
2021,08,03,109,t1,1
2021,08,13,109,t1,1
2021,08,14,109,t1,2
2021,08,17,109,t1,1
2021,08,t1,109,t1,5
2021,08,01,t1,10,2345
2021,08,03,t1,10,380
2021,08,04,t1,10,287
2021,08,05,t1,10,403
2021,08,06,t1,10,406
2021,08,07,t1,10,202
2021,08,08,t1,10,210
2021,08,09,t1,10,51
2021,08,10,t1,10,135
2021,08,12,t1,10,1478
2021,08,13,t1,10,453
2021,08,14,t1,10,1966
2021,08,17,t1,10,242
2021,08,18,t1,10,301
2021,08,19,t1,10,270
2021,08,20,t1,10,254
2021,08,21,t1,10,225
2021,08,22,t1,10,189
2021,08,23,t1,10,50
2021,08,24,t1,10,204
2021,08,25,t1,10,144
2021,08,t1,t1,10,10195
2021,08,01,t1,20,3395
2021,08,03,t1,20,116
2021,08,04,t1,20,141
2021,08,05,t1,20,224
2021,08,06,t1,20,188
2021,08,07,t1,20,70
2021,08,08,t1,20,91
2021,08,09,t1,20,21
2021,08,10,t1,20,59
2021,08,12,t1,20,994
2021,08,13,t1,20,148
2021,08,14,t1,20,972
2021,08,17,t1,20,206
2021,08,18,t1,20,127
2021,08,19,t1,20,87
2021,08,20,t1,20,92
2021,08,21,t1,20,88
2021,08,22,t1,20,87
2021,08,23,t1,20,60
2021,08,24,t1,20,119
2021,08,25,t1,20,94
2021,08,t1,t1,20,7379
2021,08,01,t1,30,750
2021,08,03,t1,30,80
2021,08,04,t1,30,97
2021,08,05,t1,30,121
2021,08,06,t1,30,160
2021,08,07,t1,30,67
2021,08,08,t1,30,76
2021,08,09,t1,30,11
2021,08,10,t1,30,38
2021,08,12,t1,30,496
2021,08,13,t1,30,121
2021,08,14,t1,30,637
2021,08,17,t1,30,107
2021,08,18,t1,30,62
2021,08,19,t1,30,55
2021,08,20,t1,30,105
2021,08,21,t1,30,128
2021,08,22,t1,30,82
2021,08,23,t1,30,42
2021,08,24,t1,30,86
2021,08,25,t1,30,30
2021,08,t1,t1,30,3351
2021,08,01,t1,t1,6490
2021,08,03,t1,t1,576
2021,08,04,t1,t1,525
2021,08,05,t1,t1,748
2021,08,06,t1,t1,754
2021,08,07,t1,t1,339
2021,08,08,t1,t1,377
2021,08,09,t1,t1,83
2021,08,10,t1,t1,232
2021,08,12,t1,t1,2968
2021,08,13,t1,t1,722
2021,08,14,t1,t1,3575
2021,08,17,t1,t1,555
2021,08,18,t1,t1,490
2021,08,19,t1,t1,412
2021,08,20,t1,t1,451
2021,08,21,t1,t1,441
2021,08,22,t1,t1,358
2021,08,23,t1,t1,152
2021,08,24,t1,t1,409
2021,08,25,t1,t1,268
2021,08,t1,t1,t1,20925
2021,09,01,101,10,790
2021,09,03,101,10,120
2021,09,04,101,10,106
2021,09,05,101,10,185
2021,09,06,101,10,134
2021,09,07,101,10,76
2021,09,08,101,10,96
2021,09,09,101,10,23
2021,09,10,101,10,71
2021,09,12,101,10,530
2021,09,13,101,10,157
2021,09,14,101,10,797
2021,09,17,101,10,94
2021,09,18,101,10,104
2021,09,19,101,10,91
2021,09,20,101,10,69
2021,09,21,101,10,64
2021,09,22,101,10,64
2021,09,23,101,10,16
2021,09,24,101,10,52
2021,09,25,101,10,42
2021,09,t1,101,10,3681
2021,09,01,101,20,512
2021,09,03,101,20,34
2021,09,04,101,20,24
2021,09,05,101,20,37
2021,09,06,101,20,39
2021,09,07,101,20,13
2021,09,08,101,20,13
2021,09,09,101,20,3
2021,09,10,101,20,8
2021,09,12,101,20,251
2021,09,13,101,20,34
2021,09,14,101,20,194
2021,09,17,101,20,40
2021,09,18,101,20,32
2021,09,19,101,20,22
2021,09,20,101,20,28
2021,09,21,101,20,30
2021,09,22,101,20,22
2021,09,23,101,20,6
2021,09,24,101,20,28
2021,09,25,101,20,15
2021,09,t1,101,20,1385
2021,09,01,101,30,210
2021,09,03,101,30,30
2021,09,04,101,30,74
2021,09,05,101,30,55
2021,09,06,101,30,65
2021,09,07,101,30,41
2021,09,08,101,30,35
2021,09,09,101,30,6
2021,09,10,101,30,30
2021,09,12,101,30,171
2021,09,13,101,30,58
2021,09,14,101,30,362
2021,09,17,101,30,25
2021,09,18,101,30,21
2021,09,19,101,30,28
2021,09,20,101,30,30
2021,09,21,101,30,36
2021,09,22,101,30,30
2021,09,23,101,30,4
2021,09,24,101,30,25
2021,09,25,101,30,13
2021,09,t1,101,30,1349
2021,09,01,101,t1,1512
2021,09,03,101,t1,184
2021,09,04,101,t1,204
2021,09,05,101,t1,277
2021,09,06,101,t1,238
2021,09,07,101,t1,130
2021,09,08,101,t1,144
2021,09,09,101,t1,32
2021,09,10,101,t1,109
2021,09,12,101,t1,952
2021,09,13,101,t1,249
2021,09,14,101,t1,1353
2021,09,17,101,t1,159
2021,09,18,101,t1,157
2021,09,19,101,t1,141
2021,09,20,101,t1,127
2021,09,21,101,t1,130
2021,09,22,101,t1,116
2021,09,23,101,t1,26
2021,09,24,101,t1,105
2021,09,25,101,t1,70
2021,09,t1,101,t1,6415
2021,09,01,102,10,149
2021,09,03,102,10,31
2021,09,04,102,10,17
2021,09,05,102,10,20
2021,09,06,102,10,30
2021,09,07,102,10,20
2021,09,08,102,10,13
2021,09,09,102,10,8
2021,09,10,102,10,17
2021,09,12,102,10,136
2021,09,13,102,10,36
2021,09,14,102,10,154
2021,09,17,102,10,32
2021,09,18,102,10,21
2021,09,19,102,10,26
2021,09,20,102,10,14
2021,09,21,102,10,21
2021,09,22,102,10,21
2021,09,23,102,10,9
2021,09,24,102,10,20
2021,09,25,102,10,30
2021,09,t1,102,10,825
2021,09,01,102,20,864
2021,09,03,102,20,29
2021,09,04,102,20,34
2021,09,05,102,20,54
2021,09,06,102,20,43
2021,09,07,102,20,20
2021,09,08,102,20,16
2021,09,09,102,20,1
2021,09,10,102,20,14
2021,09,12,102,20,180
2021,09,13,102,20,25
2021,09,14,102,20,128
2021,09,17,102,20,37
2021,09,18,102,20,26
2021,09,19,102,20,20
2021,09,20,102,20,28
2021,09,21,102,20,21
2021,09,22,102,20,16
2021,09,23,102,20,12
2021,09,24,102,20,23
2021,09,25,102,20,29
2021,09,t1,102,20,1620
2021,09,01,102,30,123
2021,09,03,102,30,9
2021,09,04,102,30,15
2021,09,05,102,30,12
2021,09,06,102,30,23
2021,09,07,102,30,5
2021,09,08,102,30,26
2021,09,09,102,30,1
2021,09,10,102,30,8
2021,09,12,102,30,72
2021,09,13,102,30,14
2021,09,14,102,30,117
2021,09,17,102,30,24
2021,09,18,102,30,11
2021,09,19,102,30,17
2021,09,20,102,30,19
2021,09,21,102,30,40
2021,09,22,102,30,21
2021,09,24,102,30,9
2021,09,25,102,30,5
2021,09,t1,102,30,571
2021,09,01,102,t1,1136
2021,09,03,102,t1,69
2021,09,04,102,t1,66
2021,09,05,102,t1,86
2021,09,06,102,t1,96
2021,09,07,102,t1,45
2021,09,08,102,t1,55
2021,09,09,102,t1,10
2021,09,10,102,t1,39
2021,09,12,102,t1,388
2021,09,13,102,t1,75
2021,09,14,102,t1,399
2021,09,17,102,t1,93
2021,09,18,102,t1,58
2021,09,19,102,t1,63
2021,09,20,102,t1,61
2021,09,21,102,t1,82
2021,09,22,102,t1,58
2021,09,23,102,t1,21
2021,09,24,102,t1,52
2021,09,25,102,t1,64
2021,09,t1,102,t1,3016
2021,09,01,103,10,1021
2021,09,03,103,10,113
2021,09,04,103,10,110
2021,09,05,103,10,190
2021,09,06,103,10,179
2021,09,07,103,10,89
2021,09,08,103,10,66
2021,09,09,103,10,8
2021,09,10,103,10,49
2021,09,12,103,10,555
2021,09,13,103,10,205
2021,09,14,103,10,868
2021,09,17,103,10,76
2021,09,18,103,10,103
2021,09,19,103,10,97
2021,09,20,103,10,81
2021,09,21,103,10,61
2021,09,22,103,10,57
2021,09,23,103,10,20
2021,09,24,103,10,87
2021,09,25,103,10,69
2021,09,t1,103,10,4104
2021,09,01,103,20,1278
2021,09,03,103,20,74
2021,09,04,103,20,44
2021,09,05,103,20,91
2021,09,06,103,20,85
2021,09,07,103,20,36
2021,09,08,103,20,21
2021,09,09,103,20,7
2021,09,10,103,20,18
2021,09,12,103,20,458
2021,09,13,103,20,87
2021,09,14,103,20,498
2021,09,17,103,20,54
2021,09,18,103,20,38
2021,09,19,103,20,35
2021,09,20,103,20,25
2021,09,21,103,20,26
2021,09,22,103,20,32
2021,09,23,103,20,19
2021,09,24,103,20,43
2021,09,25,103,20,31
2021,09,t1,103,20,3000
2021,09,01,103,30,116
2021,09,03,103,30,11
2021,09,04,103,30,11
2021,09,05,103,30,47
2021,09,06,103,30,12
2021,09,07,103,30,8
2021,09,08,103,30,6
2021,09,09,103,30,2
2021,09,10,103,30,2
2021,09,12,103,30,53
2021,09,13,103,30,16
2021,09,14,103,30,45
2021,09,17,103,30,5
2021,09,18,103,30,3
2021,09,19,103,30,6
2021,09,20,103,30,8
2021,09,21,103,30,12
2021,09,22,103,30,6
2021,09,23,103,30,1
2021,09,24,103,30,9
2021,09,25,103,30,3
2021,09,t1,103,30,382
2021,09,01,103,t1,2415
2021,09,03,103,t1,198
2021,09,04,103,t1,165
2021,09,05,103,t1,328
2021,09,06,103,t1,276
2021,09,07,103,t1,133
2021,09,08,103,t1,93
2021,09,09,103,t1,17
2021,09,10,103,t1,69
2021,09,12,103,t1,1066
2021,09,13,103,t1,308
2021,09,14,103,t1,1411
2021,09,17,103,t1,135
2021,09,18,103,t1,144
2021,09,19,103,t1,138
2021,09,20,103,t1,114
2021,09,21,103,t1,99
2021,09,22,103,t1,95
2021,09,23,103,t1,40
2021,09,24,103,t1,139
2021,09,25,103,t1,103
2021,09,t1,103,t1,7486
2021,09,01,104,10,166
2021,09,03,104,10,25
2021,09,04,104,10,21
2021,09,05,104,10,28
2021,09,06,104,10,40
2021,09,07,104,10,7
2021,09,08,104,10,15
2021,09,09,104,10,1
2021,09,10,104,10,10
2021,09,12,104,10,93
2021,09,13,104,10,16
2021,09,14,104,10,115
2021,09,17,104,10,17
2021,09,18,104,10,15
2021,09,19,104,10,11
2021,09,20,104,10,11
2021,09,21,104,10,21
2021,09,22,104,10,15
2021,09,23,104,10,5
2021,09,24,104,10,23
2021,09,25,104,10,3
2021,09,t1,104,10,658
2021,09,01,104,20,209
2021,09,03,104,20,8
2021,09,04,104,20,7
2021,09,05,104,20,22
2021,09,06,104,20,10
2021,09,07,104,20,5
2021,09,08,104,20,6
2021,09,10,104,20,7
2021,09,12,104,20,48
2021,09,13,104,20,4
2021,09,14,104,20,91
2021,09,17,104,20,18
2021,09,18,104,20,11
2021,09,19,104,20,5
2021,09,20,104,20,8
2021,09,21,104,20,15
2021,09,22,104,20,1
2021,09,23,104,20,8
2021,09,24,104,20,4
2021,09,25,104,20,25
2021,09,t1,104,20,512
2021,09,01,104,30,45
2021,09,03,104,30,29
2021,09,04,104,30,9
2021,09,05,104,30,41
2021,09,06,104,30,42
2021,09,07,104,30,14
2021,09,08,104,30,5
2021,09,09,104,30,2
2021,09,10,104,30,8
2021,09,12,104,30,62
2021,09,13,104,30,25
2021,09,14,104,30,143
2021,09,17,104,30,20
2021,09,18,104,30,26
2021,09,19,104,30,5
2021,09,20,104,30,17
2021,09,21,104,30,10
2021,09,22,104,30,24
2021,09,23,104,30,7
2021,09,24,104,30,31
2021,09,25,104,30,7
2021,09,t1,104,30,572
2021,09,01,104,t1,420
2021,09,03,104,t1,62
2021,09,04,104,t1,37
2021,09,05,104,t1,91
2021,09,06,104,t1,92
2021,09,07,104,t1,26
2021,09,08,104,t1,26
2021,09,09,104,t1,3
2021,09,10,104,t1,25
2021,09,12,104,t1,203
2021,09,13,104,t1,45
2021,09,14,104,t1,349
2021,09,17,104,t1,55
2021,09,18,104,t1,52
2021,09,19,104,t1,21
2021,09,20,104,t1,36
2021,09,21,104,t1,46
2021,09,22,104,t1,40
2021,09,23,104,t1,20
2021,09,24,104,t1,58
2021,09,25,104,t1,35
2021,09,t1,104,t1,1742
2021,09,01,105,10,455
2021,09,03,105,10,86
2021,09,04,105,10,47
2021,09,05,105,10,83
2021,09,06,105,10,46
2021,09,07,105,10,23
2021,09,08,105,10,30
2021,09,09,105,10,2
2021,09,10,105,10,27
2021,09,12,105,10,185
2021,09,13,105,10,67
2021,09,14,105,10,339
2021,09,17,105,10,46
2021,09,18,105,10,45
2021,09,19,105,10,67
2021,09,20,105,10,47
2021,09,21,105,10,28
2021,09,22,105,10,37
2021,09,23,105,10,18
2021,09,24,105,10,52
2021,09,25,105,10,26
2021,09,t1,105,10,1756
2021,09,01,105,20,1287
2021,09,03,105,20,35
2021,09,04,105,20,34
2021,09,05,105,20,51
2021,09,06,105,20,31
2021,09,07,105,20,15
2021,09,08,105,20,13
2021,09,09,105,20,6
2021,09,10,105,20,11
2021,09,12,105,20,260
2021,09,13,105,20,23
2021,09,14,105,20,249
2021,09,17,105,20,38
2021,09,18,105,20,12
2021,09,19,105,20,15
2021,09,20,105,20,29
2021,09,21,105,20,14
2021,09,22,105,20,14
2021,09,23,105,20,15
2021,09,24,105,20,23
2021,09,25,105,20,29
2021,09,t1,105,20,2204
2021,09,01,105,30,220
2021,09,03,105,30,9
2021,09,04,105,30,10
2021,09,05,105,30,24
2021,09,06,105,30,26
2021,09,07,105,30,17
2021,09,08,105,30,14
2021,09,09,105,30,1
2021,09,10,105,30,8
2021,09,12,105,30,68
2021,09,13,105,30,11
2021,09,14,105,30,324
2021,09,17,105,30,8
2021,09,18,105,30,5
2021,09,19,105,30,8
2021,09,20,105,30,23
2021,09,21,105,30,8
2021,09,22,105,30,6
2021,09,23,105,30,12
2021,09,24,105,30,14
2021,09,25,105,30,2
2021,09,t1,105,30,818
2021,09,01,105,t1,1962
2021,09,03,105,t1,130
2021,09,04,105,t1,91
2021,09,05,105,t1,158
2021,09,06,105,t1,103
2021,09,07,105,t1,55
2021,09,08,105,t1,57
2021,09,09,105,t1,9
2021,09,10,105,t1,46
2021,09,12,105,t1,513
2021,09,13,105,t1,101
2021,09,14,105,t1,912
2021,09,17,105,t1,92
2021,09,18,105,t1,62
2021,09,19,105,t1,90
2021,09,20,105,t1,99
2021,09,21,105,t1,50
2021,09,22,105,t1,57
2021,09,23,105,t1,45
2021,09,24,105,t1,89
2021,09,25,105,t1,57
2021,09,t1,105,t1,4778
2021,09,01,106,10,19
2021,09,03,106,10,2
2021,09,04,106,10,2
2021,09,05,106,10,7
2021,09,06,106,10,4
2021,09,08,106,10,1
2021,09,10,106,10,1
2021,09,12,106,10,11
2021,09,14,106,10,16
2021,09,17,106,10,3
2021,09,18,106,10,4
2021,09,19,106,10,2
2021,09,21,106,10,8
2021,09,22,106,10,5
2021,09,23,106,10,1
2021,09,24,106,10,6
2021,09,25,106,10,3
2021,09,t1,106,10,95
2021,09,01,106,20,8
2021,09,03,106,20,2
2021,09,05,106,20,1
2021,09,06,106,20,3
2021,09,07,106,20,2
2021,09,08,106,20,1
2021,09,12,106,20,2
2021,09,13,106,20,1
2021,09,14,106,20,2
2021,09,17,106,20,7
2021,09,18,106,20,1
2021,09,19,106,20,1
2021,09,20,106,20,3
2021,09,21,106,20,1
2021,09,23,106,20,1
2021,09,24,106,20,4
2021,09,25,106,20,1
2021,09,t1,106,20,41
2021,09,01,106,30,6
2021,09,05,106,30,1
2021,09,12,106,30,7
2021,09,14,106,30,4
2021,09,18,106,30,1
2021,09,19,106,30,2
2021,09,22,106,30,5
2021,09,23,106,30,1
2021,09,24,106,30,2
2021,09,25,106,30,2
2021,09,t1,106,30,31
2021,09,01,106,t1,33
2021,09,03,106,t1,4
2021,09,04,106,t1,2
2021,09,05,106,t1,9
2021,09,06,106,t1,7
2021,09,07,106,t1,2
2021,09,08,106,t1,2
2021,09,10,106,t1,1
2021,09,12,106,t1,20
2021,09,13,106,t1,1
2021,09,14,106,t1,22
2021,09,17,106,t1,10
2021,09,18,106,t1,6
2021,09,19,106,t1,5
2021,09,20,106,t1,3
2021,09,21,106,t1,9
2021,09,22,106,t1,10
2021,09,23,106,t1,3
2021,09,24,106,t1,12
2021,09,25,106,t1,6
2021,09,t1,106,t1,167
2021,09,08,107,10,1
2021,09,t1,107,10,1
2021,09,01,107,20,53
2021,09,03,107,20,1
2021,09,04,107,20,6
2021,09,06,107,20,2
2021,09,08,107,20,15
2021,09,12,107,20,36
2021,09,13,107,20,3
2021,09,14,107,20,14
2021,09,18,107,20,5
2021,09,19,107,20,2
2021,09,23,107,20,2
2021,09,t1,107,20,139
2021,09,01,107,t1,53
2021,09,03,107,t1,1
2021,09,04,107,t1,6
2021,09,06,107,t1,2
2021,09,08,107,t1,16
2021,09,12,107,t1,36
2021,09,13,107,t1,3
2021,09,14,107,t1,14
2021,09,18,107,t1,5
2021,09,19,107,t1,2
2021,09,23,107,t1,2
2021,09,t1,107,t1,140
2021,09,14,109,20,1
2021,09,t1,109,20,1
2021,09,14,109,t1,1
2021,09,t1,109,t1,1
2021,09,01,t1,10,2600
2021,09,03,t1,10,377
2021,09,04,t1,10,303
2021,09,05,t1,10,513
2021,09,06,t1,10,433
2021,09,07,t1,10,215
2021,09,08,t1,10,222
2021,09,09,t1,10,42
2021,09,10,t1,10,175
2021,09,12,t1,10,1510
2021,09,13,t1,10,481
2021,09,14,t1,10,2289
2021,09,17,t1,10,268
2021,09,18,t1,10,292
2021,09,19,t1,10,294
2021,09,20,t1,10,222
2021,09,21,t1,10,203
2021,09,22,t1,10,199
2021,09,23,t1,10,69
2021,09,24,t1,10,240
2021,09,25,t1,10,173
2021,09,t1,t1,10,11120
2021,09,01,t1,20,4211
2021,09,03,t1,20,183
2021,09,04,t1,20,149
2021,09,05,t1,20,256
2021,09,06,t1,20,213
2021,09,07,t1,20,91
2021,09,08,t1,20,85
2021,09,09,t1,20,17
2021,09,10,t1,20,58
2021,09,12,t1,20,1235
2021,09,13,t1,20,177
2021,09,14,t1,20,1177
2021,09,17,t1,20,194
2021,09,18,t1,20,125
2021,09,19,t1,20,100
2021,09,20,t1,20,121
2021,09,21,t1,20,107
2021,09,22,t1,20,85
2021,09,23,t1,20,63
2021,09,24,t1,20,125
2021,09,25,t1,20,130
2021,09,t1,t1,20,8902
2021,09,01,t1,30,720
2021,09,03,t1,30,88
2021,09,04,t1,30,119
2021,09,05,t1,30,180
2021,09,06,t1,30,168
2021,09,07,t1,30,85
2021,09,08,t1,30,86
2021,09,09,t1,30,12
2021,09,10,t1,30,56
2021,09,12,t1,30,433
2021,09,13,t1,30,124
2021,09,14,t1,30,995
2021,09,17,t1,30,82
2021,09,18,t1,30,67
2021,09,19,t1,30,66
2021,09,20,t1,30,97
2021,09,21,t1,30,106
2021,09,22,t1,30,92
2021,09,23,t1,30,25
2021,09,24,t1,30,90
2021,09,25,t1,30,32
2021,09,t1,t1,30,3723
2021,09,01,t1,t1,7531
2021,09,03,t1,t1,648
2021,09,04,t1,t1,571
2021,09,05,t1,t1,949
2021,09,06,t1,t1,814
2021,09,07,t1,t1,391
2021,09,08,t1,t1,393
2021,09,09,t1,t1,71
2021,09,10,t1,t1,289
2021,09,12,t1,t1,3178
2021,09,13,t1,t1,782
2021,09,14,t1,t1,4461
2021,09,17,t1,t1,544
2021,09,18,t1,t1,484
2021,09,19,t1,t1,460
2021,09,20,t1,t1,440
2021,09,21,t1,t1,416
2021,09,22,t1,t1,376
2021,09,23,t1,t1,157
2021,09,24,t1,t1,455
2021,09,25,t1,t1,335
2021,09,t1,t1,t1,23745
2021,10,01,101,10,715
2021,10,03,101,10,93
2021,10,04,101,10,103
2021,10,05,101,10,141
2021,10,06,101,10,166
2021,10,07,101,10,64
2021,10,08,101,10,71
2021,10,09,101,10,8
2021,10,10,101,10,58
2021,10,12,101,10,482
2021,10,13,101,10,153
2021,10,14,101,10,703
2021,10,17,101,10,77
2021,10,18,101,10,101
2021,10,19,101,10,87
2021,10,20,101,10,49
2021,10,21,101,10,72
2021,10,22,101,10,45
2021,10,23,101,10,10
2021,10,24,101,10,36
2021,10,25,101,10,26
2021,10,t1,101,10,3260
2021,10,01,101,20,446
2021,10,03,101,20,22
2021,10,04,101,20,26
2021,10,05,101,20,50
2021,10,06,101,20,52
2021,10,07,101,20,17
2021,10,08,101,20,14
2021,10,09,101,20,2
2021,10,10,101,20,8
2021,10,12,101,20,392
2021,10,13,101,20,55
2021,10,14,101,20,179
2021,10,17,101,20,52
2021,10,18,101,20,15
2021,10,19,101,20,17
2021,10,20,101,20,29
2021,10,21,101,20,30
2021,10,22,101,20,12
2021,10,23,101,20,22
2021,10,24,101,20,9
2021,10,25,101,20,22
2021,10,t1,101,20,1471
2021,10,01,101,30,177
2021,10,03,101,30,17
2021,10,04,101,30,35
2021,10,05,101,30,58
2021,10,06,101,30,46
2021,10,07,101,30,29
2021,10,08,101,30,32
2021,10,09,101,30,7
2021,10,10,101,30,22
2021,10,12,101,30,204
2021,10,13,101,30,41
2021,10,14,101,30,459
2021,10,17,101,30,26
2021,10,18,101,30,34
2021,10,19,101,30,19
2021,10,20,101,30,32
2021,10,21,101,30,50
2021,10,22,101,30,30
2021,10,23,101,30,4
2021,10,24,101,30,13
2021,10,25,101,30,11
2021,10,t1,101,30,1346
2021,10,01,101,t1,1338
2021,10,03,101,t1,132
2021,10,04,101,t1,164
2021,10,05,101,t1,249
2021,10,06,101,t1,264
2021,10,07,101,t1,110
2021,10,08,101,t1,117
2021,10,09,101,t1,17
2021,10,10,101,t1,88
2021,10,12,101,t1,1078
2021,10,13,101,t1,249
2021,10,14,101,t1,1341
2021,10,17,101,t1,155
2021,10,18,101,t1,150
2021,10,19,101,t1,123
2021,10,20,101,t1,110
2021,10,21,101,t1,152
2021,10,22,101,t1,87
2021,10,23,101,t1,36
2021,10,24,101,t1,58
2021,10,25,101,t1,59
2021,10,t1,101,t1,6077
2021,10,01,102,10,151
2021,10,03,102,10,19
2021,10,04,102,10,29
2021,10,05,102,10,35
2021,10,06,102,10,37
2021,10,07,102,10,22
2021,10,08,102,10,20
2021,10,09,102,10,3
2021,10,10,102,10,13
2021,10,12,102,10,119
2021,10,13,102,10,28
2021,10,14,102,10,123
2021,10,17,102,10,31
2021,10,18,102,10,37
2021,10,19,102,10,20
2021,10,20,102,10,26
2021,10,21,102,10,20
2021,10,22,102,10,15
2021,10,23,102,10,11
2021,10,24,102,10,18
2021,10,25,102,10,14
2021,10,t1,102,10,791
2021,10,01,102,20,479
2021,10,03,102,20,22
2021,10,04,102,20,25
2021,10,05,102,20,63
2021,10,06,102,20,51
2021,10,07,102,20,13
2021,10,08,102,20,13
2021,10,09,102,20,3
2021,10,10,102,20,13
2021,10,12,102,20,246
2021,10,13,102,20,22
2021,10,14,102,20,168
2021,10,17,102,20,20
2021,10,18,102,20,19
2021,10,19,102,20,22
2021,10,20,102,20,24
2021,10,21,102,20,17
2021,10,22,102,20,18
2021,10,23,102,20,17
2021,10,24,102,20,30
2021,10,25,102,20,26
2021,10,t1,102,20,1311
2021,10,01,102,30,125
2021,10,03,102,30,12
2021,10,04,102,30,18
2021,10,05,102,30,15
2021,10,06,102,30,47
2021,10,07,102,30,5
2021,10,08,102,30,31
2021,10,09,102,30,4
2021,10,10,102,30,3
2021,10,12,102,30,95
2021,10,13,102,30,16
2021,10,14,102,30,100
2021,10,17,102,30,20
2021,10,18,102,30,20
2021,10,19,102,30,21
2021,10,20,102,30,44
2021,10,21,102,30,51
2021,10,22,102,30,25
2021,10,23,102,30,10
2021,10,24,102,30,17
2021,10,25,102,30,9
2021,10,t1,102,30,688
2021,10,01,102,t1,755
2021,10,03,102,t1,53
2021,10,04,102,t1,72
2021,10,05,102,t1,113
2021,10,06,102,t1,135
2021,10,07,102,t1,40
2021,10,08,102,t1,64
2021,10,09,102,t1,10
2021,10,10,102,t1,29
2021,10,12,102,t1,460
2021,10,13,102,t1,66
2021,10,14,102,t1,391
2021,10,17,102,t1,71
2021,10,18,102,t1,76
2021,10,19,102,t1,63
2021,10,20,102,t1,94
2021,10,21,102,t1,88
2021,10,22,102,t1,58
2021,10,23,102,t1,38
2021,10,24,102,t1,65
2021,10,25,102,t1,49
2021,10,t1,102,t1,2790
2021,10,01,103,10,506
2021,10,03,103,10,111
2021,10,04,103,10,57
2021,10,05,103,10,85
2021,10,06,103,10,79
2021,10,07,103,10,66
2021,10,08,103,10,44
2021,10,09,103,10,10
2021,10,10,103,10,37
2021,10,12,103,10,419
2021,10,13,103,10,110
2021,10,14,103,10,450
2021,10,17,103,10,45
2021,10,18,103,10,80
2021,10,19,103,10,56
2021,10,20,103,10,55
2021,10,21,103,10,36
2021,10,22,103,10,20
2021,10,23,103,10,17
2021,10,24,103,10,35
2021,10,25,103,10,22
2021,10,t1,103,10,2340
2021,10,01,103,20,868
2021,10,03,103,20,42
2021,10,04,103,20,21
2021,10,05,103,20,30
2021,10,06,103,20,38
2021,10,07,103,20,18
2021,10,08,103,20,16
2021,10,09,103,20,4
2021,10,10,103,20,11
2021,10,12,103,20,314
2021,10,13,103,20,34
2021,10,14,103,20,246
2021,10,17,103,20,38
2021,10,18,103,20,22
2021,10,19,103,20,20
2021,10,20,103,20,18
2021,10,21,103,20,29
2021,10,22,103,20,14
2021,10,23,103,20,11
2021,10,24,103,20,18
2021,10,25,103,20,18
2021,10,t1,103,20,1830
2021,10,01,103,30,202
2021,10,03,103,30,5
2021,10,04,103,30,10
2021,10,05,103,30,12
2021,10,06,103,30,11
2021,10,07,103,30,5
2021,10,08,103,30,6
2021,10,09,103,30,3
2021,10,10,103,30,3
2021,10,12,103,30,97
2021,10,13,103,30,19
2021,10,14,103,30,27
2021,10,17,103,30,11
2021,10,18,103,30,5
2021,10,19,103,30,4
2021,10,20,103,30,9
2021,10,21,103,30,5
2021,10,22,103,30,10
2021,10,23,103,30,4
2021,10,24,103,30,10
2021,10,25,103,30,6
2021,10,t1,103,30,464
2021,10,01,103,t1,1576
2021,10,03,103,t1,158
2021,10,04,103,t1,88
2021,10,05,103,t1,127
2021,10,06,103,t1,128
2021,10,07,103,t1,89
2021,10,08,103,t1,66
2021,10,09,103,t1,17
2021,10,10,103,t1,51
2021,10,12,103,t1,830
2021,10,13,103,t1,163
2021,10,14,103,t1,723
2021,10,17,103,t1,94
2021,10,18,103,t1,107
2021,10,19,103,t1,80
2021,10,20,103,t1,82
2021,10,21,103,t1,70
2021,10,22,103,t1,44
2021,10,23,103,t1,32
2021,10,24,103,t1,63
2021,10,25,103,t1,46
2021,10,t1,103,t1,4634
2021,10,01,104,10,165
2021,10,03,104,10,25
2021,10,04,104,10,20
2021,10,05,104,10,23
2021,10,06,104,10,33
2021,10,07,104,10,12
2021,10,08,104,10,10
2021,10,09,104,10,3
2021,10,10,104,10,14
2021,10,12,104,10,110
2021,10,13,104,10,24
2021,10,14,104,10,104
2021,10,17,104,10,17
2021,10,18,104,10,22
2021,10,19,104,10,15
2021,10,20,104,10,16
2021,10,21,104,10,27
2021,10,22,104,10,11
2021,10,23,104,10,3
2021,10,24,104,10,14
2021,10,25,104,10,12
2021,10,t1,104,10,680
2021,10,01,104,20,162
2021,10,03,104,20,4
2021,10,04,104,20,6
2021,10,05,104,20,6
2021,10,06,104,20,14
2021,10,07,104,20,8
2021,10,08,104,20,5
2021,10,09,104,20,1
2021,10,10,104,20,5
2021,10,12,104,20,32
2021,10,13,104,20,3
2021,10,14,104,20,54
2021,10,17,104,20,21
2021,10,18,104,20,12
2021,10,19,104,20,8
2021,10,20,104,20,2
2021,10,21,104,20,10
2021,10,22,104,20,2
2021,10,23,104,20,1
2021,10,24,104,20,5
2021,10,25,104,20,14
2021,10,t1,104,20,375
2021,10,01,104,30,81
2021,10,03,104,30,10
2021,10,04,104,30,6
2021,10,05,104,30,38
2021,10,06,104,30,28
2021,10,07,104,30,16
2021,10,08,104,30,3
2021,10,09,104,30,1
2021,10,10,104,30,3
2021,10,12,104,30,44
2021,10,13,104,30,11
2021,10,14,104,30,115
2021,10,17,104,30,22
2021,10,18,104,30,11
2021,10,19,104,30,7
2021,10,20,104,30,2
2021,10,21,104,30,7
2021,10,22,104,30,11
2021,10,23,104,30,3
2021,10,24,104,30,10
2021,10,25,104,30,7
2021,10,t1,104,30,436
2021,10,01,104,t1,408
2021,10,03,104,t1,39
2021,10,04,104,t1,32
2021,10,05,104,t1,67
2021,10,06,104,t1,75
2021,10,07,104,t1,36
2021,10,08,104,t1,18
2021,10,09,104,t1,5
2021,10,10,104,t1,22
2021,10,12,104,t1,186
2021,10,13,104,t1,38
2021,10,14,104,t1,273
2021,10,17,104,t1,60
2021,10,18,104,t1,45
2021,10,19,104,t1,30
2021,10,20,104,t1,20
2021,10,21,104,t1,44
2021,10,22,104,t1,24
2021,10,23,104,t1,7
2021,10,24,104,t1,29
2021,10,25,104,t1,33
2021,10,t1,104,t1,1491
2021,10,01,105,10,539
2021,10,03,105,10,85
2021,10,04,105,10,76
2021,10,05,105,10,116
2021,10,06,105,10,61
2021,10,07,105,10,43
2021,10,08,105,10,44
2021,10,09,105,10,5
2021,10,10,105,10,32
2021,10,12,105,10,242
2021,10,13,105,10,71
2021,10,14,105,10,367
2021,10,17,105,10,40
2021,10,18,105,10,70
2021,10,19,105,10,80
2021,10,20,105,10,49
2021,10,21,105,10,50
2021,10,22,105,10,74
2021,10,23,105,10,13
2021,10,24,105,10,47
2021,10,25,105,10,21
2021,10,t1,105,10,2125
2021,10,01,105,20,1343
2021,10,03,105,20,55
2021,10,04,105,20,37
2021,10,05,105,20,104
2021,10,06,105,20,45
2021,10,07,105,20,21
2021,10,08,105,20,25
2021,10,09,105,20,2
2021,10,10,105,20,12
2021,10,12,105,20,314
2021,10,13,105,20,36
2021,10,14,105,20,293
2021,10,17,105,20,31
2021,10,18,105,20,28
2021,10,19,105,20,22
2021,10,20,105,20,19
2021,10,21,105,20,19
2021,10,22,105,20,20
2021,10,23,105,20,10
2021,10,24,105,20,24
2021,10,25,105,20,38
2021,10,t1,105,20,2498
2021,10,01,105,30,203
2021,10,03,105,30,26
2021,10,04,105,30,21
2021,10,05,105,30,19
2021,10,06,105,30,24
2021,10,07,105,30,15
2021,10,08,105,30,20
2021,10,09,105,30,4
2021,10,10,105,30,12
2021,10,12,105,30,174
2021,10,13,105,30,33
2021,10,14,105,30,302
2021,10,17,105,30,19
2021,10,18,105,30,13
2021,10,19,105,30,19
2021,10,20,105,30,42
2021,10,21,105,30,21
2021,10,22,105,30,16
2021,10,23,105,30,5
2021,10,24,105,30,14
2021,10,25,105,30,9
2021,10,t1,105,30,1011
2021,10,01,105,t1,2085
2021,10,03,105,t1,166
2021,10,04,105,t1,134
2021,10,05,105,t1,239
2021,10,06,105,t1,130
2021,10,07,105,t1,79
2021,10,08,105,t1,89
2021,10,09,105,t1,11
2021,10,10,105,t1,56
2021,10,12,105,t1,730
2021,10,13,105,t1,140
2021,10,14,105,t1,962
2021,10,17,105,t1,90
2021,10,18,105,t1,111
2021,10,19,105,t1,121
2021,10,20,105,t1,110
2021,10,21,105,t1,90
2021,10,22,105,t1,110
2021,10,23,105,t1,28
2021,10,24,105,t1,85
2021,10,25,105,t1,68
2021,10,t1,105,t1,5634
2021,10,01,106,10,24
2021,10,03,106,10,1
2021,10,04,106,10,1
2021,10,05,106,10,3
2021,10,06,106,10,1
2021,10,07,106,10,2
2021,10,10,106,10,1
2021,10,12,106,10,13
2021,10,13,106,10,3
2021,10,14,106,10,14
2021,10,17,106,10,3
2021,10,18,106,10,5
2021,10,19,106,10,5
2021,10,20,106,10,5
2021,10,21,106,10,6
2021,10,22,106,10,6
2021,10,24,106,10,4
2021,10,25,106,10,2
2021,10,t1,106,10,99
2021,10,01,106,20,10
2021,10,03,106,20,2
2021,10,05,106,20,3
2021,10,06,106,20,1
2021,10,08,106,20,2
2021,10,12,106,20,2
2021,10,14,106,20,6
2021,10,17,106,20,2
2021,10,19,106,20,2
2021,10,20,106,20,2
2021,10,21,106,20,3
2021,10,22,106,20,2
2021,10,24,106,20,2
2021,10,25,106,20,1
2021,10,t1,106,20,40
2021,10,01,106,30,3
2021,10,03,106,30,1
2021,10,04,106,30,2
2021,10,05,106,30,2
2021,10,06,106,30,2
2021,10,12,106,30,3
2021,10,14,106,30,5
2021,10,17,106,30,3
2021,10,18,106,30,3
2021,10,20,106,30,2
2021,10,21,106,30,2
2021,10,22,106,30,7
2021,10,23,106,30,3
2021,10,24,106,30,3
2021,10,25,106,30,2
2021,10,t1,106,30,43
2021,10,01,106,t1,37
2021,10,03,106,t1,4
2021,10,04,106,t1,3
2021,10,05,106,t1,8
2021,10,06,106,t1,4
2021,10,07,106,t1,2
2021,10,08,106,t1,2
2021,10,10,106,t1,1
2021,10,12,106,t1,18
2021,10,13,106,t1,3
2021,10,14,106,t1,25
2021,10,17,106,t1,8
2021,10,18,106,t1,8
2021,10,19,106,t1,7
2021,10,20,106,t1,9
2021,10,21,106,t1,11
2021,10,22,106,t1,15
2021,10,23,106,t1,3
2021,10,24,106,t1,9
2021,10,25,106,t1,5
2021,10,t1,106,t1,182
2021,10,07,107,10,1
2021,10,13,107,10,1
2021,10,14,107,10,1
2021,10,t1,107,10,3
2021,10,01,107,20,38
2021,10,03,107,20,1
2021,10,04,107,20,2
2021,10,06,107,20,1
2021,10,08,107,20,3
2021,10,12,107,20,36
2021,10,13,107,20,2
2021,10,14,107,20,10
2021,10,19,107,20,4
2021,10,23,107,20,3
2021,10,24,107,20,2
2021,10,t1,107,20,102
2021,10,01,107,30,1
2021,10,t1,107,30,1
2021,10,01,107,t1,39
2021,10,03,107,t1,1
2021,10,04,107,t1,2
2021,10,06,107,t1,1
2021,10,07,107,t1,1
2021,10,08,107,t1,3
2021,10,12,107,t1,36
2021,10,13,107,t1,3
2021,10,14,107,t1,11
2021,10,19,107,t1,4
2021,10,23,107,t1,3
2021,10,24,107,t1,2
2021,10,t1,107,t1,106
2021,10,03,109,10,1
2021,10,t1,109,10,1
2021,10,01,109,30,1
2021,10,t1,109,30,1
2021,10,01,109,t1,1
2021,10,03,109,t1,1
2021,10,t1,109,t1,2
2021,10,01,t1,10,2100
2021,10,03,t1,10,335
2021,10,04,t1,10,286
2021,10,05,t1,10,403
2021,10,06,t1,10,377
2021,10,07,t1,10,210
2021,10,08,t1,10,189
2021,10,09,t1,10,29
2021,10,10,t1,10,155
2021,10,12,t1,10,1385
2021,10,13,t1,10,390
2021,10,14,t1,10,1762
2021,10,17,t1,10,213
2021,10,18,t1,10,315
2021,10,19,t1,10,263
2021,10,20,t1,10,200
2021,10,21,t1,10,211
2021,10,22,t1,10,171
2021,10,23,t1,10,54
2021,10,24,t1,10,154
2021,10,25,t1,10,97
2021,10,t1,t1,10,9299
2021,10,01,t1,20,3346
2021,10,03,t1,20,148
2021,10,04,t1,20,117
2021,10,05,t1,20,256
2021,10,06,t1,20,202
2021,10,07,t1,20,77
2021,10,08,t1,20,78
2021,10,09,t1,20,12
2021,10,10,t1,20,49
2021,10,12,t1,20,1336
2021,10,13,t1,20,152
2021,10,14,t1,20,956
2021,10,17,t1,20,164
2021,10,18,t1,20,96
2021,10,19,t1,20,95
2021,10,20,t1,20,94
2021,10,21,t1,20,108
2021,10,22,t1,20,68
2021,10,23,t1,20,64
2021,10,24,t1,20,90
2021,10,25,t1,20,119
2021,10,t1,t1,20,7627
2021,10,01,t1,30,793
2021,10,03,t1,30,71
2021,10,04,t1,30,92
2021,10,05,t1,30,144
2021,10,06,t1,30,158
2021,10,07,t1,30,70
2021,10,08,t1,30,92
2021,10,09,t1,30,19
2021,10,10,t1,30,43
2021,10,12,t1,30,617
2021,10,13,t1,30,120
2021,10,14,t1,30,1008
2021,10,17,t1,30,101
2021,10,18,t1,30,86
2021,10,19,t1,30,70
2021,10,20,t1,30,131
2021,10,21,t1,30,136
2021,10,22,t1,30,99
2021,10,23,t1,30,29
2021,10,24,t1,30,67
2021,10,25,t1,30,44
2021,10,t1,t1,30,3990
2021,10,01,t1,t1,6239
2021,10,03,t1,t1,554
2021,10,04,t1,t1,495
2021,10,05,t1,t1,803
2021,10,06,t1,t1,737
2021,10,07,t1,t1,357
2021,10,08,t1,t1,359
2021,10,09,t1,t1,60
2021,10,10,t1,t1,247
2021,10,12,t1,t1,3338
2021,10,13,t1,t1,662
2021,10,14,t1,t1,3726
2021,10,17,t1,t1,478
2021,10,18,t1,t1,497
2021,10,19,t1,t1,428
2021,10,20,t1,t1,425
2021,10,21,t1,t1,455
2021,10,22,t1,t1,338
2021,10,23,t1,t1,147
2021,10,24,t1,t1,311
2021,10,25,t1,t1,260
2021,10,t1,t1,t1,20916
2021,11,01,101,10,751
2021,11,03,101,10,108
2021,11,04,101,10,97
2021,11,05,101,10,125
2021,11,06,101,10,148
2021,11,07,101,10,70
2021,11,08,101,10,89
2021,11,09,101,10,10
2021,11,10,101,10,40
2021,11,12,101,10,484
2021,11,13,101,10,173
2021,11,14,101,10,757
2021,11,17,101,10,85
2021,11,18,101,10,90
2021,11,19,101,10,111
2021,11,20,101,10,53
2021,11,21,101,10,75
2021,11,22,101,10,43
2021,11,23,101,10,19
2021,11,24,101,10,43
2021,11,25,101,10,24
2021,11,t1,101,10,3395
2021,11,01,101,20,398
2021,11,03,101,20,28
2021,11,04,101,20,28
2021,11,05,101,20,42
2021,11,06,101,20,29
2021,11,07,101,20,9
2021,11,08,101,20,18
2021,11,10,101,20,11
2021,11,12,101,20,304
2021,11,13,101,20,48
2021,11,14,101,20,189
2021,11,17,101,20,65
2021,11,18,101,20,20
2021,11,19,101,20,21
2021,11,20,101,20,21
2021,11,21,101,20,18
2021,11,22,101,20,22
2021,11,23,101,20,17
2021,11,24,101,20,13
2021,11,25,101,20,21
2021,11,t1,101,20,1322
2021,11,01,101,30,167
2021,11,03,101,30,36
2021,11,04,101,30,32
2021,11,05,101,30,33
2021,11,06,101,30,75
2021,11,07,101,30,28
2021,11,08,101,30,41
2021,11,09,101,30,6
2021,11,10,101,30,15
2021,11,12,101,30,178
2021,11,13,101,30,38
2021,11,14,101,30,192
2021,11,17,101,30,23
2021,11,18,101,30,19
2021,11,19,101,30,17
2021,11,20,101,30,22
2021,11,21,101,30,41
2021,11,22,101,30,38
2021,11,23,101,30,46
2021,11,24,101,30,18
2021,11,25,101,30,7
2021,11,t1,101,30,1072
2021,11,01,101,t1,1316
2021,11,03,101,t1,172
2021,11,04,101,t1,157
2021,11,05,101,t1,200
2021,11,06,101,t1,252
2021,11,07,101,t1,107
2021,11,08,101,t1,148
2021,11,09,101,t1,16
2021,11,10,101,t1,66
2021,11,12,101,t1,966
2021,11,13,101,t1,259
2021,11,14,101,t1,1138
2021,11,17,101,t1,173
2021,11,18,101,t1,129
2021,11,19,101,t1,149
2021,11,20,101,t1,96
2021,11,21,101,t1,134
2021,11,22,101,t1,103
2021,11,23,101,t1,82
2021,11,24,101,t1,74
2021,11,25,101,t1,52
2021,11,t1,101,t1,5789
2021,11,01,102,10,153
2021,11,03,102,10,22
2021,11,04,102,10,31
2021,11,05,102,10,27
2021,11,06,102,10,37
2021,11,07,102,10,19
2021,11,08,102,10,24
2021,11,09,102,10,3
2021,11,10,102,10,12
2021,11,12,102,10,130
2021,11,13,102,10,30
2021,11,14,102,10,160
2021,11,17,102,10,33
2021,11,18,102,10,29
2021,11,19,102,10,29
2021,11,20,102,10,27
2021,11,21,102,10,19
2021,11,22,102,10,16
2021,11,23,102,10,9
2021,11,24,102,10,13
2021,11,25,102,10,27
2021,11,t1,102,10,850
2021,11,01,102,20,533
2021,11,03,102,20,38
2021,11,04,102,20,26
2021,11,05,102,20,76
2021,11,06,102,20,35
2021,11,07,102,20,14
2021,11,08,102,20,16
2021,11,09,102,20,3
2021,11,10,102,20,14
2021,11,12,102,20,296
2021,11,13,102,20,26
2021,11,14,102,20,191
2021,11,17,102,20,42
2021,11,18,102,20,35
2021,11,19,102,20,36
2021,11,20,102,20,41
2021,11,21,102,20,27
2021,11,22,102,20,40
2021,11,23,102,20,14
2021,11,24,102,20,26
2021,11,25,102,20,39
2021,11,t1,102,20,1568
2021,11,01,102,30,103
2021,11,03,102,30,7
2021,11,04,102,30,16
2021,11,05,102,30,9
2021,11,06,102,30,39
2021,11,07,102,30,9
2021,11,08,102,30,20
2021,11,09,102,30,2
2021,11,10,102,30,6
2021,11,12,102,30,128
2021,11,13,102,30,22
2021,11,14,102,30,82
2021,11,17,102,30,20
2021,11,18,102,30,23
2021,11,19,102,30,10
2021,11,20,102,30,27
2021,11,21,102,30,16
2021,11,22,102,30,33
2021,11,23,102,30,76
2021,11,24,102,30,15
2021,11,25,102,30,8
2021,11,t1,102,30,671
2021,11,01,102,t1,789
2021,11,03,102,t1,67
2021,11,04,102,t1,73
2021,11,05,102,t1,112
2021,11,06,102,t1,111
2021,11,07,102,t1,42
2021,11,08,102,t1,60
2021,11,09,102,t1,8
2021,11,10,102,t1,32
2021,11,12,102,t1,554
2021,11,13,102,t1,78
2021,11,14,102,t1,433
2021,11,17,102,t1,95
2021,11,18,102,t1,87
2021,11,19,102,t1,75
2021,11,20,102,t1,95
2021,11,21,102,t1,62
2021,11,22,102,t1,89
2021,11,23,102,t1,99
2021,11,24,102,t1,54
2021,11,25,102,t1,74
2021,11,t1,102,t1,3089
2021,11,01,103,10,612
2021,11,03,103,10,108
2021,11,04,103,10,69
2021,11,05,103,10,136
2021,11,06,103,10,87
2021,11,07,103,10,56
2021,11,08,103,10,33
2021,11,09,103,10,18
2021,11,10,103,10,35
2021,11,12,103,10,359
2021,11,13,103,10,122
2021,11,14,103,10,531
2021,11,17,103,10,43
2021,11,18,103,10,66
2021,11,19,103,10,58
2021,11,20,103,10,42
2021,11,21,103,10,41
2021,11,22,103,10,36
2021,11,23,103,10,20
2021,11,24,103,10,50
2021,11,25,103,10,39
2021,11,t1,103,10,2561
2021,11,01,103,20,955
2021,11,03,103,20,49
2021,11,04,103,20,33
2021,11,05,103,20,59
2021,11,06,103,20,42
2021,11,07,103,20,18
2021,11,08,103,20,15
2021,11,09,103,20,5
2021,11,10,103,20,18
2021,11,12,103,20,439
2021,11,13,103,20,52
2021,11,14,103,20,325
2021,11,17,103,20,27
2021,11,18,103,20,18
2021,11,19,103,20,19
2021,11,20,103,20,18
2021,11,21,103,20,29
2021,11,22,103,20,19
2021,11,23,103,20,19
2021,11,24,103,20,25
2021,11,25,103,20,24
2021,11,t1,103,20,2208
2021,11,01,103,30,356
2021,11,03,103,30,11
2021,11,04,103,30,14
2021,11,05,103,30,19
2021,11,06,103,30,31
2021,11,07,103,30,17
2021,11,08,103,30,14
2021,11,09,103,30,4
2021,11,10,103,30,3
2021,11,12,103,30,87
2021,11,13,103,30,17
2021,11,14,103,30,112
2021,11,17,103,30,13
2021,11,18,103,30,14
2021,11,19,103,30,14
2021,11,20,103,30,18
2021,11,21,103,30,10
2021,11,22,103,30,8
2021,11,23,103,30,3
2021,11,24,103,30,6
2021,11,25,103,30,9
2021,11,t1,103,30,780
2021,11,01,103,t1,1923
2021,11,03,103,t1,168
2021,11,04,103,t1,116
2021,11,05,103,t1,214
2021,11,06,103,t1,160
2021,11,07,103,t1,91
2021,11,08,103,t1,62
2021,11,09,103,t1,27
2021,11,10,103,t1,56
2021,11,12,103,t1,885
2021,11,13,103,t1,191
2021,11,14,103,t1,968
2021,11,17,103,t1,83
2021,11,18,103,t1,98
2021,11,19,103,t1,91
2021,11,20,103,t1,78
2021,11,21,103,t1,80
2021,11,22,103,t1,63
2021,11,23,103,t1,42
2021,11,24,103,t1,81
2021,11,25,103,t1,72
2021,11,t1,103,t1,5549
2021,11,01,104,10,157
2021,11,03,104,10,30
2021,11,04,104,10,23
2021,11,05,104,10,24
2021,11,06,104,10,31
2021,11,07,104,10,9
2021,11,08,104,10,9
2021,11,09,104,10,5
2021,11,10,104,10,6
2021,11,12,104,10,79
2021,11,13,104,10,19
2021,11,14,104,10,112
2021,11,17,104,10,19
2021,11,18,104,10,22
2021,11,19,104,10,6
2021,11,20,104,10,17
2021,11,21,104,10,23
2021,11,22,104,10,9
2021,11,23,104,10,3
2021,11,24,104,10,16
2021,11,25,104,10,7
2021,11,t1,104,10,626
2021,11,01,104,20,211
2021,11,03,104,20,11
2021,11,04,104,20,15
2021,11,05,104,20,13
2021,11,06,104,20,14
2021,11,07,104,20,1
2021,11,08,104,20,8
2021,11,09,104,20,1
2021,11,10,104,20,3
2021,11,12,104,20,35
2021,11,13,104,20,5
2021,11,14,104,20,56
2021,11,17,104,20,7
2021,11,18,104,20,16
2021,11,19,104,20,5
2021,11,20,104,20,5
2021,11,21,104,20,15
2021,11,22,104,20,12
2021,11,23,104,20,1
2021,11,24,104,20,11
2021,11,25,104,20,8
2021,11,t1,104,20,453
2021,11,01,104,30,67
2021,11,03,104,30,14
2021,11,04,104,30,6
2021,11,05,104,30,29
2021,11,06,104,30,20
2021,11,07,104,30,24
2021,11,08,104,30,5
2021,11,09,104,30,3
2021,11,10,104,30,5
2021,11,12,104,30,33
2021,11,13,104,30,15
2021,11,14,104,30,134
2021,11,17,104,30,16
2021,11,18,104,30,16
2021,11,19,104,30,4
2021,11,20,104,30,10
2021,11,21,104,30,12
2021,11,22,104,30,11
2021,11,23,104,30,2
2021,11,24,104,30,4
2021,11,25,104,30,9
2021,11,t1,104,30,439
2021,11,01,104,t1,435
2021,11,03,104,t1,55
2021,11,04,104,t1,44
2021,11,05,104,t1,66
2021,11,06,104,t1,65
2021,11,07,104,t1,34
2021,11,08,104,t1,22
2021,11,09,104,t1,9
2021,11,10,104,t1,14
2021,11,12,104,t1,147
2021,11,13,104,t1,39
2021,11,14,104,t1,302
2021,11,17,104,t1,42
2021,11,18,104,t1,54
2021,11,19,104,t1,15
2021,11,20,104,t1,32
2021,11,21,104,t1,50
2021,11,22,104,t1,32
2021,11,23,104,t1,6
2021,11,24,104,t1,31
2021,11,25,104,t1,24
2021,11,t1,104,t1,1518
2021,11,01,105,10,652
2021,11,03,105,10,82
2021,11,04,105,10,67
2021,11,05,105,10,87
2021,11,06,105,10,81
2021,11,07,105,10,46
2021,11,08,105,10,37
2021,11,09,105,10,7
2021,11,10,105,10,29
2021,11,12,105,10,272
2021,11,13,105,10,75
2021,11,14,105,10,415
2021,11,17,105,10,53
2021,11,18,105,10,60
2021,11,19,105,10,73
2021,11,20,105,10,66
2021,11,21,105,10,40
2021,11,22,105,10,38
2021,11,23,105,10,11
2021,11,24,105,10,50
2021,11,25,105,10,17
2021,11,t1,105,10,2258
2021,11,01,105,20,1740
2021,11,03,105,20,39
2021,11,04,105,20,48
2021,11,05,105,20,47
2021,11,06,105,20,56
2021,11,07,105,20,23
2021,11,08,105,20,28
2021,11,09,105,20,7
2021,11,10,105,20,13
2021,11,12,105,20,373
2021,11,13,105,20,31
2021,11,14,105,20,288
2021,11,17,105,20,36
2021,11,18,105,20,25
2021,11,19,105,20,22
2021,11,20,105,20,44
2021,11,21,105,20,14
2021,11,22,105,20,33
2021,11,23,105,20,24
2021,11,24,105,20,33
2021,11,25,105,20,28
2021,11,t1,105,20,2952
2021,11,01,105,30,178
2021,11,03,105,30,15
2021,11,04,105,30,15
2021,11,05,105,30,9
2021,11,06,105,30,28
2021,11,07,105,30,6
2021,11,08,105,30,13
2021,11,09,105,30,3
2021,11,10,105,30,4
2021,11,12,105,30,105
2021,11,13,105,30,14
2021,11,14,105,30,263
2021,11,17,105,30,14
2021,11,18,105,30,9
2021,11,19,105,30,15
2021,11,20,105,30,39
2021,11,21,105,30,11
2021,11,22,105,30,7
2021,11,23,105,30,3
2021,11,24,105,30,10
2021,11,25,105,30,8
2021,11,t1,105,30,769
2021,11,01,105,t1,2570
2021,11,03,105,t1,136
2021,11,04,105,t1,130
2021,11,05,105,t1,143
2021,11,06,105,t1,165
2021,11,07,105,t1,75
2021,11,08,105,t1,78
2021,11,09,105,t1,17
2021,11,10,105,t1,46
2021,11,12,105,t1,750
2021,11,13,105,t1,120
2021,11,14,105,t1,966
2021,11,17,105,t1,103
2021,11,18,105,t1,94
2021,11,19,105,t1,110
2021,11,20,105,t1,149
2021,11,21,105,t1,65
2021,11,22,105,t1,78
2021,11,23,105,t1,38
2021,11,24,105,t1,93
2021,11,25,105,t1,53
2021,11,t1,105,t1,5979
2021,11,01,106,10,13
2021,11,03,106,10,3
2021,11,04,106,10,2
2021,11,05,106,10,3
2021,11,06,106,10,2
2021,11,07,106,10,1
2021,11,08,106,10,1
2021,11,09,106,10,1
2021,11,10,106,10,2
2021,11,12,106,10,8
2021,11,13,106,10,1
2021,11,14,106,10,9
2021,11,17,106,10,2
2021,11,18,106,10,2
2021,11,19,106,10,3
2021,11,20,106,10,1
2021,11,21,106,10,2
2021,11,22,106,10,8
2021,11,23,106,10,4
2021,11,24,106,10,2
2021,11,25,106,10,5
2021,11,t1,106,10,75
2021,11,01,106,20,5
2021,11,03,106,20,1
2021,11,04,106,20,1
2021,11,07,106,20,1
2021,11,08,106,20,1
2021,11,10,106,20,2
2021,11,12,106,20,2
2021,11,13,106,20,1
2021,11,17,106,20,2
2021,11,19,106,20,1
2021,11,20,106,20,2
2021,11,21,106,20,3
2021,11,22,106,20,1
2021,11,t1,106,20,23
2021,11,01,106,30,4
2021,11,05,106,30,1
2021,11,12,106,30,2
2021,11,14,106,30,1
2021,11,19,106,30,1
2021,11,21,106,30,1
2021,11,22,106,30,1
2021,11,23,106,30,2
2021,11,24,106,30,1
2021,11,t1,106,30,14
2021,11,01,106,t1,22
2021,11,03,106,t1,4
2021,11,04,106,t1,3
2021,11,05,106,t1,4
2021,11,06,106,t1,2
2021,11,07,106,t1,2
2021,11,08,106,t1,2
2021,11,09,106,t1,1
2021,11,10,106,t1,4
2021,11,12,106,t1,12
2021,11,13,106,t1,2
2021,11,14,106,t1,10
2021,11,17,106,t1,4
2021,11,18,106,t1,2
2021,11,19,106,t1,5
2021,11,20,106,t1,3
2021,11,21,106,t1,6
2021,11,22,106,t1,10
2021,11,23,106,t1,6
2021,11,24,106,t1,3
2021,11,25,106,t1,5
2021,11,t1,106,t1,112
2021,11,01,107,10,1
2021,11,14,107,10,1
2021,11,24,107,10,1
2021,11,t1,107,10,3
2021,11,01,107,20,15
2021,11,06,107,20,1
2021,11,07,107,20,2
2021,11,08,107,20,3
2021,11,10,107,20,1
2021,11,12,107,20,15
2021,11,14,107,20,15
2021,11,t1,107,20,52
2021,11,07,107,30,1
2021,11,t1,107,30,1
2021,11,01,107,t1,16
2021,11,06,107,t1,1
2021,11,07,107,t1,3
2021,11,08,107,t1,3
2021,11,10,107,t1,1
2021,11,12,107,t1,15
2021,11,14,107,t1,16
2021,11,24,107,t1,1
2021,11,t1,107,t1,56
2021,11,14,109,10,1
2021,11,t1,109,10,1
2021,11,14,109,t1,1
2021,11,t1,109,t1,1
2021,11,01,t1,10,2339
2021,11,03,t1,10,353
2021,11,04,t1,10,289
2021,11,05,t1,10,402
2021,11,06,t1,10,386
2021,11,07,t1,10,201
2021,11,08,t1,10,193
2021,11,09,t1,10,44
2021,11,10,t1,10,124
2021,11,12,t1,10,1332
2021,11,13,t1,10,420
2021,11,14,t1,10,1986
2021,11,17,t1,10,235
2021,11,18,t1,10,269
2021,11,19,t1,10,280
2021,11,20,t1,10,206
2021,11,21,t1,10,200
2021,11,22,t1,10,150
2021,11,23,t1,10,66
2021,11,24,t1,10,175
2021,11,25,t1,10,119
2021,11,t1,t1,10,9769
2021,11,01,t1,20,3857
2021,11,03,t1,20,166
2021,11,04,t1,20,151
2021,11,05,t1,20,237
2021,11,06,t1,20,177
2021,11,07,t1,20,68
2021,11,08,t1,20,89
2021,11,09,t1,20,16
2021,11,10,t1,20,62
2021,11,12,t1,20,1464
2021,11,13,t1,20,163
2021,11,14,t1,20,1064
2021,11,17,t1,20,179
2021,11,18,t1,20,114
2021,11,19,t1,20,104
2021,11,20,t1,20,131
2021,11,21,t1,20,106
2021,11,22,t1,20,127
2021,11,23,t1,20,75
2021,11,24,t1,20,108
2021,11,25,t1,20,120
2021,11,t1,t1,20,8578
2021,11,01,t1,30,875
2021,11,03,t1,30,83
2021,11,04,t1,30,83
2021,11,05,t1,30,100
2021,11,06,t1,30,193
2021,11,07,t1,30,85
2021,11,08,t1,30,93
2021,11,09,t1,30,18
2021,11,10,t1,30,33
2021,11,12,t1,30,533
2021,11,13,t1,30,106
2021,11,14,t1,30,784
2021,11,17,t1,30,86
2021,11,18,t1,30,81
2021,11,19,t1,30,61
2021,11,20,t1,30,116
2021,11,21,t1,30,91
2021,11,22,t1,30,98
2021,11,23,t1,30,132
2021,11,24,t1,30,54
2021,11,25,t1,30,41
2021,11,t1,t1,30,3746
2021,11,01,t1,t1,7071
2021,11,03,t1,t1,602
2021,11,04,t1,t1,523
2021,11,05,t1,t1,739
2021,11,06,t1,t1,756
2021,11,07,t1,t1,354
2021,11,08,t1,t1,375
2021,11,09,t1,t1,78
2021,11,10,t1,t1,219
2021,11,12,t1,t1,3329
2021,11,13,t1,t1,689
2021,11,14,t1,t1,3834
2021,11,17,t1,t1,500
2021,11,18,t1,t1,464
2021,11,19,t1,t1,445
2021,11,20,t1,t1,453
2021,11,21,t1,t1,397
2021,11,22,t1,t1,375
2021,11,23,t1,t1,273
2021,11,24,t1,t1,337
2021,11,25,t1,t1,280
2021,11,t1,t1,t1,22093
2021,12,01,101,10,825
2021,12,03,101,10,101
2021,12,04,101,10,105
2021,12,05,101,10,120
2021,12,06,101,10,149
2021,12,07,101,10,86
2021,12,08,101,10,75
2021,12,09,101,10,15
2021,12,10,101,10,52
2021,12,12,101,10,499
2021,12,13,101,10,151
2021,12,14,101,10,726
2021,12,17,101,10,77
2021,12,18,101,10,82
2021,12,19,101,10,95
2021,12,20,101,10,46
2021,12,21,101,10,47
2021,12,22,101,10,45
2021,12,23,101,10,16
2021,12,24,101,10,36
2021,12,25,101,10,19
2021,12,t1,101,10,3367
2021,12,01,101,20,384
2021,12,03,101,20,38
2021,12,04,101,20,21
2021,12,05,101,20,43
2021,12,06,101,20,44
2021,12,07,101,20,21
2021,12,08,101,20,21
2021,12,09,101,20,2
2021,12,10,101,20,13
2021,12,12,101,20,215
2021,12,13,101,20,49
2021,12,14,101,20,176
2021,12,17,101,20,39
2021,12,18,101,20,17
2021,12,19,101,20,10
2021,12,20,101,20,17
2021,12,21,101,20,16
2021,12,22,101,20,13
2021,12,23,101,20,14
2021,12,24,101,20,9
2021,12,25,101,20,12
2021,12,t1,101,20,1174
2021,12,01,101,30,221
2021,12,03,101,30,32
2021,12,04,101,30,50
2021,12,05,101,30,52
2021,12,06,101,30,62
2021,12,07,101,30,35
2021,12,08,101,30,23
2021,12,09,101,30,9
2021,12,10,101,30,21
2021,12,12,101,30,208
2021,12,13,101,30,47
2021,12,14,101,30,320
2021,12,17,101,30,31
2021,12,18,101,30,23
2021,12,19,101,30,36
2021,12,20,101,30,29
2021,12,21,101,30,47
2021,12,22,101,30,30
2021,12,23,101,30,15
2021,12,24,101,30,24
2021,12,25,101,30,9
2021,12,t1,101,30,1324
2021,12,01,101,t1,1430
2021,12,03,101,t1,171
2021,12,04,101,t1,176
2021,12,05,101,t1,215
2021,12,06,101,t1,255
2021,12,07,101,t1,142
2021,12,08,101,t1,119
2021,12,09,101,t1,26
2021,12,10,101,t1,86
2021,12,12,101,t1,922
2021,12,13,101,t1,247
2021,12,14,101,t1,1222
2021,12,17,101,t1,147
2021,12,18,101,t1,122
2021,12,19,101,t1,141
2021,12,20,101,t1,92
2021,12,21,101,t1,110
2021,12,22,101,t1,88
2021,12,23,101,t1,45
2021,12,24,101,t1,69
2021,12,25,101,t1,40
2021,12,t1,101,t1,5865
2021,12,01,102,10,158
2021,12,03,102,10,17
2021,12,04,102,10,21
2021,12,05,102,10,32
2021,12,06,102,10,23
2021,12,07,102,10,12
2021,12,08,102,10,22
2021,12,09,102,10,2
2021,12,10,102,10,12
2021,12,12,102,10,99
2021,12,13,102,10,30
2021,12,14,102,10,129
2021,12,17,102,10,14
2021,12,18,102,10,18
2021,12,19,102,10,25
2021,12,20,102,10,14
2021,12,21,102,10,13
2021,12,22,102,10,13
2021,12,23,102,10,5
2021,12,24,102,10,17
2021,12,25,102,10,15
2021,12,t1,102,10,691
2021,12,01,102,20,688
2021,12,03,102,20,53
2021,12,04,102,20,22
2021,12,05,102,20,54
2021,12,06,102,20,50
2021,12,07,102,20,40
2021,12,08,102,20,35
2021,12,09,102,20,1
2021,12,10,102,20,17
2021,12,12,102,20,279
2021,12,13,102,20,60
2021,12,14,102,20,203
2021,12,17,102,20,65
2021,12,18,102,20,25
2021,12,19,102,20,32
2021,12,20,102,20,22
2021,12,21,102,20,32
2021,12,22,102,20,36
2021,12,23,102,20,20
2021,12,24,102,20,34
2021,12,25,102,20,31
2021,12,t1,102,20,1799
2021,12,01,102,30,152
2021,12,03,102,30,15
2021,12,04,102,30,13
2021,12,05,102,30,12
2021,12,06,102,30,39
2021,12,07,102,30,6
2021,12,08,102,30,32
2021,12,09,102,30,4
2021,12,10,102,30,11
2021,12,12,102,30,115
2021,12,13,102,30,10
2021,12,14,102,30,131
2021,12,17,102,30,60
2021,12,18,102,30,19
2021,12,19,102,30,14
2021,12,20,102,30,19
2021,12,21,102,30,70
2021,12,22,102,30,39
2021,12,23,102,30,131
2021,12,24,102,30,15
2021,12,25,102,30,15
2021,12,t1,102,30,922
2021,12,01,102,t1,998
2021,12,03,102,t1,85
2021,12,04,102,t1,56
2021,12,05,102,t1,98
2021,12,06,102,t1,112
2021,12,07,102,t1,58
2021,12,08,102,t1,89
2021,12,09,102,t1,7
2021,12,10,102,t1,40
2021,12,12,102,t1,493
2021,12,13,102,t1,100
2021,12,14,102,t1,463
2021,12,17,102,t1,139
2021,12,18,102,t1,62
2021,12,19,102,t1,71
2021,12,20,102,t1,55
2021,12,21,102,t1,115
2021,12,22,102,t1,88
2021,12,23,102,t1,156
2021,12,24,102,t1,66
2021,12,25,102,t1,61
2021,12,t1,102,t1,3412
2021,12,01,103,10,1102
2021,12,03,103,10,202
2021,12,04,103,10,134
2021,12,05,103,10,269
2021,12,06,103,10,206
2021,12,07,103,10,89
2021,12,08,103,10,76
2021,12,09,103,10,29
2021,12,10,103,10,76
2021,12,12,103,10,708
2021,12,13,103,10,242
2021,12,14,103,10,991
2021,12,17,103,10,84
2021,12,18,103,10,133
2021,12,19,103,10,134
2021,12,20,103,10,122
2021,12,21,103,10,100
2021,12,22,103,10,100
2021,12,23,103,10,58
2021,12,24,103,10,108
2021,12,25,103,10,77
2021,12,t1,103,10,5040
2021,12,01,103,20,1917
2021,12,03,103,20,110
2021,12,04,103,20,54
2021,12,05,103,20,152
2021,12,06,103,20,136
2021,12,07,103,20,43
2021,12,08,103,20,29
2021,12,09,103,20,25
2021,12,10,103,20,22
2021,12,12,103,20,576
2021,12,13,103,20,103
2021,12,14,103,20,586
2021,12,17,103,20,77
2021,12,18,103,20,53
2021,12,19,103,20,51
2021,12,20,103,20,48
2021,12,21,103,20,66
2021,12,22,103,20,46
2021,12,23,103,20,38
2021,12,24,103,20,73
2021,12,25,103,20,48
2021,12,t1,103,20,4253
2021,12,01,103,30,287
2021,12,03,103,30,13
2021,12,04,103,30,13
2021,12,05,103,30,23
2021,12,06,103,30,23
2021,12,07,103,30,7
2021,12,08,103,30,18
2021,12,09,103,30,1
2021,12,10,103,30,9
2021,12,12,103,30,76
2021,12,13,103,30,28
2021,12,14,103,30,144
2021,12,17,103,30,13
2021,12,18,103,30,31
2021,12,19,103,30,16
2021,12,20,103,30,22
2021,12,21,103,30,17
2021,12,22,103,30,13
2021,12,23,103,30,10
2021,12,24,103,30,13
2021,12,25,103,30,12
2021,12,t1,103,30,789
2021,12,01,103,t1,3306
2021,12,03,103,t1,325
2021,12,04,103,t1,201
2021,12,05,103,t1,444
2021,12,06,103,t1,365
2021,12,07,103,t1,139
2021,12,08,103,t1,123
2021,12,09,103,t1,55
2021,12,10,103,t1,107
2021,12,12,103,t1,1360
2021,12,13,103,t1,373
2021,12,14,103,t1,1721
2021,12,17,103,t1,174
2021,12,18,103,t1,217
2021,12,19,103,t1,201
2021,12,20,103,t1,192
2021,12,21,103,t1,183
2021,12,22,103,t1,159
2021,12,23,103,t1,106
2021,12,24,103,t1,194
2021,12,25,103,t1,137
2021,12,t1,103,t1,10082
2021,12,01,104,10,201
2021,12,03,104,10,37
2021,12,04,104,10,35
2021,12,05,104,10,42
2021,12,06,104,10,40
2021,12,07,104,10,11
2021,12,08,104,10,20
2021,12,09,104,10,1
2021,12,10,104,10,20
2021,12,12,104,10,124
2021,12,13,104,10,27
2021,12,14,104,10,156
2021,12,17,104,10,38
2021,12,18,104,10,10
2021,12,19,104,10,12
2021,12,20,104,10,27
2021,12,21,104,10,41
2021,12,22,104,10,16
2021,12,23,104,10,5
2021,12,24,104,10,17
2021,12,25,104,10,14
2021,12,t1,104,10,894
2021,12,01,104,20,247
2021,12,03,104,20,25
2021,12,04,104,20,10
2021,12,05,104,20,14
2021,12,06,104,20,13
2021,12,07,104,20,4
2021,12,08,104,20,4
2021,12,10,104,20,3
2021,12,12,104,20,45
2021,12,13,104,20,3
2021,12,14,104,20,56
2021,12,17,104,20,11
2021,12,18,104,20,6
2021,12,20,104,20,3
2021,12,21,104,20,8
2021,12,22,104,20,13
2021,12,23,104,20,8
2021,12,24,104,20,3
2021,12,25,104,20,12
2021,12,t1,104,20,488
2021,12,01,104,30,58
2021,12,03,104,30,6
2021,12,04,104,30,3
2021,12,05,104,30,31
2021,12,06,104,30,20
2021,12,07,104,30,40
2021,12,08,104,30,7
2021,12,09,104,30,2
2021,12,10,104,30,10
2021,12,12,104,30,51
2021,12,13,104,30,15
2021,12,14,104,30,152
2021,12,17,104,30,20
2021,12,18,104,30,33
2021,12,19,104,30,4
2021,12,20,104,30,10
2021,12,21,104,30,8
2021,12,22,104,30,16
2021,12,23,104,30,5
2021,12,24,104,30,10
2021,12,25,104,30,11
2021,12,t1,104,30,512
2021,12,01,104,t1,506
2021,12,03,104,t1,68
2021,12,04,104,t1,48
2021,12,05,104,t1,87
2021,12,06,104,t1,73
2021,12,07,104,t1,55
2021,12,08,104,t1,31
2021,12,09,104,t1,3
2021,12,10,104,t1,33
2021,12,12,104,t1,220
2021,12,13,104,t1,45
2021,12,14,104,t1,364
2021,12,17,104,t1,69
2021,12,18,104,t1,49
2021,12,19,104,t1,16
2021,12,20,104,t1,40
2021,12,21,104,t1,57
2021,12,22,104,t1,45
2021,12,23,104,t1,18
2021,12,24,104,t1,30
2021,12,25,104,t1,37
2021,12,t1,104,t1,1894
2021,12,01,105,10,637
2021,12,03,105,10,80
2021,12,04,105,10,53
2021,12,05,105,10,105
2021,12,06,105,10,74
2021,12,07,105,10,37
2021,12,08,105,10,29
2021,12,09,105,10,10
2021,12,10,105,10,31
2021,12,12,105,10,257
2021,12,13,105,10,96
2021,12,14,105,10,400
2021,12,17,105,10,46
2021,12,18,105,10,66
2021,12,19,105,10,61
2021,12,20,105,10,39
2021,12,21,105,10,36
2021,12,22,105,10,31
2021,12,23,105,10,10
2021,12,24,105,10,50
2021,12,25,105,10,12
2021,12,t1,105,10,2160
2021,12,01,105,20,1909
2021,12,03,105,20,54
2021,12,04,105,20,37
2021,12,05,105,20,66
2021,12,06,105,20,74
2021,12,07,105,20,26
2021,12,08,105,20,40
2021,12,09,105,20,1
2021,12,10,105,20,17
2021,12,12,105,20,619
2021,12,13,105,20,47
2021,12,14,105,20,315
2021,12,17,105,20,36
2021,12,18,105,20,44
2021,12,19,105,20,56
2021,12,20,105,20,40
2021,12,21,105,20,29
2021,12,22,105,20,21
2021,12,23,105,20,11
2021,12,24,105,20,19
2021,12,25,105,20,17
2021,12,t1,105,20,3478
2021,12,01,105,30,442
2021,12,03,105,30,15
2021,12,04,105,30,13
2021,12,05,105,30,19
2021,12,06,105,30,34
2021,12,07,105,30,6
2021,12,08,105,30,22
2021,12,09,105,30,2
2021,12,10,105,30,5
2021,12,12,105,30,153
2021,12,13,105,30,28
2021,12,14,105,30,210
2021,12,17,105,30,8
2021,12,18,105,30,13
2021,12,19,105,30,18
2021,12,20,105,30,28
2021,12,21,105,30,13
2021,12,22,105,30,13
2021,12,23,105,30,2
2021,12,24,105,30,9
2021,12,25,105,30,8
2021,12,t1,105,30,1061
2021,12,01,105,t1,2988
2021,12,03,105,t1,149
2021,12,04,105,t1,103
2021,12,05,105,t1,190
2021,12,06,105,t1,182
2021,12,07,105,t1,69
2021,12,08,105,t1,91
2021,12,09,105,t1,13
2021,12,10,105,t1,53
2021,12,12,105,t1,1029
2021,12,13,105,t1,171
2021,12,14,105,t1,925
2021,12,17,105,t1,90
2021,12,18,105,t1,123
2021,12,19,105,t1,135
2021,12,20,105,t1,107
2021,12,21,105,t1,78
2021,12,22,105,t1,65
2021,12,23,105,t1,23
2021,12,24,105,t1,78
2021,12,25,105,t1,37
2021,12,t1,105,t1,6699
2021,12,01,106,10,27
2021,12,03,106,10,2
2021,12,04,106,10,3
2021,12,05,106,10,6
2021,12,06,106,10,8
2021,12,07,106,10,3
2021,12,08,106,10,1
2021,12,09,106,10,1
2021,12,10,106,10,2
2021,12,12,106,10,6
2021,12,13,106,10,3
2021,12,14,106,10,14
2021,12,17,106,10,1
2021,12,18,106,10,4
2021,12,19,106,10,3
2021,12,20,106,10,3
2021,12,21,106,10,5
2021,12,22,106,10,7
2021,12,24,106,10,5
2021,12,25,106,10,4
2021,12,t1,106,10,108
2021,12,01,106,20,10
2021,12,03,106,20,1
2021,12,05,106,20,2
2021,12,06,106,20,2
2021,12,07,106,20,1
2021,12,08,106,20,1
2021,12,12,106,20,3
2021,12,13,106,20,2
2021,12,14,106,20,3
2021,12,17,106,20,1
2021,12,21,106,20,1
2021,12,22,106,20,3
2021,12,23,106,20,2
2021,12,t1,106,20,32
2021,12,01,106,30,3
2021,12,04,106,30,1
2021,12,05,106,30,1
2021,12,06,106,30,1
2021,12,08,106,30,1
2021,12,13,106,30,5
2021,12,14,106,30,4
2021,12,17,106,30,1
2021,12,18,106,30,2
2021,12,20,106,30,2
2021,12,21,106,30,1
2021,12,23,106,30,2
2021,12,25,106,30,1
2021,12,t1,106,30,25
2021,12,01,106,t1,40
2021,12,03,106,t1,3
2021,12,04,106,t1,4
2021,12,05,106,t1,9
2021,12,06,106,t1,11
2021,12,07,106,t1,4
2021,12,08,106,t1,3
2021,12,09,106,t1,1
2021,12,10,106,t1,2
2021,12,12,106,t1,9
2021,12,13,106,t1,10
2021,12,14,106,t1,21
2021,12,17,106,t1,3
2021,12,18,106,t1,6
2021,12,19,106,t1,3
2021,12,20,106,t1,5
2021,12,21,106,t1,7
2021,12,22,106,t1,10
2021,12,23,106,t1,4
2021,12,24,106,t1,5
2021,12,25,106,t1,5
2021,12,t1,106,t1,165
2021,12,01,107,10,1
2021,12,14,107,10,1
2021,12,t1,107,10,2
2021,12,01,107,20,23
2021,12,04,107,20,14
2021,12,05,107,20,23
2021,12,06,107,20,1
2021,12,07,107,20,7
2021,12,08,107,20,16
2021,12,10,107,20,2
2021,12,12,107,20,21
2021,12,13,107,20,1
2021,12,14,107,20,9
2021,12,17,107,20,1
2021,12,18,107,20,4
2021,12,19,107,20,3
2021,12,23,107,20,2
2021,12,t1,107,20,127
2021,12,07,107,30,2
2021,12,09,107,30,1
2021,12,t1,107,30,3
2021,12,01,107,t1,24
2021,12,04,107,t1,14
2021,12,05,107,t1,23
2021,12,06,107,t1,1
2021,12,07,107,t1,9
2021,12,08,107,t1,16
2021,12,09,107,t1,1
2021,12,10,107,t1,2
2021,12,12,107,t1,21
2021,12,13,107,t1,1
2021,12,14,107,t1,10
2021,12,17,107,t1,1
2021,12,18,107,t1,4
2021,12,19,107,t1,3
2021,12,23,107,t1,2
2021,12,t1,107,t1,132
2021,12,01,109,10,2
2021,12,13,109,10,1
2021,12,23,109,10,1
2021,12,t1,109,10,4
2021,12,03,109,20,1
2021,12,24,109,20,1
2021,12,t1,109,20,2
2021,12,01,109,t1,2
2021,12,03,109,t1,1
2021,12,13,109,t1,1
2021,12,23,109,t1,1
2021,12,24,109,t1,1
2021,12,t1,109,t1,6
2021,12,01,t1,10,2953
2021,12,03,t1,10,439
2021,12,04,t1,10,351
2021,12,05,t1,10,574
2021,12,06,t1,10,500
2021,12,07,t1,10,238
2021,12,08,t1,10,223
2021,12,09,t1,10,58
2021,12,10,t1,10,193
2021,12,12,t1,10,1693
2021,12,13,t1,10,550
2021,12,14,t1,10,2417
2021,12,17,t1,10,260
2021,12,18,t1,10,313
2021,12,19,t1,10,330
2021,12,20,t1,10,251
2021,12,21,t1,10,242
2021,12,22,t1,10,212
2021,12,23,t1,10,95
2021,12,24,t1,10,233
2021,12,25,t1,10,141
2021,12,t1,t1,10,12266
2021,12,01,t1,20,5178
2021,12,03,t1,20,282
2021,12,04,t1,20,158
2021,12,05,t1,20,354
2021,12,06,t1,20,320
2021,12,07,t1,20,142
2021,12,08,t1,20,146
2021,12,09,t1,20,29
2021,12,10,t1,20,74
2021,12,12,t1,20,1758
2021,12,13,t1,20,265
2021,12,14,t1,20,1348
2021,12,17,t1,20,230
2021,12,18,t1,20,149
2021,12,19,t1,20,152
2021,12,20,t1,20,130
2021,12,21,t1,20,152
2021,12,22,t1,20,132
2021,12,23,t1,20,95
2021,12,24,t1,20,139
2021,12,25,t1,20,120
2021,12,t1,t1,20,11353
2021,12,01,t1,30,1163
2021,12,03,t1,30,81
2021,12,04,t1,30,93
2021,12,05,t1,30,138
2021,12,06,t1,30,179
2021,12,07,t1,30,96
2021,12,08,t1,30,103
2021,12,09,t1,30,19
2021,12,10,t1,30,56
2021,12,12,t1,30,603
2021,12,13,t1,30,133
2021,12,14,t1,30,961
2021,12,17,t1,30,133
2021,12,18,t1,30,121
2021,12,19,t1,30,88
2021,12,20,t1,30,110
2021,12,21,t1,30,156
2021,12,22,t1,30,111
2021,12,23,t1,30,165
2021,12,24,t1,30,71
2021,12,25,t1,30,56
2021,12,t1,t1,30,4636
2021,12,01,t1,t1,9294
2021,12,03,t1,t1,802
2021,12,04,t1,t1,602
2021,12,05,t1,t1,1066
2021,12,06,t1,t1,999
2021,12,07,t1,t1,476
2021,12,08,t1,t1,472
2021,12,09,t1,t1,106
2021,12,10,t1,t1,323
2021,12,12,t1,t1,4054
2021,12,13,t1,t1,948
2021,12,14,t1,t1,4726
2021,12,17,t1,t1,623
2021,12,18,t1,t1,583
2021,12,19,t1,t1,570
2021,12,20,t1,t1,491
2021,12,21,t1,t1,550
2021,12,22,t1,t1,455
2021,12,23,t1,t1,355
2021,12,24,t1,t1,443
2021,12,25,t1,t1,317
2021,12,t1,t1,t1,28255
2021,t1,01,101,t1,25544
2021,t1,03,101,t1,2435
2021,t1,04,101,t1,2496
2021,t1,05,101,t1,3754
2021,t1,06,101,t1,3964
2021,t1,07,101,t1,1764
2021,t1,08,101,t1,2142
2021,t1,09,101,t1,381
2021,t1,10,101,t1,1424
2021,t1,12,101,t1,16423
2021,t1,13,101,t1,3970
2021,t1,14,101,t1,18824
2021,t1,17,101,t1,2518
2021,t1,18,101,t1,2212
2021,t1,19,101,t1,2143
2021,t1,20,101,t1,1691
2021,t1,21,101,t1,1946
2021,t1,22,101,t1,1303
2021,t1,23,101,t1,555
2021,t1,24,101,t1,1190
2021,t1,25,101,t1,791
2021,t1,t1,101,t1,97470
2021,t1,01,102,t1,17514
2021,t1,03,102,t1,1150
2021,t1,04,102,t1,1046
2021,t1,05,102,t1,1750
2021,t1,06,102,t1,2042
2021,t1,07,102,t1,732
2021,t1,08,102,t1,1076
2021,t1,09,102,t1,157
2021,t1,10,102,t1,531
2021,t1,12,102,t1,8724
2021,t1,13,102,t1,1305
2021,t1,14,102,t1,6901
2021,t1,17,102,t1,1476
2021,t1,18,102,t1,1166
2021,t1,19,102,t1,1016
2021,t1,20,102,t1,1279
2021,t1,21,102,t1,1427
2021,t1,22,102,t1,1377
2021,t1,23,102,t1,847
2021,t1,24,102,t1,1049
2021,t1,25,102,t1,1169
2021,t1,t1,102,t1,53734
2021,t1,01,103,t1,19767
2021,t1,03,103,t1,1695
2021,t1,04,103,t1,1151
2021,t1,05,103,t1,2120
2021,t1,06,103,t1,1828
2021,t1,07,103,t1,863
2021,t1,08,103,t1,708
2021,t1,09,103,t1,238
2021,t1,10,103,t1,525
2021,t1,12,103,t1,8461
2021,t1,13,103,t1,2086
2021,t1,14,103,t1,10981
2021,t1,17,103,t1,991
2021,t1,18,103,t1,1081
2021,t1,19,103,t1,1037
2021,t1,20,103,t1,847
2021,t1,21,103,t1,805
2021,t1,22,103,t1,675
2021,t1,23,103,t1,399
2021,t1,24,103,t1,928
2021,t1,25,103,t1,695
2021,t1,t1,103,t1,57881
2021,t1,01,104,t1,7002
2021,t1,03,104,t1,834
2021,t1,04,104,t1,540
2021,t1,05,104,t1,1271
2021,t1,06,104,t1,1014
2021,t1,07,104,t1,414
2021,t1,08,104,t1,295
2021,t1,09,104,t1,82
2021,t1,10,104,t1,319
2021,t1,12,104,t1,2923
2021,t1,13,104,t1,625
2021,t1,14,104,t1,4474
2021,t1,17,104,t1,665
2021,t1,18,104,t1,730
2021,t1,19,104,t1,294
2021,t1,20,104,t1,446
2021,t1,21,104,t1,697
2021,t1,22,104,t1,397
2021,t1,23,104,t1,150
2021,t1,24,104,t1,504
2021,t1,25,104,t1,460
2021,t1,aa,104,t1,1
2021,t1,t1,104,t1,24137
2021,t1,01,105,t1,37844
2021,t1,03,105,t1,1736
2021,t1,04,105,t1,1395
2021,t1,05,105,t1,2143
2021,t1,06,105,t1,1849
2021,t1,07,105,t1,907
2021,t1,08,105,t1,886
2021,t1,09,105,t1,173
2021,t1,10,105,t1,659
2021,t1,12,105,t1,9671
2021,t1,13,105,t1,1704
2021,t1,14,105,t1,10382
2021,t1,17,105,t1,1215
2021,t1,18,105,t1,1196
2021,t1,19,105,t1,1369
2021,t1,20,105,t1,1191
2021,t1,21,105,t1,854
2021,t1,22,105,t1,881
2021,t1,23,105,t1,357
2021,t1,24,105,t1,1136
2021,t1,25,105,t1,651
2021,t1,aa,105,t1,1
2021,t1,t1,105,t1,78200
2021,t1,01,106,t1,278
2021,t1,03,106,t1,30
2021,t1,04,106,t1,27
2021,t1,05,106,t1,70
2021,t1,06,106,t1,51
2021,t1,07,106,t1,21
2021,t1,08,106,t1,14
2021,t1,09,106,t1,4
2021,t1,10,106,t1,18
2021,t1,12,106,t1,106
2021,t1,13,106,t1,33
2021,t1,14,106,t1,160
2021,t1,17,106,t1,55
2021,t1,18,106,t1,67
2021,t1,19,106,t1,37
2021,t1,20,106,t1,50
2021,t1,21,106,t1,77
2021,t1,22,106,t1,74
2021,t1,23,106,t1,32
2021,t1,24,106,t1,48
2021,t1,25,106,t1,48
2021,t1,t1,106,t1,1300
2021,t1,01,107,t1,394
2021,t1,03,107,t1,14
2021,t1,04,107,t1,50
2021,t1,05,107,t1,42
2021,t1,06,107,t1,75
2021,t1,07,107,t1,42
2021,t1,08,107,t1,166
2021,t1,09,107,t1,9
2021,t1,10,107,t1,37
2021,t1,12,107,t1,292
2021,t1,13,107,t1,62
2021,t1,14,107,t1,215
2021,t1,17,107,t1,21
2021,t1,18,107,t1,17
2021,t1,19,107,t1,57
2021,t1,20,107,t1,3
2021,t1,21,107,t1,3
2021,t1,22,107,t1,5
2021,t1,23,107,t1,31
2021,t1,24,107,t1,10
2021,t1,25,107,t1,3
2021,t1,t1,107,t1,1548
2021,t1,01,109,t1,13
2021,t1,03,109,t1,3
2021,t1,04,109,t1,1
2021,t1,05,109,t1,1
2021,t1,06,109,t1,1
2021,t1,07,109,t1,2
2021,t1,10,109,t1,2
2021,t1,12,109,t1,9
2021,t1,13,109,t1,2
2021,t1,14,109,t1,4
2021,t1,17,109,t1,1
2021,t1,22,109,t1,1
2021,t1,23,109,t1,1
2021,t1,24,109,t1,2
2021,t1,t1,109,t1,43
2021,t1,01,t1,t1,108356
2021,t1,03,t1,t1,7897
2021,t1,04,t1,t1,6706
2021,t1,05,t1,t1,11151
2021,t1,06,t1,t1,10824
2021,t1,07,t1,t1,4745
2021,t1,08,t1,t1,5287
2021,t1,09,t1,t1,1044
2021,t1,10,t1,t1,3515
2021,t1,12,t1,t1,46609
2021,t1,13,t1,t1,9787
2021,t1,14,t1,t1,51941
2021,t1,17,t1,t1,6942
2021,t1,18,t1,t1,6469
2021,t1,19,t1,t1,5953
2021,t1,20,t1,t1,5507
2021,t1,21,t1,t1,5809
2021,t1,22,t1,t1,4713
2021,t1,23,t1,t1,2372
2021,t1,24,t1,t1,4867
2021,t1,25,t1,t1,3817
2021,t1,aa,t1,t1,2
2021,t1,t1,t1,t1,314313
2022,01,01,101,10,645
2022,01,03,101,10,69
2022,01,04,101,10,87
2022,01,05,101,10,142
2022,01,06,101,10,137
2022,01,07,101,10,36
2022,01,08,101,10,76
2022,01,09,101,10,11
2022,01,10,101,10,49
2022,01,12,101,10,465
2022,01,13,101,10,135
2022,01,14,101,10,678
2022,01,17,101,10,78
2022,01,18,101,10,84
2022,01,19,101,10,101
2022,01,20,101,10,61
2022,01,21,101,10,53
2022,01,22,101,10,36
2022,01,23,101,10,13
2022,01,24,101,10,41
2022,01,25,101,10,24
2022,01,t1,101,10,3021
2022,01,01,101,20,398
2022,01,03,101,20,74
2022,01,04,101,20,11
2022,01,05,101,20,48
2022,01,06,101,20,27
2022,01,07,101,20,29
2022,01,08,101,20,14
2022,01,09,101,20,2
2022,01,10,101,20,15
2022,01,12,101,20,190
2022,01,13,101,20,30
2022,01,14,101,20,126
2022,01,17,101,20,56
2022,01,18,101,20,27
2022,01,19,101,20,17
2022,01,20,101,20,20
2022,01,21,101,20,17
2022,01,22,101,20,6
2022,01,23,101,20,11
2022,01,24,101,20,13
2022,01,25,101,20,19
2022,01,t1,101,20,1150
2022,01,01,101,30,183
2022,01,03,101,30,30
2022,01,04,101,30,27
2022,01,05,101,30,33
2022,01,06,101,30,36
2022,01,07,101,30,24
2022,01,08,101,30,19
2022,01,09,101,30,6
2022,01,10,101,30,27
2022,01,12,101,30,135
2022,01,13,101,30,45
2022,01,14,101,30,183
2022,01,17,101,30,40
2022,01,18,101,30,24
2022,01,19,101,30,31
2022,01,20,101,30,20
2022,01,21,101,30,15
2022,01,22,101,30,20
2022,01,23,101,30,4
2022,01,24,101,30,18
2022,01,25,101,30,13
2022,01,t1,101,30,933
2022,01,01,101,t1,1226
2022,01,03,101,t1,173
2022,01,04,101,t1,125
2022,01,05,101,t1,223
2022,01,06,101,t1,200
2022,01,07,101,t1,89
2022,01,08,101,t1,109
2022,01,09,101,t1,19
2022,01,10,101,t1,91
2022,01,12,101,t1,790
2022,01,13,101,t1,210
2022,01,14,101,t1,987
2022,01,17,101,t1,174
2022,01,18,101,t1,135
2022,01,19,101,t1,149
2022,01,20,101,t1,101
2022,01,21,101,t1,85
2022,01,22,101,t1,62
2022,01,23,101,t1,28
2022,01,24,101,t1,72
2022,01,25,101,t1,56
2022,01,t1,101,t1,5104
2022,01,01,102,10,119
2022,01,03,102,10,15
2022,01,04,102,10,27
2022,01,05,102,10,22
2022,01,06,102,10,24
2022,01,07,102,10,17
2022,01,08,102,10,25
2022,01,09,102,10,3
2022,01,10,102,10,7
2022,01,12,102,10,96
2022,01,13,102,10,38
2022,01,14,102,10,120
2022,01,17,102,10,25
2022,01,18,102,10,22
2022,01,19,102,10,20
2022,01,20,102,10,12
2022,01,21,102,10,16
2022,01,22,102,10,17
2022,01,23,102,10,8
2022,01,24,102,10,16
2022,01,25,102,10,24
2022,01,t1,102,10,673
2022,01,01,102,20,635
2022,01,03,102,20,41
2022,01,04,102,20,26
2022,01,05,102,20,64
2022,01,06,102,20,37
2022,01,07,102,20,24
2022,01,08,102,20,19
2022,01,09,102,20,1
2022,01,10,102,20,9
2022,01,12,102,20,290
2022,01,13,102,20,31
2022,01,14,102,20,156
2022,01,17,102,20,58
2022,01,18,102,20,25
2022,01,19,102,20,30
2022,01,20,102,20,32
2022,01,21,102,20,32
2022,01,22,102,20,31
2022,01,23,102,20,15
2022,01,24,102,20,32
2022,01,25,102,20,38
2022,01,t1,102,20,1626
2022,01,01,102,30,65
2022,01,03,102,30,8
2022,01,04,102,30,12
2022,01,05,102,30,4
2022,01,06,102,30,20
2022,01,07,102,30,1
2022,01,08,102,30,20
2022,01,09,102,30,1
2022,01,10,102,30,2
2022,01,12,102,30,140
2022,01,13,102,30,18
2022,01,14,102,30,61
2022,01,17,102,30,19
2022,01,18,102,30,17
2022,01,19,102,30,4
2022,01,20,102,30,13
2022,01,21,102,30,37
2022,01,22,102,30,39
2022,01,23,102,30,5
2022,01,24,102,30,9
2022,01,25,102,30,15
2022,01,t1,102,30,510
2022,01,01,102,t1,819
2022,01,03,102,t1,64
2022,01,04,102,t1,65
2022,01,05,102,t1,90
2022,01,06,102,t1,81
2022,01,07,102,t1,42
2022,01,08,102,t1,64
2022,01,09,102,t1,5
2022,01,10,102,t1,18
2022,01,12,102,t1,526
2022,01,13,102,t1,87
2022,01,14,102,t1,337
2022,01,17,102,t1,102
2022,01,18,102,t1,64
2022,01,19,102,t1,54
2022,01,20,102,t1,57
2022,01,21,102,t1,85
2022,01,22,102,t1,87
2022,01,23,102,t1,28
2022,01,24,102,t1,57
2022,01,25,102,t1,77
2022,01,t1,102,t1,2809
2022,01,01,103,10,688
2022,01,03,103,10,104
2022,01,04,103,10,65
2022,01,05,103,10,161
2022,01,06,103,10,112
2022,01,07,103,10,56
2022,01,08,103,10,52
2022,01,09,103,10,19
2022,01,10,103,10,50
2022,01,12,103,10,426
2022,01,13,103,10,142
2022,01,14,103,10,571
2022,01,17,103,10,47
2022,01,18,103,10,84
2022,01,19,103,10,73
2022,01,20,103,10,100
2022,01,21,103,10,59
2022,01,22,103,10,63
2022,01,23,103,10,18
2022,01,24,103,10,71
2022,01,25,103,10,59
2022,01,t1,103,10,3020
2022,01,01,103,20,807
2022,01,03,103,20,47
2022,01,04,103,20,22
2022,01,05,103,20,46
2022,01,06,103,20,45
2022,01,07,103,20,17
2022,01,08,103,20,17
2022,01,09,103,20,5
2022,01,10,103,20,13
2022,01,12,103,20,226
2022,01,13,103,20,38
2022,01,14,103,20,261
2022,01,17,103,20,29
2022,01,18,103,20,23
2022,01,19,103,20,26
2022,01,20,103,20,20
2022,01,21,103,20,34
2022,01,22,103,20,24
2022,01,23,103,20,16
2022,01,24,103,20,36
2022,01,25,103,20,19
2022,01,t1,103,20,1771
2022,01,01,103,30,116
2022,01,03,103,30,14
2022,01,04,103,30,7
2022,01,05,103,30,9
2022,01,06,103,30,9
2022,01,07,103,30,2
2022,01,08,103,30,5
2022,01,09,103,30,2
2022,01,10,103,30,5
2022,01,12,103,30,132
2022,01,13,103,30,14
2022,01,14,103,30,66
2022,01,17,103,30,8
2022,01,18,103,30,6
2022,01,19,103,30,8
2022,01,20,103,30,6
2022,01,21,103,30,3
2022,01,22,103,30,6
2022,01,24,103,30,8
2022,01,25,103,30,4
2022,01,t1,103,30,430
2022,01,01,103,t1,1611
2022,01,03,103,t1,165
2022,01,04,103,t1,94
2022,01,05,103,t1,216
2022,01,06,103,t1,166
2022,01,07,103,t1,75
2022,01,08,103,t1,74
2022,01,09,103,t1,26
2022,01,10,103,t1,68
2022,01,12,103,t1,784
2022,01,13,103,t1,194
2022,01,14,103,t1,898
2022,01,17,103,t1,84
2022,01,18,103,t1,113
2022,01,19,103,t1,107
2022,01,20,103,t1,126
2022,01,21,103,t1,96
2022,01,22,103,t1,93
2022,01,23,103,t1,34
2022,01,24,103,t1,115
2022,01,25,103,t1,82
2022,01,t1,103,t1,5221
2022,01,01,104,10,211
2022,01,03,104,10,40
2022,01,04,104,10,26
2022,01,05,104,10,29
2022,01,06,104,10,30
2022,01,07,104,10,19
2022,01,08,104,10,14
2022,01,09,104,10,6
2022,01,10,104,10,10
2022,01,12,104,10,107
2022,01,13,104,10,31
2022,01,14,104,10,174
2022,01,17,104,10,27
2022,01,18,104,10,23
2022,01,19,104,10,11
2022,01,20,104,10,7
2022,01,21,104,10,33
2022,01,22,104,10,17
2022,01,23,104,10,4
2022,01,24,104,10,13
2022,01,25,104,10,22
2022,01,t1,104,10,854
2022,01,01,104,20,152
2022,01,03,104,20,8
2022,01,04,104,20,13
2022,01,05,104,20,8
2022,01,06,104,20,7
2022,01,07,104,20,2
2022,01,08,104,20,3
2022,01,10,104,20,2
2022,01,12,104,20,30
2022,01,13,104,20,2
2022,01,14,104,20,54
2022,01,17,104,20,19
2022,01,18,104,20,8
2022,01,19,104,20,8
2022,01,20,104,20,5
2022,01,21,104,20,11
2022,01,22,104,20,5
2022,01,23,104,20,2
2022,01,24,104,20,7
2022,01,25,104,20,32
2022,01,t1,104,20,378
2022,01,01,104,30,108
2022,01,03,104,30,17
2022,01,04,104,30,12
2022,01,05,104,30,34
2022,01,06,104,30,29
2022,01,07,104,30,9
2022,01,08,104,30,6
2022,01,09,104,30,4
2022,01,10,104,30,19
2022,01,12,104,30,62
2022,01,13,104,30,15
2022,01,14,104,30,127
2022,01,17,104,30,8
2022,01,18,104,30,36
2022,01,19,104,30,5
2022,01,20,104,30,9
2022,01,21,104,30,16
2022,01,22,104,30,13
2022,01,23,104,30,7
2022,01,24,104,30,8
2022,01,25,104,30,14
2022,01,t1,104,30,558
2022,01,01,104,t1,471
2022,01,03,104,t1,65
2022,01,04,104,t1,51
2022,01,05,104,t1,71
2022,01,06,104,t1,66
2022,01,07,104,t1,30
2022,01,08,104,t1,23
2022,01,09,104,t1,10
2022,01,10,104,t1,31
2022,01,12,104,t1,199
2022,01,13,104,t1,48
2022,01,14,104,t1,355
2022,01,17,104,t1,54
2022,01,18,104,t1,67
2022,01,19,104,t1,24
2022,01,20,104,t1,21
2022,01,21,104,t1,60
2022,01,22,104,t1,35
2022,01,23,104,t1,13
2022,01,24,104,t1,28
2022,01,25,104,t1,68
2022,01,t1,104,t1,1790
2022,01,01,105,10,490
2022,01,03,105,10,71
2022,01,04,105,10,60
2022,01,05,105,10,93
2022,01,06,105,10,73
2022,01,07,105,10,36
2022,01,08,105,10,34
2022,01,09,105,10,11
2022,01,10,105,10,33
2022,01,12,105,10,206
2022,01,13,105,10,65
2022,01,14,105,10,373
2022,01,17,105,10,51
2022,01,18,105,10,56
2022,01,19,105,10,80
2022,01,20,105,10,54
2022,01,21,105,10,37
2022,01,22,105,10,50
2022,01,23,105,10,6
2022,01,24,105,10,38
2022,01,25,105,10,18
2022,01,t1,105,10,1935
2022,01,01,105,20,1404
2022,01,03,105,20,55
2022,01,04,105,20,35
2022,01,05,105,20,108
2022,01,06,105,20,39
2022,01,07,105,20,22
2022,01,08,105,20,24
2022,01,09,105,20,2
2022,01,10,105,20,7
2022,01,12,105,20,373
2022,01,13,105,20,43
2022,01,14,105,20,241
2022,01,17,105,20,38
2022,01,18,105,20,27
2022,01,19,105,20,22
2022,01,20,105,20,39
2022,01,21,105,20,19
2022,01,22,105,20,29
2022,01,23,105,20,17
2022,01,24,105,20,33
2022,01,25,105,20,16
2022,01,t1,105,20,2593
2022,01,01,105,30,276
2022,01,03,105,30,11
2022,01,04,105,30,20
2022,01,05,105,30,20
2022,01,06,105,30,27
2022,01,07,105,30,9
2022,01,08,105,30,14
2022,01,09,105,30,2
2022,01,10,105,30,6
2022,01,12,105,30,110
2022,01,13,105,30,19
2022,01,14,105,30,213
2022,01,17,105,30,18
2022,01,18,105,30,14
2022,01,19,105,30,13
2022,01,20,105,30,20
2022,01,21,105,30,16
2022,01,22,105,30,15
2022,01,23,105,30,3
2022,01,24,105,30,21
2022,01,25,105,30,3
2022,01,t1,105,30,850
2022,01,01,105,t1,2170
2022,01,03,105,t1,137
2022,01,04,105,t1,115
2022,01,05,105,t1,221
2022,01,06,105,t1,139
2022,01,07,105,t1,67
2022,01,08,105,t1,72
2022,01,09,105,t1,15
2022,01,10,105,t1,46
2022,01,12,105,t1,689
2022,01,13,105,t1,127
2022,01,14,105,t1,827
2022,01,17,105,t1,107
2022,01,18,105,t1,97
2022,01,19,105,t1,115
2022,01,20,105,t1,113
2022,01,21,105,t1,72
2022,01,22,105,t1,94
2022,01,23,105,t1,26
2022,01,24,105,t1,92
2022,01,25,105,t1,37
2022,01,t1,105,t1,5378
2022,01,01,106,10,12
2022,01,03,106,10,2
2022,01,05,106,10,2
2022,01,06,106,10,5
2022,01,07,106,10,2
2022,01,12,106,10,10
2022,01,13,106,10,1
2022,01,14,106,10,3
2022,01,18,106,10,4
2022,01,20,106,10,2
2022,01,21,106,10,4
2022,01,23,106,10,1
2022,01,24,106,10,1
2022,01,t1,106,10,49
2022,01,01,106,20,9
2022,01,05,106,20,1
2022,01,10,106,20,2
2022,01,12,106,20,2
2022,01,13,106,20,4
2022,01,14,106,20,3
2022,01,20,106,20,1
2022,01,24,106,20,1
2022,01,t1,106,20,23
2022,01,01,106,30,1
2022,01,12,106,30,4
2022,01,14,106,30,3
2022,01,17,106,30,1
2022,01,18,106,30,1
2022,01,21,106,30,3
2022,01,23,106,30,1
2022,01,24,106,30,1
2022,01,t1,106,30,15
2022,01,01,106,t1,22
2022,01,03,106,t1,2
2022,01,05,106,t1,3
2022,01,06,106,t1,5
2022,01,07,106,t1,2
2022,01,10,106,t1,2
2022,01,12,106,t1,16
2022,01,13,106,t1,5
2022,01,14,106,t1,9
2022,01,17,106,t1,1
2022,01,18,106,t1,5
2022,01,20,106,t1,3
2022,01,21,106,t1,7
2022,01,23,106,t1,2
2022,01,24,106,t1,3
2022,01,t1,106,t1,87
2022,01,01,107,10,1
2022,01,04,107,10,1
2022,01,07,107,10,1
2022,01,18,107,10,1
2022,01,t1,107,10,4
2022,01,01,107,20,31
2022,01,03,107,20,2
2022,01,04,107,20,9
2022,01,05,107,20,1
2022,01,06,107,20,3
2022,01,08,107,20,25
2022,01,10,107,20,12
2022,01,12,107,20,13
2022,01,13,107,20,3
2022,01,14,107,20,24
2022,01,17,107,20,1
2022,01,18,107,20,1
2022,01,19,107,20,2
2022,01,23,107,20,3
2022,01,t1,107,20,130
2022,01,07,107,30,1
2022,01,t1,107,30,1
2022,01,01,107,t1,32
2022,01,03,107,t1,2
2022,01,04,107,t1,10
2022,01,05,107,t1,1
2022,01,06,107,t1,3
2022,01,07,107,t1,2
2022,01,08,107,t1,25
2022,01,10,107,t1,12
2022,01,12,107,t1,13
2022,01,13,107,t1,3
2022,01,14,107,t1,24
2022,01,17,107,t1,1
2022,01,18,107,t1,2
2022,01,19,107,t1,2
2022,01,23,107,t1,3
2022,01,t1,107,t1,135
2022,01,03,109,10,1
2022,01,t1,109,10,1
2022,01,01,109,30,2
2022,01,t1,109,30,2
2022,01,01,109,t1,2
2022,01,03,109,t1,1
2022,01,t1,109,t1,3
2022,01,01,t1,10,2166
2022,01,03,t1,10,302
2022,01,04,t1,10,266
2022,01,05,t1,10,449
2022,01,06,t1,10,381
2022,01,07,t1,10,167
2022,01,08,t1,10,201
2022,01,09,t1,10,50
2022,01,10,t1,10,149
2022,01,12,t1,10,1310
2022,01,13,t1,10,412
2022,01,14,t1,10,1919
2022,01,17,t1,10,228
2022,01,18,t1,10,274
2022,01,19,t1,10,285
2022,01,20,t1,10,236
2022,01,21,t1,10,202
2022,01,22,t1,10,183
2022,01,23,t1,10,50
2022,01,24,t1,10,180
2022,01,25,t1,10,147
2022,01,t1,t1,10,9557
2022,01,01,t1,20,3436
2022,01,03,t1,20,227
2022,01,04,t1,20,116
2022,01,05,t1,20,276
2022,01,06,t1,20,158
2022,01,07,t1,20,94
2022,01,08,t1,20,102
2022,01,09,t1,20,10
2022,01,10,t1,20,60
2022,01,12,t1,20,1124
2022,01,13,t1,20,151
2022,01,14,t1,20,865
2022,01,17,t1,20,201
2022,01,18,t1,20,111
2022,01,19,t1,20,105
2022,01,20,t1,20,117
2022,01,21,t1,20,113
2022,01,22,t1,20,95
2022,01,23,t1,20,64
2022,01,24,t1,20,122
2022,01,25,t1,20,124
2022,01,t1,t1,20,7671
2022,01,01,t1,30,751
2022,01,03,t1,30,80
2022,01,04,t1,30,78
2022,01,05,t1,30,100
2022,01,06,t1,30,121
2022,01,07,t1,30,46
2022,01,08,t1,30,64
2022,01,09,t1,30,15
2022,01,10,t1,30,59
2022,01,12,t1,30,583
2022,01,13,t1,30,111
2022,01,14,t1,30,653
2022,01,17,t1,30,94
2022,01,18,t1,30,98
2022,01,19,t1,30,61
2022,01,20,t1,30,68
2022,01,21,t1,30,90
2022,01,22,t1,30,93
2022,01,23,t1,30,20
2022,01,24,t1,30,65
2022,01,25,t1,30,49
2022,01,t1,t1,30,3299
2022,01,01,t1,t1,6353
2022,01,03,t1,t1,609
2022,01,04,t1,t1,460
2022,01,05,t1,t1,825
2022,01,06,t1,t1,660
2022,01,07,t1,t1,307
2022,01,08,t1,t1,367
2022,01,09,t1,t1,75
2022,01,10,t1,t1,268
2022,01,12,t1,t1,3017
2022,01,13,t1,t1,674
2022,01,14,t1,t1,3437
2022,01,17,t1,t1,523
2022,01,18,t1,t1,483
2022,01,19,t1,t1,451
2022,01,20,t1,t1,421
2022,01,21,t1,t1,405
2022,01,22,t1,t1,371
2022,01,23,t1,t1,134
2022,01,24,t1,t1,367
2022,01,25,t1,t1,320
2022,01,t1,t1,t1,20527
2022,02,01,101,10,638
2022,02,03,101,10,75
2022,02,04,101,10,88
2022,02,05,101,10,129
2022,02,06,101,10,94
2022,02,07,101,10,53
2022,02,08,101,10,85
2022,02,09,101,10,20
2022,02,10,101,10,49
2022,02,12,101,10,455
2022,02,13,101,10,121
2022,02,14,101,10,713
2022,02,17,101,10,97
2022,02,18,101,10,101
2022,02,19,101,10,88
2022,02,20,101,10,60
2022,02,21,101,10,60
2022,02,22,101,10,41
2022,02,23,101,10,6
2022,02,24,101,10,34
2022,02,25,101,10,26
2022,02,t1,101,10,3033
2022,02,01,101,20,457
2022,02,03,101,20,91
2022,02,04,101,20,20
2022,02,05,101,20,24
2022,02,06,101,20,31
2022,02,07,101,20,14
2022,02,08,101,20,26
2022,02,09,101,20,1
2022,02,10,101,20,20
2022,02,12,101,20,241
2022,02,13,101,20,36
2022,02,14,101,20,167
2022,02,17,101,20,112
2022,02,18,101,20,24
2022,02,19,101,20,21
2022,02,20,101,20,23
2022,02,21,101,20,17
2022,02,22,101,20,12
2022,02,23,101,20,7
2022,02,24,101,20,8
2022,02,25,101,20,11
2022,02,t1,101,20,1363
2022,02,01,101,30,169
2022,02,03,101,30,27
2022,02,04,101,30,30
2022,02,05,101,30,43
2022,02,06,101,30,30
2022,02,07,101,30,22
2022,02,08,101,30,41
2022,02,09,101,30,3
2022,02,10,101,30,13
2022,02,12,101,30,156
2022,02,13,101,30,58
2022,02,14,101,30,153
2022,02,17,101,30,68
2022,02,18,101,30,31
2022,02,19,101,30,22
2022,02,20,101,30,26
2022,02,21,101,30,20
2022,02,22,101,30,19
2022,02,23,101,30,5
2022,02,24,101,30,23
2022,02,25,101,30,13
2022,02,t1,101,30,972
2022,02,01,101,t1,1264
2022,02,03,101,t1,193
2022,02,04,101,t1,138
2022,02,05,101,t1,196
2022,02,06,101,t1,155
2022,02,07,101,t1,89
2022,02,08,101,t1,152
2022,02,09,101,t1,24
2022,02,10,101,t1,82
2022,02,12,101,t1,852
2022,02,13,101,t1,215
2022,02,14,101,t1,1033
2022,02,17,101,t1,277
2022,02,18,101,t1,156
2022,02,19,101,t1,131
2022,02,20,101,t1,109
2022,02,21,101,t1,97
2022,02,22,101,t1,72
2022,02,23,101,t1,18
2022,02,24,101,t1,65
2022,02,25,101,t1,50
2022,02,t1,101,t1,5368
2022,02,01,102,10,166
2022,02,03,102,10,21
2022,02,04,102,10,29
2022,02,05,102,10,28
2022,02,06,102,10,11
2022,02,07,102,10,16
2022,02,08,102,10,20
2022,02,09,102,10,1
2022,02,10,102,10,9
2022,02,12,102,10,110
2022,02,13,102,10,26
2022,02,14,102,10,148
2022,02,17,102,10,29
2022,02,18,102,10,23
2022,02,19,102,10,17
2022,02,20,102,10,28
2022,02,21,102,10,21
2022,02,22,102,10,17
2022,02,23,102,10,4
2022,02,24,102,10,12
2022,02,25,102,10,26
2022,02,t1,102,10,762
2022,02,01,102,20,672
2022,02,03,102,20,37
2022,02,04,102,20,27
2022,02,05,102,20,47
2022,02,06,102,20,57
2022,02,07,102,20,30
2022,02,08,102,20,22
2022,02,09,102,20,3
2022,02,10,102,20,20
2022,02,12,102,20,312
2022,02,13,102,20,31
2022,02,14,102,20,178
2022,02,17,102,20,70
2022,02,18,102,20,24
2022,02,19,102,20,19
2022,02,20,102,20,24
2022,02,21,102,20,36
2022,02,22,102,20,27
2022,02,23,102,20,30
2022,02,24,102,20,30
2022,02,25,102,20,38
2022,02,t1,102,20,1734
2022,02,01,102,30,111
2022,02,03,102,30,8
2022,02,04,102,30,9
2022,02,05,102,30,20
2022,02,06,102,30,30
2022,02,07,102,30,6
2022,02,08,102,30,36
2022,02,09,102,30,1
2022,02,10,102,30,6
2022,02,12,102,30,101
2022,02,13,102,30,20
2022,02,14,102,30,92
2022,02,17,102,30,38
2022,02,18,102,30,8
2022,02,19,102,30,18
2022,02,20,102,30,21
2022,02,21,102,30,29
2022,02,22,102,30,33
2022,02,23,102,30,13
2022,02,24,102,30,27
2022,02,25,102,30,12
2022,02,t1,102,30,639
2022,02,01,102,t1,949
2022,02,03,102,t1,66
2022,02,04,102,t1,65
2022,02,05,102,t1,95
2022,02,06,102,t1,98
2022,02,07,102,t1,52
2022,02,08,102,t1,78
2022,02,09,102,t1,5
2022,02,10,102,t1,35
2022,02,12,102,t1,523
2022,02,13,102,t1,77
2022,02,14,102,t1,418
2022,02,17,102,t1,137
2022,02,18,102,t1,55
2022,02,19,102,t1,54
2022,02,20,102,t1,73
2022,02,21,102,t1,86
2022,02,22,102,t1,77
2022,02,23,102,t1,47
2022,02,24,102,t1,69
2022,02,25,102,t1,76
2022,02,t1,102,t1,3135
2022,02,01,103,10,749
2022,02,03,103,10,100
2022,02,04,103,10,73
2022,02,05,103,10,130
2022,02,06,103,10,92
2022,02,07,103,10,59
2022,02,08,103,10,39
2022,02,09,103,10,20
2022,02,10,103,10,40
2022,02,12,103,10,451
2022,02,13,103,10,167
2022,02,14,103,10,586
2022,02,17,103,10,63
2022,02,18,103,10,110
2022,02,19,103,10,80
2022,02,20,103,10,58
2022,02,21,103,10,55
2022,02,22,103,10,61
2022,02,23,103,10,12
2022,02,24,103,10,61
2022,02,25,103,10,52
2022,02,t1,103,10,3058
2022,02,01,103,20,949
2022,02,03,103,20,40
2022,02,04,103,20,36
2022,02,05,103,20,61
2022,02,06,103,20,56
2022,02,07,103,20,12
2022,02,08,103,20,20
2022,02,09,103,20,6
2022,02,10,103,20,9
2022,02,12,103,20,227
2022,02,13,103,20,46
2022,02,14,103,20,297
2022,02,17,103,20,23
2022,02,18,103,20,24
2022,02,19,103,20,32
2022,02,20,103,20,32
2022,02,21,103,20,32
2022,02,22,103,20,32
2022,02,23,103,20,21
2022,02,24,103,20,28
2022,02,25,103,20,18
2022,02,t1,103,20,2001
2022,02,01,103,30,181
2022,02,03,103,30,9
2022,02,04,103,30,6
2022,02,05,103,30,20
2022,02,06,103,30,15
2022,02,07,103,30,9
2022,02,08,103,30,5
2022,02,09,103,30,2
2022,02,10,103,30,3
2022,02,12,103,30,39
2022,02,13,103,30,13
2022,02,14,103,30,75
2022,02,17,103,30,4
2022,02,18,103,30,7
2022,02,19,103,30,10
2022,02,20,103,30,6
2022,02,21,103,30,8
2022,02,22,103,30,4
2022,02,23,103,30,3
2022,02,24,103,30,7
2022,02,25,103,30,6
2022,02,t1,103,30,432
2022,02,01,103,t1,1879
2022,02,03,103,t1,149
2022,02,04,103,t1,115
2022,02,05,103,t1,211
2022,02,06,103,t1,163
2022,02,07,103,t1,80
2022,02,08,103,t1,64
2022,02,09,103,t1,28
2022,02,10,103,t1,52
2022,02,12,103,t1,717
2022,02,13,103,t1,226
2022,02,14,103,t1,958
2022,02,17,103,t1,90
2022,02,18,103,t1,141
2022,02,19,103,t1,122
2022,02,20,103,t1,96
2022,02,21,103,t1,95
2022,02,22,103,t1,97
2022,02,23,103,t1,36
2022,02,24,103,t1,96
2022,02,25,103,t1,76
2022,02,t1,103,t1,5491
2022,02,01,104,10,207
2022,02,03,104,10,37
2022,02,04,104,10,28
2022,02,05,104,10,36
2022,02,06,104,10,82
2022,02,07,104,10,19
2022,02,08,104,10,15
2022,02,09,104,10,9
2022,02,10,104,10,14
2022,02,12,104,10,122
2022,02,13,104,10,28
2022,02,14,104,10,137
2022,02,17,104,10,40
2022,02,18,104,10,27
2022,02,19,104,10,13
2022,02,20,104,10,21
2022,02,21,104,10,30
2022,02,22,104,10,21
2022,02,23,104,10,5
2022,02,24,104,10,16
2022,02,25,104,10,15
2022,02,t1,104,10,922
2022,02,01,104,20,195
2022,02,03,104,20,6
2022,02,04,104,20,8
2022,02,05,104,20,6
2022,02,06,104,20,12
2022,02,07,104,20,4
2022,02,08,104,20,3
2022,02,10,104,20,1
2022,02,12,104,20,68
2022,02,13,104,20,4
2022,02,14,104,20,59
2022,02,17,104,20,8
2022,02,18,104,20,8
2022,02,19,104,20,2
2022,02,20,104,20,5
2022,02,21,104,20,35
2022,02,22,104,20,4
2022,02,23,104,20,10
2022,02,24,104,20,10
2022,02,25,104,20,21
2022,02,t1,104,20,469
2022,02,01,104,30,121
2022,02,03,104,30,19
2022,02,04,104,30,15
2022,02,05,104,30,33
2022,02,06,104,30,22
2022,02,07,104,30,22
2022,02,08,104,30,10
2022,02,09,104,30,6
2022,02,10,104,30,23
2022,02,12,104,30,61
2022,02,13,104,30,17
2022,02,14,104,30,131
2022,02,17,104,30,24
2022,02,18,104,30,28
2022,02,19,104,30,8
2022,02,20,104,30,21
2022,02,21,104,30,20
2022,02,22,104,30,11
2022,02,23,104,30,10
2022,02,24,104,30,37
2022,02,25,104,30,15
2022,02,t1,104,30,654
2022,02,01,104,t1,523
2022,02,03,104,t1,62
2022,02,04,104,t1,51
2022,02,05,104,t1,75
2022,02,06,104,t1,116
2022,02,07,104,t1,45
2022,02,08,104,t1,28
2022,02,09,104,t1,15
2022,02,10,104,t1,38
2022,02,12,104,t1,251
2022,02,13,104,t1,49
2022,02,14,104,t1,327
2022,02,17,104,t1,72
2022,02,18,104,t1,63
2022,02,19,104,t1,23
2022,02,20,104,t1,47
2022,02,21,104,t1,85
2022,02,22,104,t1,36
2022,02,23,104,t1,25
2022,02,24,104,t1,63
2022,02,25,104,t1,51
2022,02,t1,104,t1,2045
2022,02,01,105,10,535
2022,02,03,105,10,68
2022,02,04,105,10,40
2022,02,05,105,10,95
2022,02,06,105,10,48
2022,02,07,105,10,36
2022,02,08,105,10,34
2022,02,09,105,10,8
2022,02,10,105,10,34
2022,02,12,105,10,255
2022,02,13,105,10,65
2022,02,14,105,10,330
2022,02,17,105,10,51
2022,02,18,105,10,53
2022,02,19,105,10,41
2022,02,20,105,10,38
2022,02,21,105,10,29
2022,02,22,105,10,44
2022,02,23,105,10,10
2022,02,24,105,10,52
2022,02,25,105,10,15
2022,02,t1,105,10,1881
2022,02,01,105,20,1589
2022,02,03,105,20,59
2022,02,04,105,20,20
2022,02,05,105,20,77
2022,02,06,105,20,46
2022,02,07,105,20,32
2022,02,08,105,20,15
2022,02,09,105,20,3
2022,02,10,105,20,13
2022,02,12,105,20,362
2022,02,13,105,20,45
2022,02,14,105,20,275
2022,02,17,105,20,43
2022,02,18,105,20,39
2022,02,19,105,20,19
2022,02,20,105,20,28
2022,02,21,105,20,27
2022,02,22,105,20,22
2022,02,23,105,20,12
2022,02,24,105,20,35
2022,02,25,105,20,31
2022,02,t1,105,20,2792
2022,02,01,105,30,249
2022,02,03,105,30,11
2022,02,04,105,30,15
2022,02,05,105,30,12
2022,02,06,105,30,34
2022,02,07,105,30,12
2022,02,08,105,30,10
2022,02,09,105,30,4
2022,02,10,105,30,10
2022,02,12,105,30,94
2022,02,13,105,30,32
2022,02,14,105,30,222
2022,02,17,105,30,7
2022,02,18,105,30,18
2022,02,19,105,30,14
2022,02,20,105,30,24
2022,02,21,105,30,26
2022,02,22,105,30,17
2022,02,23,105,30,5
2022,02,24,105,30,15
2022,02,25,105,30,5
2022,02,t1,105,30,836
2022,02,01,105,t1,2373
2022,02,03,105,t1,138
2022,02,04,105,t1,75
2022,02,05,105,t1,184
2022,02,06,105,t1,128
2022,02,07,105,t1,80
2022,02,08,105,t1,59
2022,02,09,105,t1,15
2022,02,10,105,t1,57
2022,02,12,105,t1,711
2022,02,13,105,t1,142
2022,02,14,105,t1,827
2022,02,17,105,t1,101
2022,02,18,105,t1,110
2022,02,19,105,t1,74
2022,02,20,105,t1,90
2022,02,21,105,t1,82
2022,02,22,105,t1,83
2022,02,23,105,t1,27
2022,02,24,105,t1,102
2022,02,25,105,t1,51
2022,02,t1,105,t1,5509
2022,02,01,106,10,38
2022,02,03,106,10,1
2022,02,04,106,10,5
2022,02,05,106,10,6
2022,02,06,106,10,4
2022,02,07,106,10,2
2022,02,10,106,10,1
2022,02,12,106,10,12
2022,02,13,106,10,6
2022,02,14,106,10,17
2022,02,17,106,10,5
2022,02,18,106,10,5
2022,02,19,106,10,8
2022,02,20,106,10,5
2022,02,21,106,10,4
2022,02,22,106,10,9
2022,02,23,106,10,1
2022,02,24,106,10,7
2022,02,25,106,10,1
2022,02,t1,106,10,137
2022,02,01,106,20,23
2022,02,03,106,20,1
2022,02,05,106,20,2
2022,02,06,106,20,4
2022,02,07,106,20,2
2022,02,08,106,20,1
2022,02,10,106,20,3
2022,02,12,106,20,2
2022,02,13,106,20,3
2022,02,14,106,20,7
2022,02,18,106,20,2
2022,02,19,106,20,1
2022,02,20,106,20,1
2022,02,21,106,20,3
2022,02,22,106,20,2
2022,02,24,106,20,2
2022,02,25,106,20,1
2022,02,t1,106,20,60
2022,02,01,106,30,1
2022,02,04,106,30,1
2022,02,05,106,30,3
2022,02,06,106,30,1
2022,02,09,106,30,1
2022,02,10,106,30,1
2022,02,12,106,30,5
2022,02,13,106,30,1
2022,02,14,106,30,8
2022,02,17,106,30,3
2022,02,18,106,30,2
2022,02,19,106,30,1
2022,02,20,106,30,2
2022,02,21,106,30,1
2022,02,22,106,30,8
2022,02,23,106,30,3
2022,02,24,106,30,5
2022,02,25,106,30,3
2022,02,t1,106,30,50
2022,02,01,106,t1,62
2022,02,03,106,t1,2
2022,02,04,106,t1,6
2022,02,05,106,t1,11
2022,02,06,106,t1,9
2022,02,07,106,t1,4
2022,02,08,106,t1,1
2022,02,09,106,t1,1
2022,02,10,106,t1,5
2022,02,12,106,t1,19
2022,02,13,106,t1,10
2022,02,14,106,t1,32
2022,02,17,106,t1,8
2022,02,18,106,t1,9
2022,02,19,106,t1,10
2022,02,20,106,t1,8
2022,02,21,106,t1,8
2022,02,22,106,t1,19
2022,02,23,106,t1,4
2022,02,24,106,t1,14
2022,02,25,106,t1,5
2022,02,t1,106,t1,247
2022,02,01,107,10,1
2022,02,t1,107,10,1
2022,02,01,107,20,34
2022,02,03,107,20,1
2022,02,04,107,20,5
2022,02,06,107,20,1
2022,02,07,107,20,1
2022,02,08,107,20,23
2022,02,10,107,20,24
2022,02,12,107,20,12
2022,02,14,107,20,14
2022,02,17,107,20,1
2022,02,18,107,20,1
2022,02,19,107,20,3
2022,02,25,107,20,1
2022,02,t1,107,20,121
2022,02,01,107,t1,35
2022,02,03,107,t1,1
2022,02,04,107,t1,5
2022,02,06,107,t1,1
2022,02,07,107,t1,1
2022,02,08,107,t1,23
2022,02,10,107,t1,24
2022,02,12,107,t1,12
2022,02,14,107,t1,14
2022,02,17,107,t1,1
2022,02,18,107,t1,1
2022,02,19,107,t1,3
2022,02,25,107,t1,1
2022,02,t1,107,t1,122
2022,02,01,t1,10,2334
2022,02,03,t1,10,302
2022,02,04,t1,10,263
2022,02,05,t1,10,424
2022,02,06,t1,10,331
2022,02,07,t1,10,185
2022,02,08,t1,10,193
2022,02,09,t1,10,58
2022,02,10,t1,10,147
2022,02,12,t1,10,1405
2022,02,13,t1,10,413
2022,02,14,t1,10,1931
2022,02,17,t1,10,285
2022,02,18,t1,10,319
2022,02,19,t1,10,247
2022,02,20,t1,10,210
2022,02,21,t1,10,199
2022,02,22,t1,10,193
2022,02,23,t1,10,38
2022,02,24,t1,10,182
2022,02,25,t1,10,135
2022,02,t1,t1,10,9794
2022,02,01,t1,20,3919
2022,02,03,t1,20,235
2022,02,04,t1,20,116
2022,02,05,t1,20,217
2022,02,06,t1,20,207
2022,02,07,t1,20,95
2022,02,08,t1,20,110
2022,02,09,t1,20,13
2022,02,10,t1,20,90
2022,02,12,t1,20,1224
2022,02,13,t1,20,165
2022,02,14,t1,20,997
2022,02,17,t1,20,257
2022,02,18,t1,20,122
2022,02,19,t1,20,97
2022,02,20,t1,20,113
2022,02,21,t1,20,150
2022,02,22,t1,20,99
2022,02,23,t1,20,80
2022,02,24,t1,20,113
2022,02,25,t1,20,121
2022,02,t1,t1,20,8540
2022,02,01,t1,30,832
2022,02,03,t1,30,74
2022,02,04,t1,30,76
2022,02,05,t1,30,131
2022,02,06,t1,30,132
2022,02,07,t1,30,71
2022,02,08,t1,30,102
2022,02,09,t1,30,17
2022,02,10,t1,30,56
2022,02,12,t1,30,456
2022,02,13,t1,30,141
2022,02,14,t1,30,681
2022,02,17,t1,30,144
2022,02,18,t1,30,94
2022,02,19,t1,30,73
2022,02,20,t1,30,100
2022,02,21,t1,30,104
2022,02,22,t1,30,92
2022,02,23,t1,30,39
2022,02,24,t1,30,114
2022,02,25,t1,30,54
2022,02,t1,t1,30,3583
2022,02,01,t1,t1,7085
2022,02,03,t1,t1,611
2022,02,04,t1,t1,455
2022,02,05,t1,t1,772
2022,02,06,t1,t1,670
2022,02,07,t1,t1,351
2022,02,08,t1,t1,405
2022,02,09,t1,t1,88
2022,02,10,t1,t1,293
2022,02,12,t1,t1,3085
2022,02,13,t1,t1,719
2022,02,14,t1,t1,3609
2022,02,17,t1,t1,686
2022,02,18,t1,t1,535
2022,02,19,t1,t1,417
2022,02,20,t1,t1,423
2022,02,21,t1,t1,453
2022,02,22,t1,t1,384
2022,02,23,t1,t1,157
2022,02,24,t1,t1,409
2022,02,25,t1,t1,310
2022,02,t1,t1,t1,21917
2022,03,01,101,10,759
2022,03,03,101,10,87
2022,03,04,101,10,98
2022,03,05,101,10,140
2022,03,06,101,10,175
2022,03,07,101,10,62
2022,03,08,101,10,86
2022,03,09,101,10,17
2022,03,10,101,10,60
2022,03,12,101,10,507
2022,03,13,101,10,169
2022,03,14,101,10,727
2022,03,17,101,10,76
2022,03,18,101,10,82
2022,03,19,101,10,96
2022,03,20,101,10,55
2022,03,21,101,10,64
2022,03,22,101,10,36
2022,03,23,101,10,10
2022,03,24,101,10,43
2022,03,25,101,10,36
2022,03,t1,101,10,3385
2022,03,01,101,20,682
2022,03,03,101,20,96
2022,03,04,101,20,31
2022,03,05,101,20,49
2022,03,06,101,20,39
2022,03,07,101,20,21
2022,03,08,101,20,21
2022,03,09,101,20,7
2022,03,10,101,20,13
2022,03,12,101,20,373
2022,03,13,101,20,22
2022,03,14,101,20,268
2022,03,17,101,20,77
2022,03,18,101,20,31
2022,03,19,101,20,12
2022,03,20,101,20,20
2022,03,21,101,20,19
2022,03,22,101,20,17
2022,03,23,101,20,11
2022,03,24,101,20,15
2022,03,25,101,20,21
2022,03,t1,101,20,1845
2022,03,01,101,30,261
2022,03,03,101,30,23
2022,03,04,101,30,55
2022,03,05,101,30,57
2022,03,06,101,30,60
2022,03,07,101,30,27
2022,03,08,101,30,63
2022,03,09,101,30,7
2022,03,10,101,30,24
2022,03,12,101,30,226
2022,03,13,101,30,86
2022,03,14,101,30,315
2022,03,17,101,30,67
2022,03,18,101,30,43
2022,03,19,101,30,34
2022,03,20,101,30,33
2022,03,21,101,30,58
2022,03,22,101,30,21
2022,03,23,101,30,5
2022,03,24,101,30,32
2022,03,25,101,30,10
2022,03,t1,101,30,1507
2022,03,01,101,t1,1702
2022,03,03,101,t1,206
2022,03,04,101,t1,184
2022,03,05,101,t1,246
2022,03,06,101,t1,274
2022,03,07,101,t1,110
2022,03,08,101,t1,170
2022,03,09,101,t1,31
2022,03,10,101,t1,97
2022,03,12,101,t1,1106
2022,03,13,101,t1,277
2022,03,14,101,t1,1310
2022,03,17,101,t1,220
2022,03,18,101,t1,156
2022,03,19,101,t1,142
2022,03,20,101,t1,108
2022,03,21,101,t1,141
2022,03,22,101,t1,74
2022,03,23,101,t1,26
2022,03,24,101,t1,90
2022,03,25,101,t1,67
2022,03,t1,101,t1,6737
2022,03,01,102,10,167
2022,03,03,102,10,37
2022,03,04,102,10,28
2022,03,05,102,10,53
2022,03,06,102,10,60
2022,03,07,102,10,15
2022,03,08,102,10,30
2022,03,09,102,10,3
2022,03,10,102,10,17
2022,03,12,102,10,130
2022,03,13,102,10,47
2022,03,14,102,10,221
2022,03,17,102,10,40
2022,03,18,102,10,38
2022,03,19,102,10,27
2022,03,20,102,10,24
2022,03,21,102,10,22
2022,03,22,102,10,20
2022,03,23,102,10,8
2022,03,24,102,10,19
2022,03,25,102,10,15
2022,03,t1,102,10,1021
2022,03,01,102,20,838
2022,03,03,102,20,39
2022,03,04,102,20,37
2022,03,05,102,20,60
2022,03,06,102,20,61
2022,03,07,102,20,18
2022,03,08,102,20,40
2022,03,09,102,20,6
2022,03,10,102,20,17
2022,03,12,102,20,386
2022,03,13,102,20,35
2022,03,14,102,20,228
2022,03,17,102,20,110
2022,03,18,102,20,27
2022,03,19,102,20,21
2022,03,20,102,20,50
2022,03,21,102,20,27
2022,03,22,102,20,28
2022,03,23,102,20,22
2022,03,24,102,20,27
2022,03,25,102,20,34
2022,03,t1,102,20,2111
2022,03,01,102,30,114
2022,03,03,102,30,7
2022,03,04,102,30,18
2022,03,05,102,30,21
2022,03,06,102,30,41
2022,03,07,102,30,9
2022,03,08,102,30,23
2022,03,09,102,30,1
2022,03,10,102,30,6
2022,03,12,102,30,164
2022,03,13,102,30,24
2022,03,14,102,30,136
2022,03,17,102,30,65
2022,03,18,102,30,13
2022,03,19,102,30,13
2022,03,20,102,30,23
2022,03,21,102,30,53
2022,03,22,102,30,31
2022,03,23,102,30,5
2022,03,24,102,30,9
2022,03,25,102,30,5
2022,03,t1,102,30,781
2022,03,01,102,t1,1119
2022,03,03,102,t1,83
2022,03,04,102,t1,83
2022,03,05,102,t1,134
2022,03,06,102,t1,162
2022,03,07,102,t1,42
2022,03,08,102,t1,93
2022,03,09,102,t1,10
2022,03,10,102,t1,40
2022,03,12,102,t1,680
2022,03,13,102,t1,106
2022,03,14,102,t1,585
2022,03,17,102,t1,215
2022,03,18,102,t1,78
2022,03,19,102,t1,61
2022,03,20,102,t1,97
2022,03,21,102,t1,102
2022,03,22,102,t1,79
2022,03,23,102,t1,35
2022,03,24,102,t1,55
2022,03,25,102,t1,54
2022,03,t1,102,t1,3913
2022,03,01,103,10,1241
2022,03,03,103,10,164
2022,03,04,103,10,118
2022,03,05,103,10,237
2022,03,06,103,10,159
2022,03,07,103,10,74
2022,03,08,103,10,83
2022,03,09,103,10,15
2022,03,10,103,10,57
2022,03,12,103,10,612
2022,03,13,103,10,234
2022,03,14,103,10,887
2022,03,17,103,10,101
2022,03,18,103,10,129
2022,03,19,103,10,115
2022,03,20,103,10,82
2022,03,21,103,10,74
2022,03,22,103,10,72
2022,03,23,103,10,45
2022,03,24,103,10,127
2022,03,25,103,10,86
2022,03,t1,103,10,4712
2022,03,01,103,20,1901
2022,03,03,103,20,80
2022,03,04,103,20,41
2022,03,05,103,20,101
2022,03,06,103,20,102
2022,03,07,103,20,34
2022,03,08,103,20,41
2022,03,09,103,20,13
2022,03,10,103,20,29
2022,03,12,103,20,457
2022,03,13,103,20,92
2022,03,14,103,20,540
2022,03,17,103,20,73
2022,03,18,103,20,54
2022,03,19,103,20,50
2022,03,20,103,20,41
2022,03,21,103,20,59
2022,03,22,103,20,50
2022,03,23,103,20,25
2022,03,24,103,20,51
2022,03,25,103,20,55
2022,03,t1,103,20,3889
2022,03,01,103,30,272
2022,03,03,103,30,20
2022,03,04,103,30,7
2022,03,05,103,30,37
2022,03,06,103,30,29
2022,03,07,103,30,10
2022,03,08,103,30,13
2022,03,09,103,30,1
2022,03,10,103,30,10
2022,03,12,103,30,88
2022,03,13,103,30,17
2022,03,14,103,30,98
2022,03,17,103,30,11
2022,03,18,103,30,9
2022,03,19,103,30,6
2022,03,20,103,30,3
2022,03,21,103,30,4
2022,03,22,103,30,6
2022,03,23,103,30,1
2022,03,24,103,30,10
2022,03,25,103,30,1
2022,03,t1,103,30,653
2022,03,01,103,t1,3414
2022,03,03,103,t1,264
2022,03,04,103,t1,166
2022,03,05,103,t1,375
2022,03,06,103,t1,290
2022,03,07,103,t1,118
2022,03,08,103,t1,137
2022,03,09,103,t1,29
2022,03,10,103,t1,96
2022,03,12,103,t1,1157
2022,03,13,103,t1,343
2022,03,14,103,t1,1525
2022,03,17,103,t1,185
2022,03,18,103,t1,192
2022,03,19,103,t1,171
2022,03,20,103,t1,126
2022,03,21,103,t1,137
2022,03,22,103,t1,128
2022,03,23,103,t1,71
2022,03,24,103,t1,188
2022,03,25,103,t1,142
2022,03,t1,103,t1,9254
2022,03,01,104,10,288
2022,03,03,104,10,61
2022,03,04,104,10,39
2022,03,05,104,10,52
2022,03,06,104,10,66
2022,03,07,104,10,21
2022,03,08,104,10,21
2022,03,09,104,10,3
2022,03,10,104,10,15
2022,03,12,104,10,205
2022,03,13,104,10,49
2022,03,14,104,10,269
2022,03,17,104,10,45
2022,03,18,104,10,41
2022,03,19,104,10,30
2022,03,20,104,10,28
2022,03,21,104,10,47
2022,03,22,104,10,32
2022,03,23,104,10,2
2022,03,24,104,10,20
2022,03,25,104,10,15
2022,03,t1,104,10,1349
2022,03,01,104,20,284
2022,03,03,104,20,39
2022,03,04,104,20,12
2022,03,05,104,20,26
2022,03,06,104,20,17
2022,03,07,104,20,12
2022,03,08,104,20,9
2022,03,09,104,20,3
2022,03,10,104,20,3
2022,03,12,104,20,43
2022,03,13,104,20,12
2022,03,14,104,20,83
2022,03,17,104,20,16
2022,03,18,104,20,17
2022,03,19,104,20,4
2022,03,20,104,20,5
2022,03,21,104,20,8
2022,03,22,104,20,5
2022,03,23,104,20,9
2022,03,24,104,20,12
2022,03,25,104,20,25
2022,03,t1,104,20,644
2022,03,01,104,30,81
2022,03,03,104,30,25
2022,03,04,104,30,22
2022,03,05,104,30,55
2022,03,06,104,30,43
2022,03,07,104,30,27
2022,03,08,104,30,14
2022,03,09,104,30,2
2022,03,10,104,30,7
2022,03,12,104,30,104
2022,03,13,104,30,29
2022,03,14,104,30,209
2022,03,17,104,30,24
2022,03,18,104,30,26
2022,03,19,104,30,12
2022,03,20,104,30,18
2022,03,21,104,30,22
2022,03,22,104,30,9
2022,03,23,104,30,6
2022,03,24,104,30,42
2022,03,25,104,30,16
2022,03,t1,104,30,793
2022,03,01,104,t1,653
2022,03,03,104,t1,125
2022,03,04,104,t1,73
2022,03,05,104,t1,133
2022,03,06,104,t1,126
2022,03,07,104,t1,60
2022,03,08,104,t1,44
2022,03,09,104,t1,8
2022,03,10,104,t1,25
2022,03,12,104,t1,352
2022,03,13,104,t1,90
2022,03,14,104,t1,561
2022,03,17,104,t1,85
2022,03,18,104,t1,84
2022,03,19,104,t1,46
2022,03,20,104,t1,51
2022,03,21,104,t1,77
2022,03,22,104,t1,46
2022,03,23,104,t1,17
2022,03,24,104,t1,74
2022,03,25,104,t1,56
2022,03,t1,104,t1,2786
2022,03,01,105,10,659
2022,03,03,105,10,76
2022,03,04,105,10,68
2022,03,05,105,10,115
2022,03,06,105,10,68
2022,03,07,105,10,47
2022,03,08,105,10,41
2022,03,09,105,10,12
2022,03,10,105,10,34
2022,03,12,105,10,292
2022,03,13,105,10,97
2022,03,14,105,10,508
2022,03,17,105,10,60
2022,03,18,105,10,65
2022,03,19,105,10,73
2022,03,20,105,10,58
2022,03,21,105,10,43
2022,03,22,105,10,44
2022,03,23,105,10,13
2022,03,24,105,10,54
2022,03,25,105,10,17
2022,03,t1,105,10,2444
2022,03,01,105,20,1952
2022,03,03,105,20,68
2022,03,04,105,20,37
2022,03,05,105,20,84
2022,03,06,105,20,57
2022,03,07,105,20,42
2022,03,08,105,20,36
2022,03,09,105,20,4
2022,03,10,105,20,10
2022,03,12,105,20,423
2022,03,13,105,20,51
2022,03,14,105,20,373
2022,03,17,105,20,50
2022,03,18,105,20,36
2022,03,19,105,20,50
2022,03,20,105,20,34
2022,03,21,105,20,38
2022,03,22,105,20,35
2022,03,23,105,20,20
2022,03,24,105,20,32
2022,03,25,105,20,29
2022,03,t1,105,20,3461
2022,03,01,105,30,225
2022,03,03,105,30,9
2022,03,04,105,30,14
2022,03,05,105,30,22
2022,03,06,105,30,39
2022,03,07,105,30,19
2022,03,08,105,30,14
2022,03,09,105,30,3
2022,03,10,105,30,10
2022,03,12,105,30,168
2022,03,13,105,30,14
2022,03,14,105,30,263
2022,03,17,105,30,18
2022,03,18,105,30,9
2022,03,19,105,30,22
2022,03,20,105,30,24
2022,03,21,105,30,14
2022,03,22,105,30,13
2022,03,23,105,30,5
2022,03,24,105,30,8
2022,03,25,105,30,8
2022,03,t1,105,30,921
2022,03,01,105,t1,2836
2022,03,03,105,t1,153
2022,03,04,105,t1,119
2022,03,05,105,t1,221
2022,03,06,105,t1,164
2022,03,07,105,t1,108
2022,03,08,105,t1,91
2022,03,09,105,t1,19
2022,03,10,105,t1,54
2022,03,12,105,t1,883
2022,03,13,105,t1,162
2022,03,14,105,t1,1144
2022,03,17,105,t1,128
2022,03,18,105,t1,110
2022,03,19,105,t1,145
2022,03,20,105,t1,116
2022,03,21,105,t1,95
2022,03,22,105,t1,92
2022,03,23,105,t1,38
2022,03,24,105,t1,94
2022,03,25,105,t1,54
2022,03,t1,105,t1,6826
2022,03,01,106,10,35
2022,03,03,106,10,2
2022,03,04,106,10,6
2022,03,05,106,10,9
2022,03,06,106,10,4
2022,03,07,106,10,2
2022,03,08,106,10,4
2022,03,10,106,10,1
2022,03,12,106,10,15
2022,03,13,106,10,2
2022,03,14,106,10,21
2022,03,17,106,10,4
2022,03,18,106,10,13
2022,03,19,106,10,7
2022,03,20,106,10,8
2022,03,21,106,10,3
2022,03,22,106,10,6
2022,03,23,106,10,3
2022,03,24,106,10,7
2022,03,25,106,10,4
2022,03,t1,106,10,156
2022,03,01,106,20,17
2022,03,03,106,20,4
2022,03,04,106,20,1
2022,03,05,106,20,14
2022,03,06,106,20,1
2022,03,12,106,20,4
2022,03,13,106,20,1
2022,03,14,106,20,9
2022,03,17,106,20,1
2022,03,18,106,20,1
2022,03,19,106,20,1
2022,03,20,106,20,4
2022,03,21,106,20,4
2022,03,22,106,20,4
2022,03,23,106,20,1
2022,03,25,106,20,4
2022,03,t1,106,20,71
2022,03,01,106,30,6
2022,03,03,106,30,1
2022,03,04,106,30,1
2022,03,05,106,30,2
2022,03,06,106,30,2
2022,03,08,106,30,2
2022,03,12,106,30,2
2022,03,13,106,30,3
2022,03,14,106,30,6
2022,03,18,106,30,1
2022,03,19,106,30,2
2022,03,20,106,30,1
2022,03,21,106,30,4
2022,03,22,106,30,3
2022,03,23,106,30,2
2022,03,24,106,30,1
2022,03,t1,106,30,39
2022,03,01,106,t1,58
2022,03,03,106,t1,7
2022,03,04,106,t1,8
2022,03,05,106,t1,25
2022,03,06,106,t1,7
2022,03,07,106,t1,2
2022,03,08,106,t1,6
2022,03,10,106,t1,1
2022,03,12,106,t1,21
2022,03,13,106,t1,6
2022,03,14,106,t1,36
2022,03,17,106,t1,5
2022,03,18,106,t1,15
2022,03,19,106,t1,10
2022,03,20,106,t1,13
2022,03,21,106,t1,11
2022,03,22,106,t1,13
2022,03,23,106,t1,6
2022,03,24,106,t1,8
2022,03,25,106,t1,8
2022,03,t1,106,t1,266
2022,03,01,107,10,2
2022,03,04,107,10,1
2022,03,08,107,10,1
2022,03,12,107,10,1
2022,03,t1,107,10,5
2022,03,01,107,20,21
2022,03,03,107,20,1
2022,03,04,107,20,4
2022,03,06,107,20,1
2022,03,07,107,20,4
2022,03,08,107,20,23
2022,03,12,107,20,17
2022,03,13,107,20,11
2022,03,14,107,20,14
2022,03,19,107,20,7
2022,03,20,107,20,1
2022,03,t1,107,20,104
2022,03,01,107,t1,23
2022,03,03,107,t1,1
2022,03,04,107,t1,5
2022,03,06,107,t1,1
2022,03,07,107,t1,4
2022,03,08,107,t1,24
2022,03,12,107,t1,18
2022,03,13,107,t1,11
2022,03,14,107,t1,14
2022,03,19,107,t1,7
2022,03,20,107,t1,1
2022,03,t1,107,t1,109
2022,03,12,109,10,1
2022,03,24,109,10,1
2022,03,t1,109,10,2
2022,03,12,109,t1,1
2022,03,24,109,t1,1
2022,03,t1,109,t1,2
2022,03,01,t1,10,3151
2022,03,03,t1,10,427
2022,03,04,t1,10,358
2022,03,05,t1,10,606
2022,03,06,t1,10,532
2022,03,07,t1,10,221
2022,03,08,t1,10,266
2022,03,09,t1,10,50
2022,03,10,t1,10,184
2022,03,12,t1,10,1763
2022,03,13,t1,10,598
2022,03,14,t1,10,2633
2022,03,17,t1,10,326
2022,03,18,t1,10,368
2022,03,19,t1,10,348
2022,03,20,t1,10,255
2022,03,21,t1,10,253
2022,03,22,t1,10,210
2022,03,23,t1,10,81
2022,03,24,t1,10,271
2022,03,25,t1,10,173
2022,03,t1,t1,10,13074
2022,03,01,t1,20,5695
2022,03,03,t1,20,327
2022,03,04,t1,20,163
2022,03,05,t1,20,334
2022,03,06,t1,20,278
2022,03,07,t1,20,131
2022,03,08,t1,20,170
2022,03,09,t1,20,33
2022,03,10,t1,20,72
2022,03,12,t1,20,1703
2022,03,13,t1,20,224
2022,03,14,t1,20,1515
2022,03,17,t1,20,327
2022,03,18,t1,20,166
2022,03,19,t1,20,145
2022,03,20,t1,20,155
2022,03,21,t1,20,155
2022,03,22,t1,20,139
2022,03,23,t1,20,88
2022,03,24,t1,20,137
2022,03,25,t1,20,168
2022,03,t1,t1,20,12125
2022,03,01,t1,30,959
2022,03,03,t1,30,85
2022,03,04,t1,30,117
2022,03,05,t1,30,194
2022,03,06,t1,30,214
2022,03,07,t1,30,92
2022,03,08,t1,30,129
2022,03,09,t1,30,14
2022,03,10,t1,30,57
2022,03,12,t1,30,752
2022,03,13,t1,30,173
2022,03,14,t1,30,1027
2022,03,17,t1,30,185
2022,03,18,t1,30,101
2022,03,19,t1,30,89
2022,03,20,t1,30,102
2022,03,21,t1,30,155
2022,03,22,t1,30,83
2022,03,23,t1,30,24
2022,03,24,t1,30,102
2022,03,25,t1,30,40
2022,03,t1,t1,30,4694
2022,03,01,t1,t1,9805
2022,03,03,t1,t1,839
2022,03,04,t1,t1,638
2022,03,05,t1,t1,1134
2022,03,06,t1,t1,1024
2022,03,07,t1,t1,444
2022,03,08,t1,t1,565
2022,03,09,t1,t1,97
2022,03,10,t1,t1,313
2022,03,12,t1,t1,4218
2022,03,13,t1,t1,995
2022,03,14,t1,t1,5175
2022,03,17,t1,t1,838
2022,03,18,t1,t1,635
2022,03,19,t1,t1,582
2022,03,20,t1,t1,512
2022,03,21,t1,t1,563
2022,03,22,t1,t1,432
2022,03,23,t1,t1,193
2022,03,24,t1,t1,510
2022,03,25,t1,t1,381
2022,03,t1,t1,t1,29893
2022,04,01,101,10,781
2022,04,03,101,10,99
2022,04,04,101,10,72
2022,04,05,101,10,141
2022,04,06,101,10,143
2022,04,07,101,10,54
2022,04,08,101,10,82
2022,04,09,101,10,16
2022,04,10,101,10,47
2022,04,12,101,10,499
2022,04,13,101,10,138
2022,04,14,101,10,650
2022,04,17,101,10,93
2022,04,18,101,10,83
2022,04,19,101,10,87
2022,04,20,101,10,73
2022,04,21,101,10,72
2022,04,22,101,10,49
2022,04,23,101,10,11
2022,04,24,101,10,33
2022,04,25,101,10,29
2022,04,t1,101,10,3252
2022,04,01,101,20,516
2022,04,03,101,20,98
2022,04,04,101,20,21
2022,04,05,101,20,46
2022,04,06,101,20,30
2022,04,07,101,20,27
2022,04,08,101,20,22
2022,04,09,101,20,3
2022,04,10,101,20,12
2022,04,12,101,20,383
2022,04,13,101,20,47
2022,04,14,101,20,236
2022,04,17,101,20,53
2022,04,18,101,20,31
2022,04,19,101,20,22
2022,04,20,101,20,42
2022,04,21,101,20,13
2022,04,22,101,20,14
2022,04,23,101,20,10
2022,04,24,101,20,16
2022,04,25,101,20,14
2022,04,t1,101,20,1656
2022,04,01,101,30,194
2022,04,03,101,30,28
2022,04,04,101,30,37
2022,04,05,101,30,54
2022,04,06,101,30,33
2022,04,07,101,30,17
2022,04,08,101,30,48
2022,04,09,101,30,4
2022,04,10,101,30,10
2022,04,12,101,30,162
2022,04,13,101,30,45
2022,04,14,101,30,239
2022,04,17,101,30,22
2022,04,18,101,30,39
2022,04,19,101,30,28
2022,04,20,101,30,15
2022,04,21,101,30,20
2022,04,22,101,30,31
2022,04,23,101,30,7
2022,04,24,101,30,17
2022,04,25,101,30,10
2022,04,t1,101,30,1060
2022,04,01,101,t1,1491
2022,04,03,101,t1,225
2022,04,04,101,t1,130
2022,04,05,101,t1,241
2022,04,06,101,t1,206
2022,04,07,101,t1,98
2022,04,08,101,t1,152
2022,04,09,101,t1,23
2022,04,10,101,t1,69
2022,04,12,101,t1,1044
2022,04,13,101,t1,230
2022,04,14,101,t1,1125
2022,04,17,101,t1,168
2022,04,18,101,t1,153
2022,04,19,101,t1,137
2022,04,20,101,t1,130
2022,04,21,101,t1,105
2022,04,22,101,t1,94
2022,04,23,101,t1,28
2022,04,24,101,t1,66
2022,04,25,101,t1,53
2022,04,t1,101,t1,5968
2022,04,01,102,10,158
2022,04,03,102,10,40
2022,04,04,102,10,34
2022,04,05,102,10,56
2022,04,06,102,10,43
2022,04,07,102,10,13
2022,04,08,102,10,33
2022,04,09,102,10,5
2022,04,10,102,10,12
2022,04,12,102,10,125
2022,04,13,102,10,43
2022,04,14,102,10,204
2022,04,17,102,10,37
2022,04,18,102,10,32
2022,04,19,102,10,29
2022,04,20,102,10,30
2022,04,21,102,10,31
2022,04,22,102,10,20
2022,04,23,102,10,11
2022,04,24,102,10,24
2022,04,25,102,10,26
2022,04,t1,102,10,1006
2022,04,01,102,20,672
2022,04,03,102,20,28
2022,04,04,102,20,35
2022,04,05,102,20,61
2022,04,06,102,20,79
2022,04,07,102,20,29
2022,04,08,102,20,35
2022,04,09,102,20,8
2022,04,10,102,20,19
2022,04,12,102,20,280
2022,04,13,102,20,31
2022,04,14,102,20,197
2022,04,17,102,20,133
2022,04,18,102,20,27
2022,04,19,102,20,30
2022,04,20,102,20,53
2022,04,21,102,20,36
2022,04,22,102,20,54
2022,04,23,102,20,16
2022,04,24,102,20,18
2022,04,25,102,20,53
2022,04,t1,102,20,1894
2022,04,01,102,30,93
2022,04,03,102,30,6
2022,04,04,102,30,11
2022,04,05,102,30,7
2022,04,06,102,30,30
2022,04,07,102,30,5
2022,04,08,102,30,20
2022,04,10,102,30,12
2022,04,12,102,30,84
2022,04,13,102,30,42
2022,04,14,102,30,82
2022,04,17,102,30,54
2022,04,18,102,30,20
2022,04,19,102,30,21
2022,04,20,102,30,13
2022,04,21,102,30,28
2022,04,22,102,30,33
2022,04,23,102,30,4
2022,04,24,102,30,20
2022,04,25,102,30,7
2022,04,t1,102,30,592
2022,04,01,102,t1,923
2022,04,03,102,t1,74
2022,04,04,102,t1,80
2022,04,05,102,t1,124
2022,04,06,102,t1,152
2022,04,07,102,t1,47
2022,04,08,102,t1,88
2022,04,09,102,t1,13
2022,04,10,102,t1,43
2022,04,12,102,t1,489
2022,04,13,102,t1,116
2022,04,14,102,t1,483
2022,04,17,102,t1,224
2022,04,18,102,t1,79
2022,04,19,102,t1,80
2022,04,20,102,t1,96
2022,04,21,102,t1,95
2022,04,22,102,t1,107
2022,04,23,102,t1,31
2022,04,24,102,t1,62
2022,04,25,102,t1,86
2022,04,t1,102,t1,3492
2022,04,01,103,10,665
2022,04,03,103,10,150
2022,04,04,103,10,77
2022,04,05,103,10,136
2022,04,06,103,10,125
2022,04,07,103,10,47
2022,04,08,103,10,56
2022,04,09,103,10,10
2022,04,10,103,10,45
2022,04,12,103,10,399
2022,04,13,103,10,128
2022,04,14,103,10,637
2022,04,17,103,10,55
2022,04,18,103,10,89
2022,04,19,103,10,72
2022,04,20,103,10,75
2022,04,21,103,10,58
2022,04,22,103,10,71
2022,04,23,103,10,23
2022,04,24,103,10,89
2022,04,25,103,10,53
2022,04,t1,103,10,3060
2022,04,01,103,20,905
2022,04,03,103,20,43
2022,04,04,103,20,23
2022,04,05,103,20,61
2022,04,06,103,20,39
2022,04,07,103,20,23
2022,04,08,103,20,20
2022,04,09,103,20,9
2022,04,10,103,20,21
2022,04,12,103,20,195
2022,04,13,103,20,47
2022,04,14,103,20,328
2022,04,17,103,20,43
2022,04,18,103,20,22
2022,04,19,103,20,40
2022,04,20,103,20,24
2022,04,21,103,20,31
2022,04,22,103,20,21
2022,04,23,103,20,34
2022,04,24,103,20,26
2022,04,25,103,20,26
2022,04,t1,103,20,1981
2022,04,01,103,30,233
2022,04,03,103,30,9
2022,04,04,103,30,7
2022,04,05,103,30,26
2022,04,06,103,30,12
2022,04,07,103,30,3
2022,04,08,103,30,5
2022,04,10,103,30,3
2022,04,12,103,30,88
2022,04,13,103,30,6
2022,04,14,103,30,42
2022,04,17,103,30,3
2022,04,18,103,30,4
2022,04,19,103,30,3
2022,04,20,103,30,2
2022,04,21,103,30,3
2022,04,22,103,30,3
2022,04,24,103,30,6
2022,04,25,103,30,1
2022,04,t1,103,30,459
2022,04,01,103,t1,1803
2022,04,03,103,t1,202
2022,04,04,103,t1,107
2022,04,05,103,t1,223
2022,04,06,103,t1,176
2022,04,07,103,t1,73
2022,04,08,103,t1,81
2022,04,09,103,t1,19
2022,04,10,103,t1,69
2022,04,12,103,t1,682
2022,04,13,103,t1,181
2022,04,14,103,t1,1007
2022,04,17,103,t1,101
2022,04,18,103,t1,115
2022,04,19,103,t1,115
2022,04,20,103,t1,101
2022,04,21,103,t1,92
2022,04,22,103,t1,95
2022,04,23,103,t1,57
2022,04,24,103,t1,121
2022,04,25,103,t1,80
2022,04,t1,103,t1,5500
2022,04,01,104,10,348
2022,04,03,104,10,63
2022,04,04,104,10,44
2022,04,05,104,10,71
2022,04,06,104,10,71
2022,04,07,104,10,26
2022,04,08,104,10,28
2022,04,09,104,10,6
2022,04,10,104,10,10
2022,04,12,104,10,200
2022,04,13,104,10,45
2022,04,14,104,10,322
2022,04,17,104,10,45
2022,04,18,104,10,31
2022,04,19,104,10,20
2022,04,20,104,10,25
2022,04,21,104,10,36
2022,04,22,104,10,15
2022,04,23,104,10,4
2022,04,24,104,10,24
2022,04,25,104,10,20
2022,04,t1,104,10,1454
2022,04,01,104,20,301
2022,04,03,104,20,14
2022,04,04,104,20,3
2022,04,05,104,20,15
2022,04,06,104,20,31
2022,04,07,104,20,4
2022,04,08,104,20,15
2022,04,09,104,20,1
2022,04,10,104,20,7
2022,04,12,104,20,53
2022,04,13,104,20,22
2022,04,14,104,20,105
2022,04,17,104,20,35
2022,04,18,104,20,14
2022,04,19,104,20,3
2022,04,20,104,20,5
2022,04,21,104,20,43
2022,04,22,104,20,4
2022,04,23,104,20,9
2022,04,24,104,20,3
2022,04,25,104,20,36
2022,04,t1,104,20,723
2022,04,01,104,30,79
2022,04,03,104,30,16
2022,04,04,104,30,13
2022,04,05,104,30,37
2022,04,06,104,30,35
2022,04,07,104,30,14
2022,04,08,104,30,10
2022,04,09,104,30,4
2022,04,10,104,30,9
2022,04,12,104,30,106
2022,04,13,104,30,14
2022,04,14,104,30,112
2022,04,17,104,30,3
2022,04,18,104,30,32
2022,04,19,104,30,14
2022,04,20,104,30,9
2022,04,21,104,30,16
2022,04,22,104,30,4
2022,04,23,104,30,2
2022,04,24,104,30,14
2022,04,25,104,30,15
2022,04,t1,104,30,558
2022,04,01,104,t1,728
2022,04,03,104,t1,93
2022,04,04,104,t1,60
2022,04,05,104,t1,123
2022,04,06,104,t1,137
2022,04,07,104,t1,44
2022,04,08,104,t1,53
2022,04,09,104,t1,11
2022,04,10,104,t1,26
2022,04,12,104,t1,359
2022,04,13,104,t1,81
2022,04,14,104,t1,539
2022,04,17,104,t1,83
2022,04,18,104,t1,77
2022,04,19,104,t1,37
2022,04,20,104,t1,39
2022,04,21,104,t1,95
2022,04,22,104,t1,23
2022,04,23,104,t1,15
2022,04,24,104,t1,41
2022,04,25,104,t1,71
2022,04,t1,104,t1,2735
2022,04,01,105,10,502
2022,04,03,105,10,79
2022,04,04,105,10,55
2022,04,05,105,10,91
2022,04,06,105,10,42
2022,04,07,105,10,46
2022,04,08,105,10,23
2022,04,09,105,10,8
2022,04,10,105,10,26
2022,04,12,105,10,171
2022,04,13,105,10,57
2022,04,14,105,10,343
2022,04,17,105,10,33
2022,04,18,105,10,53
2022,04,19,105,10,62
2022,04,20,105,10,56
2022,04,21,105,10,46
2022,04,22,105,10,41
2022,04,23,105,10,11
2022,04,24,105,10,43
2022,04,25,105,10,22
2022,04,t1,105,10,1810
2022,04,01,105,20,1489
2022,04,03,105,20,61
2022,04,04,105,20,74
2022,04,05,105,20,85
2022,04,06,105,20,57
2022,04,07,105,20,24
2022,04,08,105,20,24
2022,04,09,105,20,8
2022,04,10,105,20,9
2022,04,12,105,20,371
2022,04,13,105,20,45
2022,04,14,105,20,261
2022,04,17,105,20,29
2022,04,18,105,20,33
2022,04,19,105,20,28
2022,04,20,105,20,24
2022,04,21,105,20,23
2022,04,22,105,20,17
2022,04,23,105,20,16
2022,04,24,105,20,24
2022,04,25,105,20,11
2022,04,t1,105,20,2713
2022,04,01,105,30,128
2022,04,03,105,30,5
2022,04,04,105,30,9
2022,04,05,105,30,9
2022,04,06,105,30,10
2022,04,07,105,30,12
2022,04,08,105,30,9
2022,04,09,105,30,1
2022,04,10,105,30,7
2022,04,12,105,30,77
2022,04,13,105,30,12
2022,04,14,105,30,293
2022,04,17,105,30,8
2022,04,19,105,30,11
2022,04,20,105,30,10
2022,04,21,105,30,6
2022,04,22,105,30,11
2022,04,23,105,30,1
2022,04,24,105,30,8
2022,04,25,105,30,4
2022,04,t1,105,30,631
2022,04,01,105,t1,2119
2022,04,03,105,t1,145
2022,04,04,105,t1,138
2022,04,05,105,t1,185
2022,04,06,105,t1,109
2022,04,07,105,t1,82
2022,04,08,105,t1,56
2022,04,09,105,t1,17
2022,04,10,105,t1,42
2022,04,12,105,t1,619
2022,04,13,105,t1,114
2022,04,14,105,t1,897
2022,04,17,105,t1,70
2022,04,18,105,t1,86
2022,04,19,105,t1,101
2022,04,20,105,t1,90
2022,04,21,105,t1,75
2022,04,22,105,t1,69
2022,04,23,105,t1,28
2022,04,24,105,t1,75
2022,04,25,105,t1,37
2022,04,t1,105,t1,5154
2022,04,01,106,10,17
2022,04,03,106,10,4
2022,04,05,106,10,4
2022,04,06,106,10,4
2022,04,07,106,10,1
2022,04,08,106,10,1
2022,04,09,106,10,1
2022,04,10,106,10,3
2022,04,12,106,10,3
2022,04,13,106,10,2
2022,04,14,106,10,14
2022,04,17,106,10,1
2022,04,18,106,10,2
2022,04,19,106,10,4
2022,04,20,106,10,3
2022,04,21,106,10,3
2022,04,22,106,10,5
2022,04,25,106,10,1
2022,04,t1,106,10,73
2022,04,01,106,20,9
2022,04,03,106,20,1
2022,04,05,106,20,6
2022,04,06,106,20,1
2022,04,10,106,20,1
2022,04,12,106,20,4
2022,04,13,106,20,3
2022,04,14,106,20,5
2022,04,18,106,20,1
2022,04,19,106,20,3
2022,04,20,106,20,5
2022,04,24,106,20,1
2022,04,t1,106,20,40
2022,04,01,106,30,6
2022,04,04,106,30,1
2022,04,05,106,30,2
2022,04,10,106,30,1
2022,04,12,106,30,6
2022,04,14,106,30,8
2022,04,22,106,30,2
2022,04,23,106,30,3
2022,04,25,106,30,1
2022,04,t1,106,30,30
2022,04,01,106,t1,32
2022,04,03,106,t1,5
2022,04,04,106,t1,1
2022,04,05,106,t1,12
2022,04,06,106,t1,5
2022,04,07,106,t1,1
2022,04,08,106,t1,1
2022,04,09,106,t1,1
2022,04,10,106,t1,5
2022,04,12,106,t1,13
2022,04,13,106,t1,5
2022,04,14,106,t1,27
2022,04,17,106,t1,1
2022,04,18,106,t1,3
2022,04,19,106,t1,7
2022,04,20,106,t1,8
2022,04,21,106,t1,3
2022,04,22,106,t1,7
2022,04,23,106,t1,3
2022,04,24,106,t1,1
2022,04,25,106,t1,2
2022,04,t1,106,t1,143
2022,04,07,107,10,1
2022,04,17,107,10,1
2022,04,18,107,10,1
2022,04,t1,107,10,3
2022,04,01,107,20,15
2022,04,04,107,20,1
2022,04,06,107,20,13
2022,04,07,107,20,1
2022,04,08,107,20,1
2022,04,12,107,20,3
2022,04,13,107,20,1
2022,04,14,107,20,13
2022,04,t1,107,20,48
2022,04,01,107,t1,15
2022,04,04,107,t1,1
2022,04,06,107,t1,13
2022,04,07,107,t1,2
2022,04,08,107,t1,1
2022,04,12,107,t1,3
2022,04,13,107,t1,1
2022,04,14,107,t1,13
2022,04,17,107,t1,1
2022,04,18,107,t1,1
2022,04,t1,107,t1,51
2022,04,06,109,10,1
2022,04,07,109,10,1
2022,04,08,109,10,1
2022,04,12,109,10,1
2022,04,17,109,10,1
2022,04,23,109,10,1
2022,04,t1,109,10,6
2022,04,01,109,20,1
2022,04,t1,109,20,1
2022,04,01,109,t1,1
2022,04,06,109,t1,1
2022,04,07,109,t1,1
2022,04,08,109,t1,1
2022,04,12,109,t1,1
2022,04,17,109,t1,1
2022,04,23,109,t1,1
2022,04,t1,109,t1,7
2022,04,01,t1,10,2471
2022,04,03,t1,10,435
2022,04,04,t1,10,282
2022,04,05,t1,10,499
2022,04,06,t1,10,429
2022,04,07,t1,10,189
2022,04,08,t1,10,224
2022,04,09,t1,10,46
2022,04,10,t1,10,143
2022,04,12,t1,10,1398
2022,04,13,t1,10,413
2022,04,14,t1,10,2170
2022,04,17,t1,10,266
2022,04,18,t1,10,291
2022,04,19,t1,10,274
2022,04,20,t1,10,262
2022,04,21,t1,10,246
2022,04,22,t1,10,201
2022,04,23,t1,10,61
2022,04,24,t1,10,213
2022,04,25,t1,10,151
2022,04,t1,t1,10,10664
2022,04,01,t1,20,3908
2022,04,03,t1,20,245
2022,04,04,t1,20,157
2022,04,05,t1,20,274
2022,04,06,t1,20,250
2022,04,07,t1,20,108
2022,04,08,t1,20,117
2022,04,09,t1,20,29
2022,04,10,t1,20,69
2022,04,12,t1,20,1289
2022,04,13,t1,20,196
2022,04,14,t1,20,1145
2022,04,17,t1,20,293
2022,04,18,t1,20,128
2022,04,19,t1,20,126
2022,04,20,t1,20,153
2022,04,21,t1,20,146
2022,04,22,t1,20,110
2022,04,23,t1,20,85
2022,04,24,t1,20,88
2022,04,25,t1,20,140
2022,04,t1,t1,20,9056
2022,04,01,t1,30,733
2022,04,03,t1,30,64
2022,04,04,t1,30,78
2022,04,05,t1,30,135
2022,04,06,t1,30,120
2022,04,07,t1,30,51
2022,04,08,t1,30,92
2022,04,09,t1,30,9
2022,04,10,t1,30,42
2022,04,12,t1,30,523
2022,04,13,t1,30,119
2022,04,14,t1,30,776
2022,04,17,t1,30,90
2022,04,18,t1,30,95
2022,04,19,t1,30,77
2022,04,20,t1,30,49
2022,04,21,t1,30,73
2022,04,22,t1,30,84
2022,04,23,t1,30,17
2022,04,24,t1,30,65
2022,04,25,t1,30,38
2022,04,t1,t1,30,3330
2022,04,01,t1,t1,7112
2022,04,03,t1,t1,744
2022,04,04,t1,t1,517
2022,04,05,t1,t1,908
2022,04,06,t1,t1,799
2022,04,07,t1,t1,348
2022,04,08,t1,t1,433
2022,04,09,t1,t1,84
2022,04,10,t1,t1,254
2022,04,12,t1,t1,3210
2022,04,13,t1,t1,728
2022,04,14,t1,t1,4091
2022,04,17,t1,t1,649
2022,04,18,t1,t1,514
2022,04,19,t1,t1,477
2022,04,20,t1,t1,464
2022,04,21,t1,t1,465
2022,04,22,t1,t1,395
2022,04,23,t1,t1,163
2022,04,24,t1,t1,366
2022,04,25,t1,t1,329
2022,04,t1,t1,t1,23050
2022,05,01,101,10,907
2022,05,03,101,10,89
2022,05,04,101,10,73
2022,05,05,101,10,147
2022,05,06,101,10,140
2022,05,07,101,10,69
2022,05,08,101,10,90
2022,05,09,101,10,10
2022,05,10,101,10,64
2022,05,12,101,10,534
2022,05,13,101,10,181
2022,05,14,101,10,810
2022,05,17,101,10,93
2022,05,18,101,10,93
2022,05,19,101,10,108
2022,05,20,101,10,68
2022,05,21,101,10,105
2022,05,22,101,10,49
2022,05,23,101,10,15
2022,05,24,101,10,43
2022,05,25,101,10,31
2022,05,t1,101,10,3719
2022,05,01,101,20,816
2022,05,03,101,20,213
2022,05,04,101,20,45
2022,05,05,101,20,66
2022,05,06,101,20,56
2022,05,07,101,20,24
2022,05,08,101,20,21
2022,05,09,101,20,18
2022,05,10,101,20,23
2022,05,12,101,20,357
2022,05,13,101,20,60
2022,05,14,101,20,365
2022,05,17,101,20,84
2022,05,18,101,20,27
2022,05,19,101,20,30
2022,05,20,101,20,31
2022,05,21,101,20,28
2022,05,22,101,20,38
2022,05,23,101,20,17
2022,05,24,101,20,34
2022,05,25,101,20,31
2022,05,t1,101,20,2384
2022,05,01,101,30,258
2022,05,03,101,30,30
2022,05,04,101,30,46
2022,05,05,101,30,57
2022,05,06,101,30,118
2022,05,07,101,30,53
2022,05,08,101,30,68
2022,05,09,101,30,10
2022,05,10,101,30,33
2022,05,12,101,30,226
2022,05,13,101,30,119
2022,05,14,101,30,412
2022,05,17,101,30,43
2022,05,18,101,30,26
2022,05,19,101,30,35
2022,05,20,101,30,23
2022,05,21,101,30,35
2022,05,22,101,30,33
2022,05,23,101,30,3
2022,05,24,101,30,36
2022,05,25,101,30,19
2022,05,t1,101,30,1683
2022,05,01,101,t1,1981
2022,05,03,101,t1,332
2022,05,04,101,t1,164
2022,05,05,101,t1,270
2022,05,06,101,t1,314
2022,05,07,101,t1,146
2022,05,08,101,t1,179
2022,05,09,101,t1,38
2022,05,10,101,t1,120
2022,05,12,101,t1,1117
2022,05,13,101,t1,360
2022,05,14,101,t1,1587
2022,05,17,101,t1,220
2022,05,18,101,t1,146
2022,05,19,101,t1,173
2022,05,20,101,t1,122
2022,05,21,101,t1,168
2022,05,22,101,t1,120
2022,05,23,101,t1,35
2022,05,24,101,t1,113
2022,05,25,101,t1,81
2022,05,t1,101,t1,7786
2022,05,01,102,10,180
2022,05,03,102,10,25
2022,05,04,102,10,35
2022,05,05,102,10,39
2022,05,06,102,10,55
2022,05,07,102,10,29
2022,05,08,102,10,24
2022,05,09,102,10,6
2022,05,10,102,10,13
2022,05,12,102,10,128
2022,05,13,102,10,45
2022,05,14,102,10,195
2022,05,17,102,10,37
2022,05,18,102,10,35
2022,05,19,102,10,42
2022,05,20,102,10,33
2022,05,21,102,10,24
2022,05,22,102,10,22
2022,05,23,102,10,18
2022,05,24,102,10,28
2022,05,25,102,10,33
2022,05,t1,102,10,1046
2022,05,01,102,20,934
2022,05,03,102,20,69
2022,05,04,102,20,48
2022,05,05,102,20,47
2022,05,06,102,20,75
2022,05,07,102,20,42
2022,05,08,102,20,63
2022,05,09,102,20,6
2022,05,10,102,20,30
2022,05,12,102,20,388
2022,05,13,102,20,43
2022,05,14,102,20,329
2022,05,17,102,20,103
2022,05,18,102,20,32
2022,05,19,102,20,40
2022,05,20,102,20,43
2022,05,21,102,20,39
2022,05,22,102,20,62
2022,05,23,102,20,26
2022,05,24,102,20,59
2022,05,25,102,20,50
2022,05,t1,102,20,2528
2022,05,01,102,30,139
2022,05,03,102,30,8
2022,05,04,102,30,14
2022,05,05,102,30,8
2022,05,06,102,30,19
2022,05,07,102,30,10
2022,05,08,102,30,25
2022,05,09,102,30,3
2022,05,10,102,30,5
2022,05,12,102,30,131
2022,05,13,102,30,20
2022,05,14,102,30,199
2022,05,17,102,30,39
2022,05,18,102,30,29
2022,05,19,102,30,8
2022,05,20,102,30,16
2022,05,21,102,30,38
2022,05,22,102,30,41
2022,05,23,102,30,17
2022,05,24,102,30,18
2022,05,25,102,30,8
2022,05,t1,102,30,795
2022,05,01,102,t1,1253
2022,05,03,102,t1,102
2022,05,04,102,t1,97
2022,05,05,102,t1,94
2022,05,06,102,t1,149
2022,05,07,102,t1,81
2022,05,08,102,t1,112
2022,05,09,102,t1,15
2022,05,10,102,t1,48
2022,05,12,102,t1,647
2022,05,13,102,t1,108
2022,05,14,102,t1,723
2022,05,17,102,t1,179
2022,05,18,102,t1,96
2022,05,19,102,t1,90
2022,05,20,102,t1,92
2022,05,21,102,t1,101
2022,05,22,102,t1,125
2022,05,23,102,t1,61
2022,05,24,102,t1,105
2022,05,25,102,t1,91
2022,05,t1,102,t1,4369
2022,05,01,103,10,715
2022,05,03,103,10,111
2022,05,04,103,10,61
2022,05,05,103,10,156
2022,05,06,103,10,149
2022,05,07,103,10,56
2022,05,08,103,10,70
2022,05,09,103,10,15
2022,05,10,103,10,44
2022,05,12,103,10,506
2022,05,13,103,10,175
2022,05,14,103,10,655
2022,05,17,103,10,65
2022,05,18,103,10,81
2022,05,19,103,10,88
2022,05,20,103,10,66
2022,05,21,103,10,82
2022,05,22,103,10,65
2022,05,23,103,10,34
2022,05,24,103,10,84
2022,05,25,103,10,64
2022,05,t1,103,10,3342
2022,05,01,103,20,1186
2022,05,03,103,20,60
2022,05,04,103,20,31
2022,05,05,103,20,69
2022,05,06,103,20,77
2022,05,07,103,20,25
2022,05,08,103,20,23
2022,05,09,103,20,8
2022,05,10,103,20,19
2022,05,12,103,20,296
2022,05,13,103,20,66
2022,05,14,103,20,512
2022,05,17,103,20,34
2022,05,18,103,20,41
2022,05,19,103,20,39
2022,05,20,103,20,46
2022,05,21,103,20,60
2022,05,22,103,20,29
2022,05,23,103,20,30
2022,05,24,103,20,40
2022,05,25,103,20,36
2022,05,t1,103,20,2727
2022,05,01,103,30,184
2022,05,03,103,30,11
2022,05,04,103,30,10
2022,05,05,103,30,17
2022,05,06,103,30,14
2022,05,07,103,30,8
2022,05,08,103,30,5
2022,05,09,103,30,3
2022,05,10,103,30,3
2022,05,12,103,30,60
2022,05,13,103,30,15
2022,05,14,103,30,76
2022,05,17,103,30,9
2022,05,18,103,30,3
2022,05,19,103,30,11
2022,05,20,103,30,8
2022,05,21,103,30,2
2022,05,22,103,30,2
2022,05,23,103,30,2
2022,05,24,103,30,11
2022,05,25,103,30,6
2022,05,t1,103,30,460
2022,05,01,103,t1,2085
2022,05,03,103,t1,182
2022,05,04,103,t1,102
2022,05,05,103,t1,242
2022,05,06,103,t1,240
2022,05,07,103,t1,89
2022,05,08,103,t1,98
2022,05,09,103,t1,26
2022,05,10,103,t1,66
2022,05,12,103,t1,862
2022,05,13,103,t1,256
2022,05,14,103,t1,1243
2022,05,17,103,t1,108
2022,05,18,103,t1,125
2022,05,19,103,t1,138
2022,05,20,103,t1,120
2022,05,21,103,t1,144
2022,05,22,103,t1,96
2022,05,23,103,t1,66
2022,05,24,103,t1,135
2022,05,25,103,t1,106
2022,05,t1,103,t1,6529
2022,05,01,104,10,290
2022,05,03,104,10,57
2022,05,04,104,10,41
2022,05,05,104,10,50
2022,05,06,104,10,59
2022,05,07,104,10,17
2022,05,08,104,10,23
2022,05,09,104,10,6
2022,05,10,104,10,16
2022,05,12,104,10,177
2022,05,13,104,10,39
2022,05,14,104,10,240
2022,05,17,104,10,43
2022,05,18,104,10,20
2022,05,19,104,10,25
2022,05,20,104,10,35
2022,05,21,104,10,38
2022,05,22,104,10,23
2022,05,23,104,10,2
2022,05,24,104,10,13
2022,05,25,104,10,21
2022,05,t1,104,10,1235
2022,05,01,104,20,160
2022,05,03,104,20,24
2022,05,04,104,20,9
2022,05,05,104,20,18
2022,05,06,104,20,32
2022,05,07,104,20,8
2022,05,08,104,20,4
2022,05,09,104,20,3
2022,05,10,104,20,8
2022,05,12,104,20,44
2022,05,13,104,20,16
2022,05,14,104,20,87
2022,05,17,104,20,26
2022,05,18,104,20,5
2022,05,19,104,20,5
2022,05,20,104,20,8
2022,05,21,104,20,9
2022,05,22,104,20,2
2022,05,23,104,20,7
2022,05,24,104,20,10
2022,05,25,104,20,8
2022,05,t1,104,20,493
2022,05,01,104,30,170
2022,05,03,104,30,19
2022,05,04,104,30,16
2022,05,05,104,30,57
2022,05,06,104,30,48
2022,05,07,104,30,48
2022,05,08,104,30,3
2022,05,09,104,30,2
2022,05,10,104,30,14
2022,05,12,104,30,104
2022,05,13,104,30,11
2022,05,14,104,30,163
2022,05,17,104,30,17
2022,05,18,104,30,22
2022,05,19,104,30,20
2022,05,20,104,30,25
2022,05,21,104,30,27
2022,05,22,104,30,30
2022,05,23,104,30,2
2022,05,24,104,30,38
2022,05,25,104,30,18
2022,05,t1,104,30,854
2022,05,01,104,t1,620
2022,05,03,104,t1,100
2022,05,04,104,t1,66
2022,05,05,104,t1,125
2022,05,06,104,t1,139
2022,05,07,104,t1,73
2022,05,08,104,t1,30
2022,05,09,104,t1,11
2022,05,10,104,t1,38
2022,05,12,104,t1,325
2022,05,13,104,t1,66
2022,05,14,104,t1,490
2022,05,17,104,t1,86
2022,05,18,104,t1,47
2022,05,19,104,t1,50
2022,05,20,104,t1,68
2022,05,21,104,t1,74
2022,05,22,104,t1,55
2022,05,23,104,t1,11
2022,05,24,104,t1,61
2022,05,25,104,t1,47
2022,05,t1,104,t1,2582
2022,05,01,105,10,553
2022,05,03,105,10,116
2022,05,04,105,10,79
2022,05,05,105,10,139
2022,05,06,105,10,76
2022,05,07,105,10,44
2022,05,08,105,10,54
2022,05,09,105,10,4
2022,05,10,105,10,52
2022,05,12,105,10,232
2022,05,13,105,10,73
2022,05,14,105,10,418
2022,05,17,105,10,60
2022,05,18,105,10,42
2022,05,19,105,10,59
2022,05,20,105,10,57
2022,05,21,105,10,51
2022,05,22,105,10,56
2022,05,23,105,10,12
2022,05,24,105,10,53
2022,05,25,105,10,21
2022,05,t1,105,10,2251
2022,05,01,105,20,1889
2022,05,03,105,20,57
2022,05,04,105,20,32
2022,05,05,105,20,85
2022,05,06,105,20,57
2022,05,07,105,20,37
2022,05,08,105,20,23
2022,05,09,105,20,3
2022,05,10,105,20,20
2022,05,12,105,20,323
2022,05,13,105,20,55
2022,05,14,105,20,285
2022,05,17,105,20,37
2022,05,18,105,20,29
2022,05,19,105,20,44
2022,05,20,105,20,19
2022,05,21,105,20,23
2022,05,22,105,20,24
2022,05,23,105,20,17
2022,05,24,105,20,25
2022,05,25,105,20,20
2022,05,t1,105,20,3104
2022,05,01,105,30,123
2022,05,03,105,30,10
2022,05,04,105,30,10
2022,05,05,105,30,18
2022,05,06,105,30,15
2022,05,07,105,30,16
2022,05,08,105,30,12
2022,05,10,105,30,5
2022,05,12,105,30,90
2022,05,13,105,30,19
2022,05,14,105,30,410
2022,05,17,105,30,10
2022,05,18,105,30,5
2022,05,19,105,30,11
2022,05,20,105,30,14
2022,05,21,105,30,5
2022,05,22,105,30,6
2022,05,23,105,30,3
2022,05,24,105,30,6
2022,05,25,105,30,3
2022,05,t1,105,30,791
2022,05,01,105,t1,2565
2022,05,03,105,t1,183
2022,05,04,105,t1,121
2022,05,05,105,t1,242
2022,05,06,105,t1,148
2022,05,07,105,t1,97
2022,05,08,105,t1,89
2022,05,09,105,t1,7
2022,05,10,105,t1,77
2022,05,12,105,t1,645
2022,05,13,105,t1,147
2022,05,14,105,t1,1113
2022,05,17,105,t1,107
2022,05,18,105,t1,76
2022,05,19,105,t1,114
2022,05,20,105,t1,90
2022,05,21,105,t1,79
2022,05,22,105,t1,86
2022,05,23,105,t1,32
2022,05,24,105,t1,84
2022,05,25,105,t1,44
2022,05,t1,105,t1,6146
2022,05,01,106,10,34
2022,05,03,106,10,6
2022,05,04,106,10,2
2022,05,05,106,10,6
2022,05,06,106,10,3
2022,05,07,106,10,5
2022,05,08,106,10,1
2022,05,10,106,10,4
2022,05,12,106,10,9
2022,05,13,106,10,5
2022,05,14,106,10,18
2022,05,17,106,10,1
2022,05,18,106,10,4
2022,05,19,106,10,5
2022,05,20,106,10,4
2022,05,21,106,10,5
2022,05,22,106,10,9
2022,05,23,106,10,1
2022,05,24,106,10,3
2022,05,25,106,10,6
2022,05,t1,106,10,131
2022,05,01,106,20,9
2022,05,03,106,20,2
2022,05,04,106,20,2
2022,05,05,106,20,7
2022,05,06,106,20,3
2022,05,09,106,20,2
2022,05,10,106,20,1
2022,05,12,106,20,1
2022,05,14,106,20,6
2022,05,17,106,20,4
2022,05,18,106,20,1
2022,05,20,106,20,2
2022,05,21,106,20,2
2022,05,22,106,20,1
2022,05,23,106,20,1
2022,05,24,106,20,2
2022,05,25,106,20,3
2022,05,t1,106,20,49
2022,05,01,106,30,17
2022,05,03,106,30,1
2022,05,04,106,30,2
2022,05,06,106,30,1
2022,05,10,106,30,3
2022,05,12,106,30,7
2022,05,14,106,30,8
2022,05,17,106,30,3
2022,05,18,106,30,3
2022,05,19,106,30,3
2022,05,20,106,30,1
2022,05,21,106,30,2
2022,05,22,106,30,2
2022,05,23,106,30,3
2022,05,24,106,30,2
2022,05,t1,106,30,58
2022,05,01,106,t1,60
2022,05,03,106,t1,9
2022,05,04,106,t1,6
2022,05,05,106,t1,13
2022,05,06,106,t1,7
2022,05,07,106,t1,5
2022,05,08,106,t1,1
2022,05,09,106,t1,2
2022,05,10,106,t1,8
2022,05,12,106,t1,17
2022,05,13,106,t1,5
2022,05,14,106,t1,32
2022,05,17,106,t1,8
2022,05,18,106,t1,8
2022,05,19,106,t1,8
2022,05,20,106,t1,7
2022,05,21,106,t1,9
2022,05,22,106,t1,12
2022,05,23,106,t1,5
2022,05,24,106,t1,7
2022,05,25,106,t1,9
2022,05,t1,106,t1,238
2022,05,06,107,10,3
2022,05,t1,107,10,3
2022,05,01,107,20,23
2022,05,04,107,20,7
2022,05,06,107,20,2
2022,05,07,107,20,1
2022,05,08,107,20,2
2022,05,09,107,20,3
2022,05,12,107,20,19
2022,05,13,107,20,5
2022,05,14,107,20,17
2022,05,19,107,20,4
2022,05,t1,107,20,83
2022,05,01,107,t1,23
2022,05,04,107,t1,7
2022,05,06,107,t1,5
2022,05,07,107,t1,1
2022,05,08,107,t1,2
2022,05,09,107,t1,3
2022,05,12,107,t1,19
2022,05,13,107,t1,5
2022,05,14,107,t1,17
2022,05,19,107,t1,4
2022,05,t1,107,t1,86
2022,05,01,t1,10,2679
2022,05,03,t1,10,404
2022,05,04,t1,10,291
2022,05,05,t1,10,537
2022,05,06,t1,10,485
2022,05,07,t1,10,220
2022,05,08,t1,10,262
2022,05,09,t1,10,41
2022,05,10,t1,10,193
2022,05,12,t1,10,1586
2022,05,13,t1,10,518
2022,05,14,t1,10,2336
2022,05,17,t1,10,299
2022,05,18,t1,10,275
2022,05,19,t1,10,327
2022,05,20,t1,10,263
2022,05,21,t1,10,305
2022,05,22,t1,10,224
2022,05,23,t1,10,82
2022,05,24,t1,10,224
2022,05,25,t1,10,176
2022,05,t1,t1,10,11727
2022,05,01,t1,20,5017
2022,05,03,t1,20,425
2022,05,04,t1,20,174
2022,05,05,t1,20,292
2022,05,06,t1,20,302
2022,05,07,t1,20,137
2022,05,08,t1,20,136
2022,05,09,t1,20,43
2022,05,10,t1,20,101
2022,05,12,t1,20,1428
2022,05,13,t1,20,245
2022,05,14,t1,20,1601
2022,05,17,t1,20,288
2022,05,18,t1,20,135
2022,05,19,t1,20,162
2022,05,20,t1,20,149
2022,05,21,t1,20,161
2022,05,22,t1,20,156
2022,05,23,t1,20,98
2022,05,24,t1,20,170
2022,05,25,t1,20,148
2022,05,t1,t1,20,11368
2022,05,01,t1,30,891
2022,05,03,t1,30,79
2022,05,04,t1,30,98
2022,05,05,t1,30,157
2022,05,06,t1,30,215
2022,05,07,t1,30,135
2022,05,08,t1,30,113
2022,05,09,t1,30,18
2022,05,10,t1,30,63
2022,05,12,t1,30,618
2022,05,13,t1,30,184
2022,05,14,t1,30,1268
2022,05,17,t1,30,121
2022,05,18,t1,30,88
2022,05,19,t1,30,88
2022,05,20,t1,30,87
2022,05,21,t1,30,109
2022,05,22,t1,30,114
2022,05,23,t1,30,30
2022,05,24,t1,30,111
2022,05,25,t1,30,54
2022,05,t1,t1,30,4641
2022,05,01,t1,t1,8587
2022,05,03,t1,t1,908
2022,05,04,t1,t1,563
2022,05,05,t1,t1,986
2022,05,06,t1,t1,1002
2022,05,07,t1,t1,492
2022,05,08,t1,t1,511
2022,05,09,t1,t1,102
2022,05,10,t1,t1,357
2022,05,12,t1,t1,3632
2022,05,13,t1,t1,947
2022,05,14,t1,t1,5205
2022,05,17,t1,t1,708
2022,05,18,t1,t1,498
2022,05,19,t1,t1,577
2022,05,20,t1,t1,499
2022,05,21,t1,t1,575
2022,05,22,t1,t1,494
2022,05,23,t1,t1,210
2022,05,24,t1,t1,505
2022,05,25,t1,t1,378
2022,05,t1,t1,t1,27736
2022,06,01,101,10,670
2022,06,03,101,10,89
2022,06,04,101,10,68
2022,06,05,101,10,109
2022,06,06,101,10,127
2022,06,07,101,10,62
2022,06,08,101,10,70
2022,06,09,101,10,11
2022,06,10,101,10,36
2022,06,12,101,10,445
2022,06,13,101,10,84
2022,06,14,101,10,588
2022,06,17,101,10,61
2022,06,18,101,10,86
2022,06,19,101,10,71
2022,06,20,101,10,78
2022,06,21,101,10,75
2022,06,22,101,10,46
2022,06,23,101,10,20
2022,06,24,101,10,49
2022,06,25,101,10,36
2022,06,t1,101,10,2881
2022,06,01,101,20,1634
2022,06,03,101,20,82
2022,06,04,101,20,27
2022,06,05,101,20,30
2022,06,06,101,20,28
2022,06,07,101,20,20
2022,06,08,101,20,22
2022,06,09,101,20,33
2022,06,10,101,20,13
2022,06,12,101,20,219
2022,06,13,101,20,32
2022,06,14,101,20,166
2022,06,17,101,20,69
2022,06,18,101,20,24
2022,06,19,101,20,27
2022,06,20,101,20,33
2022,06,21,101,20,11
2022,06,22,101,20,17
2022,06,23,101,20,16
2022,06,24,101,20,24
2022,06,25,101,20,18
2022,06,t1,101,20,2545
2022,06,01,101,30,236
2022,06,03,101,30,9
2022,06,04,101,30,28
2022,06,05,101,30,38
2022,06,06,101,30,40
2022,06,07,101,30,52
2022,06,08,101,30,28
2022,06,09,101,30,6
2022,06,10,101,30,15
2022,06,12,101,30,127
2022,06,13,101,30,52
2022,06,14,101,30,237
2022,06,17,101,30,74
2022,06,18,101,30,15
2022,06,19,101,30,17
2022,06,20,101,30,25
2022,06,21,101,30,20
2022,06,22,101,30,17
2022,06,24,101,30,22
2022,06,25,101,30,6
2022,06,t1,101,30,1064
2022,06,01,101,t1,2540
2022,06,03,101,t1,180
2022,06,04,101,t1,123
2022,06,05,101,t1,177
2022,06,06,101,t1,195
2022,06,07,101,t1,134
2022,06,08,101,t1,120
2022,06,09,101,t1,50
2022,06,10,101,t1,64
2022,06,12,101,t1,791
2022,06,13,101,t1,168
2022,06,14,101,t1,991
2022,06,17,101,t1,204
2022,06,18,101,t1,125
2022,06,19,101,t1,115
2022,06,20,101,t1,136
2022,06,21,101,t1,106
2022,06,22,101,t1,80
2022,06,23,101,t1,36
2022,06,24,101,t1,95
2022,06,25,101,t1,60
2022,06,t1,101,t1,6490
2022,06,01,102,10,157
2022,06,03,102,10,32
2022,06,04,102,10,28
2022,06,05,102,10,48
2022,06,06,102,10,36
2022,06,07,102,10,26
2022,06,08,102,10,28
2022,06,09,102,10,1
2022,06,10,102,10,13
2022,06,12,102,10,115
2022,06,13,102,10,36
2022,06,14,102,10,168
2022,06,17,102,10,38
2022,06,18,102,10,35
2022,06,19,102,10,23
2022,06,20,102,10,36
2022,06,21,102,10,36
2022,06,22,102,10,19
2022,06,23,102,10,5
2022,06,24,102,10,14
2022,06,25,102,10,30
2022,06,t1,102,10,924
2022,06,01,102,20,794
2022,06,03,102,20,45
2022,06,04,102,20,26
2022,06,05,102,20,59
2022,06,06,102,20,66
2022,06,07,102,20,22
2022,06,08,102,20,16
2022,06,09,102,20,5
2022,06,10,102,20,9
2022,06,12,102,20,423
2022,06,13,102,20,43
2022,06,14,102,20,228
2022,06,17,102,20,126
2022,06,18,102,20,39
2022,06,19,102,20,26
2022,06,20,102,20,33
2022,06,21,102,20,45
2022,06,22,102,20,44
2022,06,23,102,20,32
2022,06,24,102,20,31
2022,06,25,102,20,51
2022,06,t1,102,20,2163
2022,06,01,102,30,167
2022,06,03,102,30,14
2022,06,04,102,30,9
2022,06,05,102,30,20
2022,06,06,102,30,14
2022,06,07,102,30,9
2022,06,08,102,30,29
2022,06,09,102,30,5
2022,06,10,102,30,2
2022,06,12,102,30,174
2022,06,13,102,30,9
2022,06,14,102,30,127
2022,06,17,102,30,133
2022,06,18,102,30,11
2022,06,19,102,30,13
2022,06,20,102,30,16
2022,06,21,102,30,28
2022,06,22,102,30,35
2022,06,23,102,30,12
2022,06,24,102,30,67
2022,06,25,102,30,17
2022,06,t1,102,30,911
2022,06,01,102,t1,1118
2022,06,03,102,t1,91
2022,06,04,102,t1,63
2022,06,05,102,t1,127
2022,06,06,102,t1,116
2022,06,07,102,t1,57
2022,06,08,102,t1,73
2022,06,09,102,t1,11
2022,06,10,102,t1,24
2022,06,12,102,t1,712
2022,06,13,102,t1,88
2022,06,14,102,t1,523
2022,06,17,102,t1,297
2022,06,18,102,t1,85
2022,06,19,102,t1,62
2022,06,20,102,t1,85
2022,06,21,102,t1,109
2022,06,22,102,t1,98
2022,06,23,102,t1,49
2022,06,24,102,t1,112
2022,06,25,102,t1,98
2022,06,t1,102,t1,3998
2022,06,01,103,10,910
2022,06,03,103,10,160
2022,06,04,103,10,79
2022,06,05,103,10,192
2022,06,06,103,10,155
2022,06,07,103,10,64
2022,06,08,103,10,69
2022,06,09,103,10,13
2022,06,10,103,10,57
2022,06,12,103,10,559
2022,06,13,103,10,159
2022,06,14,103,10,773
2022,06,17,103,10,100
2022,06,18,103,10,95
2022,06,19,103,10,136
2022,06,20,103,10,87
2022,06,21,103,10,72
2022,06,22,103,10,72
2022,06,23,103,10,34
2022,06,24,103,10,100
2022,06,25,103,10,63
2022,06,t1,103,10,3949
2022,06,01,103,20,1794
2022,06,03,103,20,103
2022,06,04,103,20,63
2022,06,05,103,20,83
2022,06,06,103,20,104
2022,06,07,103,20,39
2022,06,08,103,20,38
2022,06,09,103,20,5
2022,06,10,103,20,15
2022,06,12,103,20,446
2022,06,13,103,20,88
2022,06,14,103,20,652
2022,06,17,103,20,56
2022,06,18,103,20,59
2022,06,19,103,20,66
2022,06,20,103,20,55
2022,06,21,103,20,52
2022,06,22,103,20,49
2022,06,23,103,20,57
2022,06,24,103,20,54
2022,06,25,103,20,62
2022,06,t1,103,20,3940
2022,06,01,103,30,182
2022,06,03,103,30,12
2022,06,04,103,30,7
2022,06,05,103,30,14
2022,06,06,103,30,16
2022,06,07,103,30,3
2022,06,08,103,30,8
2022,06,09,103,30,2
2022,06,10,103,30,4
2022,06,12,103,30,60
2022,06,13,103,30,16
2022,06,14,103,30,79
2022,06,17,103,30,13
2022,06,18,103,30,8
2022,06,19,103,30,8
2022,06,20,103,30,11
2022,06,21,103,30,13
2022,06,22,103,30,4
2022,06,23,103,30,1
2022,06,24,103,30,6
2022,06,25,103,30,9
2022,06,t1,103,30,476
2022,06,01,103,t1,2886
2022,06,03,103,t1,275
2022,06,04,103,t1,149
2022,06,05,103,t1,289
2022,06,06,103,t1,275
2022,06,07,103,t1,106
2022,06,08,103,t1,115
2022,06,09,103,t1,20
2022,06,10,103,t1,76
2022,06,12,103,t1,1065
2022,06,13,103,t1,263
2022,06,14,103,t1,1504
2022,06,17,103,t1,169
2022,06,18,103,t1,162
2022,06,19,103,t1,210
2022,06,20,103,t1,153
2022,06,21,103,t1,137
2022,06,22,103,t1,125
2022,06,23,103,t1,92
2022,06,24,103,t1,160
2022,06,25,103,t1,134
2022,06,t1,103,t1,8365
2022,06,01,104,10,239
2022,06,03,104,10,44
2022,06,04,104,10,30
2022,06,05,104,10,35
2022,06,06,104,10,28
2022,06,07,104,10,13
2022,06,08,104,10,20
2022,06,09,104,10,2
2022,06,10,104,10,9
2022,06,12,104,10,139
2022,06,13,104,10,38
2022,06,14,104,10,164
2022,06,17,104,10,16
2022,06,18,104,10,20
2022,06,19,104,10,21
2022,06,20,104,10,21
2022,06,21,104,10,24
2022,06,22,104,10,25
2022,06,23,104,10,13
2022,06,24,104,10,13
2022,06,25,104,10,18
2022,06,t1,104,10,932
2022,06,01,104,20,237
2022,06,03,104,20,26
2022,06,04,104,20,5
2022,06,05,104,20,13
2022,06,06,104,20,15
2022,06,08,104,20,3
2022,06,10,104,20,6
2022,06,12,104,20,61
2022,06,13,104,20,8
2022,06,14,104,20,89
2022,06,17,104,20,11
2022,06,18,104,20,12
2022,06,19,104,20,1
2022,06,20,104,20,5
2022,06,21,104,20,6
2022,06,22,104,20,1
2022,06,23,104,20,11
2022,06,24,104,20,4
2022,06,25,104,20,13
2022,06,t1,104,20,527
2022,06,01,104,30,62
2022,06,03,104,30,16
2022,06,04,104,30,13
2022,06,05,104,30,24
2022,06,06,104,30,10
2022,06,07,104,30,16
2022,06,08,104,30,8
2022,06,09,104,30,1
2022,06,10,104,30,8
2022,06,12,104,30,50
2022,06,13,104,30,9
2022,06,14,104,30,196
2022,06,17,104,30,13
2022,06,18,104,30,13
2022,06,19,104,30,14
2022,06,20,104,30,7
2022,06,21,104,30,7
2022,06,22,104,30,17
2022,06,23,104,30,20
2022,06,24,104,30,18
2022,06,25,104,30,43
2022,06,t1,104,30,565
2022,06,01,104,t1,538
2022,06,03,104,t1,86
2022,06,04,104,t1,48
2022,06,05,104,t1,72
2022,06,06,104,t1,53
2022,06,07,104,t1,29
2022,06,08,104,t1,31
2022,06,09,104,t1,3
2022,06,10,104,t1,23
2022,06,12,104,t1,250
2022,06,13,104,t1,55
2022,06,14,104,t1,449
2022,06,17,104,t1,40
2022,06,18,104,t1,45
2022,06,19,104,t1,36
2022,06,20,104,t1,33
2022,06,21,104,t1,37
2022,06,22,104,t1,43
2022,06,23,104,t1,44
2022,06,24,104,t1,35
2022,06,25,104,t1,74
2022,06,t1,104,t1,2024
2022,06,01,105,10,573
2022,06,03,105,10,90
2022,06,04,105,10,58
2022,06,05,105,10,112
2022,06,06,105,10,94
2022,06,07,105,10,50
2022,06,08,105,10,49
2022,06,09,105,10,6
2022,06,10,105,10,42
2022,06,12,105,10,220
2022,06,13,105,10,89
2022,06,14,105,10,464
2022,06,17,105,10,55
2022,06,18,105,10,62
2022,06,19,105,10,75
2022,06,20,105,10,92
2022,06,21,105,10,49
2022,06,22,105,10,76
2022,06,23,105,10,10
2022,06,24,105,10,77
2022,06,25,105,10,35
2022,06,t1,105,10,2378
2022,06,01,105,20,1621
2022,06,03,105,20,56
2022,06,04,105,20,69
2022,06,05,105,20,90
2022,06,06,105,20,64
2022,06,07,105,20,16
2022,06,08,105,20,19
2022,06,09,105,20,4
2022,06,10,105,20,10
2022,06,12,105,20,371
2022,06,13,105,20,59
2022,06,14,105,20,392
2022,06,17,105,20,33
2022,06,18,105,20,33
2022,06,19,105,20,44
2022,06,20,105,20,44
2022,06,21,105,20,26
2022,06,22,105,20,22
2022,06,23,105,20,7
2022,06,24,105,20,28
2022,06,25,105,20,25
2022,06,t1,105,20,3033
2022,06,01,105,30,153
2022,06,03,105,30,15
2022,06,04,105,30,15
2022,06,05,105,30,18
2022,06,06,105,30,31
2022,06,07,105,30,14
2022,06,08,105,30,13
2022,06,09,105,30,1
2022,06,10,105,30,7
2022,06,12,105,30,91
2022,06,13,105,30,26
2022,06,14,105,30,284
2022,06,17,105,30,17
2022,06,18,105,30,17
2022,06,19,105,30,13
2022,06,20,105,30,9
2022,06,21,105,30,8
2022,06,22,105,30,6
2022,06,23,105,30,2
2022,06,24,105,30,7
2022,06,25,105,30,1
2022,06,t1,105,30,748
2022,06,01,105,t1,2347
2022,06,03,105,t1,161
2022,06,04,105,t1,142
2022,06,05,105,t1,220
2022,06,06,105,t1,189
2022,06,07,105,t1,80
2022,06,08,105,t1,81
2022,06,09,105,t1,11
2022,06,10,105,t1,59
2022,06,12,105,t1,682
2022,06,13,105,t1,174
2022,06,14,105,t1,1140
2022,06,17,105,t1,105
2022,06,18,105,t1,112
2022,06,19,105,t1,132
2022,06,20,105,t1,145
2022,06,21,105,t1,83
2022,06,22,105,t1,104
2022,06,23,105,t1,19
2022,06,24,105,t1,112
2022,06,25,105,t1,61
2022,06,t1,105,t1,6159
2022,06,01,106,10,26
2022,06,03,106,10,4
2022,06,05,106,10,4
2022,06,06,106,10,6
2022,06,08,106,10,3
2022,06,10,106,10,1
2022,06,12,106,10,8
2022,06,13,106,10,5
2022,06,14,106,10,20
2022,06,17,106,10,3
2022,06,18,106,10,5
2022,06,19,106,10,1
2022,06,20,106,10,1
2022,06,21,106,10,2
2022,06,22,106,10,2
2022,06,23,106,10,1
2022,06,24,106,10,9
2022,06,t1,106,10,101
2022,06,01,106,20,16
2022,06,05,106,20,3
2022,06,06,106,20,2
2022,06,07,106,20,1
2022,06,09,106,20,2
2022,06,12,106,20,3
2022,06,14,106,20,1
2022,06,20,106,20,4
2022,06,21,106,20,2
2022,06,22,106,20,2
2022,06,23,106,20,1
2022,06,24,106,20,6
2022,06,t1,106,20,43
2022,06,01,106,30,7
2022,06,04,106,30,1
2022,06,08,106,30,1
2022,06,10,106,30,1
2022,06,12,106,30,7
2022,06,13,106,30,2
2022,06,14,106,30,8
2022,06,18,106,30,1
2022,06,20,106,30,1
2022,06,23,106,30,4
2022,06,24,106,30,3
2022,06,t1,106,30,36
2022,06,01,106,t1,49
2022,06,03,106,t1,4
2022,06,04,106,t1,1
2022,06,05,106,t1,7
2022,06,06,106,t1,8
2022,06,07,106,t1,1
2022,06,08,106,t1,4
2022,06,09,106,t1,2
2022,06,10,106,t1,2
2022,06,12,106,t1,18
2022,06,13,106,t1,7
2022,06,14,106,t1,29
2022,06,17,106,t1,3
2022,06,18,106,t1,6
2022,06,19,106,t1,1
2022,06,20,106,t1,6
2022,06,21,106,t1,4
2022,06,22,106,t1,4
2022,06,23,106,t1,6
2022,06,24,106,t1,18
2022,06,t1,106,t1,180
2022,06,01,107,10,1
2022,06,06,107,10,1
2022,06,t1,107,10,2
2022,06,01,107,20,48
2022,06,03,107,20,1
2022,06,04,107,20,2
2022,06,05,107,20,3
2022,06,06,107,20,11
2022,06,08,107,20,5
2022,06,10,107,20,2
2022,06,12,107,20,15
2022,06,13,107,20,16
2022,06,14,107,20,41
2022,06,17,107,20,1
2022,06,18,107,20,2
2022,06,19,107,20,5
2022,06,23,107,20,1
2022,06,t1,107,20,153
2022,06,01,107,t1,49
2022,06,03,107,t1,1
2022,06,04,107,t1,2
2022,06,05,107,t1,3
2022,06,06,107,t1,12
2022,06,08,107,t1,5
2022,06,10,107,t1,2
2022,06,12,107,t1,15
2022,06,13,107,t1,16
2022,06,14,107,t1,41
2022,06,17,107,t1,1
2022,06,18,107,t1,2
2022,06,19,107,t1,5
2022,06,23,107,t1,1
2022,06,t1,107,t1,155
2022,06,12,109,10,1
2022,06,17,109,10,1
2022,06,22,109,10,1
2022,06,t1,109,10,3
2022,06,12,109,t1,1
2022,06,17,109,t1,1
2022,06,22,109,t1,1
2022,06,t1,109,t1,3
2022,06,01,t1,10,2576
2022,06,03,t1,10,419
2022,06,04,t1,10,263
2022,06,05,t1,10,500
2022,06,06,t1,10,447
2022,06,07,t1,10,215
2022,06,08,t1,10,239
2022,06,09,t1,10,33
2022,06,10,t1,10,158
2022,06,12,t1,10,1487
2022,06,13,t1,10,411
2022,06,14,t1,10,2177
2022,06,17,t1,10,274
2022,06,18,t1,10,303
2022,06,19,t1,10,327
2022,06,20,t1,10,315
2022,06,21,t1,10,258
2022,06,22,t1,10,241
2022,06,23,t1,10,83
2022,06,24,t1,10,262
2022,06,25,t1,10,182
2022,06,t1,t1,10,11170
2022,06,01,t1,20,6144
2022,06,03,t1,20,313
2022,06,04,t1,20,192
2022,06,05,t1,20,281
2022,06,06,t1,20,290
2022,06,07,t1,20,98
2022,06,08,t1,20,103
2022,06,09,t1,20,49
2022,06,10,t1,20,55
2022,06,12,t1,20,1538
2022,06,13,t1,20,246
2022,06,14,t1,20,1569
2022,06,17,t1,20,296
2022,06,18,t1,20,169
2022,06,19,t1,20,169
2022,06,20,t1,20,174
2022,06,21,t1,20,142
2022,06,22,t1,20,135
2022,06,23,t1,20,125
2022,06,24,t1,20,147
2022,06,25,t1,20,169
2022,06,t1,t1,20,12404
2022,06,01,t1,30,807
2022,06,03,t1,30,66
2022,06,04,t1,30,73
2022,06,05,t1,30,114
2022,06,06,t1,30,111
2022,06,07,t1,30,94
2022,06,08,t1,30,87
2022,06,09,t1,30,15
2022,06,10,t1,30,37
2022,06,12,t1,30,509
2022,06,13,t1,30,114
2022,06,14,t1,30,931
2022,06,17,t1,30,250
2022,06,18,t1,30,65
2022,06,19,t1,30,65
2022,06,20,t1,30,69
2022,06,21,t1,30,76
2022,06,22,t1,30,79
2022,06,23,t1,30,39
2022,06,24,t1,30,123
2022,06,25,t1,30,76
2022,06,t1,t1,30,3800
2022,06,01,t1,t1,9527
2022,06,03,t1,t1,798
2022,06,04,t1,t1,528
2022,06,05,t1,t1,895
2022,06,06,t1,t1,848
2022,06,07,t1,t1,407
2022,06,08,t1,t1,429
2022,06,09,t1,t1,97
2022,06,10,t1,t1,250
2022,06,12,t1,t1,3534
2022,06,13,t1,t1,771
2022,06,14,t1,t1,4677
2022,06,17,t1,t1,820
2022,06,18,t1,t1,537
2022,06,19,t1,t1,561
2022,06,20,t1,t1,558
2022,06,21,t1,t1,476
2022,06,22,t1,t1,455
2022,06,23,t1,t1,247
2022,06,24,t1,t1,532
2022,06,25,t1,t1,427
2022,06,t1,t1,t1,27374
2022,07,01,101,10,523
2022,07,03,101,10,67
2022,07,04,101,10,67
2022,07,05,101,10,95
2022,07,06,101,10,98
2022,07,07,101,10,50
2022,07,08,101,10,80
2022,07,09,101,10,15
2022,07,10,101,10,30
2022,07,12,101,10,376
2022,07,13,101,10,119
2022,07,14,101,10,449
2022,07,17,101,10,70
2022,07,18,101,10,70
2022,07,19,101,10,55
2022,07,20,101,10,52
2022,07,21,101,10,49
2022,07,22,101,10,52
2022,07,23,101,10,18
2022,07,24,101,10,33
2022,07,25,101,10,22
2022,07,t1,101,10,2390
2022,07,01,101,20,1392
2022,07,03,101,20,110
2022,07,04,101,20,27
2022,07,05,101,20,24
2022,07,06,101,20,26
2022,07,07,101,20,28
2022,07,08,101,20,22
2022,07,09,101,20,3
2022,07,10,101,20,15
2022,07,12,101,20,190
2022,07,13,101,20,31
2022,07,14,101,20,239
2022,07,17,101,20,37
2022,07,18,101,20,21
2022,07,19,101,20,27
2022,07,20,101,20,32
2022,07,21,101,20,13
2022,07,22,101,20,8
2022,07,23,101,20,3
2022,07,24,101,20,22
2022,07,25,101,20,13
2022,07,t1,101,20,2283
2022,07,01,101,30,274
2022,07,03,101,30,14
2022,07,04,101,30,13
2022,07,05,101,30,33
2022,07,06,101,30,24
2022,07,07,101,30,17
2022,07,08,101,30,30
2022,07,09,101,30,2
2022,07,10,101,30,6
2022,07,12,101,30,126
2022,07,13,101,30,52
2022,07,14,101,30,268
2022,07,17,101,30,36
2022,07,18,101,30,20
2022,07,19,101,30,8
2022,07,20,101,30,16
2022,07,21,101,30,17
2022,07,22,101,30,11
2022,07,23,101,30,1
2022,07,24,101,30,24
2022,07,25,101,30,7
2022,07,t1,101,30,999
2022,07,01,101,t1,2189
2022,07,03,101,t1,191
2022,07,04,101,t1,107
2022,07,05,101,t1,152
2022,07,06,101,t1,148
2022,07,07,101,t1,95
2022,07,08,101,t1,132
2022,07,09,101,t1,20
2022,07,10,101,t1,51
2022,07,12,101,t1,692
2022,07,13,101,t1,202
2022,07,14,101,t1,956
2022,07,17,101,t1,143
2022,07,18,101,t1,111
2022,07,19,101,t1,90
2022,07,20,101,t1,100
2022,07,21,101,t1,79
2022,07,22,101,t1,71
2022,07,23,101,t1,22
2022,07,24,101,t1,79
2022,07,25,101,t1,42
2022,07,t1,101,t1,5672
2022,07,01,102,10,105
2022,07,03,102,10,31
2022,07,04,102,10,17
2022,07,05,102,10,29
2022,07,06,102,10,29
2022,07,07,102,10,19
2022,07,08,102,10,14
2022,07,09,102,10,2
2022,07,10,102,10,14
2022,07,12,102,10,104
2022,07,13,102,10,22
2022,07,14,102,10,108
2022,07,17,102,10,17
2022,07,18,102,10,30
2022,07,19,102,10,33
2022,07,20,102,10,16
2022,07,21,102,10,19
2022,07,22,102,10,18
2022,07,23,102,10,12
2022,07,24,102,10,14
2022,07,25,102,10,20
2022,07,t1,102,10,673
2022,07,01,102,20,423
2022,07,03,102,20,31
2022,07,04,102,20,19
2022,07,05,102,20,38
2022,07,06,102,20,27
2022,07,07,102,20,10
2022,07,08,102,20,17
2022,07,10,102,20,8
2022,07,12,102,20,234
2022,07,13,102,20,18
2022,07,14,102,20,115
2022,07,17,102,20,31
2022,07,18,102,20,17
2022,07,19,102,20,10
2022,07,20,102,20,31
2022,07,21,102,20,24
2022,07,22,102,20,36
2022,07,23,102,20,9
2022,07,24,102,20,17
2022,07,25,102,20,17
2022,07,t1,102,20,1132
2022,07,01,102,30,70
2022,07,03,102,30,5
2022,07,04,102,30,3
2022,07,05,102,30,7
2022,07,06,102,30,6
2022,07,07,102,30,2
2022,07,08,102,30,22
2022,07,09,102,30,2
2022,07,10,102,30,14
2022,07,12,102,30,86
2022,07,13,102,30,10
2022,07,14,102,30,77
2022,07,17,102,30,47
2022,07,18,102,30,22
2022,07,19,102,30,7
2022,07,20,102,30,5
2022,07,21,102,30,13
2022,07,22,102,30,18
2022,07,23,102,30,2
2022,07,24,102,30,21
2022,07,25,102,30,5
2022,07,t1,102,30,444
2022,07,01,102,t1,598
2022,07,03,102,t1,67
2022,07,04,102,t1,39
2022,07,05,102,t1,74
2022,07,06,102,t1,62
2022,07,07,102,t1,31
2022,07,08,102,t1,53
2022,07,09,102,t1,4
2022,07,10,102,t1,36
2022,07,12,102,t1,424
2022,07,13,102,t1,50
2022,07,14,102,t1,300
2022,07,17,102,t1,95
2022,07,18,102,t1,69
2022,07,19,102,t1,50
2022,07,20,102,t1,52
2022,07,21,102,t1,56
2022,07,22,102,t1,72
2022,07,23,102,t1,23
2022,07,24,102,t1,52
2022,07,25,102,t1,42
2022,07,t1,102,t1,2249
2022,07,01,103,10,501
2022,07,03,103,10,105
2022,07,04,103,10,52
2022,07,05,103,10,115
2022,07,06,103,10,115
2022,07,07,103,10,41
2022,07,08,103,10,48
2022,07,09,103,10,13
2022,07,10,103,10,46
2022,07,12,103,10,414
2022,07,13,103,10,138
2022,07,14,103,10,494
2022,07,17,103,10,66
2022,07,18,103,10,72
2022,07,19,103,10,57
2022,07,20,103,10,46
2022,07,21,103,10,45
2022,07,22,103,10,36
2022,07,23,103,10,17
2022,07,24,103,10,63
2022,07,25,103,10,35
2022,07,t1,103,10,2519
2022,07,01,103,20,782
2022,07,03,103,20,66
2022,07,04,103,20,32
2022,07,05,103,20,57
2022,07,06,103,20,49
2022,07,07,103,20,23
2022,07,08,103,20,37
2022,07,09,103,20,1
2022,07,10,103,20,13
2022,07,12,103,20,250
2022,07,13,103,20,48
2022,07,14,103,20,311
2022,07,17,103,20,17
2022,07,18,103,20,16
2022,07,19,103,20,22
2022,07,20,103,20,25
2022,07,21,103,20,23
2022,07,22,103,20,26
2022,07,23,103,20,25
2022,07,24,103,20,28
2022,07,25,103,20,23
2022,07,t1,103,20,1874
2022,07,01,103,30,119
2022,07,03,103,30,7
2022,07,04,103,30,12
2022,07,05,103,30,13
2022,07,06,103,30,19
2022,07,08,103,30,6
2022,07,09,103,30,2
2022,07,10,103,30,1
2022,07,12,103,30,60
2022,07,13,103,30,13
2022,07,14,103,30,67
2022,07,17,103,30,10
2022,07,18,103,30,9
2022,07,19,103,30,12
2022,07,20,103,30,6
2022,07,21,103,30,6
2022,07,22,103,30,17
2022,07,23,103,30,7
2022,07,24,103,30,9
2022,07,25,103,30,4
2022,07,t1,103,30,399
2022,07,01,103,t1,1402
2022,07,03,103,t1,178
2022,07,04,103,t1,96
2022,07,05,103,t1,185
2022,07,06,103,t1,183
2022,07,07,103,t1,64
2022,07,08,103,t1,91
2022,07,09,103,t1,16
2022,07,10,103,t1,60
2022,07,12,103,t1,724
2022,07,13,103,t1,199
2022,07,14,103,t1,872
2022,07,17,103,t1,93
2022,07,18,103,t1,97
2022,07,19,103,t1,91
2022,07,20,103,t1,77
2022,07,21,103,t1,74
2022,07,22,103,t1,79
2022,07,23,103,t1,49
2022,07,24,103,t1,100
2022,07,25,103,t1,62
2022,07,t1,103,t1,4792
2022,07,01,104,10,187
2022,07,03,104,10,29
2022,07,04,104,10,28
2022,07,05,104,10,52
2022,07,06,104,10,35
2022,07,07,104,10,12
2022,07,08,104,10,19
2022,07,09,104,10,4
2022,07,10,104,10,16
2022,07,12,104,10,119
2022,07,13,104,10,21
2022,07,14,104,10,144
2022,07,17,104,10,19
2022,07,18,104,10,23
2022,07,19,104,10,22
2022,07,20,104,10,12
2022,07,21,104,10,38
2022,07,22,104,10,9
2022,07,23,104,10,5
2022,07,24,104,10,12
2022,07,25,104,10,15
2022,07,t1,104,10,821
2022,07,01,104,20,158
2022,07,03,104,20,12
2022,07,04,104,20,2
2022,07,05,104,20,11
2022,07,06,104,20,7
2022,07,07,104,20,3
2022,07,08,104,20,3
2022,07,09,104,20,2
2022,07,10,104,20,1
2022,07,12,104,20,49
2022,07,13,104,20,10
2022,07,14,104,20,48
2022,07,17,104,20,3
2022,07,18,104,20,6
2022,07,19,104,20,2
2022,07,20,104,20,8
2022,07,21,104,20,4
2022,07,22,104,20,1
2022,07,23,104,20,1
2022,07,24,104,20,1
2022,07,25,104,20,13
2022,07,t1,104,20,345
2022,07,01,104,30,36
2022,07,03,104,30,14
2022,07,04,104,30,10
2022,07,05,104,30,30
2022,07,06,104,30,19
2022,07,07,104,30,7
2022,07,08,104,30,9
2022,07,09,104,30,3
2022,07,10,104,30,7
2022,07,12,104,30,60
2022,07,13,104,30,8
2022,07,14,104,30,130
2022,07,17,104,30,11
2022,07,18,104,30,24
2022,07,19,104,30,4
2022,07,20,104,30,15
2022,07,21,104,30,16
2022,07,22,104,30,9
2022,07,23,104,30,3
2022,07,24,104,30,15
2022,07,25,104,30,4
2022,07,t1,104,30,434
2022,07,01,104,t1,381
2022,07,03,104,t1,55
2022,07,04,104,t1,40
2022,07,05,104,t1,93
2022,07,06,104,t1,61
2022,07,07,104,t1,22
2022,07,08,104,t1,31
2022,07,09,104,t1,9
2022,07,10,104,t1,24
2022,07,12,104,t1,228
2022,07,13,104,t1,39
2022,07,14,104,t1,322
2022,07,17,104,t1,33
2022,07,18,104,t1,53
2022,07,19,104,t1,28
2022,07,20,104,t1,35
2022,07,21,104,t1,58
2022,07,22,104,t1,19
2022,07,23,104,t1,9
2022,07,24,104,t1,28
2022,07,25,104,t1,32
2022,07,t1,104,t1,1600
2022,07,01,105,10,302
2022,07,03,105,10,46
2022,07,04,105,10,46
2022,07,05,105,10,57
2022,07,06,105,10,37
2022,07,07,105,10,29
2022,07,08,105,10,38
2022,07,09,105,10,4
2022,07,10,105,10,24
2022,07,12,105,10,143
2022,07,13,105,10,85
2022,07,14,105,10,288
2022,07,17,105,10,31
2022,07,18,105,10,27
2022,07,19,105,10,42
2022,07,20,105,10,41
2022,07,21,105,10,43
2022,07,22,105,10,66
2022,07,23,105,10,5
2022,07,24,105,10,40
2022,07,25,105,10,16
2022,07,t1,105,10,1410
2022,07,01,105,20,1088
2022,07,03,105,20,31
2022,07,04,105,20,21
2022,07,05,105,20,42
2022,07,06,105,20,40
2022,07,07,105,20,14
2022,07,08,105,20,32
2022,07,09,105,20,2
2022,07,10,105,20,11
2022,07,12,105,20,393
2022,07,13,105,20,43
2022,07,14,105,20,285
2022,07,17,105,20,29
2022,07,18,105,20,23
2022,07,19,105,20,26
2022,07,20,105,20,32
2022,07,21,105,20,21
2022,07,22,105,20,19
2022,07,23,105,20,9
2022,07,24,105,20,26
2022,07,25,105,20,14
2022,07,t1,105,20,2201
2022,07,01,105,30,261
2022,07,03,105,30,12
2022,07,04,105,30,10
2022,07,05,105,30,20
2022,07,06,105,30,18
2022,07,07,105,30,11
2022,07,08,105,30,11
2022,07,09,105,30,3
2022,07,10,105,30,6
2022,07,12,105,30,74
2022,07,13,105,30,29
2022,07,14,105,30,116
2022,07,17,105,30,7
2022,07,18,105,30,3
2022,07,19,105,30,10
2022,07,20,105,30,14
2022,07,21,105,30,8
2022,07,22,105,30,8
2022,07,23,105,30,4
2022,07,24,105,30,12
2022,07,25,105,30,11
2022,07,t1,105,30,648
2022,07,01,105,t1,1651
2022,07,03,105,t1,89
2022,07,04,105,t1,77
2022,07,05,105,t1,119
2022,07,06,105,t1,95
2022,07,07,105,t1,54
2022,07,08,105,t1,81
2022,07,09,105,t1,9
2022,07,10,105,t1,41
2022,07,12,105,t1,610
2022,07,13,105,t1,157
2022,07,14,105,t1,689
2022,07,17,105,t1,67
2022,07,18,105,t1,53
2022,07,19,105,t1,78
2022,07,20,105,t1,87
2022,07,21,105,t1,72
2022,07,22,105,t1,93
2022,07,23,105,t1,18
2022,07,24,105,t1,78
2022,07,25,105,t1,41
2022,07,t1,105,t1,4259
2022,07,01,106,10,19
2022,07,03,106,10,3
2022,07,04,106,10,3
2022,07,05,106,10,5
2022,07,06,106,10,3
2022,07,07,106,10,1
2022,07,10,106,10,3
2022,07,12,106,10,7
2022,07,13,106,10,3
2022,07,14,106,10,23
2022,07,17,106,10,1
2022,07,18,106,10,4
2022,07,19,106,10,4
2022,07,21,106,10,7
2022,07,22,106,10,3
2022,07,24,106,10,4
2022,07,25,106,10,1
2022,07,t1,106,10,94
2022,07,01,106,20,4
2022,07,04,106,20,2
2022,07,06,106,20,1
2022,07,08,106,20,1
2022,07,10,106,20,15
2022,07,12,106,20,5
2022,07,13,106,20,1
2022,07,14,106,20,1
2022,07,17,106,20,3
2022,07,20,106,20,2
2022,07,21,106,20,1
2022,07,22,106,20,1
2022,07,24,106,20,2
2022,07,25,106,20,1
2022,07,t1,106,20,40
2022,07,01,106,30,10
2022,07,03,106,30,1
2022,07,05,106,30,2
2022,07,06,106,30,3
2022,07,08,106,30,1
2022,07,12,106,30,4
2022,07,14,106,30,7
2022,07,17,106,30,1
2022,07,18,106,30,1
2022,07,19,106,30,2
2022,07,21,106,30,3
2022,07,22,106,30,3
2022,07,23,106,30,2
2022,07,24,106,30,1
2022,07,t1,106,30,41
2022,07,01,106,t1,33
2022,07,03,106,t1,4
2022,07,04,106,t1,5
2022,07,05,106,t1,7
2022,07,06,106,t1,7
2022,07,07,106,t1,1
2022,07,08,106,t1,2
2022,07,10,106,t1,18
2022,07,12,106,t1,16
2022,07,13,106,t1,4
2022,07,14,106,t1,31
2022,07,17,106,t1,5
2022,07,18,106,t1,5
2022,07,19,106,t1,6
2022,07,20,106,t1,2
2022,07,21,106,t1,11
2022,07,22,106,t1,7
2022,07,23,106,t1,2
2022,07,24,106,t1,7
2022,07,25,106,t1,2
2022,07,t1,106,t1,175
2022,07,01,107,20,17
2022,07,03,107,20,4
2022,07,06,107,20,1
2022,07,08,107,20,1
2022,07,10,107,20,3
2022,07,12,107,20,9
2022,07,14,107,20,3
2022,07,18,107,20,1
2022,07,t1,107,20,39
2022,07,01,107,t1,17
2022,07,03,107,t1,4
2022,07,06,107,t1,1
2022,07,08,107,t1,1
2022,07,10,107,t1,3
2022,07,12,107,t1,9
2022,07,14,107,t1,3
2022,07,18,107,t1,1
2022,07,t1,107,t1,39
2022,07,03,109,10,1
2022,07,17,109,10,1
2022,07,t1,109,10,2
2022,07,04,109,30,1
2022,07,t1,109,30,1
2022,07,03,109,t1,1
2022,07,04,109,t1,1
2022,07,17,109,t1,1
2022,07,t1,109,t1,3
2022,07,01,t1,10,1637
2022,07,03,t1,10,282
2022,07,04,t1,10,213
2022,07,05,t1,10,353
2022,07,06,t1,10,317
2022,07,07,t1,10,152
2022,07,08,t1,10,199
2022,07,09,t1,10,38
2022,07,10,t1,10,133
2022,07,12,t1,10,1163
2022,07,13,t1,10,388
2022,07,14,t1,10,1506
2022,07,17,t1,10,205
2022,07,18,t1,10,226
2022,07,19,t1,10,213
2022,07,20,t1,10,167
2022,07,21,t1,10,201
2022,07,22,t1,10,184
2022,07,23,t1,10,57
2022,07,24,t1,10,166
2022,07,25,t1,10,109
2022,07,t1,t1,10,7909
2022,07,01,t1,20,3864
2022,07,03,t1,20,254
2022,07,04,t1,20,103
2022,07,05,t1,20,172
2022,07,06,t1,20,151
2022,07,07,t1,20,78
2022,07,08,t1,20,113
2022,07,09,t1,20,8
2022,07,10,t1,20,66
2022,07,12,t1,20,1130
2022,07,13,t1,20,151
2022,07,14,t1,20,1002
2022,07,17,t1,20,120
2022,07,18,t1,20,84
2022,07,19,t1,20,87
2022,07,20,t1,20,130
2022,07,21,t1,20,86
2022,07,22,t1,20,91
2022,07,23,t1,20,47
2022,07,24,t1,20,96
2022,07,25,t1,20,81
2022,07,t1,t1,20,7914
2022,07,01,t1,30,770
2022,07,03,t1,30,53
2022,07,04,t1,30,49
2022,07,05,t1,30,105
2022,07,06,t1,30,89
2022,07,07,t1,30,37
2022,07,08,t1,30,79
2022,07,09,t1,30,12
2022,07,10,t1,30,34
2022,07,12,t1,30,410
2022,07,13,t1,30,112
2022,07,14,t1,30,665
2022,07,17,t1,30,112
2022,07,18,t1,30,79
2022,07,19,t1,30,43
2022,07,20,t1,30,56
2022,07,21,t1,30,63
2022,07,22,t1,30,66
2022,07,23,t1,30,19
2022,07,24,t1,30,82
2022,07,25,t1,30,31
2022,07,t1,t1,30,2966
2022,07,01,t1,t1,6271
2022,07,03,t1,t1,589
2022,07,04,t1,t1,365
2022,07,05,t1,t1,630
2022,07,06,t1,t1,557
2022,07,07,t1,t1,267
2022,07,08,t1,t1,391
2022,07,09,t1,t1,58
2022,07,10,t1,t1,233
2022,07,12,t1,t1,2703
2022,07,13,t1,t1,651
2022,07,14,t1,t1,3173
2022,07,17,t1,t1,437
2022,07,18,t1,t1,389
2022,07,19,t1,t1,343
2022,07,20,t1,t1,353
2022,07,21,t1,t1,350
2022,07,22,t1,t1,341
2022,07,23,t1,t1,123
2022,07,24,t1,t1,344
2022,07,25,t1,t1,221
2022,07,t1,t1,t1,18789
2022,08,01,101,10,646
2022,08,03,101,10,102
2022,08,04,101,10,92
2022,08,05,101,10,117
2022,08,06,101,10,129
2022,08,07,101,10,42
2022,08,08,101,10,70
2022,08,09,101,10,11
2022,08,10,101,10,40
2022,08,12,101,10,399
2022,08,13,101,10,124
2022,08,14,101,10,524
2022,08,17,101,10,78
2022,08,18,101,10,74
2022,08,19,101,10,72
2022,08,20,101,10,56
2022,08,21,101,10,51
2022,08,22,101,10,47
2022,08,23,101,10,11
2022,08,24,101,10,40
2022,08,25,101,10,28
2022,08,t1,101,10,2753
2022,08,01,101,20,898
2022,08,03,101,20,138
2022,08,04,101,20,38
2022,08,05,101,20,47
2022,08,06,101,20,52
2022,08,07,101,20,28
2022,08,08,101,20,20
2022,08,09,101,20,5
2022,08,10,101,20,19
2022,08,12,101,20,329
2022,08,13,101,20,53
2022,08,14,101,20,276
2022,08,17,101,20,49
2022,08,18,101,20,37
2022,08,19,101,20,20
2022,08,20,101,20,30
2022,08,21,101,20,17
2022,08,22,101,20,22
2022,08,23,101,20,8
2022,08,24,101,20,39
2022,08,25,101,20,23
2022,08,t1,101,20,2148
2022,08,01,101,30,157
2022,08,03,101,30,28
2022,08,04,101,30,32
2022,08,05,101,30,42
2022,08,06,101,30,36
2022,08,07,101,30,23
2022,08,08,101,30,28
2022,08,09,101,30,6
2022,08,10,101,30,12
2022,08,12,101,30,150
2022,08,13,101,30,53
2022,08,14,101,30,276
2022,08,17,101,30,39
2022,08,18,101,30,24
2022,08,19,101,30,21
2022,08,20,101,30,44
2022,08,21,101,30,19
2022,08,22,101,30,29
2022,08,23,101,30,5
2022,08,24,101,30,34
2022,08,25,101,30,16
2022,08,t1,101,30,1074
2022,08,01,101,t1,1701
2022,08,03,101,t1,268
2022,08,04,101,t1,162
2022,08,05,101,t1,206
2022,08,06,101,t1,217
2022,08,07,101,t1,93
2022,08,08,101,t1,118
2022,08,09,101,t1,22
2022,08,10,101,t1,71
2022,08,12,101,t1,878
2022,08,13,101,t1,230
2022,08,14,101,t1,1076
2022,08,17,101,t1,166
2022,08,18,101,t1,135
2022,08,19,101,t1,113
2022,08,20,101,t1,130
2022,08,21,101,t1,87
2022,08,22,101,t1,98
2022,08,23,101,t1,24
2022,08,24,101,t1,113
2022,08,25,101,t1,67
2022,08,t1,101,t1,5975
2022,08,01,102,10,100
2022,08,03,102,10,23
2022,08,04,102,10,16
2022,08,05,102,10,28
2022,08,06,102,10,24
2022,08,07,102,10,16
2022,08,08,102,10,17
2022,08,09,102,10,3
2022,08,10,102,10,8
2022,08,12,102,10,85
2022,08,13,102,10,24
2022,08,14,102,10,98
2022,08,17,102,10,18
2022,08,18,102,10,27
2022,08,19,102,10,12
2022,08,20,102,10,19
2022,08,21,102,10,14
2022,08,22,102,10,9
2022,08,23,102,10,11
2022,08,24,102,10,15
2022,08,25,102,10,21
2022,08,t1,102,10,588
2022,08,01,102,20,533
2022,08,03,102,20,25
2022,08,04,102,20,16
2022,08,05,102,20,47
2022,08,06,102,20,30
2022,08,07,102,20,17
2022,08,08,102,20,8
2022,08,09,102,20,3
2022,08,10,102,20,13
2022,08,12,102,20,235
2022,08,13,102,20,18
2022,08,14,102,20,155
2022,08,17,102,20,63
2022,08,18,102,20,30
2022,08,19,102,20,18
2022,08,20,102,20,36
2022,08,21,102,20,23
2022,08,22,102,20,66
2022,08,23,102,20,21
2022,08,24,102,20,40
2022,08,25,102,20,32
2022,08,t1,102,20,1429
2022,08,01,102,30,107
2022,08,03,102,30,8
2022,08,04,102,30,10
2022,08,05,102,30,19
2022,08,06,102,30,37
2022,08,07,102,30,2
2022,08,08,102,30,5
2022,08,09,102,30,1
2022,08,10,102,30,2
2022,08,12,102,30,63
2022,08,13,102,30,15
2022,08,14,102,30,137
2022,08,17,102,30,29
2022,08,18,102,30,9
2022,08,19,102,30,5
2022,08,20,102,30,10
2022,08,21,102,30,19
2022,08,22,102,30,12
2022,08,23,102,30,14
2022,08,24,102,30,37
2022,08,25,102,30,20
2022,08,t1,102,30,561
2022,08,01,102,t1,740
2022,08,03,102,t1,56
2022,08,04,102,t1,42
2022,08,05,102,t1,94
2022,08,06,102,t1,91
2022,08,07,102,t1,35
2022,08,08,102,t1,30
2022,08,09,102,t1,7
2022,08,10,102,t1,23
2022,08,12,102,t1,383
2022,08,13,102,t1,57
2022,08,14,102,t1,390
2022,08,17,102,t1,110
2022,08,18,102,t1,66
2022,08,19,102,t1,35
2022,08,20,102,t1,65
2022,08,21,102,t1,56
2022,08,22,102,t1,87
2022,08,23,102,t1,46
2022,08,24,102,t1,92
2022,08,25,102,t1,73
2022,08,t1,102,t1,2578
2022,08,01,103,10,687
2022,08,03,103,10,125
2022,08,04,103,10,90
2022,08,05,103,10,196
2022,08,06,103,10,161
2022,08,07,103,10,76
2022,08,08,103,10,53
2022,08,09,103,10,9
2022,08,10,103,10,38
2022,08,12,103,10,431
2022,08,13,103,10,187
2022,08,14,103,10,702
2022,08,17,103,10,70
2022,08,18,103,10,108
2022,08,19,103,10,98
2022,08,20,103,10,55
2022,08,21,103,10,71
2022,08,22,103,10,68
2022,08,23,103,10,28
2022,08,24,103,10,87
2022,08,25,103,10,66
2022,08,t1,103,10,3406
2022,08,01,103,20,960
2022,08,03,103,20,47
2022,08,04,103,20,26
2022,08,05,103,20,71
2022,08,06,103,20,62
2022,08,07,103,20,25
2022,08,08,103,20,40
2022,08,09,103,20,5
2022,08,10,103,20,13
2022,08,12,103,20,249
2022,08,13,103,20,55
2022,08,14,103,20,322
2022,08,17,103,20,29
2022,08,18,103,20,33
2022,08,19,103,20,29
2022,08,20,103,20,38
2022,08,21,103,20,21
2022,08,22,103,20,36
2022,08,23,103,20,24
2022,08,24,103,20,31
2022,08,25,103,20,31
2022,08,t1,103,20,2147
2022,08,01,103,30,93
2022,08,03,103,30,16
2022,08,04,103,30,8
2022,08,05,103,30,18
2022,08,06,103,30,12
2022,08,07,103,30,9
2022,08,08,103,30,10
2022,08,09,103,30,6
2022,08,10,103,30,4
2022,08,12,103,30,63
2022,08,13,103,30,11
2022,08,14,103,30,48
2022,08,17,103,30,7
2022,08,18,103,30,10
2022,08,19,103,30,8
2022,08,20,103,30,7
2022,08,21,103,30,4
2022,08,22,103,30,25
2022,08,23,103,30,2
2022,08,24,103,30,9
2022,08,25,103,30,4
2022,08,t1,103,30,374
2022,08,01,103,t1,1740
2022,08,03,103,t1,188
2022,08,04,103,t1,124
2022,08,05,103,t1,285
2022,08,06,103,t1,235
2022,08,07,103,t1,110
2022,08,08,103,t1,103
2022,08,09,103,t1,20
2022,08,10,103,t1,55
2022,08,12,103,t1,743
2022,08,13,103,t1,253
2022,08,14,103,t1,1072
2022,08,17,103,t1,106
2022,08,18,103,t1,151
2022,08,19,103,t1,135
2022,08,20,103,t1,100
2022,08,21,103,t1,96
2022,08,22,103,t1,129
2022,08,23,103,t1,54
2022,08,24,103,t1,127
2022,08,25,103,t1,101
2022,08,t1,103,t1,5927
2022,08,01,104,10,343
2022,08,03,104,10,48
2022,08,04,104,10,46
2022,08,05,104,10,63
2022,08,06,104,10,75
2022,08,07,104,10,24
2022,08,08,104,10,24
2022,08,09,104,10,11
2022,08,10,104,10,11
2022,08,12,104,10,177
2022,08,13,104,10,53
2022,08,14,104,10,250
2022,08,17,104,10,47
2022,08,18,104,10,41
2022,08,19,104,10,30
2022,08,20,104,10,35
2022,08,21,104,10,43
2022,08,22,104,10,27
2022,08,23,104,10,4
2022,08,24,104,10,15
2022,08,25,104,10,26
2022,08,t1,104,10,1393
2022,08,01,104,20,186
2022,08,03,104,20,12
2022,08,04,104,20,12
2022,08,05,104,20,26
2022,08,06,104,20,21
2022,08,07,104,20,1
2022,08,08,104,20,16
2022,08,10,104,20,20
2022,08,12,104,20,67
2022,08,13,104,20,12
2022,08,14,104,20,123
2022,08,17,104,20,15
2022,08,18,104,20,15
2022,08,19,104,20,6
2022,08,20,104,20,13
2022,08,21,104,20,19
2022,08,22,104,20,7
2022,08,23,104,20,1
2022,08,24,104,20,6
2022,08,25,104,20,13
2022,08,t1,104,20,591
2022,08,01,104,30,116
2022,08,03,104,30,23
2022,08,04,104,30,19
2022,08,05,104,30,67
2022,08,06,104,30,43
2022,08,07,104,30,21
2022,08,08,104,30,9
2022,08,09,104,30,1
2022,08,10,104,30,10
2022,08,12,104,30,97
2022,08,13,104,30,20
2022,08,14,104,30,141
2022,08,17,104,30,17
2022,08,18,104,30,27
2022,08,19,104,30,13
2022,08,20,104,30,23
2022,08,21,104,30,24
2022,08,22,104,30,18
2022,08,23,104,30,4
2022,08,24,104,30,17
2022,08,25,104,30,13
2022,08,t1,104,30,723
2022,08,01,104,t1,645
2022,08,03,104,t1,83
2022,08,04,104,t1,77
2022,08,05,104,t1,156
2022,08,06,104,t1,139
2022,08,07,104,t1,46
2022,08,08,104,t1,49
2022,08,09,104,t1,12
2022,08,10,104,t1,41
2022,08,12,104,t1,341
2022,08,13,104,t1,85
2022,08,14,104,t1,514
2022,08,17,104,t1,79
2022,08,18,104,t1,83
2022,08,19,104,t1,49
2022,08,20,104,t1,71
2022,08,21,104,t1,86
2022,08,22,104,t1,52
2022,08,23,104,t1,9
2022,08,24,104,t1,38
2022,08,25,104,t1,52
2022,08,t1,104,t1,2707
2022,08,01,105,10,290
2022,08,03,105,10,57
2022,08,04,105,10,24
2022,08,05,105,10,38
2022,08,06,105,10,27
2022,08,07,105,10,18
2022,08,08,105,10,16
2022,08,09,105,10,5
2022,08,10,105,10,23
2022,08,12,105,10,120
2022,08,13,105,10,43
2022,08,14,105,10,149
2022,08,17,105,10,22
2022,08,18,105,10,53
2022,08,19,105,10,47
2022,08,20,105,10,28
2022,08,21,105,10,18
2022,08,22,105,10,31
2022,08,23,105,10,6
2022,08,24,105,10,30
2022,08,25,105,10,14
2022,08,t1,105,10,1059
2022,08,01,105,20,1092
2022,08,03,105,20,24
2022,08,04,105,20,29
2022,08,05,105,20,47
2022,08,06,105,20,38
2022,08,07,105,20,14
2022,08,08,105,20,15
2022,08,09,105,20,5
2022,08,10,105,20,7
2022,08,12,105,20,347
2022,08,13,105,20,23
2022,08,14,105,20,241
2022,08,17,105,20,23
2022,08,18,105,20,46
2022,08,19,105,20,19
2022,08,20,105,20,41
2022,08,21,105,20,11
2022,08,22,105,20,16
2022,08,23,105,20,6
2022,08,24,105,20,30
2022,08,25,105,20,18
2022,08,t1,105,20,2092
2022,08,01,105,30,94
2022,08,03,105,30,10
2022,08,04,105,30,12
2022,08,05,105,30,7
2022,08,06,105,30,15
2022,08,07,105,30,12
2022,08,08,105,30,5
2022,08,10,105,30,2
2022,08,12,105,30,78
2022,08,13,105,30,5
2022,08,14,105,30,191
2022,08,17,105,30,7
2022,08,18,105,30,15
2022,08,19,105,30,17
2022,08,20,105,30,12
2022,08,21,105,30,7
2022,08,22,105,30,11
2022,08,23,105,30,5
2022,08,24,105,30,8
2022,08,25,105,30,4
2022,08,t1,105,30,517
2022,08,01,105,t1,1476
2022,08,03,105,t1,91
2022,08,04,105,t1,65
2022,08,05,105,t1,92
2022,08,06,105,t1,80
2022,08,07,105,t1,44
2022,08,08,105,t1,36
2022,08,09,105,t1,10
2022,08,10,105,t1,32
2022,08,12,105,t1,545
2022,08,13,105,t1,71
2022,08,14,105,t1,581
2022,08,17,105,t1,52
2022,08,18,105,t1,114
2022,08,19,105,t1,83
2022,08,20,105,t1,81
2022,08,21,105,t1,36
2022,08,22,105,t1,58
2022,08,23,105,t1,17
2022,08,24,105,t1,68
2022,08,25,105,t1,36
2022,08,t1,105,t1,3668
2022,08,01,106,10,35
2022,08,03,106,10,4
2022,08,04,106,10,4
2022,08,05,106,10,8
2022,08,06,106,10,7
2022,08,07,106,10,2
2022,08,08,106,10,2
2022,08,10,106,10,8
2022,08,12,106,10,22
2022,08,13,106,10,4
2022,08,14,106,10,23
2022,08,17,106,10,3
2022,08,18,106,10,5
2022,08,19,106,10,6
2022,08,20,106,10,1
2022,08,21,106,10,2
2022,08,22,106,10,6
2022,08,24,106,10,3
2022,08,25,106,10,1
2022,08,t1,106,10,146
2022,08,01,106,20,12
2022,08,03,106,20,21
2022,08,04,106,20,1
2022,08,05,106,20,2
2022,08,06,106,20,2
2022,08,10,106,20,2
2022,08,12,106,20,10
2022,08,13,106,20,2
2022,08,14,106,20,7
2022,08,17,106,20,5
2022,08,19,106,20,6
2022,08,20,106,20,2
2022,08,21,106,20,2
2022,08,24,106,20,2
2022,08,25,106,20,4
2022,08,t1,106,20,80
2022,08,01,106,30,7
2022,08,03,106,30,2
2022,08,06,106,30,2
2022,08,07,106,30,1
2022,08,08,106,30,2
2022,08,12,106,30,6
2022,08,13,106,30,2
2022,08,14,106,30,26
2022,08,18,106,30,2
2022,08,21,106,30,1
2022,08,22,106,30,2
2022,08,23,106,30,3
2022,08,24,106,30,6
2022,08,t1,106,30,62
2022,08,01,106,t1,54
2022,08,03,106,t1,27
2022,08,04,106,t1,5
2022,08,05,106,t1,10
2022,08,06,106,t1,11
2022,08,07,106,t1,3
2022,08,08,106,t1,4
2022,08,10,106,t1,10
2022,08,12,106,t1,38
2022,08,13,106,t1,8
2022,08,14,106,t1,56
2022,08,17,106,t1,8
2022,08,18,106,t1,7
2022,08,19,106,t1,12
2022,08,20,106,t1,3
2022,08,21,106,t1,5
2022,08,22,106,t1,8
2022,08,23,106,t1,3
2022,08,24,106,t1,11
2022,08,25,106,t1,5
2022,08,t1,106,t1,288
2022,08,05,107,10,1
2022,08,08,107,10,2
2022,08,10,107,10,2
2022,08,t1,107,10,5
2022,08,01,107,20,90
2022,08,03,107,20,6
2022,08,06,107,20,35
2022,08,07,107,20,6
2022,08,08,107,20,24
2022,08,10,107,20,6
2022,08,12,107,20,16
2022,08,13,107,20,1
2022,08,14,107,20,118
2022,08,17,107,20,5
2022,08,18,107,20,3
2022,08,19,107,20,22
2022,08,23,107,20,1
2022,08,25,107,20,6
2022,08,t1,107,20,339
2022,08,06,107,30,1
2022,08,14,107,30,1
2022,08,t1,107,30,2
2022,08,01,107,t1,90
2022,08,03,107,t1,6
2022,08,05,107,t1,1
2022,08,06,107,t1,36
2022,08,07,107,t1,6
2022,08,08,107,t1,26
2022,08,10,107,t1,8
2022,08,12,107,t1,16
2022,08,13,107,t1,1
2022,08,14,107,t1,119
2022,08,17,107,t1,5
2022,08,18,107,t1,3
2022,08,19,107,t1,22
2022,08,23,107,t1,1
2022,08,25,107,t1,6
2022,08,t1,107,t1,346
2022,08,06,109,10,1
2022,08,14,109,10,1
2022,08,23,109,10,1
2022,08,t1,109,10,3
2022,08,24,109,20,1
2022,08,t1,109,20,1
2022,08,06,109,t1,1
2022,08,14,109,t1,1
2022,08,23,109,t1,1
2022,08,24,109,t1,1
2022,08,t1,109,t1,4
2022,08,01,t1,10,2101
2022,08,03,t1,10,359
2022,08,04,t1,10,272
2022,08,05,t1,10,451
2022,08,06,t1,10,424
2022,08,07,t1,10,178
2022,08,08,t1,10,184
2022,08,09,t1,10,39
2022,08,10,t1,10,130
2022,08,12,t1,10,1234
2022,08,13,t1,10,435
2022,08,14,t1,10,1747
2022,08,17,t1,10,238
2022,08,18,t1,10,308
2022,08,19,t1,10,265
2022,08,20,t1,10,194
2022,08,21,t1,10,199
2022,08,22,t1,10,188
2022,08,23,t1,10,61
2022,08,24,t1,10,190
2022,08,25,t1,10,156
2022,08,t1,t1,10,9353
2022,08,01,t1,20,3771
2022,08,03,t1,20,273
2022,08,04,t1,20,122
2022,08,05,t1,20,240
2022,08,06,t1,20,240
2022,08,07,t1,20,91
2022,08,08,t1,20,123
2022,08,09,t1,20,18
2022,08,10,t1,20,80
2022,08,12,t1,20,1253
2022,08,13,t1,20,164
2022,08,14,t1,20,1242
2022,08,17,t1,20,189
2022,08,18,t1,20,164
2022,08,19,t1,20,120
2022,08,20,t1,20,160
2022,08,21,t1,20,93
2022,08,22,t1,20,147
2022,08,23,t1,20,61
2022,08,24,t1,20,149
2022,08,25,t1,20,127
2022,08,t1,t1,20,8827
2022,08,01,t1,30,574
2022,08,03,t1,30,87
2022,08,04,t1,30,81
2022,08,05,t1,30,153
2022,08,06,t1,30,146
2022,08,07,t1,30,68
2022,08,08,t1,30,59
2022,08,09,t1,30,14
2022,08,10,t1,30,30
2022,08,12,t1,30,457
2022,08,13,t1,30,106
2022,08,14,t1,30,820
2022,08,17,t1,30,99
2022,08,18,t1,30,87
2022,08,19,t1,30,64
2022,08,20,t1,30,96
2022,08,21,t1,30,74
2022,08,22,t1,30,97
2022,08,23,t1,30,33
2022,08,24,t1,30,111
2022,08,25,t1,30,57
2022,08,t1,t1,30,3313
2022,08,01,t1,t1,6446
2022,08,03,t1,t1,719
2022,08,04,t1,t1,475
2022,08,05,t1,t1,844
2022,08,06,t1,t1,810
2022,08,07,t1,t1,337
2022,08,08,t1,t1,366
2022,08,09,t1,t1,71
2022,08,10,t1,t1,240
2022,08,12,t1,t1,2944
2022,08,13,t1,t1,705
2022,08,14,t1,t1,3809
2022,08,17,t1,t1,526
2022,08,18,t1,t1,559
2022,08,19,t1,t1,449
2022,08,20,t1,t1,450
2022,08,21,t1,t1,366
2022,08,22,t1,t1,432
2022,08,23,t1,t1,155
2022,08,24,t1,t1,450
2022,08,25,t1,t1,340
2022,08,t1,t1,t1,21493
2022,09,01,101,10,590
2022,09,03,101,10,72
2022,09,04,101,10,86
2022,09,05,101,10,134
2022,09,06,101,10,99
2022,09,07,101,10,55
2022,09,08,101,10,63
2022,09,09,101,10,7
2022,09,10,101,10,44
2022,09,12,101,10,342
2022,09,13,101,10,104
2022,09,14,101,10,503
2022,09,17,101,10,49
2022,09,18,101,10,78
2022,09,19,101,10,80
2022,09,20,101,10,44
2022,09,21,101,10,60
2022,09,22,101,10,29
2022,09,23,101,10,20
2022,09,24,101,10,29
2022,09,25,101,10,30
2022,09,t1,101,10,2518
2022,09,01,101,20,496
2022,09,03,101,20,95
2022,09,04,101,20,20
2022,09,05,101,20,18
2022,09,06,101,20,21
2022,09,07,101,20,21
2022,09,08,101,20,33
2022,09,09,101,20,1
2022,09,10,101,20,7
2022,09,12,101,20,231
2022,09,13,101,20,55
2022,09,14,101,20,166
2022,09,17,101,20,34
2022,09,18,101,20,24
2022,09,19,101,20,20
2022,09,20,101,20,21
2022,09,21,101,20,15
2022,09,22,101,20,13
2022,09,23,101,20,8
2022,09,24,101,20,20
2022,09,25,101,20,11
2022,09,t1,101,20,1330
2022,09,01,101,30,210
2022,09,03,101,30,19
2022,09,04,101,30,17
2022,09,05,101,30,68
2022,09,06,101,30,45
2022,09,07,101,30,33
2022,09,08,101,30,45
2022,09,09,101,30,5
2022,09,10,101,30,29
2022,09,12,101,30,138
2022,09,13,101,30,123
2022,09,14,101,30,277
2022,09,17,101,30,21
2022,09,18,101,30,11
2022,09,19,101,30,16
2022,09,20,101,30,29
2022,09,21,101,30,33
2022,09,22,101,30,17
2022,09,24,101,30,26
2022,09,25,101,30,6
2022,09,t1,101,30,1168
2022,09,01,101,t1,1296
2022,09,03,101,t1,186
2022,09,04,101,t1,123
2022,09,05,101,t1,220
2022,09,06,101,t1,165
2022,09,07,101,t1,109
2022,09,08,101,t1,141
2022,09,09,101,t1,13
2022,09,10,101,t1,80
2022,09,12,101,t1,711
2022,09,13,101,t1,282
2022,09,14,101,t1,946
2022,09,17,101,t1,104
2022,09,18,101,t1,113
2022,09,19,101,t1,116
2022,09,20,101,t1,94
2022,09,21,101,t1,108
2022,09,22,101,t1,59
2022,09,23,101,t1,28
2022,09,24,101,t1,75
2022,09,25,101,t1,47
2022,09,t1,101,t1,5016
2022,09,01,102,10,87
2022,09,03,102,10,19
2022,09,04,102,10,21
2022,09,05,102,10,24
2022,09,06,102,10,27
2022,09,07,102,10,26
2022,09,08,102,10,17
2022,09,09,102,10,5
2022,09,10,102,10,8
2022,09,12,102,10,98
2022,09,13,102,10,19
2022,09,14,102,10,122
2022,09,17,102,10,23
2022,09,18,102,10,19
2022,09,19,102,10,24
2022,09,20,102,10,19
2022,09,21,102,10,16
2022,09,22,102,10,7
2022,09,23,102,10,9
2022,09,24,102,10,19
2022,09,25,102,10,16
2022,09,t1,102,10,625
2022,09,01,102,20,551
2022,09,03,102,20,28
2022,09,04,102,20,14
2022,09,05,102,20,40
2022,09,06,102,20,26
2022,09,07,102,20,27
2022,09,08,102,20,23
2022,09,09,102,20,2
2022,09,10,102,20,12
2022,09,12,102,20,225
2022,09,13,102,20,23
2022,09,14,102,20,190
2022,09,17,102,20,56
2022,09,18,102,20,33
2022,09,19,102,20,8
2022,09,20,102,20,31
2022,09,21,102,20,27
2022,09,22,102,20,55
2022,09,23,102,20,15
2022,09,24,102,20,42
2022,09,25,102,20,44
2022,09,t1,102,20,1472
2022,09,01,102,30,96
2022,09,03,102,30,7
2022,09,04,102,30,15
2022,09,05,102,30,8
2022,09,06,102,30,34
2022,09,07,102,30,4
2022,09,08,102,30,8
2022,09,10,102,30,5
2022,09,12,102,30,161
2022,09,13,102,30,8
2022,09,14,102,30,77
2022,09,17,102,30,35
2022,09,18,102,30,8
2022,09,19,102,30,6
2022,09,20,102,30,15
2022,09,21,102,30,22
2022,09,22,102,30,33
2022,09,23,102,30,20
2022,09,24,102,30,10
2022,09,25,102,30,29
2022,09,t1,102,30,601
2022,09,01,102,t1,734
2022,09,03,102,t1,54
2022,09,04,102,t1,50
2022,09,05,102,t1,72
2022,09,06,102,t1,87
2022,09,07,102,t1,57
2022,09,08,102,t1,48
2022,09,09,102,t1,7
2022,09,10,102,t1,25
2022,09,12,102,t1,484
2022,09,13,102,t1,50
2022,09,14,102,t1,389
2022,09,17,102,t1,114
2022,09,18,102,t1,60
2022,09,19,102,t1,38
2022,09,20,102,t1,65
2022,09,21,102,t1,65
2022,09,22,102,t1,95
2022,09,23,102,t1,44
2022,09,24,102,t1,71
2022,09,25,102,t1,89
2022,09,t1,102,t1,2698
2022,09,01,103,10,826
2022,09,03,103,10,139
2022,09,04,103,10,106
2022,09,05,103,10,157
2022,09,06,103,10,153
2022,09,07,103,10,61
2022,09,08,103,10,85
2022,09,09,103,10,7
2022,09,10,103,10,44
2022,09,12,103,10,492
2022,09,13,103,10,183
2022,09,14,103,10,786
2022,09,17,103,10,85
2022,09,18,103,10,121
2022,09,19,103,10,107
2022,09,20,103,10,104
2022,09,21,103,10,83
2022,09,22,103,10,86
2022,09,23,103,10,41
2022,09,24,103,10,97
2022,09,25,103,10,85
2022,09,t1,103,10,3848
2022,09,01,103,20,1591
2022,09,03,103,20,109
2022,09,04,103,20,43
2022,09,05,103,20,72
2022,09,06,103,20,87
2022,09,07,103,20,23
2022,09,08,103,20,22
2022,09,09,103,20,9
2022,09,10,103,20,26
2022,09,12,103,20,532
2022,09,13,103,20,87
2022,09,14,103,20,462
2022,09,17,103,20,45
2022,09,18,103,20,39
2022,09,19,103,20,41
2022,09,20,103,20,38
2022,09,21,103,20,32
2022,09,22,103,20,30
2022,09,23,103,20,33
2022,09,24,103,20,36
2022,09,25,103,20,34
2022,09,t1,103,20,3391
2022,09,01,103,30,172
2022,09,03,103,30,19
2022,09,04,103,30,10
2022,09,05,103,30,31
2022,09,06,103,30,27
2022,09,07,103,30,12
2022,09,08,103,30,15
2022,09,09,103,30,2
2022,09,10,103,30,17
2022,09,12,103,30,82
2022,09,13,103,30,24
2022,09,14,103,30,120
2022,09,17,103,30,17
2022,09,18,103,30,10
2022,09,19,103,30,13
2022,09,20,103,30,14
2022,09,21,103,30,13
2022,09,22,103,30,7
2022,09,23,103,30,5
2022,09,24,103,30,15
2022,09,25,103,30,7
2022,09,t1,103,30,632
2022,09,01,103,t1,2589
2022,09,03,103,t1,267
2022,09,04,103,t1,159
2022,09,05,103,t1,260
2022,09,06,103,t1,267
2022,09,07,103,t1,96
2022,09,08,103,t1,122
2022,09,09,103,t1,18
2022,09,10,103,t1,87
2022,09,12,103,t1,1106
2022,09,13,103,t1,294
2022,09,14,103,t1,1368
2022,09,17,103,t1,147
2022,09,18,103,t1,170
2022,09,19,103,t1,161
2022,09,20,103,t1,156
2022,09,21,103,t1,128
2022,09,22,103,t1,123
2022,09,23,103,t1,79
2022,09,24,103,t1,148
2022,09,25,103,t1,126
2022,09,t1,103,t1,7871
2022,09,01,104,10,239
2022,09,03,104,10,35
2022,09,04,104,10,33
2022,09,05,104,10,42
2022,09,06,104,10,38
2022,09,07,104,10,16
2022,09,08,104,10,15
2022,09,09,104,10,3
2022,09,10,104,10,12
2022,09,12,104,10,105
2022,09,13,104,10,23
2022,09,14,104,10,188
2022,09,17,104,10,28
2022,09,18,104,10,27
2022,09,19,104,10,16
2022,09,20,104,10,20
2022,09,21,104,10,41
2022,09,22,104,10,18
2022,09,23,104,10,5
2022,09,24,104,10,17
2022,09,25,104,10,10
2022,09,t1,104,10,931
2022,09,01,104,20,270
2022,09,03,104,20,26
2022,09,04,104,20,28
2022,09,05,104,20,13
2022,09,06,104,20,32
2022,09,07,104,20,9
2022,09,08,104,20,16
2022,09,10,104,20,9
2022,09,12,104,20,73
2022,09,13,104,20,11
2022,09,14,104,20,114
2022,09,17,104,20,8
2022,09,18,104,20,12
2022,09,19,104,20,4
2022,09,20,104,20,60
2022,09,21,104,20,17
2022,09,22,104,20,12
2022,09,23,104,20,4
2022,09,24,104,20,6
2022,09,25,104,20,26
2022,09,t1,104,20,750
2022,09,01,104,30,118
2022,09,03,104,30,16
2022,09,04,104,30,17
2022,09,05,104,30,33
2022,09,06,104,30,41
2022,09,07,104,30,26
2022,09,08,104,30,13
2022,09,09,104,30,4
2022,09,10,104,30,4
2022,09,12,104,30,70
2022,09,13,104,30,13
2022,09,14,104,30,181
2022,09,17,104,30,20
2022,09,18,104,30,16
2022,09,19,104,30,6
2022,09,20,104,30,16
2022,09,21,104,30,17
2022,09,22,104,30,17
2022,09,23,104,30,11
2022,09,24,104,30,37
2022,09,25,104,30,25
2022,09,t1,104,30,701
2022,09,01,104,t1,627
2022,09,03,104,t1,77
2022,09,04,104,t1,78
2022,09,05,104,t1,88
2022,09,06,104,t1,111
2022,09,07,104,t1,51
2022,09,08,104,t1,44
2022,09,09,104,t1,7
2022,09,10,104,t1,25
2022,09,12,104,t1,248
2022,09,13,104,t1,47
2022,09,14,104,t1,483
2022,09,17,104,t1,56
2022,09,18,104,t1,55
2022,09,19,104,t1,26
2022,09,20,104,t1,96
2022,09,21,104,t1,75
2022,09,22,104,t1,47
2022,09,23,104,t1,20
2022,09,24,104,t1,60
2022,09,25,104,t1,61
2022,09,t1,104,t1,2382
2022,09,01,105,10,270
2022,09,03,105,10,46
2022,09,04,105,10,24
2022,09,05,105,10,49
2022,09,06,105,10,28
2022,09,07,105,10,26
2022,09,08,105,10,20
2022,09,09,105,10,2
2022,09,10,105,10,23
2022,09,12,105,10,142
2022,09,13,105,10,43
2022,09,14,105,10,216
2022,09,17,105,10,28
2022,09,18,105,10,50
2022,09,19,105,10,49
2022,09,20,105,10,27
2022,09,21,105,10,22
2022,09,22,105,10,39
2022,09,23,105,10,6
2022,09,24,105,10,35
2022,09,25,105,10,43
2022,09,t1,105,10,1188
2022,09,01,105,20,1443
2022,09,03,105,20,46
2022,09,04,105,20,27
2022,09,05,105,20,75
2022,09,06,105,20,49
2022,09,07,105,20,25
2022,09,08,105,20,24
2022,09,09,105,20,6
2022,09,10,105,20,9
2022,09,12,105,20,289
2022,09,13,105,20,43
2022,09,14,105,20,285
2022,09,17,105,20,36
2022,09,18,105,20,63
2022,09,19,105,20,29
2022,09,20,105,20,31
2022,09,21,105,20,20
2022,09,22,105,20,20
2022,09,23,105,20,12
2022,09,24,105,20,18
2022,09,25,105,20,30
2022,09,t1,105,20,2580
2022,09,01,105,30,90
2022,09,03,105,30,3
2022,09,04,105,30,6
2022,09,05,105,30,7
2022,09,06,105,30,18
2022,09,07,105,30,10
2022,09,08,105,30,9
2022,09,10,105,30,8
2022,09,12,105,30,89
2022,09,13,105,30,17
2022,09,14,105,30,275
2022,09,17,105,30,10
2022,09,18,105,30,7
2022,09,19,105,30,11
2022,09,20,105,30,10
2022,09,21,105,30,10
2022,09,22,105,30,9
2022,09,23,105,30,10
2022,09,24,105,30,14
2022,09,25,105,30,6
2022,09,t1,105,30,619
2022,09,01,105,t1,1803
2022,09,03,105,t1,95
2022,09,04,105,t1,57
2022,09,05,105,t1,131
2022,09,06,105,t1,95
2022,09,07,105,t1,61
2022,09,08,105,t1,53
2022,09,09,105,t1,8
2022,09,10,105,t1,40
2022,09,12,105,t1,520
2022,09,13,105,t1,103
2022,09,14,105,t1,776
2022,09,17,105,t1,74
2022,09,18,105,t1,120
2022,09,19,105,t1,89
2022,09,20,105,t1,68
2022,09,21,105,t1,52
2022,09,22,105,t1,68
2022,09,23,105,t1,28
2022,09,24,105,t1,67
2022,09,25,105,t1,79
2022,09,t1,105,t1,4387
2022,09,01,106,10,33
2022,09,03,106,10,5
2022,09,04,106,10,4
2022,09,05,106,10,10
2022,09,06,106,10,8
2022,09,07,106,10,2
2022,09,08,106,10,9
2022,09,09,106,10,2
2022,09,10,106,10,11
2022,09,12,106,10,35
2022,09,13,106,10,12
2022,09,14,106,10,27
2022,09,17,106,10,5
2022,09,18,106,10,2
2022,09,19,106,10,3
2022,09,20,106,10,1
2022,09,21,106,10,6
2022,09,22,106,10,5
2022,09,24,106,10,5
2022,09,25,106,10,3
2022,09,t1,106,10,188
2022,09,01,106,20,45
2022,09,03,106,20,2
2022,09,04,106,20,1
2022,09,05,106,20,3
2022,09,06,106,20,1
2022,09,07,106,20,1
2022,09,09,106,20,10
2022,09,10,106,20,14
2022,09,12,106,20,10
2022,09,13,106,20,3
2022,09,14,106,20,5
2022,09,18,106,20,1
2022,09,19,106,20,3
2022,09,20,106,20,5
2022,09,21,106,20,1
2022,09,22,106,20,4
2022,09,24,106,20,1
2022,09,25,106,20,4
2022,09,t1,106,20,114
2022,09,01,106,30,8
2022,09,03,106,30,1
2022,09,04,106,30,2
2022,09,05,106,30,2
2022,09,06,106,30,6
2022,09,07,106,30,1
2022,09,08,106,30,2
2022,09,09,106,30,1
2022,09,10,106,30,2
2022,09,12,106,30,21
2022,09,13,106,30,2
2022,09,14,106,30,33
2022,09,17,106,30,3
2022,09,18,106,30,2
2022,09,19,106,30,2
2022,09,22,106,30,4
2022,09,23,106,30,1
2022,09,24,106,30,7
2022,09,t1,106,30,100
2022,09,01,106,t1,86
2022,09,03,106,t1,8
2022,09,04,106,t1,7
2022,09,05,106,t1,15
2022,09,06,106,t1,15
2022,09,07,106,t1,4
2022,09,08,106,t1,11
2022,09,09,106,t1,13
2022,09,10,106,t1,27
2022,09,12,106,t1,66
2022,09,13,106,t1,17
2022,09,14,106,t1,65
2022,09,17,106,t1,8
2022,09,18,106,t1,5
2022,09,19,106,t1,8
2022,09,20,106,t1,6
2022,09,21,106,t1,7
2022,09,22,106,t1,13
2022,09,23,106,t1,1
2022,09,24,106,t1,13
2022,09,25,106,t1,7
2022,09,t1,106,t1,402
2022,09,01,107,10,1
2022,09,12,107,10,1
2022,09,t1,107,10,2
2022,09,01,107,20,86
2022,09,03,107,20,5
2022,09,04,107,20,9
2022,09,05,107,20,5
2022,09,06,107,20,7
2022,09,08,107,20,9
2022,09,09,107,20,7
2022,09,10,107,20,12
2022,09,12,107,20,32
2022,09,13,107,20,12
2022,09,14,107,20,74
2022,09,18,107,20,6
2022,09,19,107,20,15
2022,09,20,107,20,1
2022,09,21,107,20,1
2022,09,23,107,20,1
2022,09,25,107,20,2
2022,09,t1,107,20,284
2022,09,01,107,t1,87
2022,09,03,107,t1,5
2022,09,04,107,t1,9
2022,09,05,107,t1,5
2022,09,06,107,t1,7
2022,09,08,107,t1,9
2022,09,09,107,t1,7
2022,09,10,107,t1,12
2022,09,12,107,t1,33
2022,09,13,107,t1,12
2022,09,14,107,t1,74
2022,09,18,107,t1,6
2022,09,19,107,t1,15
2022,09,20,107,t1,1
2022,09,21,107,t1,1
2022,09,23,107,t1,1
2022,09,25,107,t1,2
2022,09,t1,107,t1,286
2022,09,01,109,10,2
2022,09,10,109,10,1
2022,09,14,109,10,1
2022,09,25,109,10,1
2022,09,t1,109,10,5
2022,09,01,109,t1,2
2022,09,10,109,t1,1
2022,09,14,109,t1,1
2022,09,25,109,t1,1
2022,09,t1,109,t1,5
2022,09,01,t1,10,2048
2022,09,03,t1,10,316
2022,09,04,t1,10,274
2022,09,05,t1,10,416
2022,09,06,t1,10,353
2022,09,07,t1,10,186
2022,09,08,t1,10,209
2022,09,09,t1,10,26
2022,09,10,t1,10,143
2022,09,12,t1,10,1215
2022,09,13,t1,10,384
2022,09,14,t1,10,1843
2022,09,17,t1,10,218
2022,09,18,t1,10,297
2022,09,19,t1,10,279
2022,09,20,t1,10,215
2022,09,21,t1,10,228
2022,09,22,t1,10,184
2022,09,23,t1,10,81
2022,09,24,t1,10,202
2022,09,25,t1,10,188
2022,09,t1,t1,10,9305
2022,09,01,t1,20,4482
2022,09,03,t1,20,311
2022,09,04,t1,20,142
2022,09,05,t1,20,226
2022,09,06,t1,20,223
2022,09,07,t1,20,106
2022,09,08,t1,20,127
2022,09,09,t1,20,35
2022,09,10,t1,20,89
2022,09,12,t1,20,1392
2022,09,13,t1,20,234
2022,09,14,t1,20,1296
2022,09,17,t1,20,179
2022,09,18,t1,20,178
2022,09,19,t1,20,120
2022,09,20,t1,20,187
2022,09,21,t1,20,113
2022,09,22,t1,20,134
2022,09,23,t1,20,73
2022,09,24,t1,20,123
2022,09,25,t1,20,151
2022,09,t1,t1,20,9921
2022,09,01,t1,30,694
2022,09,03,t1,30,65
2022,09,04,t1,30,67
2022,09,05,t1,30,149
2022,09,06,t1,30,171
2022,09,07,t1,30,86
2022,09,08,t1,30,92
2022,09,09,t1,30,12
2022,09,10,t1,30,65
2022,09,12,t1,30,561
2022,09,13,t1,30,187
2022,09,14,t1,30,963
2022,09,17,t1,30,106
2022,09,18,t1,30,54
2022,09,19,t1,30,54
2022,09,20,t1,30,84
2022,09,21,t1,30,95
2022,09,22,t1,30,87
2022,09,23,t1,30,47
2022,09,24,t1,30,109
2022,09,25,t1,30,73
2022,09,t1,t1,30,3821
2022,09,01,t1,t1,7224
2022,09,03,t1,t1,692
2022,09,04,t1,t1,483
2022,09,05,t1,t1,791
2022,09,06,t1,t1,747
2022,09,07,t1,t1,378
2022,09,08,t1,t1,428
2022,09,09,t1,t1,73
2022,09,10,t1,t1,297
2022,09,12,t1,t1,3168
2022,09,13,t1,t1,805
2022,09,14,t1,t1,4102
2022,09,17,t1,t1,503
2022,09,18,t1,t1,529
2022,09,19,t1,t1,453
2022,09,20,t1,t1,486
2022,09,21,t1,t1,436
2022,09,22,t1,t1,405
2022,09,23,t1,t1,201
2022,09,24,t1,t1,434
2022,09,25,t1,t1,412
2022,09,t1,t1,t1,23047
2022,10,01,101,10,431
2022,10,03,101,10,44
2022,10,04,101,10,66
2022,10,05,101,10,95
2022,10,06,101,10,89
2022,10,07,101,10,55
2022,10,08,101,10,59
2022,10,09,101,10,11
2022,10,10,101,10,41
2022,10,12,101,10,323
2022,10,13,101,10,110
2022,10,14,101,10,456
2022,10,17,101,10,57
2022,10,18,101,10,64
2022,10,19,101,10,70
2022,10,20,101,10,39
2022,10,21,101,10,56
2022,10,22,101,10,32
2022,10,23,101,10,9
2022,10,24,101,10,30
2022,10,25,101,10,26
2022,10,t1,101,10,2163
2022,10,01,101,20,521
2022,10,03,101,20,36
2022,10,04,101,20,15
2022,10,05,101,20,23
2022,10,06,101,20,37
2022,10,07,101,20,11
2022,10,08,101,20,28
2022,10,09,101,20,5
2022,10,10,101,20,13
2022,10,12,101,20,166
2022,10,13,101,20,55
2022,10,14,101,20,188
2022,10,17,101,20,49
2022,10,18,101,20,18
2022,10,19,101,20,12
2022,10,20,101,20,26
2022,10,21,101,20,12
2022,10,22,101,20,18
2022,10,23,101,20,6
2022,10,24,101,20,19
2022,10,25,101,20,16
2022,10,t1,101,20,1274
2022,10,01,101,30,160
2022,10,03,101,30,27
2022,10,04,101,30,36
2022,10,05,101,30,49
2022,10,06,101,30,47
2022,10,07,101,30,20
2022,10,08,101,30,48
2022,10,09,101,30,8
2022,10,10,101,30,24
2022,10,12,101,30,178
2022,10,13,101,30,54
2022,10,14,101,30,193
2022,10,17,101,30,40
2022,10,18,101,30,23
2022,10,19,101,30,30
2022,10,20,101,30,29
2022,10,21,101,30,37
2022,10,22,101,30,25
2022,10,23,101,30,14
2022,10,24,101,30,36
2022,10,25,101,30,8
2022,10,t1,101,30,1086
2022,10,01,101,t1,1112
2022,10,03,101,t1,107
2022,10,04,101,t1,117
2022,10,05,101,t1,167
2022,10,06,101,t1,173
2022,10,07,101,t1,86
2022,10,08,101,t1,135
2022,10,09,101,t1,24
2022,10,10,101,t1,78
2022,10,12,101,t1,667
2022,10,13,101,t1,219
2022,10,14,101,t1,837
2022,10,17,101,t1,146
2022,10,18,101,t1,105
2022,10,19,101,t1,112
2022,10,20,101,t1,94
2022,10,21,101,t1,105
2022,10,22,101,t1,75
2022,10,23,101,t1,29
2022,10,24,101,t1,85
2022,10,25,101,t1,50
2022,10,t1,101,t1,4523
2022,10,01,102,10,93
2022,10,03,102,10,17
2022,10,04,102,10,17
2022,10,05,102,10,17
2022,10,06,102,10,20
2022,10,07,102,10,13
2022,10,08,102,10,20
2022,10,10,102,10,14
2022,10,12,102,10,84
2022,10,13,102,10,17
2022,10,14,102,10,85
2022,10,17,102,10,30
2022,10,18,102,10,10
2022,10,19,102,10,14
2022,10,20,102,10,13
2022,10,21,102,10,13
2022,10,22,102,10,15
2022,10,23,102,10,8
2022,10,24,102,10,9
2022,10,25,102,10,21
2022,10,t1,102,10,530
2022,10,01,102,20,651
2022,10,03,102,20,40
2022,10,04,102,20,18
2022,10,05,102,20,38
2022,10,06,102,20,21
2022,10,07,102,20,14
2022,10,08,102,20,14
2022,10,09,102,20,2
2022,10,10,102,20,18
2022,10,12,102,20,187
2022,10,13,102,20,17
2022,10,14,102,20,104
2022,10,17,102,20,61
2022,10,18,102,20,20
2022,10,19,102,20,20
2022,10,20,102,20,27
2022,10,21,102,20,27
2022,10,22,102,20,42
2022,10,23,102,20,18
2022,10,24,102,20,18
2022,10,25,102,20,45
2022,10,t1,102,20,1402
2022,10,01,102,30,70
2022,10,03,102,30,8
2022,10,04,102,30,8
2022,10,05,102,30,6
2022,10,06,102,30,17
2022,10,07,102,30,5
2022,10,08,102,30,21
2022,10,10,102,30,2
2022,10,12,102,30,204
2022,10,13,102,30,10
2022,10,14,102,30,74
2022,10,17,102,30,24
2022,10,18,102,30,10
2022,10,19,102,30,7
2022,10,20,102,30,15
2022,10,21,102,30,21
2022,10,22,102,30,6
2022,10,23,102,30,11
2022,10,24,102,30,16
2022,10,25,102,30,4
2022,10,t1,102,30,539
2022,10,01,102,t1,814
2022,10,03,102,t1,65
2022,10,04,102,t1,43
2022,10,05,102,t1,61
2022,10,06,102,t1,58
2022,10,07,102,t1,32
2022,10,08,102,t1,55
2022,10,09,102,t1,2
2022,10,10,102,t1,34
2022,10,12,102,t1,475
2022,10,13,102,t1,44
2022,10,14,102,t1,263
2022,10,17,102,t1,115
2022,10,18,102,t1,40
2022,10,19,102,t1,41
2022,10,20,102,t1,55
2022,10,21,102,t1,61
2022,10,22,102,t1,63
2022,10,23,102,t1,37
2022,10,24,102,t1,43
2022,10,25,102,t1,70
2022,10,t1,102,t1,2471
2022,10,01,103,10,760
2022,10,03,103,10,141
2022,10,04,103,10,91
2022,10,05,103,10,192
2022,10,06,103,10,196
2022,10,07,103,10,113
2022,10,08,103,10,124
2022,10,09,103,10,13
2022,10,10,103,10,70
2022,10,12,103,10,586
2022,10,13,103,10,232
2022,10,14,103,10,970
2022,10,17,103,10,81
2022,10,18,103,10,100
2022,10,19,103,10,109
2022,10,20,103,10,82
2022,10,21,103,10,87
2022,10,22,103,10,89
2022,10,23,103,10,42
2022,10,24,103,10,97
2022,10,25,103,10,101
2022,10,t1,103,10,4276
2022,10,01,103,20,1385
2022,10,03,103,20,100
2022,10,04,103,20,45
2022,10,05,103,20,67
2022,10,06,103,20,80
2022,10,07,103,20,39
2022,10,08,103,20,38
2022,10,09,103,20,8
2022,10,10,103,20,23
2022,10,12,103,20,474
2022,10,13,103,20,87
2022,10,14,103,20,519
2022,10,17,103,20,64
2022,10,18,103,20,37
2022,10,19,103,20,34
2022,10,20,103,20,38
2022,10,21,103,20,29
2022,10,22,103,20,42
2022,10,23,103,20,30
2022,10,24,103,20,36
2022,10,25,103,20,46
2022,10,t1,103,20,3221
2022,10,01,103,30,141
2022,10,03,103,30,11
2022,10,04,103,30,5
2022,10,05,103,30,22
2022,10,06,103,30,23
2022,10,07,103,30,13
2022,10,08,103,30,17
2022,10,09,103,30,4
2022,10,10,103,30,7
2022,10,12,103,30,74
2022,10,13,103,30,16
2022,10,14,103,30,88
2022,10,17,103,30,16
2022,10,18,103,30,20
2022,10,19,103,30,10
2022,10,20,103,30,22
2022,10,21,103,30,12
2022,10,22,103,30,12
2022,10,23,103,30,2
2022,10,24,103,30,8
2022,10,25,103,30,16
2022,10,t1,103,30,539
2022,10,01,103,t1,2286
2022,10,03,103,t1,252
2022,10,04,103,t1,141
2022,10,05,103,t1,281
2022,10,06,103,t1,299
2022,10,07,103,t1,165
2022,10,08,103,t1,179
2022,10,09,103,t1,25
2022,10,10,103,t1,100
2022,10,12,103,t1,1134
2022,10,13,103,t1,335
2022,10,14,103,t1,1577
2022,10,17,103,t1,161
2022,10,18,103,t1,157
2022,10,19,103,t1,153
2022,10,20,103,t1,142
2022,10,21,103,t1,128
2022,10,22,103,t1,143
2022,10,23,103,t1,74
2022,10,24,103,t1,141
2022,10,25,103,t1,163
2022,10,t1,103,t1,8036
2022,10,01,104,10,230
2022,10,03,104,10,39
2022,10,04,104,10,25
2022,10,05,104,10,57
2022,10,06,104,10,46
2022,10,07,104,10,25
2022,10,08,104,10,19
2022,10,09,104,10,4
2022,10,10,104,10,9
2022,10,12,104,10,122
2022,10,13,104,10,41
2022,10,14,104,10,190
2022,10,17,104,10,25
2022,10,18,104,10,37
2022,10,19,104,10,24
2022,10,20,104,10,12
2022,10,21,104,10,35
2022,10,22,104,10,24
2022,10,23,104,10,10
2022,10,24,104,10,17
2022,10,25,104,10,18
2022,10,t1,104,10,1009
2022,10,01,104,20,212
2022,10,03,104,20,11
2022,10,04,104,20,16
2022,10,05,104,20,12
2022,10,06,104,20,16
2022,10,07,104,20,10
2022,10,08,104,20,3
2022,10,09,104,20,1
2022,10,10,104,20,4
2022,10,12,104,20,77
2022,10,13,104,20,6
2022,10,14,104,20,68
2022,10,17,104,20,26
2022,10,18,104,20,8
2022,10,20,104,20,10
2022,10,21,104,20,16
2022,10,22,104,20,9
2022,10,23,104,20,2
2022,10,24,104,20,8
2022,10,25,104,20,30
2022,10,t1,104,20,545
2022,10,01,104,30,85
2022,10,03,104,30,20
2022,10,04,104,30,11
2022,10,05,104,30,64
2022,10,06,104,30,32
2022,10,07,104,30,26
2022,10,08,104,30,10
2022,10,09,104,30,6
2022,10,10,104,30,13
2022,10,12,104,30,106
2022,10,13,104,30,9
2022,10,14,104,30,101
2022,10,17,104,30,15
2022,10,18,104,30,37
2022,10,19,104,30,10
2022,10,20,104,30,15
2022,10,21,104,30,14
2022,10,22,104,30,5
2022,10,23,104,30,79
2022,10,24,104,30,34
2022,10,25,104,30,20
2022,10,t1,104,30,712
2022,10,01,104,t1,527
2022,10,03,104,t1,70
2022,10,04,104,t1,52
2022,10,05,104,t1,133
2022,10,06,104,t1,94
2022,10,07,104,t1,61
2022,10,08,104,t1,32
2022,10,09,104,t1,11
2022,10,10,104,t1,26
2022,10,12,104,t1,305
2022,10,13,104,t1,56
2022,10,14,104,t1,359
2022,10,17,104,t1,66
2022,10,18,104,t1,82
2022,10,19,104,t1,34
2022,10,20,104,t1,37
2022,10,21,104,t1,65
2022,10,22,104,t1,38
2022,10,23,104,t1,91
2022,10,24,104,t1,59
2022,10,25,104,t1,68
2022,10,t1,104,t1,2266
2022,10,01,105,10,305
2022,10,03,105,10,49
2022,10,04,105,10,48
2022,10,05,105,10,39
2022,10,06,105,10,26
2022,10,07,105,10,28
2022,10,08,105,10,26
2022,10,09,105,10,5
2022,10,10,105,10,20
2022,10,12,105,10,142
2022,10,13,105,10,43
2022,10,14,105,10,222
2022,10,17,105,10,30
2022,10,18,105,10,37
2022,10,19,105,10,34
2022,10,20,105,10,29
2022,10,21,105,10,25
2022,10,22,105,10,31
2022,10,23,105,10,11
2022,10,24,105,10,34
2022,10,25,105,10,43
2022,10,t1,105,10,1227
2022,10,01,105,20,1911
2022,10,03,105,20,55
2022,10,04,105,20,35
2022,10,05,105,20,92
2022,10,06,105,20,70
2022,10,07,105,20,32
2022,10,08,105,20,14
2022,10,09,105,20,2
2022,10,10,105,20,6
2022,10,12,105,20,521
2022,10,13,105,20,71
2022,10,14,105,20,348
2022,10,17,105,20,56
2022,10,18,105,20,47
2022,10,19,105,20,38
2022,10,20,105,20,46
2022,10,21,105,20,46
2022,10,22,105,20,35
2022,10,23,105,20,24
2022,10,24,105,20,44
2022,10,25,105,20,23
2022,10,t1,105,20,3516
2022,10,01,105,30,126
2022,10,03,105,30,7
2022,10,04,105,30,10
2022,10,05,105,30,14
2022,10,06,105,30,18
2022,10,07,105,30,8
2022,10,08,105,30,9
2022,10,09,105,30,2
2022,10,10,105,30,10
2022,10,12,105,30,76
2022,10,13,105,30,13
2022,10,14,105,30,230
2022,10,17,105,30,16
2022,10,18,105,30,22
2022,10,19,105,30,10
2022,10,20,105,30,24
2022,10,21,105,30,11
2022,10,22,105,30,13
2022,10,23,105,30,1
2022,10,24,105,30,9
2022,10,25,105,30,9
2022,10,t1,105,30,638
2022,10,01,105,t1,2342
2022,10,03,105,t1,111
2022,10,04,105,t1,93
2022,10,05,105,t1,145
2022,10,06,105,t1,114
2022,10,07,105,t1,68
2022,10,08,105,t1,49
2022,10,09,105,t1,9
2022,10,10,105,t1,36
2022,10,12,105,t1,739
2022,10,13,105,t1,127
2022,10,14,105,t1,800
2022,10,17,105,t1,102
2022,10,18,105,t1,106
2022,10,19,105,t1,82
2022,10,20,105,t1,99
2022,10,21,105,t1,82
2022,10,22,105,t1,79
2022,10,23,105,t1,36
2022,10,24,105,t1,87
2022,10,25,105,t1,75
2022,10,t1,105,t1,5381
2022,10,01,106,10,21
2022,10,03,106,10,9
2022,10,04,106,10,2
2022,10,05,106,10,11
2022,10,06,106,10,6
2022,10,08,106,10,1
2022,10,10,106,10,5
2022,10,12,106,10,18
2022,10,13,106,10,6
2022,10,14,106,10,43
2022,10,17,106,10,3
2022,10,18,106,10,2
2022,10,19,106,10,4
2022,10,20,106,10,2
2022,10,21,106,10,2
2022,10,22,106,10,3
2022,10,t1,106,10,138
2022,10,01,106,20,16
2022,10,03,106,20,2
2022,10,04,106,20,1
2022,10,10,106,20,1
2022,10,12,106,20,5
2022,10,13,106,20,2
2022,10,14,106,20,3
2022,10,17,106,20,2
2022,10,19,106,20,1
2022,10,21,106,20,5
2022,10,t1,106,20,38
2022,10,01,106,30,9
2022,10,04,106,30,5
2022,10,05,106,30,2
2022,10,06,106,30,4
2022,10,08,106,30,2
2022,10,10,106,30,3
2022,10,12,106,30,2
2022,10,13,106,30,1
2022,10,14,106,30,17
2022,10,18,106,30,1
2022,10,19,106,30,2
2022,10,21,106,30,1
2022,10,22,106,30,1
2022,10,23,106,30,3
2022,10,24,106,30,3
2022,10,25,106,30,1
2022,10,t1,106,30,57
2022,10,01,106,t1,46
2022,10,03,106,t1,11
2022,10,04,106,t1,8
2022,10,05,106,t1,13
2022,10,06,106,t1,10
2022,10,08,106,t1,3
2022,10,10,106,t1,9
2022,10,12,106,t1,25
2022,10,13,106,t1,9
2022,10,14,106,t1,63
2022,10,17,106,t1,5
2022,10,18,106,t1,3
2022,10,19,106,t1,7
2022,10,20,106,t1,2
2022,10,21,106,t1,8
2022,10,22,106,t1,4
2022,10,23,106,t1,3
2022,10,24,106,t1,3
2022,10,25,106,t1,1
2022,10,t1,106,t1,233
2022,10,07,107,10,1
2022,10,13,107,10,1
2022,10,14,107,10,1
2022,10,19,107,10,1
2022,10,20,107,10,1
2022,10,t1,107,10,5
2022,10,01,107,20,73
2022,10,03,107,20,5
2022,10,04,107,20,1
2022,10,05,107,20,16
2022,10,06,107,20,25
2022,10,07,107,20,1
2022,10,08,107,20,22
2022,10,10,107,20,16
2022,10,12,107,20,27
2022,10,13,107,20,1
2022,10,14,107,20,60
2022,10,17,107,20,1
2022,10,18,107,20,11
2022,10,19,107,20,31
2022,10,20,107,20,1
2022,10,22,107,20,2
2022,10,23,107,20,6
2022,10,t1,107,20,299
2022,10,06,107,30,1
2022,10,14,107,30,1
2022,10,t1,107,30,2
2022,10,01,107,t1,73
2022,10,03,107,t1,5
2022,10,04,107,t1,1
2022,10,05,107,t1,16
2022,10,06,107,t1,26
2022,10,07,107,t1,2
2022,10,08,107,t1,22
2022,10,10,107,t1,16
2022,10,12,107,t1,27
2022,10,13,107,t1,2
2022,10,14,107,t1,62
2022,10,17,107,t1,1
2022,10,18,107,t1,11
2022,10,19,107,t1,32
2022,10,20,107,t1,2
2022,10,22,107,t1,2
2022,10,23,107,t1,6
2022,10,t1,107,t1,306
2022,10,08,109,10,1
2022,10,12,109,10,2
2022,10,14,109,10,1
2022,10,t1,109,10,4
2022,10,08,109,t1,1
2022,10,12,109,t1,2
2022,10,14,109,t1,1
2022,10,t1,109,t1,4
2022,10,01,t1,10,1840
2022,10,03,t1,10,299
2022,10,04,t1,10,249
2022,10,05,t1,10,411
2022,10,06,t1,10,383
2022,10,07,t1,10,235
2022,10,08,t1,10,250
2022,10,09,t1,10,33
2022,10,10,t1,10,159
2022,10,12,t1,10,1277
2022,10,13,t1,10,450
2022,10,14,t1,10,1968
2022,10,17,t1,10,226
2022,10,18,t1,10,250
2022,10,19,t1,10,256
2022,10,20,t1,10,178
2022,10,21,t1,10,218
2022,10,22,t1,10,194
2022,10,23,t1,10,80
2022,10,24,t1,10,187
2022,10,25,t1,10,209
2022,10,t1,t1,10,9352
2022,10,01,t1,20,4769
2022,10,03,t1,20,249
2022,10,04,t1,20,131
2022,10,05,t1,20,248
2022,10,06,t1,20,249
2022,10,07,t1,20,107
2022,10,08,t1,20,119
2022,10,09,t1,20,18
2022,10,10,t1,20,81
2022,10,12,t1,20,1457
2022,10,13,t1,20,239
2022,10,14,t1,20,1290
2022,10,17,t1,20,259
2022,10,18,t1,20,141
2022,10,19,t1,20,136
2022,10,20,t1,20,148
2022,10,21,t1,20,135
2022,10,22,t1,20,148
2022,10,23,t1,20,86
2022,10,24,t1,20,125
2022,10,25,t1,20,160
2022,10,t1,t1,20,10295
2022,10,01,t1,30,591
2022,10,03,t1,30,73
2022,10,04,t1,30,75
2022,10,05,t1,30,157
2022,10,06,t1,30,142
2022,10,07,t1,30,72
2022,10,08,t1,30,107
2022,10,09,t1,30,20
2022,10,10,t1,30,59
2022,10,12,t1,30,640
2022,10,13,t1,30,103
2022,10,14,t1,30,704
2022,10,17,t1,30,111
2022,10,18,t1,30,113
2022,10,19,t1,30,69
2022,10,20,t1,30,105
2022,10,21,t1,30,96
2022,10,22,t1,30,62
2022,10,23,t1,30,110
2022,10,24,t1,30,106
2022,10,25,t1,30,58
2022,10,t1,t1,30,3573
2022,10,01,t1,t1,7200
2022,10,03,t1,t1,621
2022,10,04,t1,t1,455
2022,10,05,t1,t1,816
2022,10,06,t1,t1,774
2022,10,07,t1,t1,414
2022,10,08,t1,t1,476
2022,10,09,t1,t1,71
2022,10,10,t1,t1,299
2022,10,12,t1,t1,3374
2022,10,13,t1,t1,792
2022,10,14,t1,t1,3962
2022,10,17,t1,t1,596
2022,10,18,t1,t1,504
2022,10,19,t1,t1,461
2022,10,20,t1,t1,431
2022,10,21,t1,t1,449
2022,10,22,t1,t1,404
2022,10,23,t1,t1,276
2022,10,24,t1,t1,418
2022,10,25,t1,t1,427
2022,10,t1,t1,t1,23220
2022,11,01,101,10,461
2022,11,03,101,10,55
2022,11,04,101,10,56
2022,11,05,101,10,69
2022,11,06,101,10,93
2022,11,07,101,10,47
2022,11,08,101,10,62
2022,11,09,101,10,3
2022,11,10,101,10,30
2022,11,12,101,10,323
2022,11,13,101,10,111
2022,11,14,101,10,438
2022,11,17,101,10,56
2022,11,18,101,10,49
2022,11,19,101,10,50
2022,11,20,101,10,40
2022,11,21,101,10,54
2022,11,22,101,10,19
2022,11,23,101,10,9
2022,11,24,101,10,17
2022,11,25,101,10,19
2022,11,t1,101,10,2061
2022,11,01,101,20,471
2022,11,03,101,20,49
2022,11,04,101,20,24
2022,11,05,101,20,58
2022,11,06,101,20,29
2022,11,07,101,20,9
2022,11,08,101,20,14
2022,11,09,101,20,2
2022,11,10,101,20,2
2022,11,12,101,20,187
2022,11,13,101,20,27
2022,11,14,101,20,125
2022,11,17,101,20,19
2022,11,18,101,20,17
2022,11,19,101,20,24
2022,11,20,101,20,25
2022,11,21,101,20,48
2022,11,22,101,20,9
2022,11,23,101,20,6
2022,11,24,101,20,12
2022,11,25,101,20,10
2022,11,t1,101,20,1167
2022,11,01,101,30,189
2022,11,03,101,30,20
2022,11,04,101,30,23
2022,11,05,101,30,60
2022,11,06,101,30,41
2022,11,07,101,30,25
2022,11,08,101,30,51
2022,11,09,101,30,6
2022,11,10,101,30,13
2022,11,12,101,30,125
2022,11,13,101,30,64
2022,11,14,101,30,184
2022,11,17,101,30,31
2022,11,18,101,30,16
2022,11,19,101,30,20
2022,11,20,101,30,75
2022,11,21,101,30,24
2022,11,22,101,30,14
2022,11,23,101,30,8
2022,11,24,101,30,17
2022,11,25,101,30,4
2022,11,t1,101,30,1010
2022,11,01,101,t1,1121
2022,11,03,101,t1,124
2022,11,04,101,t1,103
2022,11,05,101,t1,187
2022,11,06,101,t1,163
2022,11,07,101,t1,81
2022,11,08,101,t1,127
2022,11,09,101,t1,11
2022,11,10,101,t1,45
2022,11,12,101,t1,635
2022,11,13,101,t1,202
2022,11,14,101,t1,747
2022,11,17,101,t1,106
2022,11,18,101,t1,82
2022,11,19,101,t1,94
2022,11,20,101,t1,140
2022,11,21,101,t1,126
2022,11,22,101,t1,42
2022,11,23,101,t1,23
2022,11,24,101,t1,46
2022,11,25,101,t1,33
2022,11,t1,101,t1,4238
2022,11,01,102,10,129
2022,11,03,102,10,12
2022,11,04,102,10,24
2022,11,05,102,10,18
2022,11,06,102,10,17
2022,11,07,102,10,14
2022,11,08,102,10,14
2022,11,09,102,10,2
2022,11,10,102,10,8
2022,11,12,102,10,66
2022,11,13,102,10,23
2022,11,14,102,10,98
2022,11,17,102,10,29
2022,11,18,102,10,17
2022,11,19,102,10,14
2022,11,20,102,10,19
2022,11,21,102,10,12
2022,11,22,102,10,12
2022,11,23,102,10,10
2022,11,24,102,10,9
2022,11,25,102,10,14
2022,11,t1,102,10,561
2022,11,01,102,20,592
2022,11,03,102,20,34
2022,11,04,102,20,21
2022,11,05,102,20,61
2022,11,06,102,20,30
2022,11,07,102,20,14
2022,11,08,102,20,22
2022,11,09,102,20,2
2022,11,10,102,20,20
2022,11,12,102,20,254
2022,11,13,102,20,20
2022,11,14,102,20,131
2022,11,17,102,20,88
2022,11,18,102,20,18
2022,11,19,102,20,32
2022,11,20,102,20,19
2022,11,21,102,20,28
2022,11,22,102,20,45
2022,11,23,102,20,17
2022,11,24,102,20,33
2022,11,25,102,20,34
2022,11,t1,102,20,1515
2022,11,01,102,30,77
2022,11,03,102,30,12
2022,11,04,102,30,6
2022,11,05,102,30,13
2022,11,06,102,30,24
2022,11,07,102,30,4
2022,11,08,102,30,8
2022,11,09,102,30,2
2022,11,10,102,30,4
2022,11,12,102,30,105
2022,11,13,102,30,17
2022,11,14,102,30,49
2022,11,17,102,30,30
2022,11,18,102,30,4
2022,11,19,102,30,9
2022,11,20,102,30,14
2022,11,21,102,30,25
2022,11,22,102,30,11
2022,11,23,102,30,15
2022,11,24,102,30,14
2022,11,25,102,30,11
2022,11,t1,102,30,454
2022,11,01,102,t1,798
2022,11,03,102,t1,58
2022,11,04,102,t1,51
2022,11,05,102,t1,92
2022,11,06,102,t1,71
2022,11,07,102,t1,32
2022,11,08,102,t1,44
2022,11,09,102,t1,6
2022,11,10,102,t1,32
2022,11,12,102,t1,425
2022,11,13,102,t1,60
2022,11,14,102,t1,278
2022,11,17,102,t1,147
2022,11,18,102,t1,39
2022,11,19,102,t1,55
2022,11,20,102,t1,52
2022,11,21,102,t1,65
2022,11,22,102,t1,68
2022,11,23,102,t1,42
2022,11,24,102,t1,56
2022,11,25,102,t1,59
2022,11,t1,102,t1,2530
2022,11,01,103,10,959
2022,11,03,103,10,195
2022,11,04,103,10,116
2022,11,05,103,10,213
2022,11,06,103,10,226
2022,11,07,103,10,91
2022,11,08,103,10,126
2022,11,09,103,10,20
2022,11,10,103,10,93
2022,11,12,103,10,703
2022,11,13,103,10,254
2022,11,14,103,10,1141
2022,11,17,103,10,113
2022,11,18,103,10,138
2022,11,19,103,10,124
2022,11,20,103,10,97
2022,11,21,103,10,101
2022,11,22,103,10,95
2022,11,23,103,10,26
2022,11,24,103,10,126
2022,11,25,103,10,105
2022,11,t1,103,10,5062
2022,11,01,103,20,1988
2022,11,03,103,20,133
2022,11,04,103,20,57
2022,11,05,103,20,117
2022,11,06,103,20,134
2022,11,07,103,20,32
2022,11,08,103,20,34
2022,11,09,103,20,16
2022,11,10,103,20,32
2022,11,12,103,20,552
2022,11,13,103,20,98
2022,11,14,103,20,658
2022,11,17,103,20,112
2022,11,18,103,20,48
2022,11,19,103,20,52
2022,11,20,103,20,58
2022,11,21,103,20,54
2022,11,22,103,20,52
2022,11,23,103,20,46
2022,11,24,103,20,71
2022,11,25,103,20,60
2022,11,t1,103,20,4404
2022,11,01,103,30,258
2022,11,03,103,30,29
2022,11,04,103,30,19
2022,11,05,103,30,45
2022,11,06,103,30,79
2022,11,07,103,30,17
2022,11,08,103,30,43
2022,11,09,103,30,3
2022,11,10,103,30,17
2022,11,12,103,30,230
2022,11,13,103,30,43
2022,11,14,103,30,506
2022,11,17,103,30,32
2022,11,18,103,30,64
2022,11,19,103,30,28
2022,11,20,103,30,14
2022,11,21,103,30,19
2022,11,22,103,30,17
2022,11,23,103,30,9
2022,11,24,103,30,23
2022,11,25,103,30,9
2022,11,t1,103,30,1504
2022,11,01,103,t1,3205
2022,11,03,103,t1,357
2022,11,04,103,t1,192
2022,11,05,103,t1,375
2022,11,06,103,t1,439
2022,11,07,103,t1,140
2022,11,08,103,t1,203
2022,11,09,103,t1,39
2022,11,10,103,t1,142
2022,11,12,103,t1,1485
2022,11,13,103,t1,395
2022,11,14,103,t1,2305
2022,11,17,103,t1,257
2022,11,18,103,t1,250
2022,11,19,103,t1,204
2022,11,20,103,t1,169
2022,11,21,103,t1,174
2022,11,22,103,t1,164
2022,11,23,103,t1,81
2022,11,24,103,t1,220
2022,11,25,103,t1,174
2022,11,t1,103,t1,10970
2022,11,01,104,10,249
2022,11,03,104,10,51
2022,11,04,104,10,33
2022,11,05,104,10,53
2022,11,06,104,10,35
2022,11,07,104,10,17
2022,11,08,104,10,16
2022,11,09,104,10,2
2022,11,10,104,10,16
2022,11,12,104,10,114
2022,11,13,104,10,35
2022,11,14,104,10,228
2022,11,17,104,10,37
2022,11,18,104,10,30
2022,11,19,104,10,18
2022,11,20,104,10,17
2022,11,21,104,10,40
2022,11,22,104,10,27
2022,11,23,104,10,8
2022,11,24,104,10,19
2022,11,25,104,10,15
2022,11,t1,104,10,1060
2022,11,01,104,20,319
2022,11,03,104,20,19
2022,11,04,104,20,13
2022,11,05,104,20,20
2022,11,06,104,20,7
2022,11,07,104,20,5
2022,11,08,104,20,4
2022,11,09,104,20,1
2022,11,10,104,20,9
2022,11,12,104,20,59
2022,11,13,104,20,5
2022,11,14,104,20,65
2022,11,17,104,20,55
2022,11,18,104,20,14
2022,11,19,104,20,3
2022,11,20,104,20,16
2022,11,21,104,20,21
2022,11,22,104,20,7
2022,11,23,104,20,2
2022,11,24,104,20,9
2022,11,25,104,20,45
2022,11,t1,104,20,698
2022,11,01,104,30,112
2022,11,03,104,30,20
2022,11,04,104,30,17
2022,11,05,104,30,60
2022,11,06,104,30,36
2022,11,07,104,30,20
2022,11,08,104,30,10
2022,11,09,104,30,3
2022,11,10,104,30,8
2022,11,12,104,30,75
2022,11,13,104,30,24
2022,11,14,104,30,150
2022,11,17,104,30,24
2022,11,18,104,30,39
2022,11,19,104,30,15
2022,11,20,104,30,21
2022,11,21,104,30,15
2022,11,22,104,30,15
2022,11,23,104,30,35
2022,11,24,104,30,41
2022,11,25,104,30,8
2022,11,t1,104,30,748
2022,11,01,104,t1,680
2022,11,03,104,t1,90
2022,11,04,104,t1,63
2022,11,05,104,t1,133
2022,11,06,104,t1,78
2022,11,07,104,t1,42
2022,11,08,104,t1,30
2022,11,09,104,t1,6
2022,11,10,104,t1,33
2022,11,12,104,t1,248
2022,11,13,104,t1,64
2022,11,14,104,t1,443
2022,11,17,104,t1,116
2022,11,18,104,t1,83
2022,11,19,104,t1,36
2022,11,20,104,t1,54
2022,11,21,104,t1,76
2022,11,22,104,t1,49
2022,11,23,104,t1,45
2022,11,24,104,t1,69
2022,11,25,104,t1,68
2022,11,t1,104,t1,2506
2022,11,01,105,10,269
2022,11,03,105,10,54
2022,11,04,105,10,38
2022,11,05,105,10,57
2022,11,06,105,10,41
2022,11,07,105,10,20
2022,11,08,105,10,16
2022,11,09,105,10,4
2022,11,10,105,10,8
2022,11,12,105,10,150
2022,11,13,105,10,37
2022,11,14,105,10,213
2022,11,17,105,10,36
2022,11,18,105,10,41
2022,11,19,105,10,44
2022,11,20,105,10,45
2022,11,21,105,10,22
2022,11,22,105,10,43
2022,11,23,105,10,7
2022,11,24,105,10,33
2022,11,25,105,10,29
2022,11,t1,105,10,1207
2022,11,01,105,20,1949
2022,11,03,105,20,55
2022,11,04,105,20,38
2022,11,05,105,20,146
2022,11,06,105,20,65
2022,11,07,105,20,32
2022,11,08,105,20,13
2022,11,09,105,20,4
2022,11,10,105,20,14
2022,11,12,105,20,504
2022,11,13,105,20,61
2022,11,14,105,20,360
2022,11,17,105,20,34
2022,11,18,105,20,29
2022,11,19,105,20,29
2022,11,20,105,20,43
2022,11,21,105,20,36
2022,11,22,105,20,48
2022,11,23,105,20,16
2022,11,24,105,20,35
2022,11,25,105,20,26
2022,11,t1,105,20,3537
2022,11,01,105,30,194
2022,11,03,105,30,7
2022,11,04,105,30,16
2022,11,05,105,30,18
2022,11,06,105,30,27
2022,11,07,105,30,6
2022,11,08,105,30,10
2022,11,09,105,30,5
2022,11,10,105,30,7
2022,11,12,105,30,144
2022,11,13,105,30,20
2022,11,14,105,30,252
2022,11,17,105,30,11
2022,11,18,105,30,66
2022,11,19,105,30,22
2022,11,20,105,30,48
2022,11,21,105,30,19
2022,11,22,105,30,16
2022,11,23,105,30,5
2022,11,24,105,30,15
2022,11,25,105,30,8
2022,11,t1,105,30,916
2022,11,01,105,t1,2412
2022,11,03,105,t1,116
2022,11,04,105,t1,92
2022,11,05,105,t1,221
2022,11,06,105,t1,133
2022,11,07,105,t1,58
2022,11,08,105,t1,39
2022,11,09,105,t1,13
2022,11,10,105,t1,29
2022,11,12,105,t1,798
2022,11,13,105,t1,118
2022,11,14,105,t1,825
2022,11,17,105,t1,81
2022,11,18,105,t1,136
2022,11,19,105,t1,95
2022,11,20,105,t1,136
2022,11,21,105,t1,77
2022,11,22,105,t1,107
2022,11,23,105,t1,28
2022,11,24,105,t1,83
2022,11,25,105,t1,63
2022,11,t1,105,t1,5660
2022,11,01,106,10,23
2022,11,03,106,10,9
2022,11,04,106,10,2
2022,11,05,106,10,9
2022,11,06,106,10,3
2022,11,07,106,10,3
2022,11,10,106,10,2
2022,11,12,106,10,13
2022,11,13,106,10,8
2022,11,14,106,10,18
2022,11,17,106,10,1
2022,11,19,106,10,2
2022,11,20,106,10,1
2022,11,21,106,10,2
2022,11,22,106,10,2
2022,11,23,106,10,3
2022,11,24,106,10,1
2022,11,25,106,10,4
2022,11,t1,106,10,106
2022,11,01,106,20,39
2022,11,03,106,20,5
2022,11,05,106,20,4
2022,11,06,106,20,3
2022,11,07,106,20,1
2022,11,09,106,20,2
2022,11,10,106,20,1
2022,11,12,106,20,2
2022,11,13,106,20,2
2022,11,14,106,20,4
2022,11,17,106,20,2
2022,11,18,106,20,3
2022,11,19,106,20,11
2022,11,21,106,20,4
2022,11,24,106,20,1
2022,11,25,106,20,1
2022,11,t1,106,20,85
2022,11,01,106,30,9
2022,11,05,106,30,1
2022,11,06,106,30,4
2022,11,08,106,30,3
2022,11,10,106,30,3
2022,11,12,106,30,3
2022,11,13,106,30,1
2022,11,14,106,30,5
2022,11,17,106,30,1
2022,11,18,106,30,2
2022,11,21,106,30,2
2022,11,22,106,30,4
2022,11,23,106,30,1
2022,11,24,106,30,5
2022,11,25,106,30,2
2022,11,t1,106,30,46
2022,11,01,106,t1,71
2022,11,03,106,t1,14
2022,11,04,106,t1,2
2022,11,05,106,t1,14
2022,11,06,106,t1,10
2022,11,07,106,t1,4
2022,11,08,106,t1,3
2022,11,09,106,t1,2
2022,11,10,106,t1,6
2022,11,12,106,t1,18
2022,11,13,106,t1,11
2022,11,14,106,t1,27
2022,11,17,106,t1,4
2022,11,18,106,t1,5
2022,11,19,106,t1,13
2022,11,20,106,t1,1
2022,11,21,106,t1,8
2022,11,22,106,t1,6
2022,11,23,106,t1,4
2022,11,24,106,t1,7
2022,11,25,106,t1,7
2022,11,t1,106,t1,237
2022,11,19,107,10,1
2022,11,t1,107,10,1
2022,11,01,107,20,31
2022,11,03,107,20,13
2022,11,04,107,20,2
2022,11,05,107,20,1
2022,11,06,107,20,10
2022,11,08,107,20,12
2022,11,10,107,20,12
2022,11,12,107,20,11
2022,11,13,107,20,1
2022,11,14,107,20,33
2022,11,17,107,20,4
2022,11,18,107,20,1
2022,11,19,107,20,13
2022,11,23,107,20,3
2022,11,t1,107,20,147
2022,11,08,107,30,1
2022,11,t1,107,30,1
2022,11,01,107,t1,31
2022,11,03,107,t1,13
2022,11,04,107,t1,2
2022,11,05,107,t1,1
2022,11,06,107,t1,10
2022,11,08,107,t1,13
2022,11,10,107,t1,12
2022,11,12,107,t1,11
2022,11,13,107,t1,1
2022,11,14,107,t1,33
2022,11,17,107,t1,4
2022,11,18,107,t1,1
2022,11,19,107,t1,14
2022,11,23,107,t1,3
2022,11,t1,107,t1,149
2022,11,01,109,10,1
2022,11,14,109,10,1
2022,11,25,109,10,1
2022,11,t1,109,10,3
2022,11,04,109,20,1
2022,11,22,109,20,1
2022,11,t1,109,20,2
2022,11,01,109,t1,1
2022,11,04,109,t1,1
2022,11,14,109,t1,1
2022,11,22,109,t1,1
2022,11,25,109,t1,1
2022,11,t1,109,t1,5
2022,11,01,t1,10,2091
2022,11,03,t1,10,376
2022,11,04,t1,10,269
2022,11,05,t1,10,419
2022,11,06,t1,10,415
2022,11,07,t1,10,192
2022,11,08,t1,10,234
2022,11,09,t1,10,31
2022,11,10,t1,10,157
2022,11,12,t1,10,1369
2022,11,13,t1,10,468
2022,11,14,t1,10,2137
2022,11,17,t1,10,272
2022,11,18,t1,10,275
2022,11,19,t1,10,253
2022,11,20,t1,10,219
2022,11,21,t1,10,231
2022,11,22,t1,10,198
2022,11,23,t1,10,63
2022,11,24,t1,10,205
2022,11,25,t1,10,187
2022,11,t1,t1,10,10061
2022,11,01,t1,20,5389
2022,11,03,t1,20,308
2022,11,04,t1,20,156
2022,11,05,t1,20,407
2022,11,06,t1,20,278
2022,11,07,t1,20,93
2022,11,08,t1,20,99
2022,11,09,t1,20,27
2022,11,10,t1,20,90
2022,11,12,t1,20,1569
2022,11,13,t1,20,214
2022,11,14,t1,20,1376
2022,11,17,t1,20,314
2022,11,18,t1,20,130
2022,11,19,t1,20,164
2022,11,20,t1,20,161
2022,11,21,t1,20,191
2022,11,22,t1,20,162
2022,11,23,t1,20,90
2022,11,24,t1,20,161
2022,11,25,t1,20,176
2022,11,t1,t1,20,11555
2022,11,01,t1,30,839
2022,11,03,t1,30,88
2022,11,04,t1,30,81
2022,11,05,t1,30,197
2022,11,06,t1,30,211
2022,11,07,t1,30,72
2022,11,08,t1,30,126
2022,11,09,t1,30,19
2022,11,10,t1,30,52
2022,11,12,t1,30,682
2022,11,13,t1,30,169
2022,11,14,t1,30,1146
2022,11,17,t1,30,129
2022,11,18,t1,30,191
2022,11,19,t1,30,94
2022,11,20,t1,30,172
2022,11,21,t1,30,104
2022,11,22,t1,30,77
2022,11,23,t1,30,73
2022,11,24,t1,30,115
2022,11,25,t1,30,42
2022,11,t1,t1,30,4679
2022,11,01,t1,t1,8319
2022,11,03,t1,t1,772
2022,11,04,t1,t1,506
2022,11,05,t1,t1,1023
2022,11,06,t1,t1,904
2022,11,07,t1,t1,357
2022,11,08,t1,t1,459
2022,11,09,t1,t1,77
2022,11,10,t1,t1,299
2022,11,12,t1,t1,3620
2022,11,13,t1,t1,851
2022,11,14,t1,t1,4659
2022,11,17,t1,t1,715
2022,11,18,t1,t1,596
2022,11,19,t1,t1,511
2022,11,20,t1,t1,552
2022,11,21,t1,t1,526
2022,11,22,t1,t1,437
2022,11,23,t1,t1,226
2022,11,24,t1,t1,481
2022,11,25,t1,t1,405
2022,11,t1,t1,t1,26295
2022,12,01,101,10,393
2022,12,03,101,10,50
2022,12,04,101,10,72
2022,12,05,101,10,102
2022,12,06,101,10,95
2022,12,07,101,10,42
2022,12,08,101,10,43
2022,12,09,101,10,4
2022,12,10,101,10,28
2022,12,12,101,10,320
2022,12,13,101,10,107
2022,12,14,101,10,478
2022,12,17,101,10,63
2022,12,18,101,10,67
2022,12,19,101,10,60
2022,12,20,101,10,35
2022,12,21,101,10,37
2022,12,22,101,10,32
2022,12,23,101,10,6
2022,12,24,101,10,17
2022,12,25,101,10,14
2022,12,t1,101,10,2065
2022,12,01,101,20,574
2022,12,03,101,20,26
2022,12,04,101,20,23
2022,12,05,101,20,29
2022,12,06,101,20,34
2022,12,07,101,20,11
2022,12,08,101,20,11
2022,12,09,101,20,2
2022,12,10,101,20,7
2022,12,12,101,20,164
2022,12,13,101,20,33
2022,12,14,101,20,148
2022,12,17,101,20,33
2022,12,18,101,20,31
2022,12,19,101,20,14
2022,12,20,101,20,33
2022,12,21,101,20,23
2022,12,22,101,20,21
2022,12,23,101,20,6
2022,12,24,101,20,19
2022,12,25,101,20,13
2022,12,t1,101,20,1255
2022,12,01,101,30,149
2022,12,03,101,30,24
2022,12,04,101,30,26
2022,12,05,101,30,45
2022,12,06,101,30,36
2022,12,07,101,30,31
2022,12,08,101,30,38
2022,12,09,101,30,6
2022,12,10,101,30,16
2022,12,12,101,30,201
2022,12,13,101,30,23
2022,12,14,101,30,206
2022,12,17,101,30,70
2022,12,18,101,30,48
2022,12,19,101,30,22
2022,12,20,101,30,28
2022,12,21,101,30,39
2022,12,22,101,30,15
2022,12,23,101,30,4
2022,12,24,101,30,21
2022,12,25,101,30,2
2022,12,t1,101,30,1050
2022,12,01,101,t1,1116
2022,12,03,101,t1,100
2022,12,04,101,t1,121
2022,12,05,101,t1,176
2022,12,06,101,t1,165
2022,12,07,101,t1,84
2022,12,08,101,t1,92
2022,12,09,101,t1,12
2022,12,10,101,t1,51
2022,12,12,101,t1,685
2022,12,13,101,t1,163
2022,12,14,101,t1,832
2022,12,17,101,t1,166
2022,12,18,101,t1,146
2022,12,19,101,t1,96
2022,12,20,101,t1,96
2022,12,21,101,t1,99
2022,12,22,101,t1,68
2022,12,23,101,t1,16
2022,12,24,101,t1,57
2022,12,25,101,t1,29
2022,12,t1,101,t1,4370
2022,12,01,102,10,112
2022,12,03,102,10,15
2022,12,04,102,10,12
2022,12,05,102,10,18
2022,12,06,102,10,14
2022,12,07,102,10,13
2022,12,08,102,10,14
2022,12,10,102,10,6
2022,12,12,102,10,54
2022,12,13,102,10,22
2022,12,14,102,10,64
2022,12,17,102,10,17
2022,12,18,102,10,9
2022,12,19,102,10,10
2022,12,20,102,10,15
2022,12,21,102,10,10
2022,12,22,102,10,11
2022,12,23,102,10,4
2022,12,24,102,10,7
2022,12,25,102,10,15
2022,12,t1,102,10,442
2022,12,01,102,20,497
2022,12,03,102,20,71
2022,12,04,102,20,23
2022,12,05,102,20,49
2022,12,06,102,20,22
2022,12,07,102,20,26
2022,12,08,102,20,23
2022,12,09,102,20,1
2022,12,10,102,20,12
2022,12,12,102,20,219
2022,12,13,102,20,19
2022,12,14,102,20,243
2022,12,17,102,20,17
2022,12,18,102,20,38
2022,12,19,102,20,27
2022,12,20,102,20,40
2022,12,21,102,20,36
2022,12,22,102,20,33
2022,12,23,102,20,15
2022,12,24,102,20,23
2022,12,25,102,20,24
2022,12,t1,102,20,1458
2022,12,01,102,30,106
2022,12,03,102,30,20
2022,12,04,102,30,13
2022,12,05,102,30,8
2022,12,06,102,30,17
2022,12,07,102,30,5
2022,12,08,102,30,13
2022,12,09,102,30,1
2022,12,10,102,30,7
2022,12,12,102,30,108
2022,12,13,102,30,5
2022,12,14,102,30,101
2022,12,17,102,30,89
2022,12,18,102,30,11
2022,12,19,102,30,15
2022,12,20,102,30,38
2022,12,21,102,30,13
2022,12,22,102,30,16
2022,12,23,102,30,10
2022,12,24,102,30,36
2022,12,25,102,30,14
2022,12,t1,102,30,646
2022,12,01,102,t1,715
2022,12,03,102,t1,106
2022,12,04,102,t1,48
2022,12,05,102,t1,75
2022,12,06,102,t1,53
2022,12,07,102,t1,44
2022,12,08,102,t1,50
2022,12,09,102,t1,2
2022,12,10,102,t1,25
2022,12,12,102,t1,381
2022,12,13,102,t1,46
2022,12,14,102,t1,408
2022,12,17,102,t1,123
2022,12,18,102,t1,58
2022,12,19,102,t1,52
2022,12,20,102,t1,93
2022,12,21,102,t1,59
2022,12,22,102,t1,60
2022,12,23,102,t1,29
2022,12,24,102,t1,66
2022,12,25,102,t1,53
2022,12,t1,102,t1,2546
2022,12,01,103,10,1694
2022,12,03,103,10,330
2022,12,04,103,10,208
2022,12,05,103,10,392
2022,12,06,103,10,431
2022,12,07,103,10,217
2022,12,08,103,10,243
2022,12,09,103,10,32
2022,12,10,103,10,114
2022,12,12,103,10,1069
2022,12,13,103,10,361
2022,12,14,103,10,1974
2022,12,17,103,10,168
2022,12,18,103,10,248
2022,12,19,103,10,197
2022,12,20,103,10,145
2022,12,21,103,10,149
2022,12,22,103,10,129
2022,12,23,103,10,46
2022,12,24,103,10,159
2022,12,25,103,10,168
2022,12,t1,103,10,8474
2022,12,01,103,20,3809
2022,12,03,103,20,228
2022,12,04,103,20,137
2022,12,05,103,20,248
2022,12,06,103,20,226
2022,12,07,103,20,104
2022,12,08,103,20,79
2022,12,09,103,20,20
2022,12,10,103,20,26
2022,12,12,103,20,1094
2022,12,13,103,20,171
2022,12,14,103,20,1156
2022,12,17,103,20,133
2022,12,18,103,20,93
2022,12,19,103,20,91
2022,12,20,103,20,131
2022,12,21,103,20,93
2022,12,22,103,20,94
2022,12,23,103,20,52
2022,12,24,103,20,94
2022,12,25,103,20,104
2022,12,t1,103,20,8183
2022,12,01,103,30,393
2022,12,03,103,30,41
2022,12,04,103,30,33
2022,12,05,103,30,35
2022,12,06,103,30,81
2022,12,07,103,30,21
2022,12,08,103,30,55
2022,12,09,103,30,6
2022,12,10,103,30,11
2022,12,12,103,30,145
2022,12,13,103,30,39
2022,12,14,103,30,331
2022,12,17,103,30,49
2022,12,18,103,30,70
2022,12,19,103,30,32
2022,12,20,103,30,59
2022,12,21,103,30,40
2022,12,22,103,30,34
2022,12,23,103,30,13
2022,12,24,103,30,39
2022,12,25,103,30,23
2022,12,t1,103,30,1550
2022,12,01,103,t1,5896
2022,12,03,103,t1,599
2022,12,04,103,t1,378
2022,12,05,103,t1,675
2022,12,06,103,t1,738
2022,12,07,103,t1,342
2022,12,08,103,t1,377
2022,12,09,103,t1,58
2022,12,10,103,t1,151
2022,12,12,103,t1,2308
2022,12,13,103,t1,571
2022,12,14,103,t1,3461
2022,12,17,103,t1,350
2022,12,18,103,t1,411
2022,12,19,103,t1,320
2022,12,20,103,t1,335
2022,12,21,103,t1,282
2022,12,22,103,t1,257
2022,12,23,103,t1,111
2022,12,24,103,t1,292
2022,12,25,103,t1,295
2022,12,t1,103,t1,18207
2022,12,01,104,10,150
2022,12,03,104,10,47
2022,12,04,104,10,46
2022,12,05,104,10,35
2022,12,06,104,10,33
2022,12,07,104,10,12
2022,12,08,104,10,12
2022,12,09,104,10,1
2022,12,10,104,10,14
2022,12,12,104,10,116
2022,12,13,104,10,35
2022,12,14,104,10,160
2022,12,17,104,10,24
2022,12,18,104,10,20
2022,12,19,104,10,14
2022,12,20,104,10,20
2022,12,21,104,10,32
2022,12,22,104,10,15
2022,12,23,104,10,3
2022,12,24,104,10,16
2022,12,25,104,10,10
2022,12,t1,104,10,815
2022,12,01,104,20,167
2022,12,03,104,20,19
2022,12,04,104,20,5
2022,12,05,104,20,22
2022,12,06,104,20,21
2022,12,07,104,20,6
2022,12,08,104,20,3
2022,12,09,104,20,1
2022,12,10,104,20,5
2022,12,12,104,20,49
2022,12,13,104,20,2
2022,12,14,104,20,66
2022,12,17,104,20,11
2022,12,18,104,20,14
2022,12,19,104,20,3
2022,12,20,104,20,3
2022,12,21,104,20,11
2022,12,22,104,20,6
2022,12,23,104,20,7
2022,12,24,104,20,6
2022,12,25,104,20,19
2022,12,t1,104,20,446
2022,12,01,104,30,186
2022,12,03,104,30,20
2022,12,04,104,30,14
2022,12,05,104,30,47
2022,12,06,104,30,52
2022,12,07,104,30,32
2022,12,08,104,30,9
2022,12,09,104,30,2
2022,12,10,104,30,5
2022,12,12,104,30,87
2022,12,13,104,30,16
2022,12,14,104,30,235
2022,12,17,104,30,24
2022,12,18,104,30,23
2022,12,19,104,30,11
2022,12,20,104,30,17
2022,12,21,104,30,27
2022,12,22,104,30,16
2022,12,23,104,30,16
2022,12,24,104,30,42
2022,12,25,104,30,19
2022,12,t1,104,30,900
2022,12,01,104,t1,503
2022,12,03,104,t1,86
2022,12,04,104,t1,65
2022,12,05,104,t1,104
2022,12,06,104,t1,106
2022,12,07,104,t1,50
2022,12,08,104,t1,24
2022,12,09,104,t1,4
2022,12,10,104,t1,24
2022,12,12,104,t1,252
2022,12,13,104,t1,53
2022,12,14,104,t1,461
2022,12,17,104,t1,59
2022,12,18,104,t1,57
2022,12,19,104,t1,28
2022,12,20,104,t1,40
2022,12,21,104,t1,70
2022,12,22,104,t1,37
2022,12,23,104,t1,26
2022,12,24,104,t1,64
2022,12,25,104,t1,48
2022,12,t1,104,t1,2161
2022,12,01,105,10,365
2022,12,03,105,10,59
2022,12,04,105,10,70
2022,12,05,105,10,78
2022,12,06,105,10,47
2022,12,07,105,10,24
2022,12,08,105,10,25
2022,12,09,105,10,8
2022,12,10,105,10,25
2022,12,12,105,10,183
2022,12,13,105,10,56
2022,12,14,105,10,306
2022,12,17,105,10,25
2022,12,18,105,10,39
2022,12,19,105,10,59
2022,12,20,105,10,29
2022,12,21,105,10,37
2022,12,22,105,10,38
2022,12,23,105,10,23
2022,12,24,105,10,56
2022,12,25,105,10,43
2022,12,t1,105,10,1595
2022,12,01,105,20,3039
2022,12,03,105,20,58
2022,12,04,105,20,44
2022,12,05,105,20,149
2022,12,06,105,20,77
2022,12,07,105,20,40
2022,12,08,105,20,53
2022,12,09,105,20,6
2022,12,10,105,20,17
2022,12,12,105,20,777
2022,12,13,105,20,75
2022,12,14,105,20,459
2022,12,17,105,20,108
2022,12,18,105,20,75
2022,12,19,105,20,58
2022,12,20,105,20,103
2022,12,21,105,20,48
2022,12,22,105,20,50
2022,12,23,105,20,28
2022,12,24,105,20,32
2022,12,25,105,20,57
2022,12,t1,105,20,5353
2022,12,01,105,30,288
2022,12,03,105,30,13
2022,12,04,105,30,23
2022,12,05,105,30,24
2022,12,06,105,30,44
2022,12,07,105,30,15
2022,12,08,105,30,21
2022,12,09,105,30,3
2022,12,10,105,30,15
2022,12,12,105,30,149
2022,12,13,105,30,35
2022,12,14,105,30,321
2022,12,17,105,30,20
2022,12,18,105,30,27
2022,12,19,105,30,20
2022,12,20,105,30,36
2022,12,21,105,30,31
2022,12,22,105,30,69
2022,12,23,105,30,28
2022,12,24,105,30,52
2022,12,25,105,30,66
2022,12,t1,105,30,1300
2022,12,01,105,t1,3692
2022,12,03,105,t1,130
2022,12,04,105,t1,137
2022,12,05,105,t1,251
2022,12,06,105,t1,168
2022,12,07,105,t1,79
2022,12,08,105,t1,99
2022,12,09,105,t1,17
2022,12,10,105,t1,57
2022,12,12,105,t1,1109
2022,12,13,105,t1,166
2022,12,14,105,t1,1086
2022,12,17,105,t1,153
2022,12,18,105,t1,141
2022,12,19,105,t1,137
2022,12,20,105,t1,168
2022,12,21,105,t1,116
2022,12,22,105,t1,157
2022,12,23,105,t1,79
2022,12,24,105,t1,140
2022,12,25,105,t1,166
2022,12,t1,105,t1,8248
2022,12,01,106,10,19
2022,12,03,106,10,2
2022,12,05,106,10,5
2022,12,06,106,10,2
2022,12,10,106,10,1
2022,12,12,106,10,15
2022,12,13,106,10,4
2022,12,14,106,10,19
2022,12,18,106,10,5
2022,12,20,106,10,2
2022,12,24,106,10,2
2022,12,t1,106,10,76
2022,12,01,106,20,20
2022,12,03,106,20,5
2022,12,06,106,20,35
2022,12,07,106,20,1
2022,12,10,106,20,6
2022,12,12,106,20,5
2022,12,14,106,20,4
2022,12,17,106,20,1
2022,12,18,106,20,1
2022,12,19,106,20,1
2022,12,20,106,20,1
2022,12,21,106,20,1
2022,12,22,106,20,2
2022,12,23,106,20,1
2022,12,24,106,20,4
2022,12,t1,106,20,88
2022,12,01,106,30,7
2022,12,03,106,30,1
2022,12,05,106,30,1
2022,12,09,106,30,1
2022,12,10,106,30,3
2022,12,12,106,30,11
2022,12,14,106,30,16
2022,12,17,106,30,1
2022,12,18,106,30,1
2022,12,19,106,30,1
2022,12,23,106,30,3
2022,12,24,106,30,1
2022,12,25,106,30,1
2022,12,t1,106,30,48
2022,12,01,106,t1,46
2022,12,03,106,t1,8
2022,12,05,106,t1,6
2022,12,06,106,t1,37
2022,12,07,106,t1,1
2022,12,09,106,t1,1
2022,12,10,106,t1,10
2022,12,12,106,t1,31
2022,12,13,106,t1,4
2022,12,14,106,t1,39
2022,12,17,106,t1,2
2022,12,18,106,t1,7
2022,12,19,106,t1,2
2022,12,20,106,t1,3
2022,12,21,106,t1,1
2022,12,22,106,t1,2
2022,12,23,106,t1,4
2022,12,24,106,t1,7
2022,12,25,106,t1,1
2022,12,t1,106,t1,212
2022,12,06,107,10,2
2022,12,t1,107,10,2
2022,12,01,107,20,38
2022,12,03,107,20,5
2022,12,05,107,20,2
2022,12,06,107,20,10
2022,12,07,107,20,1
2022,12,08,107,20,12
2022,12,10,107,20,4
2022,12,12,107,20,11
2022,12,13,107,20,2
2022,12,14,107,20,28
2022,12,19,107,20,6
2022,12,21,107,20,1
2022,12,22,107,20,3
2022,12,23,107,20,7
2022,12,24,107,20,2
2022,12,t1,107,20,132
2022,12,01,107,30,1
2022,12,t1,107,30,1
2022,12,01,107,t1,39
2022,12,03,107,t1,5
2022,12,05,107,t1,2
2022,12,06,107,t1,12
2022,12,07,107,t1,1
2022,12,08,107,t1,12
2022,12,10,107,t1,4
2022,12,12,107,t1,11
2022,12,13,107,t1,2
2022,12,14,107,t1,28
2022,12,19,107,t1,6
2022,12,21,107,t1,1
2022,12,22,107,t1,3
2022,12,23,107,t1,7
2022,12,24,107,t1,2
2022,12,t1,107,t1,135
2022,12,01,t1,10,2733
2022,12,03,t1,10,503
2022,12,04,t1,10,408
2022,12,05,t1,10,630
2022,12,06,t1,10,624
2022,12,07,t1,10,308
2022,12,08,t1,10,337
2022,12,09,t1,10,45
2022,12,10,t1,10,188
2022,12,12,t1,10,1757
2022,12,13,t1,10,585
2022,12,14,t1,10,3001
2022,12,17,t1,10,297
2022,12,18,t1,10,388
2022,12,19,t1,10,340
2022,12,20,t1,10,246
2022,12,21,t1,10,265
2022,12,22,t1,10,225
2022,12,23,t1,10,82
2022,12,24,t1,10,257
2022,12,25,t1,10,250
2022,12,t1,t1,10,13469
2022,12,01,t1,20,8144
2022,12,03,t1,20,412
2022,12,04,t1,20,232
2022,12,05,t1,20,499
2022,12,06,t1,20,425
2022,12,07,t1,20,189
2022,12,08,t1,20,181
2022,12,09,t1,20,30
2022,12,10,t1,20,77
2022,12,12,t1,20,2319
2022,12,13,t1,20,302
2022,12,14,t1,20,2104
2022,12,17,t1,20,303
2022,12,18,t1,20,252
2022,12,19,t1,20,200
2022,12,20,t1,20,311
2022,12,21,t1,20,213
2022,12,22,t1,20,209
2022,12,23,t1,20,116
2022,12,24,t1,20,180
2022,12,25,t1,20,217
2022,12,t1,t1,20,16915
2022,12,01,t1,30,1130
2022,12,03,t1,30,119
2022,12,04,t1,30,109
2022,12,05,t1,30,160
2022,12,06,t1,30,230
2022,12,07,t1,30,104
2022,12,08,t1,30,136
2022,12,09,t1,30,19
2022,12,10,t1,30,57
2022,12,12,t1,30,701
2022,12,13,t1,30,118
2022,12,14,t1,30,1210
2022,12,17,t1,30,253
2022,12,18,t1,30,180
2022,12,19,t1,30,101
2022,12,20,t1,30,178
2022,12,21,t1,30,150
2022,12,22,t1,30,150
2022,12,23,t1,30,74
2022,12,24,t1,30,191
2022,12,25,t1,30,125
2022,12,t1,t1,30,5495
2022,12,01,t1,t1,12007
2022,12,03,t1,t1,1034
2022,12,04,t1,t1,749
2022,12,05,t1,t1,1289
2022,12,06,t1,t1,1279
2022,12,07,t1,t1,601
2022,12,08,t1,t1,654
2022,12,09,t1,t1,94
2022,12,10,t1,t1,322
2022,12,12,t1,t1,4777
2022,12,13,t1,t1,1005
2022,12,14,t1,t1,6315
2022,12,17,t1,t1,853
2022,12,18,t1,t1,820
2022,12,19,t1,t1,641
2022,12,20,t1,t1,735
2022,12,21,t1,t1,628
2022,12,22,t1,t1,584
2022,12,23,t1,t1,272
2022,12,24,t1,t1,628
2022,12,25,t1,t1,592
2022,12,t1,t1,t1,35879
2022,t1,01,101,t1,18739
2022,t1,03,101,t1,2285
2022,t1,04,101,t1,1597
2022,t1,05,101,t1,2461
2022,t1,06,101,t1,2375
2022,t1,07,101,t1,1214
2022,t1,08,101,t1,1627
2022,t1,09,101,t1,287
2022,t1,10,101,t1,899
2022,t1,12,101,t1,9968
2022,t1,13,101,t1,2758
2022,t1,14,101,t1,12427
2022,t1,17,101,t1,2094
2022,t1,18,101,t1,1563
2022,t1,19,101,t1,1468
2022,t1,20,101,t1,1360
2022,t1,21,101,t1,1306
2022,t1,22,101,t1,915
2022,t1,23,101,t1,313
2022,t1,24,101,t1,956
2022,t1,25,101,t1,635
2022,t1,t1,101,t1,67247
2022,t1,01,102,t1,10580
2022,t1,03,102,t1,886
2022,t1,04,102,t1,726
2022,t1,05,102,t1,1132
2022,t1,06,102,t1,1180
2022,t1,07,102,t1,552
2022,t1,08,102,t1,788
2022,t1,09,102,t1,87
2022,t1,10,102,t1,383
2022,t1,12,102,t1,6149
2022,t1,13,102,t1,889
2022,t1,14,102,t1,5097
2022,t1,17,102,t1,1858
2022,t1,18,102,t1,789
2022,t1,19,102,t1,672
2022,t1,20,102,t1,882
2022,t1,21,102,t1,940
2022,t1,22,102,t1,1018
2022,t1,23,102,t1,472
2022,t1,24,102,t1,840
2022,t1,25,102,t1,868
2022,t1,t1,102,t1,36788
2022,t1,01,103,t1,30796
2022,t1,03,103,t1,3078
2022,t1,04,103,t1,1823
2022,t1,05,103,t1,3617
2022,t1,06,103,t1,3471
2022,t1,07,103,t1,1458
2022,t1,08,103,t1,1644
2022,t1,09,103,t1,324
2022,t1,10,103,t1,1022
2022,t1,12,103,t1,12767
2022,t1,13,103,t1,3510
2022,t1,14,103,t1,17790
2022,t1,17,103,t1,1851
2022,t1,18,103,t1,2084
2022,t1,19,103,t1,1927
2022,t1,20,103,t1,1701
2022,t1,21,103,t1,1583
2022,t1,22,103,t1,1529
2022,t1,23,103,t1,804
2022,t1,24,103,t1,1843
2022,t1,25,103,t1,1541
2022,t1,t1,103,t1,96163
2022,t1,01,104,t1,6896
2022,t1,03,104,t1,992
2022,t1,04,104,t1,724
2022,t1,05,104,t1,1306
2022,t1,06,104,t1,1226
2022,t1,07,104,t1,553
2022,t1,08,104,t1,419
2022,t1,09,104,t1,107
2022,t1,10,104,t1,354
2022,t1,12,104,t1,3358
2022,t1,13,104,t1,733
2022,t1,14,104,t1,5303
2022,t1,17,104,t1,829
2022,t1,18,104,t1,796
2022,t1,19,104,t1,417
2022,t1,20,104,t1,592
2022,t1,21,104,t1,858
2022,t1,22,104,t1,480
2022,t1,23,104,t1,325
2022,t1,24,104,t1,620
2022,t1,25,104,t1,696
2022,t1,t1,104,t1,27584
2022,t1,01,105,t1,27786
2022,t1,03,105,t1,1549
2022,t1,04,105,t1,1231
2022,t1,05,105,t1,2232
2022,t1,06,105,t1,1562
2022,t1,07,105,t1,878
2022,t1,08,105,t1,805
2022,t1,09,105,t1,150
2022,t1,10,105,t1,570
2022,t1,12,105,t1,8550
2022,t1,13,105,t1,1608
2022,t1,14,105,t1,10705
2022,t1,17,105,t1,1147
2022,t1,18,105,t1,1261
2022,t1,19,105,t1,1245
2022,t1,20,105,t1,1283
2022,t1,21,105,t1,921
2022,t1,22,105,t1,1090
2022,t1,23,105,t1,376
2022,t1,24,105,t1,1082
2022,t1,25,105,t1,744
2022,t1,t1,105,t1,66775
2022,t1,01,106,t1,619
2022,t1,03,106,t1,101
2022,t1,04,106,t1,49
2022,t1,05,106,t1,136
2022,t1,06,106,t1,131
2022,t1,07,106,t1,28
2022,t1,08,106,t1,36
2022,t1,09,106,t1,22
2022,t1,10,106,t1,103
2022,t1,12,106,t1,298
2022,t1,13,106,t1,91
2022,t1,14,106,t1,446
2022,t1,17,106,t1,58
2022,t1,18,106,t1,78
2022,t1,19,106,t1,84
2022,t1,20,106,t1,62
2022,t1,21,106,t1,82
2022,t1,22,106,t1,95
2022,t1,23,106,t1,43
2022,t1,24,106,t1,99
2022,t1,25,106,t1,47
2022,t1,t1,106,t1,2708
2022,t1,01,107,t1,514
2022,t1,03,107,t1,43
2022,t1,04,107,t1,42
2022,t1,05,107,t1,29
2022,t1,06,107,t1,127
2022,t1,07,107,t1,19
2022,t1,08,107,t1,163
2022,t1,09,107,t1,10
2022,t1,10,107,t1,93
2022,t1,12,107,t1,187
2022,t1,13,107,t1,54
2022,t1,14,107,t1,442
2022,t1,17,107,t1,14
2022,t1,18,107,t1,28
2022,t1,19,107,t1,110
2022,t1,20,107,t1,4
2022,t1,21,107,t1,2
2022,t1,22,107,t1,5
2022,t1,23,107,t1,22
2022,t1,24,107,t1,2
2022,t1,25,107,t1,9
2022,t1,t1,107,t1,1919
2022,t1,01,109,t1,6
2022,t1,03,109,t1,2
2022,t1,04,109,t1,2
2022,t1,06,109,t1,2
2022,t1,07,109,t1,1
2022,t1,08,109,t1,2
2022,t1,10,109,t1,1
2022,t1,12,109,t1,5
2022,t1,14,109,t1,4
2022,t1,17,109,t1,3
2022,t1,22,109,t1,2
2022,t1,23,109,t1,2
2022,t1,24,109,t1,2
2022,t1,25,109,t1,2
2022,t1,t1,109,t1,36
2022,t1,01,t1,t1,95936
2022,t1,03,t1,t1,8936
2022,t1,04,t1,t1,6194
2022,t1,05,t1,t1,10913
2022,t1,06,t1,t1,10074
2022,t1,07,t1,t1,4703
2022,t1,08,t1,t1,5484
2022,t1,09,t1,t1,987
2022,t1,10,t1,t1,3425
2022,t1,12,t1,t1,41282
2022,t1,13,t1,t1,9643
2022,t1,14,t1,t1,52214
2022,t1,17,t1,t1,7854
2022,t1,18,t1,t1,6599
2022,t1,19,t1,t1,5923
2022,t1,20,t1,t1,5884
2022,t1,21,t1,t1,5692
2022,t1,22,t1,t1,5134
2022,t1,23,t1,t1,2357
2022,t1,24,t1,t1,5444
2022,t1,25,t1,t1,4542
2022,t1,t1,t1,t1,299220
2023,01,01,101,10,339
2023,01,03,101,10,31
2023,01,04,101,10,37
2023,01,05,101,10,54
2023,01,06,101,10,50
2023,01,07,101,10,32
2023,01,08,101,10,43
2023,01,09,101,10,6
2023,01,10,101,10,26
2023,01,12,101,10,255
2023,01,13,101,10,62
2023,01,14,101,10,317
2023,01,17,101,10,56
2023,01,18,101,10,40
2023,01,19,101,10,46
2023,01,20,101,10,24
2023,01,21,101,10,35
2023,01,22,101,10,18
2023,01,23,101,10,5
2023,01,24,101,10,23
2023,01,25,101,10,13
2023,01,t1,101,10,1512
2023,01,01,101,20,337
2023,01,03,101,20,54
2023,01,04,101,20,15
2023,01,05,101,20,33
2023,01,06,101,20,27
2023,01,07,101,20,15
2023,01,08,101,20,9
2023,01,09,101,20,2
2023,01,10,101,20,10
2023,01,12,101,20,212
2023,01,13,101,20,42
2023,01,14,101,20,132
2023,01,17,101,20,67
2023,01,18,101,20,8
2023,01,19,101,20,10
2023,01,20,101,20,28
2023,01,21,101,20,19
2023,01,22,101,20,14
2023,01,23,101,20,14
2023,01,24,101,20,11
2023,01,25,101,20,7
2023,01,t1,101,20,1066
2023,01,01,101,30,202
2023,01,03,101,30,18
2023,01,04,101,30,22
2023,01,05,101,30,28
2023,01,06,101,30,30
2023,01,07,101,30,27
2023,01,08,101,30,60
2023,01,10,101,30,24
2023,01,12,101,30,242
2023,01,13,101,30,24
2023,01,14,101,30,201
2023,01,17,101,30,18
2023,01,18,101,30,11
2023,01,19,101,30,13
2023,01,20,101,30,25
2023,01,21,101,30,22
2023,01,22,101,30,33
2023,01,23,101,30,3
2023,01,24,101,30,11
2023,01,25,101,30,10
2023,01,t1,101,30,1024
2023,01,01,101,t1,878
2023,01,03,101,t1,103
2023,01,04,101,t1,74
2023,01,05,101,t1,115
2023,01,06,101,t1,107
2023,01,07,101,t1,74
2023,01,08,101,t1,112
2023,01,09,101,t1,8
2023,01,10,101,t1,60
2023,01,12,101,t1,709
2023,01,13,101,t1,128
2023,01,14,101,t1,650
2023,01,17,101,t1,141
2023,01,18,101,t1,59
2023,01,19,101,t1,69
2023,01,20,101,t1,77
2023,01,21,101,t1,76
2023,01,22,101,t1,65
2023,01,23,101,t1,22
2023,01,24,101,t1,45
2023,01,25,101,t1,30
2023,01,t1,101,t1,3602
2023,01,01,102,10,89
2023,01,03,102,10,12
2023,01,04,102,10,8
2023,01,05,102,10,7
2023,01,06,102,10,12
2023,01,07,102,10,7
2023,01,08,102,10,2
2023,01,09,102,10,1
2023,01,10,102,10,5
2023,01,12,102,10,49
2023,01,13,102,10,12
2023,01,14,102,10,56
2023,01,17,102,10,10
2023,01,18,102,10,6
2023,01,19,102,10,6
2023,01,20,102,10,6
2023,01,21,102,10,7
2023,01,22,102,10,6
2023,01,23,102,10,3
2023,01,24,102,10,7
2023,01,25,102,10,9
2023,01,t1,102,10,320
2023,01,01,102,20,327
2023,01,03,102,20,63
2023,01,04,102,20,25
2023,01,05,102,20,45
2023,01,06,102,20,25
2023,01,07,102,20,16
2023,01,08,102,20,11
2023,01,09,102,20,2
2023,01,10,102,20,19
2023,01,12,102,20,131
2023,01,13,102,20,22
2023,01,14,102,20,106
2023,01,17,102,20,44
2023,01,18,102,20,12
2023,01,19,102,20,13
2023,01,20,102,20,29
2023,01,21,102,20,24
2023,01,22,102,20,16
2023,01,23,102,20,7
2023,01,24,102,20,32
2023,01,25,102,20,26
2023,01,t1,102,20,995
2023,01,01,102,30,123
2023,01,03,102,30,7
2023,01,04,102,30,8
2023,01,05,102,30,10
2023,01,06,102,30,7
2023,01,07,102,30,3
2023,01,08,102,30,12
2023,01,10,102,30,3
2023,01,12,102,30,102
2023,01,13,102,30,4
2023,01,14,102,30,37
2023,01,17,102,30,59
2023,01,18,102,30,4
2023,01,19,102,30,7
2023,01,20,102,30,11
2023,01,21,102,30,15
2023,01,22,102,30,13
2023,01,23,102,30,14
2023,01,24,102,30,33
2023,01,25,102,30,76
2023,01,t1,102,30,548
2023,01,01,102,t1,539
2023,01,03,102,t1,82
2023,01,04,102,t1,41
2023,01,05,102,t1,62
2023,01,06,102,t1,44
2023,01,07,102,t1,26
2023,01,08,102,t1,25
2023,01,09,102,t1,3
2023,01,10,102,t1,27
2023,01,12,102,t1,282
2023,01,13,102,t1,38
2023,01,14,102,t1,199
2023,01,17,102,t1,113
2023,01,18,102,t1,22
2023,01,19,102,t1,26
2023,01,20,102,t1,46
2023,01,21,102,t1,46
2023,01,22,102,t1,35
2023,01,23,102,t1,24
2023,01,24,102,t1,72
2023,01,25,102,t1,111
2023,01,t1,102,t1,1863
2023,01,01,103,10,424
2023,01,03,103,10,74
2023,01,04,103,10,47
2023,01,05,103,10,96
2023,01,06,103,10,55
2023,01,07,103,10,38
2023,01,08,103,10,43
2023,01,09,103,10,8
2023,01,10,103,10,29
2023,01,12,103,10,264
2023,01,13,103,10,94
2023,01,14,103,10,419
2023,01,17,103,10,49
2023,01,18,103,10,64
2023,01,19,103,10,48
2023,01,20,103,10,44
2023,01,21,103,10,31
2023,01,22,103,10,34
2023,01,23,103,10,16
2023,01,24,103,10,54
2023,01,25,103,10,42
2023,01,t1,103,10,1973
2023,01,01,103,20,949
2023,01,03,103,20,73
2023,01,04,103,20,20
2023,01,05,103,20,67
2023,01,06,103,20,46
2023,01,07,103,20,21
2023,01,08,103,20,13
2023,01,09,103,20,3
2023,01,10,103,20,22
2023,01,12,103,20,226
2023,01,13,103,20,36
2023,01,14,103,20,281
2023,01,17,103,20,24
2023,01,18,103,20,22
2023,01,19,103,20,28
2023,01,20,103,20,45
2023,01,21,103,20,29
2023,01,22,103,20,16
2023,01,23,103,20,11
2023,01,24,103,20,21
2023,01,25,103,20,15
2023,01,t1,103,20,1968
2023,01,01,103,30,124
2023,01,03,103,30,11
2023,01,04,103,30,14
2023,01,05,103,30,14
2023,01,06,103,30,15
2023,01,07,103,30,4
2023,01,08,103,30,14
2023,01,09,103,30,3
2023,01,10,103,30,1
2023,01,12,103,30,61
2023,01,13,103,30,8
2023,01,14,103,30,52
2023,01,17,103,30,5
2023,01,18,103,30,15
2023,01,19,103,30,10
2023,01,20,103,30,14
2023,01,21,103,30,10
2023,01,22,103,30,6
2023,01,23,103,30,2
2023,01,24,103,30,8
2023,01,25,103,30,1
2023,01,t1,103,30,392
2023,01,01,103,t1,1497
2023,01,03,103,t1,158
2023,01,04,103,t1,81
2023,01,05,103,t1,177
2023,01,06,103,t1,116
2023,01,07,103,t1,63
2023,01,08,103,t1,70
2023,01,09,103,t1,14
2023,01,10,103,t1,52
2023,01,12,103,t1,551
2023,01,13,103,t1,138
2023,01,14,103,t1,752
2023,01,17,103,t1,78
2023,01,18,103,t1,101
2023,01,19,103,t1,86
2023,01,20,103,t1,103
2023,01,21,103,t1,70
2023,01,22,103,t1,56
2023,01,23,103,t1,29
2023,01,24,103,t1,83
2023,01,25,103,t1,58
2023,01,t1,103,t1,4333
2023,01,01,104,10,199
2023,01,03,104,10,34
2023,01,04,104,10,32
2023,01,05,104,10,46
2023,01,06,104,10,32
2023,01,07,104,10,15
2023,01,08,104,10,26
2023,01,10,104,10,10
2023,01,12,104,10,118
2023,01,13,104,10,24
2023,01,14,104,10,155
2023,01,17,104,10,20
2023,01,18,104,10,12
2023,01,19,104,10,13
2023,01,20,104,10,11
2023,01,21,104,10,37
2023,01,22,104,10,19
2023,01,23,104,10,5
2023,01,24,104,10,9
2023,01,25,104,10,18
2023,01,t1,104,10,835
2023,01,01,104,20,188
2023,01,03,104,20,4
2023,01,04,104,20,5
2023,01,05,104,20,9
2023,01,06,104,20,17
2023,01,07,104,20,4
2023,01,08,104,20,8
2023,01,10,104,20,5
2023,01,12,104,20,65
2023,01,13,104,20,13
2023,01,14,104,20,82
2023,01,17,104,20,14
2023,01,18,104,20,3
2023,01,19,104,20,3
2023,01,20,104,20,5
2023,01,21,104,20,10
2023,01,22,104,20,4
2023,01,23,104,20,8
2023,01,24,104,20,2
2023,01,25,104,20,13
2023,01,t1,104,20,462
2023,01,01,104,30,58
2023,01,03,104,30,26
2023,01,04,104,30,23
2023,01,05,104,30,21
2023,01,06,104,30,17
2023,01,07,104,30,13
2023,01,08,104,30,4
2023,01,09,104,30,5
2023,01,10,104,30,3
2023,01,12,104,30,54
2023,01,13,104,30,7
2023,01,14,104,30,133
2023,01,17,104,30,16
2023,01,18,104,30,21
2023,01,19,104,30,4
2023,01,20,104,30,10
2023,01,21,104,30,15
2023,01,22,104,30,24
2023,01,23,104,30,5
2023,01,24,104,30,16
2023,01,25,104,30,4
2023,01,t1,104,30,479
2023,01,01,104,t1,445
2023,01,03,104,t1,64
2023,01,04,104,t1,60
2023,01,05,104,t1,76
2023,01,06,104,t1,66
2023,01,07,104,t1,32
2023,01,08,104,t1,38
2023,01,09,104,t1,5
2023,01,10,104,t1,18
2023,01,12,104,t1,237
2023,01,13,104,t1,44
2023,01,14,104,t1,370
2023,01,17,104,t1,50
2023,01,18,104,t1,36
2023,01,19,104,t1,20
2023,01,20,104,t1,26
2023,01,21,104,t1,62
2023,01,22,104,t1,47
2023,01,23,104,t1,18
2023,01,24,104,t1,27
2023,01,25,104,t1,35
2023,01,t1,104,t1,1776
2023,01,01,105,10,212
2023,01,03,105,10,22
2023,01,04,105,10,26
2023,01,05,105,10,25
2023,01,06,105,10,10
2023,01,07,105,10,12
2023,01,08,105,10,13
2023,01,09,105,10,1
2023,01,10,105,10,10
2023,01,12,105,10,70
2023,01,13,105,10,28
2023,01,14,105,10,94
2023,01,17,105,10,23
2023,01,18,105,10,19
2023,01,19,105,10,23
2023,01,20,105,10,11
2023,01,21,105,10,14
2023,01,22,105,10,19
2023,01,23,105,10,4
2023,01,24,105,10,22
2023,01,25,105,10,16
2023,01,t1,105,10,674
2023,01,01,105,20,1186
2023,01,03,105,20,77
2023,01,04,105,20,22
2023,01,05,105,20,47
2023,01,06,105,20,39
2023,01,07,105,20,13
2023,01,08,105,20,14
2023,01,09,105,20,1
2023,01,10,105,20,5
2023,01,12,105,20,254
2023,01,13,105,20,39
2023,01,14,105,20,180
2023,01,17,105,20,26
2023,01,18,105,20,18
2023,01,19,105,20,30
2023,01,20,105,20,31
2023,01,21,105,20,17
2023,01,22,105,20,16
2023,01,23,105,20,11
2023,01,24,105,20,15
2023,01,25,105,20,23
2023,01,t1,105,20,2064
2023,01,01,105,30,187
2023,01,03,105,30,8
2023,01,04,105,30,6
2023,01,05,105,30,12
2023,01,06,105,30,35
2023,01,07,105,30,17
2023,01,08,105,30,16
2023,01,10,105,30,11
2023,01,12,105,30,84
2023,01,13,105,30,13
2023,01,14,105,30,215
2023,01,17,105,30,13
2023,01,18,105,30,17
2023,01,19,105,30,13
2023,01,20,105,30,22
2023,01,21,105,30,18
2023,01,22,105,30,14
2023,01,23,105,30,3
2023,01,24,105,30,10
2023,01,25,105,30,13
2023,01,t1,105,30,727
2023,01,01,105,t1,1585
2023,01,03,105,t1,107
2023,01,04,105,t1,54
2023,01,05,105,t1,84
2023,01,06,105,t1,84
2023,01,07,105,t1,42
2023,01,08,105,t1,43
2023,01,09,105,t1,2
2023,01,10,105,t1,26
2023,01,12,105,t1,408
2023,01,13,105,t1,80
2023,01,14,105,t1,489
2023,01,17,105,t1,62
2023,01,18,105,t1,54
2023,01,19,105,t1,66
2023,01,20,105,t1,64
2023,01,21,105,t1,49
2023,01,22,105,t1,49
2023,01,23,105,t1,18
2023,01,24,105,t1,47
2023,01,25,105,t1,52
2023,01,t1,105,t1,3465
2023,01,01,106,10,12
2023,01,05,106,10,3
2023,01,06,106,10,5
2023,01,07,106,10,3
2023,01,08,106,10,1
2023,01,10,106,10,3
2023,01,12,106,10,3
2023,01,14,106,10,1
2023,01,17,106,10,1
2023,01,19,106,10,2
2023,01,20,106,10,3
2023,01,21,106,10,1
2023,01,22,106,10,1
2023,01,25,106,10,5
2023,01,t1,106,10,44
2023,01,01,106,20,16
2023,01,06,106,20,4
2023,01,09,106,20,2
2023,01,10,106,20,1
2023,01,12,106,20,5
2023,01,13,106,20,3
2023,01,14,106,20,1
2023,01,17,106,20,2
2023,01,18,106,20,2
2023,01,21,106,20,2
2023,01,22,106,20,2
2023,01,24,106,20,3
2023,01,t1,106,20,43
2023,01,01,106,30,3
2023,01,03,106,30,2
2023,01,05,106,30,1
2023,01,06,106,30,1
2023,01,12,106,30,1
2023,01,13,106,30,4
2023,01,14,106,30,3
2023,01,17,106,30,1
2023,01,18,106,30,2
2023,01,19,106,30,2
2023,01,20,106,30,1
2023,01,21,106,30,3
2023,01,22,106,30,2
2023,01,23,106,30,1
2023,01,24,106,30,4
2023,01,25,106,30,1
2023,01,t1,106,30,32
2023,01,01,106,t1,31
2023,01,03,106,t1,2
2023,01,05,106,t1,4
2023,01,06,106,t1,10
2023,01,07,106,t1,3
2023,01,08,106,t1,1
2023,01,09,106,t1,2
2023,01,10,106,t1,4
2023,01,12,106,t1,9
2023,01,13,106,t1,7
2023,01,14,106,t1,5
2023,01,17,106,t1,4
2023,01,18,106,t1,4
2023,01,19,106,t1,4
2023,01,20,106,t1,4
2023,01,21,106,t1,6
2023,01,22,106,t1,5
2023,01,23,106,t1,1
2023,01,24,106,t1,7
2023,01,25,106,t1,6
2023,01,t1,106,t1,119
2023,01,05,107,10,1
2023,01,10,107,10,1
2023,01,t1,107,10,2
2023,01,01,107,20,37
2023,01,03,107,20,5
2023,01,05,107,20,4
2023,01,06,107,20,8
2023,01,07,107,20,1
2023,01,08,107,20,7
2023,01,10,107,20,2
2023,01,12,107,20,20
2023,01,14,107,20,27
2023,01,19,107,20,2
2023,01,20,107,20,1
2023,01,21,107,20,1
2023,01,22,107,20,1
2023,01,23,107,20,1
2023,01,t1,107,20,117
2023,01,07,107,30,4
2023,01,t1,107,30,4
2023,01,01,107,t1,37
2023,01,03,107,t1,5
2023,01,05,107,t1,5
2023,01,06,107,t1,8
2023,01,07,107,t1,5
2023,01,08,107,t1,7
2023,01,10,107,t1,3
2023,01,12,107,t1,20
2023,01,14,107,t1,27
2023,01,19,107,t1,2
2023,01,20,107,t1,1
2023,01,21,107,t1,1
2023,01,22,107,t1,1
2023,01,23,107,t1,1
2023,01,t1,107,t1,123
2023,01,14,109,20,1
2023,01,t1,109,20,1
2023,01,14,109,t1,1
2023,01,t1,109,t1,1
2023,01,01,t1,10,1275
2023,01,03,t1,10,173
2023,01,04,t1,10,150
2023,01,05,t1,10,232
2023,01,06,t1,10,164
2023,01,07,t1,10,107
2023,01,08,t1,10,128
2023,01,09,t1,10,16
2023,01,10,t1,10,84
2023,01,12,t1,10,759
2023,01,13,t1,10,220
2023,01,14,t1,10,1042
2023,01,17,t1,10,159
2023,01,18,t1,10,141
2023,01,19,t1,10,138
2023,01,20,t1,10,99
2023,01,21,t1,10,125
2023,01,22,t1,10,97
2023,01,23,t1,10,33
2023,01,24,t1,10,115
2023,01,25,t1,10,103
2023,01,t1,t1,10,5360
2023,01,01,t1,20,3040
2023,01,03,t1,20,276
2023,01,04,t1,20,87
2023,01,05,t1,20,205
2023,01,06,t1,20,166
2023,01,07,t1,20,70
2023,01,08,t1,20,62
2023,01,09,t1,20,10
2023,01,10,t1,20,64
2023,01,12,t1,20,913
2023,01,13,t1,20,155
2023,01,14,t1,20,810
2023,01,17,t1,20,177
2023,01,18,t1,20,65
2023,01,19,t1,20,86
2023,01,20,t1,20,139
2023,01,21,t1,20,102
2023,01,22,t1,20,69
2023,01,23,t1,20,52
2023,01,24,t1,20,84
2023,01,25,t1,20,84
2023,01,t1,t1,20,6716
2023,01,01,t1,30,697
2023,01,03,t1,30,72
2023,01,04,t1,30,73
2023,01,05,t1,30,86
2023,01,06,t1,30,105
2023,01,07,t1,30,68
2023,01,08,t1,30,106
2023,01,09,t1,30,8
2023,01,10,t1,30,42
2023,01,12,t1,30,544
2023,01,13,t1,30,60
2023,01,14,t1,30,641
2023,01,17,t1,30,112
2023,01,18,t1,30,70
2023,01,19,t1,30,49
2023,01,20,t1,30,83
2023,01,21,t1,30,83
2023,01,22,t1,30,92
2023,01,23,t1,30,28
2023,01,24,t1,30,82
2023,01,25,t1,30,105
2023,01,t1,t1,30,3206
2023,01,01,t1,t1,5012
2023,01,03,t1,t1,521
2023,01,04,t1,t1,310
2023,01,05,t1,t1,523
2023,01,06,t1,t1,435
2023,01,07,t1,t1,245
2023,01,08,t1,t1,296
2023,01,09,t1,t1,34
2023,01,10,t1,t1,190
2023,01,12,t1,t1,2216
2023,01,13,t1,t1,435
2023,01,14,t1,t1,2493
2023,01,17,t1,t1,448
2023,01,18,t1,t1,276
2023,01,19,t1,t1,273
2023,01,20,t1,t1,321
2023,01,21,t1,t1,310
2023,01,22,t1,t1,258
2023,01,23,t1,t1,113
2023,01,24,t1,t1,281
2023,01,25,t1,t1,292
2023,01,t1,t1,t1,15282
2023,02,01,101,10,426
2023,02,03,101,10,47
2023,02,04,101,10,48
2023,02,05,101,10,71
2023,02,06,101,10,80
2023,02,07,101,10,37
2023,02,08,101,10,43
2023,02,09,101,10,1
2023,02,10,101,10,25
2023,02,12,101,10,379
2023,02,13,101,10,88
2023,02,14,101,10,388
2023,02,17,101,10,43
2023,02,18,101,10,47
2023,02,19,101,10,51
2023,02,20,101,10,30
2023,02,21,101,10,37
2023,02,22,101,10,23
2023,02,23,101,10,9
2023,02,24,101,10,27
2023,02,25,101,10,16
2023,02,t1,101,10,1916
2023,02,01,101,20,357
2023,02,03,101,20,40
2023,02,04,101,20,12
2023,02,05,101,20,39
2023,02,06,101,20,45
2023,02,07,101,20,8
2023,02,08,101,20,26
2023,02,10,101,20,10
2023,02,12,101,20,169
2023,02,13,101,20,25
2023,02,14,101,20,165
2023,02,17,101,20,82
2023,02,18,101,20,21
2023,02,19,101,20,24
2023,02,20,101,20,32
2023,02,21,101,20,13
2023,02,22,101,20,12
2023,02,23,101,20,3
2023,02,24,101,20,14
2023,02,25,101,20,10
2023,02,t1,101,20,1107
2023,02,01,101,30,131
2023,02,03,101,30,26
2023,02,04,101,30,32
2023,02,05,101,30,41
2023,02,06,101,30,42
2023,02,07,101,30,29
2023,02,08,101,30,37
2023,02,09,101,30,4
2023,02,10,101,30,27
2023,02,12,101,30,370
2023,02,13,101,30,52
2023,02,14,101,30,288
2023,02,17,101,30,39
2023,02,18,101,30,8
2023,02,19,101,30,16
2023,02,20,101,30,19
2023,02,21,101,30,26
2023,02,22,101,30,11
2023,02,23,101,30,4
2023,02,24,101,30,27
2023,02,25,101,30,4
2023,02,t1,101,30,1233
2023,02,01,101,t1,914
2023,02,03,101,t1,113
2023,02,04,101,t1,92
2023,02,05,101,t1,151
2023,02,06,101,t1,167
2023,02,07,101,t1,74
2023,02,08,101,t1,106
2023,02,09,101,t1,5
2023,02,10,101,t1,62
2023,02,12,101,t1,918
2023,02,13,101,t1,165
2023,02,14,101,t1,841
2023,02,17,101,t1,164
2023,02,18,101,t1,76
2023,02,19,101,t1,91
2023,02,20,101,t1,81
2023,02,21,101,t1,76
2023,02,22,101,t1,46
2023,02,23,101,t1,16
2023,02,24,101,t1,68
2023,02,25,101,t1,30
2023,02,t1,101,t1,4256
2023,02,01,102,10,64
2023,02,03,102,10,15
2023,02,04,102,10,9
2023,02,05,102,10,9
2023,02,06,102,10,18
2023,02,07,102,10,14
2023,02,08,102,10,16
2023,02,10,102,10,5
2023,02,12,102,10,66
2023,02,13,102,10,19
2023,02,14,102,10,66
2023,02,17,102,10,12
2023,02,18,102,10,20
2023,02,19,102,10,9
2023,02,20,102,10,7
2023,02,21,102,10,11
2023,02,22,102,10,6
2023,02,23,102,10,4
2023,02,24,102,10,5
2023,02,25,102,10,11
2023,02,t1,102,10,386
2023,02,01,102,20,362
2023,02,03,102,20,31
2023,02,04,102,20,19
2023,02,05,102,20,59
2023,02,06,102,20,27
2023,02,07,102,20,22
2023,02,08,102,20,16
2023,02,09,102,20,1
2023,02,10,102,20,8
2023,02,12,102,20,183
2023,02,13,102,20,21
2023,02,14,102,20,135
2023,02,17,102,20,58
2023,02,18,102,20,29
2023,02,19,102,20,12
2023,02,20,102,20,30
2023,02,21,102,20,22
2023,02,22,102,20,53
2023,02,23,102,20,15
2023,02,24,102,20,45
2023,02,25,102,20,41
2023,02,t1,102,20,1189
2023,02,01,102,30,208
2023,02,03,102,30,9
2023,02,04,102,30,14
2023,02,05,102,30,8
2023,02,06,102,30,16
2023,02,07,102,30,3
2023,02,08,102,30,26
2023,02,12,102,30,175
2023,02,13,102,30,19
2023,02,14,102,30,44
2023,02,17,102,30,19
2023,02,18,102,30,10
2023,02,19,102,30,3
2023,02,20,102,30,10
2023,02,21,102,30,14
2023,02,22,102,30,16
2023,02,23,102,30,11
2023,02,24,102,30,19
2023,02,25,102,30,18
2023,02,t1,102,30,642
2023,02,01,102,t1,634
2023,02,03,102,t1,55
2023,02,04,102,t1,42
2023,02,05,102,t1,76
2023,02,06,102,t1,61
2023,02,07,102,t1,39
2023,02,08,102,t1,58
2023,02,09,102,t1,1
2023,02,10,102,t1,13
2023,02,12,102,t1,424
2023,02,13,102,t1,59
2023,02,14,102,t1,245
2023,02,17,102,t1,89
2023,02,18,102,t1,59
2023,02,19,102,t1,24
2023,02,20,102,t1,47
2023,02,21,102,t1,47
2023,02,22,102,t1,75
2023,02,23,102,t1,30
2023,02,24,102,t1,69
2023,02,25,102,t1,70
2023,02,t1,102,t1,2217
2023,02,01,103,10,438
2023,02,03,103,10,96
2023,02,04,103,10,52
2023,02,05,103,10,114
2023,02,06,103,10,86
2023,02,07,103,10,38
2023,02,08,103,10,57
2023,02,09,103,10,8
2023,02,10,103,10,36
2023,02,12,103,10,341
2023,02,13,103,10,107
2023,02,14,103,10,495
2023,02,17,103,10,38
2023,02,18,103,10,62
2023,02,19,103,10,75
2023,02,20,103,10,45
2023,02,21,103,10,35
2023,02,22,103,10,57
2023,02,23,103,10,22
2023,02,24,103,10,56
2023,02,25,103,10,41
2023,02,t1,103,10,2299
2023,02,01,103,20,1679
2023,02,03,103,20,135
2023,02,04,103,20,32
2023,02,05,103,20,86
2023,02,06,103,20,86
2023,02,07,103,20,47
2023,02,08,103,20,54
2023,02,09,103,20,4
2023,02,10,103,20,22
2023,02,12,103,20,387
2023,02,13,103,20,81
2023,02,14,103,20,416
2023,02,17,103,20,29
2023,02,18,103,20,30
2023,02,19,103,20,31
2023,02,20,103,20,35
2023,02,21,103,20,38
2023,02,22,103,20,56
2023,02,23,103,20,33
2023,02,24,103,20,41
2023,02,25,103,20,31
2023,02,t1,103,20,3353
2023,02,01,103,30,142
2023,02,03,103,30,13
2023,02,04,103,30,20
2023,02,05,103,30,24
2023,02,06,103,30,26
2023,02,07,103,30,5
2023,02,08,103,30,23
2023,02,09,103,30,3
2023,02,10,103,30,4
2023,02,12,103,30,74
2023,02,13,103,30,14
2023,02,14,103,30,129
2023,02,17,103,30,20
2023,02,18,103,30,8
2023,02,19,103,30,10
2023,02,20,103,30,14
2023,02,21,103,30,9
2023,02,22,103,30,4
2023,02,23,103,30,1
2023,02,24,103,30,13
2023,02,25,103,30,4
2023,02,t1,103,30,560
2023,02,01,103,t1,2259
2023,02,03,103,t1,244
2023,02,04,103,t1,104
2023,02,05,103,t1,224
2023,02,06,103,t1,198
2023,02,07,103,t1,90
2023,02,08,103,t1,134
2023,02,09,103,t1,15
2023,02,10,103,t1,62
2023,02,12,103,t1,802
2023,02,13,103,t1,202
2023,02,14,103,t1,1040
2023,02,17,103,t1,87
2023,02,18,103,t1,100
2023,02,19,103,t1,116
2023,02,20,103,t1,94
2023,02,21,103,t1,82
2023,02,22,103,t1,117
2023,02,23,103,t1,56
2023,02,24,103,t1,110
2023,02,25,103,t1,76
2023,02,t1,103,t1,6212
2023,02,01,104,10,201
2023,02,03,104,10,36
2023,02,04,104,10,21
2023,02,05,104,10,34
2023,02,06,104,10,38
2023,02,07,104,10,12
2023,02,08,104,10,16
2023,02,09,104,10,1
2023,02,10,104,10,10
2023,02,12,104,10,127
2023,02,13,104,10,28
2023,02,14,104,10,153
2023,02,17,104,10,23
2023,02,18,104,10,30
2023,02,19,104,10,21
2023,02,20,104,10,10
2023,02,21,104,10,30
2023,02,22,104,10,13
2023,02,23,104,10,6
2023,02,24,104,10,12
2023,02,25,104,10,10
2023,02,t1,104,10,832
2023,02,01,104,20,215
2023,02,03,104,20,28
2023,02,04,104,20,4
2023,02,05,104,20,7
2023,02,06,104,20,19
2023,02,07,104,20,6
2023,02,08,104,20,1
2023,02,09,104,20,1
2023,02,12,104,20,68
2023,02,13,104,20,5
2023,02,14,104,20,108
2023,02,17,104,20,19
2023,02,18,104,20,10
2023,02,19,104,20,4
2023,02,20,104,20,11
2023,02,21,104,20,13
2023,02,22,104,20,3
2023,02,23,104,20,22
2023,02,24,104,20,5
2023,02,25,104,20,13
2023,02,t1,104,20,562
2023,02,01,104,30,71
2023,02,03,104,30,19
2023,02,04,104,30,6
2023,02,05,104,30,54
2023,02,06,104,30,19
2023,02,07,104,30,13
2023,02,08,104,30,9
2023,02,09,104,30,5
2023,02,10,104,30,2
2023,02,12,104,30,33
2023,02,13,104,30,18
2023,02,14,104,30,146
2023,02,17,104,30,16
2023,02,18,104,30,25
2023,02,19,104,30,5
2023,02,20,104,30,10
2023,02,21,104,30,21
2023,02,22,104,30,14
2023,02,23,104,30,5
2023,02,24,104,30,22
2023,02,25,104,30,7
2023,02,t1,104,30,520
2023,02,01,104,t1,487
2023,02,03,104,t1,83
2023,02,04,104,t1,31
2023,02,05,104,t1,95
2023,02,06,104,t1,76
2023,02,07,104,t1,31
2023,02,08,104,t1,26
2023,02,09,104,t1,7
2023,02,10,104,t1,12
2023,02,12,104,t1,228
2023,02,13,104,t1,51
2023,02,14,104,t1,407
2023,02,17,104,t1,58
2023,02,18,104,t1,65
2023,02,19,104,t1,30
2023,02,20,104,t1,31
2023,02,21,104,t1,64
2023,02,22,104,t1,30
2023,02,23,104,t1,33
2023,02,24,104,t1,39
2023,02,25,104,t1,30
2023,02,t1,104,t1,1914
2023,02,01,105,10,181
2023,02,03,105,10,26
2023,02,04,105,10,29
2023,02,05,105,10,48
2023,02,06,105,10,17
2023,02,07,105,10,15
2023,02,08,105,10,12
2023,02,10,105,10,6
2023,02,12,105,10,70
2023,02,13,105,10,23
2023,02,14,105,10,123
2023,02,17,105,10,20
2023,02,18,105,10,26
2023,02,19,105,10,32
2023,02,20,105,10,20
2023,02,21,105,10,12
2023,02,22,105,10,24
2023,02,23,105,10,2
2023,02,24,105,10,27
2023,02,25,105,10,17
2023,02,t1,105,10,730
2023,02,01,105,20,1208
2023,02,03,105,20,67
2023,02,04,105,20,39
2023,02,05,105,20,63
2023,02,06,105,20,53
2023,02,07,105,20,14
2023,02,08,105,20,13
2023,02,09,105,20,2
2023,02,10,105,20,5
2023,02,12,105,20,230
2023,02,13,105,20,38
2023,02,14,105,20,189
2023,02,17,105,20,28
2023,02,18,105,20,29
2023,02,19,105,20,40
2023,02,20,105,20,22
2023,02,21,105,20,35
2023,02,22,105,20,30
2023,02,23,105,20,12
2023,02,24,105,20,29
2023,02,25,105,20,31
2023,02,t1,105,20,2177
2023,02,01,105,30,179
2023,02,03,105,30,18
2023,02,04,105,30,30
2023,02,05,105,30,23
2023,02,06,105,30,31
2023,02,07,105,30,12
2023,02,08,105,30,13
2023,02,09,105,30,5
2023,02,10,105,30,15
2023,02,12,105,30,118
2023,02,13,105,30,29
2023,02,14,105,30,275
2023,02,17,105,30,14
2023,02,18,105,30,27
2023,02,19,105,30,29
2023,02,20,105,30,43
2023,02,21,105,30,26
2023,02,22,105,30,32
2023,02,23,105,30,6
2023,02,24,105,30,18
2023,02,25,105,30,14
2023,02,t1,105,30,957
2023,02,01,105,t1,1568
2023,02,03,105,t1,111
2023,02,04,105,t1,98
2023,02,05,105,t1,134
2023,02,06,105,t1,101
2023,02,07,105,t1,41
2023,02,08,105,t1,38
2023,02,09,105,t1,7
2023,02,10,105,t1,26
2023,02,12,105,t1,418
2023,02,13,105,t1,90
2023,02,14,105,t1,587
2023,02,17,105,t1,62
2023,02,18,105,t1,82
2023,02,19,105,t1,101
2023,02,20,105,t1,85
2023,02,21,105,t1,73
2023,02,22,105,t1,86
2023,02,23,105,t1,20
2023,02,24,105,t1,74
2023,02,25,105,t1,62
2023,02,t1,105,t1,3864
2023,02,01,106,10,21
2023,02,03,106,10,6
2023,02,04,106,10,2
2023,02,05,106,10,6
2023,02,06,106,10,6
2023,02,07,106,10,2
2023,02,08,106,10,5
2023,02,09,106,10,2
2023,02,10,106,10,1
2023,02,12,106,10,9
2023,02,13,106,10,5
2023,02,14,106,10,16
2023,02,17,106,10,6
2023,02,18,106,10,6
2023,02,19,106,10,5
2023,02,20,106,10,9
2023,02,21,106,10,5
2023,02,22,106,10,4
2023,02,24,106,10,1
2023,02,t1,106,10,117
2023,02,01,106,20,43
2023,02,03,106,20,1
2023,02,05,106,20,5
2023,02,06,106,20,20
2023,02,07,106,20,1
2023,02,08,106,20,1
2023,02,09,106,20,6
2023,02,10,106,20,3
2023,02,12,106,20,9
2023,02,13,106,20,3
2023,02,14,106,20,23
2023,02,17,106,20,4
2023,02,18,106,20,3
2023,02,19,106,20,1
2023,02,20,106,20,6
2023,02,21,106,20,3
2023,02,22,106,20,1
2023,02,23,106,20,1
2023,02,24,106,20,1
2023,02,25,106,20,11
2023,02,t1,106,20,146
2023,02,01,106,30,76
2023,02,05,106,30,2
2023,02,06,106,30,8
2023,02,07,106,30,1
2023,02,08,106,30,3
2023,02,09,106,30,1
2023,02,10,106,30,5
2023,02,12,106,30,6
2023,02,13,106,30,4
2023,02,14,106,30,11
2023,02,17,106,30,1
2023,02,18,106,30,1
2023,02,20,106,30,1
2023,02,21,106,30,11
2023,02,22,106,30,17
2023,02,23,106,30,13
2023,02,24,106,30,9
2023,02,25,106,30,12
2023,02,t1,106,30,182
2023,02,01,106,t1,140
2023,02,03,106,t1,7
2023,02,04,106,t1,2
2023,02,05,106,t1,13
2023,02,06,106,t1,34
2023,02,07,106,t1,4
2023,02,08,106,t1,9
2023,02,09,106,t1,9
2023,02,10,106,t1,9
2023,02,12,106,t1,24
2023,02,13,106,t1,12
2023,02,14,106,t1,50
2023,02,17,106,t1,11
2023,02,18,106,t1,10
2023,02,19,106,t1,6
2023,02,20,106,t1,16
2023,02,21,106,t1,19
2023,02,22,106,t1,22
2023,02,23,106,t1,14
2023,02,24,106,t1,11
2023,02,25,106,t1,23
2023,02,t1,106,t1,445
2023,02,01,107,10,1
2023,02,05,107,10,1
2023,02,12,107,10,1
2023,02,17,107,10,1
2023,02,t1,107,10,4
2023,02,01,107,20,47
2023,02,03,107,20,5
2023,02,06,107,20,1
2023,02,08,107,20,23
2023,02,09,107,20,1
2023,02,10,107,20,9
2023,02,12,107,20,20
2023,02,14,107,20,16
2023,02,19,107,20,4
2023,02,t1,107,20,126
2023,02,01,107,t1,48
2023,02,03,107,t1,5
2023,02,05,107,t1,1
2023,02,06,107,t1,1
2023,02,08,107,t1,23
2023,02,09,107,t1,1
2023,02,10,107,t1,9
2023,02,12,107,t1,21
2023,02,14,107,t1,16
2023,02,17,107,t1,1
2023,02,19,107,t1,4
2023,02,t1,107,t1,130
2023,02,14,109,10,1
2023,02,t1,109,10,1
2023,02,07,109,20,1
2023,02,t1,109,20,1
2023,02,07,109,t1,1
2023,02,14,109,t1,1
2023,02,t1,109,t1,2
2023,02,01,t1,10,1332
2023,02,03,t1,10,226
2023,02,04,t1,10,161
2023,02,05,t1,10,283
2023,02,06,t1,10,245
2023,02,07,t1,10,118
2023,02,08,t1,10,149
2023,02,09,t1,10,12
2023,02,10,t1,10,83
2023,02,12,t1,10,993
2023,02,13,t1,10,270
2023,02,14,t1,10,1242
2023,02,17,t1,10,143
2023,02,18,t1,10,191
2023,02,19,t1,10,193
2023,02,20,t1,10,121
2023,02,21,t1,10,130
2023,02,22,t1,10,127
2023,02,23,t1,10,43
2023,02,24,t1,10,128
2023,02,25,t1,10,95
2023,02,t1,t1,10,6285
2023,02,01,t1,20,3911
2023,02,03,t1,20,307
2023,02,04,t1,20,106
2023,02,05,t1,20,259
2023,02,06,t1,20,251
2023,02,07,t1,20,99
2023,02,08,t1,20,134
2023,02,09,t1,20,15
2023,02,10,t1,20,57
2023,02,12,t1,20,1066
2023,02,13,t1,20,173
2023,02,14,t1,20,1052
2023,02,17,t1,20,220
2023,02,18,t1,20,122
2023,02,19,t1,20,116
2023,02,20,t1,20,136
2023,02,21,t1,20,124
2023,02,22,t1,20,155
2023,02,23,t1,20,86
2023,02,24,t1,20,135
2023,02,25,t1,20,137
2023,02,t1,t1,20,8661
2023,02,01,t1,30,807
2023,02,03,t1,30,85
2023,02,04,t1,30,102
2023,02,05,t1,30,152
2023,02,06,t1,30,142
2023,02,07,t1,30,63
2023,02,08,t1,30,111
2023,02,09,t1,30,18
2023,02,10,t1,30,53
2023,02,12,t1,30,776
2023,02,13,t1,30,136
2023,02,14,t1,30,893
2023,02,17,t1,30,109
2023,02,18,t1,30,79
2023,02,19,t1,30,63
2023,02,20,t1,30,97
2023,02,21,t1,30,107
2023,02,22,t1,30,94
2023,02,23,t1,30,40
2023,02,24,t1,30,108
2023,02,25,t1,30,59
2023,02,t1,t1,30,4094
2023,02,01,t1,t1,6050
2023,02,03,t1,t1,618
2023,02,04,t1,t1,369
2023,02,05,t1,t1,694
2023,02,06,t1,t1,638
2023,02,07,t1,t1,280
2023,02,08,t1,t1,394
2023,02,09,t1,t1,45
2023,02,10,t1,t1,193
2023,02,12,t1,t1,2835
2023,02,13,t1,t1,579
2023,02,14,t1,t1,3187
2023,02,17,t1,t1,472
2023,02,18,t1,t1,392
2023,02,19,t1,t1,372
2023,02,20,t1,t1,354
2023,02,21,t1,t1,361
2023,02,22,t1,t1,376
2023,02,23,t1,t1,169
2023,02,24,t1,t1,371
2023,02,25,t1,t1,291
2023,02,t1,t1,t1,19040
2023,03,01,101,10,541
2023,03,03,101,10,68
2023,03,04,101,10,45
2023,03,05,101,10,97
2023,03,06,101,10,87
2023,03,07,101,10,42
2023,03,08,101,10,68
2023,03,09,101,10,9
2023,03,10,101,10,39
2023,03,12,101,10,416
2023,03,13,101,10,114
2023,03,14,101,10,488
2023,03,17,101,10,52
2023,03,18,101,10,77
2023,03,19,101,10,75
2023,03,20,101,10,37
2023,03,21,101,10,57
2023,03,22,101,10,30
2023,03,23,101,10,7
2023,03,24,101,10,29
2023,03,25,101,10,15
2023,03,t1,101,10,2393
2023,03,01,101,20,775
2023,03,03,101,20,73
2023,03,04,101,20,14
2023,03,05,101,20,21
2023,03,06,101,20,100
2023,03,07,101,20,14
2023,03,08,101,20,33
2023,03,09,101,20,1
2023,03,10,101,20,16
2023,03,12,101,20,266
2023,03,13,101,20,29
2023,03,14,101,20,206
2023,03,17,101,20,87
2023,03,18,101,20,43
2023,03,19,101,20,19
2023,03,20,101,20,57
2023,03,21,101,20,15
2023,03,22,101,20,16
2023,03,23,101,20,5
2023,03,24,101,20,17
2023,03,25,101,20,9
2023,03,t1,101,20,1816
2023,03,01,101,30,447
2023,03,03,101,30,39
2023,03,04,101,30,34
2023,03,05,101,30,76
2023,03,06,101,30,60
2023,03,07,101,30,35
2023,03,08,101,30,48
2023,03,09,101,30,3
2023,03,10,101,30,22
2023,03,12,101,30,928
2023,03,13,101,30,64
2023,03,14,101,30,270
2023,03,17,101,30,21
2023,03,18,101,30,19
2023,03,19,101,30,60
2023,03,20,101,30,15
2023,03,21,101,30,34
2023,03,22,101,30,17
2023,03,23,101,30,8
2023,03,24,101,30,33
2023,03,25,101,30,10
2023,03,t1,101,30,2243
2023,03,01,101,t1,1763
2023,03,03,101,t1,180
2023,03,04,101,t1,93
2023,03,05,101,t1,194
2023,03,06,101,t1,247
2023,03,07,101,t1,91
2023,03,08,101,t1,149
2023,03,09,101,t1,13
2023,03,10,101,t1,77
2023,03,12,101,t1,1610
2023,03,13,101,t1,207
2023,03,14,101,t1,964
2023,03,17,101,t1,160
2023,03,18,101,t1,139
2023,03,19,101,t1,154
2023,03,20,101,t1,109
2023,03,21,101,t1,106
2023,03,22,101,t1,63
2023,03,23,101,t1,20
2023,03,24,101,t1,79
2023,03,25,101,t1,34
2023,03,t1,101,t1,6452
2023,03,01,102,10,94
2023,03,03,102,10,11
2023,03,04,102,10,13
2023,03,05,102,10,19
2023,03,06,102,10,22
2023,03,07,102,10,11
2023,03,08,102,10,17
2023,03,09,102,10,1
2023,03,10,102,10,5
2023,03,12,102,10,85
2023,03,13,102,10,24
2023,03,14,102,10,84
2023,03,17,102,10,22
2023,03,18,102,10,20
2023,03,19,102,10,15
2023,03,20,102,10,13
2023,03,21,102,10,12
2023,03,22,102,10,4
2023,03,23,102,10,7
2023,03,24,102,10,6
2023,03,25,102,10,8
2023,03,t1,102,10,493
2023,03,01,102,20,431
2023,03,03,102,20,33
2023,03,04,102,20,18
2023,03,05,102,20,34
2023,03,06,102,20,21
2023,03,07,102,20,10
2023,03,08,102,20,22
2023,03,09,102,20,3
2023,03,10,102,20,28
2023,03,12,102,20,297
2023,03,13,102,20,24
2023,03,14,102,20,126
2023,03,17,102,20,51
2023,03,18,102,20,22
2023,03,19,102,20,14
2023,03,20,102,20,34
2023,03,21,102,20,33
2023,03,22,102,20,36
2023,03,23,102,20,12
2023,03,24,102,20,33
2023,03,25,102,20,36
2023,03,t1,102,20,1318
2023,03,01,102,30,348
2023,03,03,102,30,6
2023,03,04,102,30,7
2023,03,05,102,30,15
2023,03,06,102,30,25
2023,03,07,102,30,6
2023,03,08,102,30,31
2023,03,09,102,30,1
2023,03,10,102,30,3
2023,03,12,102,30,160
2023,03,13,102,30,11
2023,03,14,102,30,49
2023,03,17,102,30,12
2023,03,18,102,30,3
2023,03,19,102,30,6
2023,03,20,102,30,10
2023,03,21,102,30,12
2023,03,22,102,30,11
2023,03,23,102,30,4
2023,03,24,102,30,10
2023,03,25,102,30,8
2023,03,t1,102,30,738
2023,03,01,102,t1,873
2023,03,03,102,t1,50
2023,03,04,102,t1,38
2023,03,05,102,t1,68
2023,03,06,102,t1,68
2023,03,07,102,t1,27
2023,03,08,102,t1,70
2023,03,09,102,t1,5
2023,03,10,102,t1,36
2023,03,12,102,t1,542
2023,03,13,102,t1,59
2023,03,14,102,t1,259
2023,03,17,102,t1,85
2023,03,18,102,t1,45
2023,03,19,102,t1,35
2023,03,20,102,t1,57
2023,03,21,102,t1,57
2023,03,22,102,t1,51
2023,03,23,102,t1,23
2023,03,24,102,t1,49
2023,03,25,102,t1,52
2023,03,t1,102,t1,2549
2023,03,01,103,10,794
2023,03,03,103,10,141
2023,03,04,103,10,86
2023,03,05,103,10,169
2023,03,06,103,10,154
2023,03,07,103,10,75
2023,03,08,103,10,75
2023,03,09,103,10,13
2023,03,10,103,10,62
2023,03,12,103,10,537
2023,03,13,103,10,157
2023,03,14,103,10,735
2023,03,17,103,10,74
2023,03,18,103,10,93
2023,03,19,103,10,92
2023,03,20,103,10,64
2023,03,21,103,10,72
2023,03,22,103,10,60
2023,03,23,103,10,21
2023,03,24,103,10,85
2023,03,25,103,10,81
2023,03,t1,103,10,3640
2023,03,01,103,20,3881
2023,03,03,103,20,201
2023,03,04,103,20,102
2023,03,05,103,20,196
2023,03,06,103,20,182
2023,03,07,103,20,78
2023,03,08,103,20,45
2023,03,09,103,20,9
2023,03,10,103,20,30
2023,03,12,103,20,871
2023,03,13,103,20,186
2023,03,14,103,20,915
2023,03,17,103,20,89
2023,03,18,103,20,73
2023,03,19,103,20,79
2023,03,20,103,20,122
2023,03,21,103,20,87
2023,03,22,103,20,57
2023,03,23,103,20,60
2023,03,24,103,20,79
2023,03,25,103,20,76
2023,03,t1,103,20,7418
2023,03,01,103,30,606
2023,03,03,103,30,22
2023,03,04,103,30,30
2023,03,05,103,30,80
2023,03,06,103,30,39
2023,03,07,103,30,22
2023,03,08,103,30,29
2023,03,09,103,30,2
2023,03,10,103,30,8
2023,03,12,103,30,240
2023,03,13,103,30,32
2023,03,14,103,30,313
2023,03,17,103,30,19
2023,03,18,103,30,34
2023,03,19,103,30,17
2023,03,20,103,30,26
2023,03,21,103,30,21
2023,03,22,103,30,13
2023,03,23,103,30,3
2023,03,24,103,30,23
2023,03,25,103,30,7
2023,03,t1,103,30,1586
2023,03,01,103,t1,5281
2023,03,03,103,t1,364
2023,03,04,103,t1,218
2023,03,05,103,t1,445
2023,03,06,103,t1,375
2023,03,07,103,t1,175
2023,03,08,103,t1,149
2023,03,09,103,t1,24
2023,03,10,103,t1,100
2023,03,12,103,t1,1648
2023,03,13,103,t1,375
2023,03,14,103,t1,1963
2023,03,17,103,t1,182
2023,03,18,103,t1,200
2023,03,19,103,t1,188
2023,03,20,103,t1,212
2023,03,21,103,t1,180
2023,03,22,103,t1,130
2023,03,23,103,t1,84
2023,03,24,103,t1,187
2023,03,25,103,t1,164
2023,03,t1,103,t1,12644
2023,03,01,104,10,253
2023,03,03,104,10,58
2023,03,04,104,10,29
2023,03,05,104,10,46
2023,03,06,104,10,58
2023,03,07,104,10,14
2023,03,08,104,10,22
2023,03,09,104,10,5
2023,03,10,104,10,14
2023,03,12,104,10,152
2023,03,13,104,10,26
2023,03,14,104,10,209
2023,03,17,104,10,20
2023,03,18,104,10,22
2023,03,19,104,10,18
2023,03,20,104,10,19
2023,03,21,104,10,41
2023,03,22,104,10,14
2023,03,23,104,10,8
2023,03,24,104,10,22
2023,03,25,104,10,25
2023,03,t1,104,10,1075
2023,03,01,104,20,396
2023,03,03,104,20,33
2023,03,04,104,20,11
2023,03,05,104,20,21
2023,03,06,104,20,63
2023,03,07,104,20,4
2023,03,08,104,20,9
2023,03,09,104,20,1
2023,03,10,104,20,8
2023,03,12,104,20,114
2023,03,13,104,20,4
2023,03,14,104,20,111
2023,03,17,104,20,21
2023,03,18,104,20,25
2023,03,19,104,20,5
2023,03,20,104,20,18
2023,03,21,104,20,19
2023,03,22,104,20,6
2023,03,23,104,20,9
2023,03,24,104,20,8
2023,03,25,104,20,11
2023,03,t1,104,20,897
2023,03,01,104,30,167
2023,03,03,104,30,79
2023,03,04,104,30,28
2023,03,05,104,30,50
2023,03,06,104,30,44
2023,03,07,104,30,25
2023,03,08,104,30,13
2023,03,09,104,30,5
2023,03,10,104,30,22
2023,03,12,104,30,142
2023,03,13,104,30,32
2023,03,14,104,30,268
2023,03,17,104,30,25
2023,03,18,104,30,56
2023,03,19,104,30,16
2023,03,20,104,30,16
2023,03,21,104,30,30
2023,03,22,104,30,21
2023,03,23,104,30,8
2023,03,24,104,30,41
2023,03,25,104,30,13
2023,03,t1,104,30,1101
2023,03,01,104,t1,816
2023,03,03,104,t1,170
2023,03,04,104,t1,68
2023,03,05,104,t1,117
2023,03,06,104,t1,165
2023,03,07,104,t1,43
2023,03,08,104,t1,44
2023,03,09,104,t1,11
2023,03,10,104,t1,44
2023,03,12,104,t1,408
2023,03,13,104,t1,62
2023,03,14,104,t1,588
2023,03,17,104,t1,66
2023,03,18,104,t1,103
2023,03,19,104,t1,39
2023,03,20,104,t1,53
2023,03,21,104,t1,90
2023,03,22,104,t1,41
2023,03,23,104,t1,25
2023,03,24,104,t1,71
2023,03,25,104,t1,49
2023,03,t1,104,t1,3073
2023,03,01,105,10,283
2023,03,03,105,10,54
2023,03,04,105,10,47
2023,03,05,105,10,53
2023,03,06,105,10,24
2023,03,07,105,10,23
2023,03,08,105,10,21
2023,03,09,105,10,3
2023,03,10,105,10,17
2023,03,12,105,10,118
2023,03,13,105,10,48
2023,03,14,105,10,175
2023,03,17,105,10,20
2023,03,18,105,10,36
2023,03,19,105,10,33
2023,03,20,105,10,16
2023,03,21,105,10,27
2023,03,22,105,10,27
2023,03,23,105,10,8
2023,03,24,105,10,36
2023,03,25,105,10,28
2023,03,t1,105,10,1097
2023,03,01,105,20,1945
2023,03,03,105,20,63
2023,03,04,105,20,38
2023,03,05,105,20,49
2023,03,06,105,20,49
2023,03,07,105,20,33
2023,03,08,105,20,23
2023,03,09,105,20,2
2023,03,10,105,20,14
2023,03,12,105,20,413
2023,03,13,105,20,57
2023,03,14,105,20,293
2023,03,17,105,20,57
2023,03,18,105,20,38
2023,03,19,105,20,19
2023,03,20,105,20,50
2023,03,21,105,20,27
2023,03,22,105,20,21
2023,03,23,105,20,15
2023,03,24,105,20,42
2023,03,25,105,20,27
2023,03,t1,105,20,3275
2023,03,01,105,30,235
2023,03,03,105,30,26
2023,03,04,105,30,13
2023,03,05,105,30,56
2023,03,06,105,30,51
2023,03,07,105,30,18
2023,03,08,105,30,21
2023,03,09,105,30,2
2023,03,10,105,30,15
2023,03,12,105,30,129
2023,03,13,105,30,26
2023,03,14,105,30,383
2023,03,17,105,30,22
2023,03,18,105,30,16
2023,03,19,105,30,17
2023,03,20,105,30,21
2023,03,21,105,30,34
2023,03,22,105,30,15
2023,03,23,105,30,6
2023,03,24,105,30,36
2023,03,25,105,30,28
2023,03,t1,105,30,1170
2023,03,01,105,t1,2463
2023,03,03,105,t1,143
2023,03,04,105,t1,98
2023,03,05,105,t1,158
2023,03,06,105,t1,124
2023,03,07,105,t1,74
2023,03,08,105,t1,65
2023,03,09,105,t1,7
2023,03,10,105,t1,46
2023,03,12,105,t1,660
2023,03,13,105,t1,131
2023,03,14,105,t1,851
2023,03,17,105,t1,99
2023,03,18,105,t1,90
2023,03,19,105,t1,69
2023,03,20,105,t1,87
2023,03,21,105,t1,88
2023,03,22,105,t1,63
2023,03,23,105,t1,29
2023,03,24,105,t1,114
2023,03,25,105,t1,83
2023,03,t1,105,t1,5542
2023,03,01,106,10,21
2023,03,03,106,10,7
2023,03,05,106,10,3
2023,03,06,106,10,5
2023,03,07,106,10,3
2023,03,08,106,10,4
2023,03,09,106,10,1
2023,03,10,106,10,2
2023,03,12,106,10,9
2023,03,13,106,10,4
2023,03,14,106,10,26
2023,03,17,106,10,4
2023,03,18,106,10,2
2023,03,19,106,10,4
2023,03,20,106,10,8
2023,03,21,106,10,6
2023,03,22,106,10,5
2023,03,23,106,10,1
2023,03,24,106,10,4
2023,03,25,106,10,2
2023,03,t1,106,10,121
2023,03,01,106,20,149
2023,03,03,106,20,8
2023,03,05,106,20,1
2023,03,06,106,20,5
2023,03,07,106,20,1
2023,03,09,106,20,9
2023,03,10,106,20,13
2023,03,12,106,20,109
2023,03,13,106,20,5
2023,03,14,106,20,20
2023,03,17,106,20,9
2023,03,18,106,20,1
2023,03,20,106,20,3
2023,03,21,106,20,3
2023,03,22,106,20,2
2023,03,23,106,20,2
2023,03,24,106,20,3
2023,03,25,106,20,5
2023,03,t1,106,20,348
2023,03,01,106,30,5
2023,03,03,106,30,4
2023,03,06,106,30,4
2023,03,07,106,30,3
2023,03,09,106,30,4
2023,03,12,106,30,10
2023,03,13,106,30,3
2023,03,14,106,30,10
2023,03,17,106,30,1
2023,03,19,106,30,1
2023,03,21,106,30,2
2023,03,22,106,30,8
2023,03,23,106,30,9
2023,03,24,106,30,10
2023,03,25,106,30,20
2023,03,t1,106,30,94
2023,03,01,106,t1,175
2023,03,03,106,t1,19
2023,03,05,106,t1,4
2023,03,06,106,t1,14
2023,03,07,106,t1,7
2023,03,08,106,t1,4
2023,03,09,106,t1,14
2023,03,10,106,t1,15
2023,03,12,106,t1,128
2023,03,13,106,t1,12
2023,03,14,106,t1,56
2023,03,17,106,t1,14
2023,03,18,106,t1,3
2023,03,19,106,t1,5
2023,03,20,106,t1,11
2023,03,21,106,t1,11
2023,03,22,106,t1,15
2023,03,23,106,t1,12
2023,03,24,106,t1,17
2023,03,25,106,t1,27
2023,03,t1,106,t1,563
2023,03,17,107,10,1
2023,03,t1,107,10,1
2023,03,01,107,20,34
2023,03,03,107,20,3
2023,03,04,107,20,2
2023,03,05,107,20,1
2023,03,06,107,20,1
2023,03,08,107,20,18
2023,03,10,107,20,6
2023,03,12,107,20,40
2023,03,14,107,20,18
2023,03,19,107,20,7
2023,03,t1,107,20,130
2023,03,06,107,30,1
2023,03,t1,107,30,1
2023,03,01,107,t1,34
2023,03,03,107,t1,3
2023,03,04,107,t1,2
2023,03,05,107,t1,1
2023,03,06,107,t1,2
2023,03,08,107,t1,18
2023,03,10,107,t1,6
2023,03,12,107,t1,40
2023,03,14,107,t1,18
2023,03,17,107,t1,1
2023,03,19,107,t1,7
2023,03,t1,107,t1,132
2023,03,03,109,10,1
2023,03,06,109,10,1
2023,03,14,109,10,1
2023,03,21,109,10,1
2023,03,t1,109,10,4
2023,03,01,109,20,1
2023,03,t1,109,20,1
2023,03,01,109,t1,1
2023,03,03,109,t1,1
2023,03,06,109,t1,1
2023,03,14,109,t1,1
2023,03,21,109,t1,1
2023,03,t1,109,t1,5
2023,03,01,t1,10,1986
2023,03,03,t1,10,340
2023,03,04,t1,10,220
2023,03,05,t1,10,387
2023,03,06,t1,10,351
2023,03,07,t1,10,168
2023,03,08,t1,10,207
2023,03,09,t1,10,32
2023,03,10,t1,10,139
2023,03,12,t1,10,1317
2023,03,13,t1,10,373
2023,03,14,t1,10,1718
2023,03,17,t1,10,193
2023,03,18,t1,10,250
2023,03,19,t1,10,237
2023,03,20,t1,10,157
2023,03,21,t1,10,216
2023,03,22,t1,10,140
2023,03,23,t1,10,52
2023,03,24,t1,10,182
2023,03,25,t1,10,159
2023,03,t1,t1,10,8824
2023,03,01,t1,20,7612
2023,03,03,t1,20,414
2023,03,04,t1,20,185
2023,03,05,t1,20,323
2023,03,06,t1,20,421
2023,03,07,t1,20,140
2023,03,08,t1,20,150
2023,03,09,t1,20,25
2023,03,10,t1,20,115
2023,03,12,t1,20,2110
2023,03,13,t1,20,305
2023,03,14,t1,20,1689
2023,03,17,t1,20,314
2023,03,18,t1,20,202
2023,03,19,t1,20,143
2023,03,20,t1,20,284
2023,03,21,t1,20,184
2023,03,22,t1,20,138
2023,03,23,t1,20,103
2023,03,24,t1,20,182
2023,03,25,t1,20,164
2023,03,t1,t1,20,15203
2023,03,01,t1,30,1808
2023,03,03,t1,30,176
2023,03,04,t1,30,112
2023,03,05,t1,30,277
2023,03,06,t1,30,224
2023,03,07,t1,30,109
2023,03,08,t1,30,142
2023,03,09,t1,30,17
2023,03,10,t1,30,70
2023,03,12,t1,30,1609
2023,03,13,t1,30,168
2023,03,14,t1,30,1293
2023,03,17,t1,30,100
2023,03,18,t1,30,128
2023,03,19,t1,30,117
2023,03,20,t1,30,88
2023,03,21,t1,30,133
2023,03,22,t1,30,85
2023,03,23,t1,30,38
2023,03,24,t1,30,153
2023,03,25,t1,30,86
2023,03,t1,t1,30,6933
2023,03,01,t1,t1,11406
2023,03,03,t1,t1,930
2023,03,04,t1,t1,517
2023,03,05,t1,t1,987
2023,03,06,t1,t1,996
2023,03,07,t1,t1,417
2023,03,08,t1,t1,499
2023,03,09,t1,t1,74
2023,03,10,t1,t1,324
2023,03,12,t1,t1,5036
2023,03,13,t1,t1,846
2023,03,14,t1,t1,4700
2023,03,17,t1,t1,607
2023,03,18,t1,t1,580
2023,03,19,t1,t1,497
2023,03,20,t1,t1,529
2023,03,21,t1,t1,533
2023,03,22,t1,t1,363
2023,03,23,t1,t1,193
2023,03,24,t1,t1,517
2023,03,25,t1,t1,409
2023,03,t1,t1,t1,30960
2023,04,01,101,10,568
2023,04,03,101,10,67
2023,04,04,101,10,60
2023,04,05,101,10,100
2023,04,06,101,10,100
2023,04,07,101,10,53
2023,04,08,101,10,60
2023,04,09,101,10,8
2023,04,10,101,10,38
2023,04,12,101,10,325
2023,04,13,101,10,94
2023,04,14,101,10,497
2023,04,17,101,10,67
2023,04,18,101,10,83
2023,04,19,101,10,58
2023,04,20,101,10,30
2023,04,21,101,10,46
2023,04,22,101,10,25
2023,04,23,101,10,8
2023,04,24,101,10,29
2023,04,25,101,10,17
2023,04,t1,101,10,2333
2023,04,01,101,20,511
2023,04,03,101,20,65
2023,04,04,101,20,12
2023,04,05,101,20,49
2023,04,06,101,20,82
2023,04,07,101,20,12
2023,04,08,101,20,11
2023,04,09,101,20,18
2023,04,10,101,20,19
2023,04,12,101,20,303
2023,04,13,101,20,41
2023,04,14,101,20,180
2023,04,17,101,20,70
2023,04,18,101,20,22
2023,04,19,101,20,22
2023,04,20,101,20,35
2023,04,21,101,20,23
2023,04,22,101,20,4
2023,04,23,101,20,2
2023,04,24,101,20,13
2023,04,25,101,20,16
2023,04,t1,101,20,1510
2023,04,01,101,30,226
2023,04,03,101,30,13
2023,04,04,101,30,26
2023,04,05,101,30,41
2023,04,06,101,30,45
2023,04,07,101,30,25
2023,04,08,101,30,36
2023,04,09,101,30,3
2023,04,10,101,30,30
2023,04,12,101,30,452
2023,04,13,101,30,18
2023,04,14,101,30,187
2023,04,17,101,30,64
2023,04,18,101,30,33
2023,04,19,101,30,9
2023,04,20,101,30,19
2023,04,21,101,30,43
2023,04,22,101,30,18
2023,04,23,101,30,4
2023,04,24,101,30,12
2023,04,25,101,30,1
2023,04,t1,101,30,1305
2023,04,01,101,t1,1305
2023,04,03,101,t1,145
2023,04,04,101,t1,98
2023,04,05,101,t1,190
2023,04,06,101,t1,227
2023,04,07,101,t1,90
2023,04,08,101,t1,107
2023,04,09,101,t1,29
2023,04,10,101,t1,87
2023,04,12,101,t1,1080
2023,04,13,101,t1,153
2023,04,14,101,t1,864
2023,04,17,101,t1,201
2023,04,18,101,t1,138
2023,04,19,101,t1,89
2023,04,20,101,t1,84
2023,04,21,101,t1,112
2023,04,22,101,t1,47
2023,04,23,101,t1,14
2023,04,24,101,t1,54
2023,04,25,101,t1,34
2023,04,t1,101,t1,5148
2023,04,01,102,10,109
2023,04,03,102,10,20
2023,04,04,102,10,27
2023,04,05,102,10,34
2023,04,06,102,10,23
2023,04,07,102,10,15
2023,04,08,102,10,14
2023,04,09,102,10,5
2023,04,10,102,10,9
2023,04,12,102,10,72
2023,04,13,102,10,18
2023,04,14,102,10,127
2023,04,17,102,10,16
2023,04,18,102,10,20
2023,04,19,102,10,22
2023,04,20,102,10,13
2023,04,21,102,10,10
2023,04,22,102,10,7
2023,04,23,102,10,7
2023,04,24,102,10,16
2023,04,25,102,10,14
2023,04,t1,102,10,598
2023,04,01,102,20,630
2023,04,03,102,20,31
2023,04,04,102,20,27
2023,04,05,102,20,33
2023,04,06,102,20,37
2023,04,07,102,20,8
2023,04,08,102,20,14
2023,04,09,102,20,6
2023,04,10,102,20,12
2023,04,12,102,20,210
2023,04,13,102,20,28
2023,04,14,102,20,143
2023,04,17,102,20,42
2023,04,18,102,20,29
2023,04,19,102,20,21
2023,04,20,102,20,26
2023,04,21,102,20,20
2023,04,22,102,20,21
2023,04,23,102,20,17
2023,04,24,102,20,19
2023,04,25,102,20,22
2023,04,t1,102,20,1396
2023,04,01,102,30,92
2023,04,03,102,30,2
2023,04,04,102,30,10
2023,04,05,102,30,15
2023,04,06,102,30,17
2023,04,07,102,30,3
2023,04,08,102,30,20
2023,04,12,102,30,74
2023,04,13,102,30,15
2023,04,14,102,30,45
2023,04,17,102,30,19
2023,04,18,102,30,11
2023,04,19,102,30,3
2023,04,20,102,30,6
2023,04,21,102,30,5
2023,04,22,102,30,6
2023,04,24,102,30,9
2023,04,25,102,30,1
2023,04,t1,102,30,353
2023,04,01,102,t1,831
2023,04,03,102,t1,53
2023,04,04,102,t1,64
2023,04,05,102,t1,82
2023,04,06,102,t1,77
2023,04,07,102,t1,26
2023,04,08,102,t1,48
2023,04,09,102,t1,11
2023,04,10,102,t1,21
2023,04,12,102,t1,356
2023,04,13,102,t1,61
2023,04,14,102,t1,315
2023,04,17,102,t1,77
2023,04,18,102,t1,60
2023,04,19,102,t1,46
2023,04,20,102,t1,45
2023,04,21,102,t1,35
2023,04,22,102,t1,34
2023,04,23,102,t1,24
2023,04,24,102,t1,44
2023,04,25,102,t1,37
2023,04,t1,102,t1,2347
2023,04,01,103,10,429
2023,04,03,103,10,91
2023,04,04,103,10,66
2023,04,05,103,10,85
2023,04,06,103,10,84
2023,04,07,103,10,57
2023,04,08,103,10,49
2023,04,09,103,10,11
2023,04,10,103,10,39
2023,04,12,103,10,281
2023,04,13,103,10,103
2023,04,14,103,10,448
2023,04,17,103,10,49
2023,04,18,103,10,52
2023,04,19,103,10,63
2023,04,20,103,10,30
2023,04,21,103,10,41
2023,04,22,103,10,47
2023,04,23,103,10,18
2023,04,24,103,10,55
2023,04,25,103,10,46
2023,04,t1,103,10,2144
2023,04,01,103,20,2091
2023,04,03,103,20,67
2023,04,04,103,20,44
2023,04,05,103,20,107
2023,04,06,103,20,126
2023,04,07,103,20,33
2023,04,08,103,20,32
2023,04,09,103,20,10
2023,04,10,103,20,18
2023,04,12,103,20,458
2023,04,13,103,20,103
2023,04,14,103,20,509
2023,04,17,103,20,69
2023,04,18,103,20,39
2023,04,19,103,20,34
2023,04,20,103,20,31
2023,04,21,103,20,27
2023,04,22,103,20,55
2023,04,23,103,20,23
2023,04,24,103,20,48
2023,04,25,103,20,68
2023,04,t1,103,20,3992
2023,04,01,103,30,256
2023,04,03,103,30,18
2023,04,04,103,30,14
2023,04,05,103,30,33
2023,04,06,103,30,51
2023,04,07,103,30,23
2023,04,08,103,30,36
2023,04,09,103,30,4
2023,04,10,103,30,10
2023,04,12,103,30,81
2023,04,13,103,30,15
2023,04,14,103,30,176
2023,04,17,103,30,11
2023,04,18,103,30,20
2023,04,19,103,30,15
2023,04,20,103,30,24
2023,04,21,103,30,28
2023,04,22,103,30,11
2023,04,23,103,30,3
2023,04,24,103,30,11
2023,04,25,103,30,7
2023,04,t1,103,30,847
2023,04,01,103,t1,2776
2023,04,03,103,t1,176
2023,04,04,103,t1,124
2023,04,05,103,t1,225
2023,04,06,103,t1,261
2023,04,07,103,t1,113
2023,04,08,103,t1,117
2023,04,09,103,t1,25
2023,04,10,103,t1,67
2023,04,12,103,t1,820
2023,04,13,103,t1,221
2023,04,14,103,t1,1133
2023,04,17,103,t1,129
2023,04,18,103,t1,111
2023,04,19,103,t1,112
2023,04,20,103,t1,85
2023,04,21,103,t1,96
2023,04,22,103,t1,113
2023,04,23,103,t1,44
2023,04,24,103,t1,114
2023,04,25,103,t1,121
2023,04,t1,103,t1,6983
2023,04,01,104,10,172
2023,04,03,104,10,31
2023,04,04,104,10,20
2023,04,05,104,10,41
2023,04,06,104,10,38
2023,04,07,104,10,5
2023,04,08,104,10,18
2023,04,09,104,10,1
2023,04,10,104,10,9
2023,04,12,104,10,84
2023,04,13,104,10,18
2023,04,14,104,10,167
2023,04,17,104,10,25
2023,04,18,104,10,22
2023,04,19,104,10,8
2023,04,20,104,10,15
2023,04,21,104,10,23
2023,04,22,104,10,9
2023,04,23,104,10,1
2023,04,24,104,10,6
2023,04,25,104,10,10
2023,04,t1,104,10,723
2023,04,01,104,20,287
2023,04,03,104,20,25
2023,04,04,104,20,3
2023,04,05,104,20,6
2023,04,06,104,20,23
2023,04,07,104,20,5
2023,04,08,104,20,5
2023,04,09,104,20,2
2023,04,10,104,20,11
2023,04,12,104,20,49
2023,04,13,104,20,5
2023,04,14,104,20,84
2023,04,17,104,20,16
2023,04,18,104,20,5
2023,04,19,104,20,3
2023,04,20,104,20,9
2023,04,21,104,20,6
2023,04,22,104,20,1
2023,04,23,104,20,4
2023,04,24,104,20,4
2023,04,25,104,20,20
2023,04,t1,104,20,573
2023,04,01,104,30,98
2023,04,03,104,30,17
2023,04,04,104,30,6
2023,04,05,104,30,38
2023,04,06,104,30,32
2023,04,07,104,30,12
2023,04,08,104,30,13
2023,04,09,104,30,1
2023,04,10,104,30,11
2023,04,12,104,30,79
2023,04,13,104,30,3
2023,04,14,104,30,134
2023,04,17,104,30,12
2023,04,18,104,30,25
2023,04,19,104,30,7
2023,04,20,104,30,8
2023,04,21,104,30,16
2023,04,22,104,30,12
2023,04,23,104,30,3
2023,04,24,104,30,17
2023,04,25,104,30,15
2023,04,t1,104,30,559
2023,04,01,104,t1,557
2023,04,03,104,t1,73
2023,04,04,104,t1,29
2023,04,05,104,t1,85
2023,04,06,104,t1,93
2023,04,07,104,t1,22
2023,04,08,104,t1,36
2023,04,09,104,t1,4
2023,04,10,104,t1,31
2023,04,12,104,t1,212
2023,04,13,104,t1,26
2023,04,14,104,t1,385
2023,04,17,104,t1,53
2023,04,18,104,t1,52
2023,04,19,104,t1,18
2023,04,20,104,t1,32
2023,04,21,104,t1,45
2023,04,22,104,t1,22
2023,04,23,104,t1,8
2023,04,24,104,t1,27
2023,04,25,104,t1,45
2023,04,t1,104,t1,1855
2023,04,01,105,10,270
2023,04,03,105,10,36
2023,04,04,105,10,36
2023,04,05,105,10,41
2023,04,06,105,10,30
2023,04,07,105,10,24
2023,04,08,105,10,13
2023,04,10,105,10,15
2023,04,12,105,10,109
2023,04,13,105,10,41
2023,04,14,105,10,200
2023,04,17,105,10,20
2023,04,18,105,10,20
2023,04,19,105,10,39
2023,04,20,105,10,20
2023,04,21,105,10,27
2023,04,22,105,10,20
2023,04,23,105,10,5
2023,04,24,105,10,17
2023,04,25,105,10,19
2023,04,t1,105,10,1002
2023,04,01,105,20,1570
2023,04,03,105,20,55
2023,04,04,105,20,27
2023,04,05,105,20,59
2023,04,06,105,20,71
2023,04,07,105,20,30
2023,04,08,105,20,21
2023,04,09,105,20,3
2023,04,10,105,20,10
2023,04,12,105,20,434
2023,04,13,105,20,51
2023,04,14,105,20,279
2023,04,17,105,20,33
2023,04,18,105,20,35
2023,04,19,105,20,24
2023,04,20,105,20,49
2023,04,21,105,20,26
2023,04,22,105,20,21
2023,04,23,105,20,16
2023,04,24,105,20,28
2023,04,25,105,20,27
2023,04,t1,105,20,2869
2023,04,01,105,30,150
2023,04,03,105,30,11
2023,04,04,105,30,17
2023,04,05,105,30,28
2023,04,06,105,30,21
2023,04,07,105,30,17
2023,04,08,105,30,13
2023,04,10,105,30,9
2023,04,12,105,30,67
2023,04,13,105,30,18
2023,04,14,105,30,259
2023,04,17,105,30,15
2023,04,18,105,30,5
2023,04,19,105,30,16
2023,04,20,105,30,13
2023,04,21,105,30,4
2023,04,22,105,30,8
2023,04,24,105,30,15
2023,04,25,105,30,4
2023,04,t1,105,30,690
2023,04,01,105,t1,1990
2023,04,03,105,t1,102
2023,04,04,105,t1,80
2023,04,05,105,t1,128
2023,04,06,105,t1,122
2023,04,07,105,t1,71
2023,04,08,105,t1,47
2023,04,09,105,t1,3
2023,04,10,105,t1,34
2023,04,12,105,t1,610
2023,04,13,105,t1,110
2023,04,14,105,t1,738
2023,04,17,105,t1,68
2023,04,18,105,t1,60
2023,04,19,105,t1,79
2023,04,20,105,t1,82
2023,04,21,105,t1,57
2023,04,22,105,t1,49
2023,04,23,105,t1,21
2023,04,24,105,t1,60
2023,04,25,105,t1,50
2023,04,t1,105,t1,4561
2023,04,01,106,10,28
2023,04,03,106,10,4
2023,04,04,106,10,1
2023,04,05,106,10,4
2023,04,06,106,10,3
2023,04,07,106,10,2
2023,04,08,106,10,1
2023,04,12,106,10,10
2023,04,13,106,10,2
2023,04,14,106,10,16
2023,04,17,106,10,3
2023,04,18,106,10,3
2023,04,19,106,10,2
2023,04,20,106,10,6
2023,04,21,106,10,1
2023,04,22,106,10,2
2023,04,23,106,10,1
2023,04,24,106,10,2
2023,04,25,106,10,5
2023,04,t1,106,10,96
2023,04,01,106,20,164
2023,04,03,106,20,6
2023,04,05,106,20,3
2023,04,06,106,20,2
2023,04,07,106,20,2
2023,04,09,106,20,4
2023,04,10,106,20,1
2023,04,12,106,20,32
2023,04,14,106,20,6
2023,04,17,106,20,5
2023,04,18,106,20,2
2023,04,20,106,20,6
2023,04,21,106,20,3
2023,04,22,106,20,1
2023,04,24,106,20,1
2023,04,25,106,20,5
2023,04,t1,106,20,243
2023,04,01,106,30,10
2023,04,03,106,30,2
2023,04,04,106,30,1
2023,04,05,106,30,1
2023,04,06,106,30,7
2023,04,12,106,30,7
2023,04,13,106,30,1
2023,04,14,106,30,6
2023,04,17,106,30,4
2023,04,20,106,30,3
2023,04,21,106,30,2
2023,04,22,106,30,7
2023,04,23,106,30,4
2023,04,24,106,30,4
2023,04,25,106,30,5
2023,04,t1,106,30,64
2023,04,01,106,t1,202
2023,04,03,106,t1,12
2023,04,04,106,t1,2
2023,04,05,106,t1,8
2023,04,06,106,t1,12
2023,04,07,106,t1,4
2023,04,08,106,t1,1
2023,04,09,106,t1,4
2023,04,10,106,t1,1
2023,04,12,106,t1,49
2023,04,13,106,t1,3
2023,04,14,106,t1,28
2023,04,17,106,t1,12
2023,04,18,106,t1,5
2023,04,19,106,t1,2
2023,04,20,106,t1,15
2023,04,21,106,t1,6
2023,04,22,106,t1,10
2023,04,23,106,t1,5
2023,04,24,106,t1,7
2023,04,25,106,t1,15
2023,04,t1,106,t1,403
2023,04,07,107,10,1
2023,04,t1,107,10,1
2023,04,01,107,20,34
2023,04,03,107,20,4
2023,04,07,107,20,8
2023,04,08,107,20,4
2023,04,10,107,20,3
2023,04,12,107,20,21
2023,04,13,107,20,1
2023,04,14,107,20,6
2023,04,19,107,20,7
2023,04,22,107,20,3
2023,04,23,107,20,2
2023,04,t1,107,20,93
2023,04,06,107,30,22
2023,04,t1,107,30,22
2023,04,01,107,t1,34
2023,04,03,107,t1,4
2023,04,06,107,t1,22
2023,04,07,107,t1,9
2023,04,08,107,t1,4
2023,04,10,107,t1,3
2023,04,12,107,t1,21
2023,04,13,107,t1,1
2023,04,14,107,t1,6
2023,04,19,107,t1,7
2023,04,22,107,t1,3
2023,04,23,107,t1,2
2023,04,t1,107,t1,116
2023,04,01,t1,10,1576
2023,04,03,t1,10,249
2023,04,04,t1,10,210
2023,04,05,t1,10,305
2023,04,06,t1,10,278
2023,04,07,t1,10,157
2023,04,08,t1,10,155
2023,04,09,t1,10,25
2023,04,10,t1,10,110
2023,04,12,t1,10,881
2023,04,13,t1,10,276
2023,04,14,t1,10,1455
2023,04,17,t1,10,180
2023,04,18,t1,10,200
2023,04,19,t1,10,192
2023,04,20,t1,10,114
2023,04,21,t1,10,148
2023,04,22,t1,10,110
2023,04,23,t1,10,40
2023,04,24,t1,10,125
2023,04,25,t1,10,111
2023,04,t1,t1,10,6897
2023,04,01,t1,20,5287
2023,04,03,t1,20,253
2023,04,04,t1,20,113
2023,04,05,t1,20,257
2023,04,06,t1,20,341
2023,04,07,t1,20,98
2023,04,08,t1,20,87
2023,04,09,t1,20,43
2023,04,10,t1,20,74
2023,04,12,t1,20,1507
2023,04,13,t1,20,229
2023,04,14,t1,20,1207
2023,04,17,t1,20,235
2023,04,18,t1,20,132
2023,04,19,t1,20,111
2023,04,20,t1,20,156
2023,04,21,t1,20,105
2023,04,22,t1,20,106
2023,04,23,t1,20,64
2023,04,24,t1,20,113
2023,04,25,t1,20,158
2023,04,t1,t1,20,10676
2023,04,01,t1,30,832
2023,04,03,t1,30,63
2023,04,04,t1,30,74
2023,04,05,t1,30,156
2023,04,06,t1,30,195
2023,04,07,t1,30,80
2023,04,08,t1,30,118
2023,04,09,t1,30,8
2023,04,10,t1,30,60
2023,04,12,t1,30,760
2023,04,13,t1,30,70
2023,04,14,t1,30,807
2023,04,17,t1,30,125
2023,04,18,t1,30,94
2023,04,19,t1,30,50
2023,04,20,t1,30,73
2023,04,21,t1,30,98
2023,04,22,t1,30,62
2023,04,23,t1,30,14
2023,04,24,t1,30,68
2023,04,25,t1,30,33
2023,04,t1,t1,30,3840
2023,04,01,t1,t1,7695
2023,04,03,t1,t1,565
2023,04,04,t1,t1,397
2023,04,05,t1,t1,718
2023,04,06,t1,t1,814
2023,04,07,t1,t1,335
2023,04,08,t1,t1,360
2023,04,09,t1,t1,76
2023,04,10,t1,t1,244
2023,04,12,t1,t1,3148
2023,04,13,t1,t1,575
2023,04,14,t1,t1,3469
2023,04,17,t1,t1,540
2023,04,18,t1,t1,426
2023,04,19,t1,t1,353
2023,04,20,t1,t1,343
2023,04,21,t1,t1,351
2023,04,22,t1,t1,278
2023,04,23,t1,t1,118
2023,04,24,t1,t1,306
2023,04,25,t1,t1,302
2023,04,t1,t1,t1,21413
2023,05,01,101,10,640
2023,05,03,101,10,63
2023,05,04,101,10,71
2023,05,05,101,10,135
2023,05,06,101,10,114
2023,05,07,101,10,53
2023,05,08,101,10,73
2023,05,09,101,10,8
2023,05,10,101,10,45
2023,05,12,101,10,402
2023,05,13,101,10,102
2023,05,14,101,10,533
2023,05,17,101,10,62
2023,05,18,101,10,82
2023,05,19,101,10,65
2023,05,20,101,10,54
2023,05,21,101,10,50
2023,05,22,101,10,30
2023,05,23,101,10,11
2023,05,24,101,10,26
2023,05,25,101,10,23
2023,05,t1,101,10,2642
2023,05,01,101,20,986
2023,05,03,101,20,48
2023,05,04,101,20,32
2023,05,05,101,20,52
2023,05,06,101,20,85
2023,05,07,101,20,20
2023,05,08,101,20,18
2023,05,09,101,20,4
2023,05,10,101,20,41
2023,05,12,101,20,255
2023,05,13,101,20,35
2023,05,14,101,20,212
2023,05,17,101,20,64
2023,05,18,101,20,29
2023,05,19,101,20,15
2023,05,20,101,20,25
2023,05,21,101,20,21
2023,05,22,101,20,34
2023,05,23,101,20,14
2023,05,24,101,20,12
2023,05,25,101,20,26
2023,05,t1,101,20,2028
2023,05,01,101,30,187
2023,05,03,101,30,14
2023,05,04,101,30,25
2023,05,05,101,30,48
2023,05,06,101,30,41
2023,05,07,101,30,28
2023,05,08,101,30,50
2023,05,09,101,30,3
2023,05,10,101,30,27
2023,05,12,101,30,726
2023,05,13,101,30,38
2023,05,14,101,30,236
2023,05,17,101,30,38
2023,05,18,101,30,27
2023,05,19,101,30,13
2023,05,20,101,30,20
2023,05,21,101,30,46
2023,05,22,101,30,23
2023,05,23,101,30,18
2023,05,24,101,30,26
2023,05,25,101,30,20
2023,05,t1,101,30,1654
2023,05,01,101,t1,1813
2023,05,03,101,t1,125
2023,05,04,101,t1,128
2023,05,05,101,t1,235
2023,05,06,101,t1,240
2023,05,07,101,t1,101
2023,05,08,101,t1,141
2023,05,09,101,t1,15
2023,05,10,101,t1,113
2023,05,12,101,t1,1383
2023,05,13,101,t1,175
2023,05,14,101,t1,981
2023,05,17,101,t1,164
2023,05,18,101,t1,138
2023,05,19,101,t1,93
2023,05,20,101,t1,99
2023,05,21,101,t1,117
2023,05,22,101,t1,87
2023,05,23,101,t1,43
2023,05,24,101,t1,64
2023,05,25,101,t1,69
2023,05,t1,101,t1,6324
2023,05,01,102,10,106
2023,05,03,102,10,9
2023,05,04,102,10,22
2023,05,05,102,10,26
2023,05,06,102,10,26
2023,05,07,102,10,12
2023,05,08,102,10,14
2023,05,09,102,10,4
2023,05,10,102,10,5
2023,05,12,102,10,74
2023,05,13,102,10,22
2023,05,14,102,10,112
2023,05,17,102,10,29
2023,05,18,102,10,31
2023,05,19,102,10,17
2023,05,20,102,10,26
2023,05,21,102,10,14
2023,05,22,102,10,23
2023,05,23,102,10,10
2023,05,24,102,10,24
2023,05,25,102,10,18
2023,05,t1,102,10,624
2023,05,01,102,20,685
2023,05,03,102,20,42
2023,05,04,102,20,23
2023,05,05,102,20,39
2023,05,06,102,20,41
2023,05,07,102,20,17
2023,05,08,102,20,18
2023,05,09,102,20,6
2023,05,10,102,20,16
2023,05,12,102,20,175
2023,05,13,102,20,29
2023,05,14,102,20,156
2023,05,17,102,20,60
2023,05,18,102,20,23
2023,05,19,102,20,15
2023,05,20,102,20,36
2023,05,21,102,20,41
2023,05,22,102,20,37
2023,05,23,102,20,15
2023,05,24,102,20,28
2023,05,25,102,20,41
2023,05,t1,102,20,1543
2023,05,01,102,30,101
2023,05,03,102,30,13
2023,05,04,102,30,3
2023,05,05,102,30,2
2023,05,06,102,30,17
2023,05,07,102,30,3
2023,05,08,102,30,7
2023,05,10,102,30,1
2023,05,12,102,30,82
2023,05,13,102,30,4
2023,05,14,102,30,60
2023,05,17,102,30,49
2023,05,18,102,30,14
2023,05,19,102,30,2
2023,05,20,102,30,8
2023,05,21,102,30,25
2023,05,22,102,30,9
2023,05,23,102,30,33
2023,05,24,102,30,27
2023,05,25,102,30,14
2023,05,t1,102,30,474
2023,05,01,102,t1,892
2023,05,03,102,t1,64
2023,05,04,102,t1,48
2023,05,05,102,t1,67
2023,05,06,102,t1,84
2023,05,07,102,t1,32
2023,05,08,102,t1,39
2023,05,09,102,t1,10
2023,05,10,102,t1,22
2023,05,12,102,t1,331
2023,05,13,102,t1,55
2023,05,14,102,t1,328
2023,05,17,102,t1,138
2023,05,18,102,t1,68
2023,05,19,102,t1,34
2023,05,20,102,t1,70
2023,05,21,102,t1,80
2023,05,22,102,t1,69
2023,05,23,102,t1,58
2023,05,24,102,t1,79
2023,05,25,102,t1,73
2023,05,t1,102,t1,2641
2023,05,01,103,10,695
2023,05,03,103,10,86
2023,05,04,103,10,74
2023,05,05,103,10,151
2023,05,06,103,10,101
2023,05,07,103,10,52
2023,05,08,103,10,57
2023,05,09,103,10,15
2023,05,10,103,10,44
2023,05,12,103,10,446
2023,05,13,103,10,121
2023,05,14,103,10,576
2023,05,17,103,10,51
2023,05,18,103,10,78
2023,05,19,103,10,78
2023,05,20,103,10,61
2023,05,21,103,10,56
2023,05,22,103,10,58
2023,05,23,103,10,31
2023,05,24,103,10,61
2023,05,25,103,10,54
2023,05,t1,103,10,2946
2023,05,01,103,20,3747
2023,05,03,103,20,143
2023,05,04,103,20,90
2023,05,05,103,20,146
2023,05,06,103,20,153
2023,05,07,103,20,67
2023,05,08,103,20,45
2023,05,09,103,20,11
2023,05,10,103,20,27
2023,05,12,103,20,799
2023,05,13,103,20,139
2023,05,14,103,20,781
2023,05,17,103,20,92
2023,05,18,103,20,82
2023,05,19,103,20,63
2023,05,20,103,20,101
2023,05,21,103,20,59
2023,05,22,103,20,66
2023,05,23,103,20,26
2023,05,24,103,20,82
2023,05,25,103,20,63
2023,05,t1,103,20,6782
2023,05,01,103,30,441
2023,05,03,103,30,23
2023,05,04,103,30,21
2023,05,05,103,30,50
2023,05,06,103,30,55
2023,05,07,103,30,18
2023,05,08,103,30,22
2023,05,09,103,30,2
2023,05,10,103,30,9
2023,05,12,103,30,175
2023,05,13,103,30,18
2023,05,14,103,30,991
2023,05,17,103,30,13
2023,05,18,103,30,14
2023,05,19,103,30,22
2023,05,20,103,30,25
2023,05,21,103,30,19
2023,05,22,103,30,8
2023,05,23,103,30,3
2023,05,24,103,30,27
2023,05,25,103,30,12
2023,05,t1,103,30,1968
2023,05,01,103,t1,4883
2023,05,03,103,t1,252
2023,05,04,103,t1,185
2023,05,05,103,t1,347
2023,05,06,103,t1,309
2023,05,07,103,t1,137
2023,05,08,103,t1,124
2023,05,09,103,t1,28
2023,05,10,103,t1,80
2023,05,12,103,t1,1420
2023,05,13,103,t1,278
2023,05,14,103,t1,2348
2023,05,17,103,t1,156
2023,05,18,103,t1,174
2023,05,19,103,t1,163
2023,05,20,103,t1,187
2023,05,21,103,t1,134
2023,05,22,103,t1,132
2023,05,23,103,t1,60
2023,05,24,103,t1,170
2023,05,25,103,t1,129
2023,05,t1,103,t1,11696
2023,05,01,104,10,182
2023,05,03,104,10,48
2023,05,04,104,10,23
2023,05,05,104,10,43
2023,05,06,104,10,42
2023,05,07,104,10,11
2023,05,08,104,10,17
2023,05,09,104,10,2
2023,05,10,104,10,7
2023,05,12,104,10,110
2023,05,13,104,10,26
2023,05,14,104,10,142
2023,05,17,104,10,22
2023,05,18,104,10,24
2023,05,19,104,10,18
2023,05,20,104,10,25
2023,05,21,104,10,23
2023,05,22,104,10,12
2023,05,23,104,10,5
2023,05,24,104,10,13
2023,05,25,104,10,6
2023,05,t1,104,10,801
2023,05,01,104,20,275
2023,05,03,104,20,23
2023,05,04,104,20,6
2023,05,05,104,20,9
2023,05,06,104,20,20
2023,05,07,104,20,7
2023,05,08,104,20,3
2023,05,10,104,20,7
2023,05,12,104,20,88
2023,05,13,104,20,1
2023,05,14,104,20,138
2023,05,17,104,20,20
2023,05,18,104,20,10
2023,05,19,104,20,7
2023,05,20,104,20,10
2023,05,21,104,20,8
2023,05,22,104,20,9
2023,05,23,104,20,6
2023,05,24,104,20,1
2023,05,25,104,20,28
2023,05,t1,104,20,676
2023,05,01,104,30,166
2023,05,03,104,30,16
2023,05,04,104,30,23
2023,05,05,104,30,69
2023,05,06,104,30,26
2023,05,07,104,30,18
2023,05,08,104,30,4
2023,05,09,104,30,3
2023,05,10,104,30,7
2023,05,12,104,30,55
2023,05,13,104,30,13
2023,05,14,104,30,159
2023,05,17,104,30,17
2023,05,18,104,30,28
2023,05,19,104,30,4
2023,05,20,104,30,14
2023,05,21,104,30,26
2023,05,22,104,30,21
2023,05,23,104,30,8
2023,05,24,104,30,17
2023,05,25,104,30,5
2023,05,t1,104,30,699
2023,05,01,104,t1,623
2023,05,03,104,t1,87
2023,05,04,104,t1,52
2023,05,05,104,t1,121
2023,05,06,104,t1,88
2023,05,07,104,t1,36
2023,05,08,104,t1,24
2023,05,09,104,t1,5
2023,05,10,104,t1,21
2023,05,12,104,t1,253
2023,05,13,104,t1,40
2023,05,14,104,t1,439
2023,05,17,104,t1,59
2023,05,18,104,t1,62
2023,05,19,104,t1,29
2023,05,20,104,t1,49
2023,05,21,104,t1,57
2023,05,22,104,t1,42
2023,05,23,104,t1,19
2023,05,24,104,t1,31
2023,05,25,104,t1,39
2023,05,t1,104,t1,2176
2023,05,01,105,10,314
2023,05,03,105,10,45
2023,05,04,105,10,32
2023,05,05,105,10,63
2023,05,06,105,10,32
2023,05,07,105,10,19
2023,05,08,105,10,16
2023,05,09,105,10,4
2023,05,10,105,10,12
2023,05,12,105,10,109
2023,05,13,105,10,19
2023,05,14,105,10,186
2023,05,17,105,10,25
2023,05,18,105,10,27
2023,05,19,105,10,32
2023,05,20,105,10,27
2023,05,21,105,10,33
2023,05,22,105,10,23
2023,05,23,105,10,10
2023,05,24,105,10,28
2023,05,25,105,10,15
2023,05,t1,105,10,1071
2023,05,01,105,20,2122
2023,05,03,105,20,99
2023,05,04,105,20,33
2023,05,05,105,20,68
2023,05,06,105,20,82
2023,05,07,105,20,37
2023,05,08,105,20,28
2023,05,09,105,20,1
2023,05,10,105,20,6
2023,05,12,105,20,779
2023,05,13,105,20,44
2023,05,14,105,20,304
2023,05,17,105,20,46
2023,05,18,105,20,44
2023,05,19,105,20,41
2023,05,20,105,20,39
2023,05,21,105,20,28
2023,05,22,105,20,34
2023,05,23,105,20,30
2023,05,24,105,20,22
2023,05,25,105,20,35
2023,05,t1,105,20,3922
2023,05,01,105,30,161
2023,05,03,105,30,31
2023,05,04,105,30,16
2023,05,05,105,30,24
2023,05,06,105,30,32
2023,05,07,105,30,22
2023,05,08,105,30,12
2023,05,09,105,30,1
2023,05,10,105,30,13
2023,05,12,105,30,171
2023,05,13,105,30,12
2023,05,14,105,30,327
2023,05,17,105,30,8
2023,05,18,105,30,19
2023,05,19,105,30,12
2023,05,20,105,30,21
2023,05,21,105,30,19
2023,05,22,105,30,17
2023,05,23,105,30,11
2023,05,24,105,30,39
2023,05,25,105,30,30
2023,05,t1,105,30,998
2023,05,01,105,t1,2597
2023,05,03,105,t1,175
2023,05,04,105,t1,81
2023,05,05,105,t1,155
2023,05,06,105,t1,146
2023,05,07,105,t1,78
2023,05,08,105,t1,56
2023,05,09,105,t1,6
2023,05,10,105,t1,31
2023,05,12,105,t1,1059
2023,05,13,105,t1,75
2023,05,14,105,t1,817
2023,05,17,105,t1,79
2023,05,18,105,t1,90
2023,05,19,105,t1,85
2023,05,20,105,t1,87
2023,05,21,105,t1,80
2023,05,22,105,t1,74
2023,05,23,105,t1,51
2023,05,24,105,t1,89
2023,05,25,105,t1,80
2023,05,t1,105,t1,5991
2023,05,01,106,10,28
2023,05,03,106,10,5
2023,05,04,106,10,3
2023,05,05,106,10,5
2023,05,06,106,10,4
2023,05,07,106,10,2
2023,05,08,106,10,2
2023,05,09,106,10,1
2023,05,12,106,10,11
2023,05,13,106,10,10
2023,05,14,106,10,28
2023,05,17,106,10,4
2023,05,18,106,10,3
2023,05,19,106,10,3
2023,05,20,106,10,3
2023,05,21,106,10,3
2023,05,22,106,10,5
2023,05,23,106,10,1
2023,05,24,106,10,8
2023,05,25,106,10,4
2023,05,t1,106,10,133
2023,05,01,106,20,44
2023,05,03,106,20,21
2023,05,04,106,20,1
2023,05,05,106,20,3
2023,05,07,106,20,2
2023,05,09,106,20,7
2023,05,10,106,20,4
2023,05,12,106,20,5
2023,05,13,106,20,6
2023,05,14,106,20,11
2023,05,17,106,20,3
2023,05,18,106,20,1
2023,05,20,106,20,5
2023,05,21,106,20,4
2023,05,22,106,20,1
2023,05,23,106,20,1
2023,05,24,106,20,5
2023,05,25,106,20,4
2023,05,t1,106,20,128
2023,05,01,106,30,8
2023,05,04,106,30,2
2023,05,05,106,30,10
2023,05,06,106,30,2
2023,05,10,106,30,1
2023,05,12,106,30,7
2023,05,14,106,30,6
2023,05,17,106,30,3
2023,05,18,106,30,3
2023,05,19,106,30,2
2023,05,21,106,30,1
2023,05,22,106,30,7
2023,05,23,106,30,4
2023,05,24,106,30,1
2023,05,25,106,30,2
2023,05,t1,106,30,59
2023,05,01,106,t1,80
2023,05,03,106,t1,26
2023,05,04,106,t1,6
2023,05,05,106,t1,18
2023,05,06,106,t1,6
2023,05,07,106,t1,4
2023,05,08,106,t1,2
2023,05,09,106,t1,8
2023,05,10,106,t1,5
2023,05,12,106,t1,23
2023,05,13,106,t1,16
2023,05,14,106,t1,45
2023,05,17,106,t1,10
2023,05,18,106,t1,7
2023,05,19,106,t1,5
2023,05,20,106,t1,8
2023,05,21,106,t1,8
2023,05,22,106,t1,13
2023,05,23,106,t1,6
2023,05,24,106,t1,14
2023,05,25,106,t1,10
2023,05,t1,106,t1,320
2023,05,03,107,10,1
2023,05,10,107,10,1
2023,05,14,107,10,1
2023,05,t1,107,10,3
2023,05,01,107,20,56
2023,05,03,107,20,2
2023,05,05,107,20,1
2023,05,06,107,20,4
2023,05,07,107,20,2
2023,05,08,107,20,9
2023,05,09,107,20,1
2023,05,10,107,20,4
2023,05,12,107,20,21
2023,05,13,107,20,1
2023,05,14,107,20,60
2023,05,18,107,20,1
2023,05,19,107,20,22
2023,05,22,107,20,6
2023,05,23,107,20,2
2023,05,t1,107,20,192
2023,05,01,107,30,2
2023,05,06,107,30,31
2023,05,07,107,30,2
2023,05,14,107,30,2
2023,05,t1,107,30,37
2023,05,01,107,t1,58
2023,05,03,107,t1,3
2023,05,05,107,t1,1
2023,05,06,107,t1,35
2023,05,07,107,t1,4
2023,05,08,107,t1,9
2023,05,09,107,t1,1
2023,05,10,107,t1,5
2023,05,12,107,t1,21
2023,05,13,107,t1,1
2023,05,14,107,t1,63
2023,05,18,107,t1,1
2023,05,19,107,t1,22
2023,05,22,107,t1,6
2023,05,23,107,t1,2
2023,05,t1,107,t1,232
2023,05,07,109,10,1
2023,05,12,109,10,1
2023,05,14,109,10,1
2023,05,t1,109,10,3
2023,05,14,109,20,1
2023,05,t1,109,20,1
2023,05,07,109,t1,1
2023,05,12,109,t1,1
2023,05,14,109,t1,2
2023,05,t1,109,t1,4
2023,05,01,t1,10,1965
2023,05,03,t1,10,257
2023,05,04,t1,10,225
2023,05,05,t1,10,423
2023,05,06,t1,10,319
2023,05,07,t1,10,150
2023,05,08,t1,10,179
2023,05,09,t1,10,34
2023,05,10,t1,10,114
2023,05,12,t1,10,1153
2023,05,13,t1,10,300
2023,05,14,t1,10,1579
2023,05,17,t1,10,193
2023,05,18,t1,10,245
2023,05,19,t1,10,213
2023,05,20,t1,10,196
2023,05,21,t1,10,179
2023,05,22,t1,10,151
2023,05,23,t1,10,68
2023,05,24,t1,10,160
2023,05,25,t1,10,120
2023,05,t1,t1,10,8223
2023,05,01,t1,20,7915
2023,05,03,t1,20,378
2023,05,04,t1,20,185
2023,05,05,t1,20,318
2023,05,06,t1,20,385
2023,05,07,t1,20,152
2023,05,08,t1,20,121
2023,05,09,t1,20,30
2023,05,10,t1,20,105
2023,05,12,t1,20,2122
2023,05,13,t1,20,255
2023,05,14,t1,20,1663
2023,05,17,t1,20,285
2023,05,18,t1,20,190
2023,05,19,t1,20,163
2023,05,20,t1,20,216
2023,05,21,t1,20,161
2023,05,22,t1,20,187
2023,05,23,t1,20,94
2023,05,24,t1,20,150
2023,05,25,t1,20,197
2023,05,t1,t1,20,15272
2023,05,01,t1,30,1066
2023,05,03,t1,30,97
2023,05,04,t1,30,90
2023,05,05,t1,30,203
2023,05,06,t1,30,204
2023,05,07,t1,30,91
2023,05,08,t1,30,95
2023,05,09,t1,30,9
2023,05,10,t1,30,58
2023,05,12,t1,30,1216
2023,05,13,t1,30,85
2023,05,14,t1,30,1781
2023,05,17,t1,30,128
2023,05,18,t1,30,105
2023,05,19,t1,30,55
2023,05,20,t1,30,88
2023,05,21,t1,30,136
2023,05,22,t1,30,85
2023,05,23,t1,30,77
2023,05,24,t1,30,137
2023,05,25,t1,30,83
2023,05,t1,t1,30,5889
2023,05,01,t1,t1,10946
2023,05,03,t1,t1,732
2023,05,04,t1,t1,500
2023,05,05,t1,t1,944
2023,05,06,t1,t1,908
2023,05,07,t1,t1,393
2023,05,08,t1,t1,395
2023,05,09,t1,t1,73
2023,05,10,t1,t1,277
2023,05,12,t1,t1,4491
2023,05,13,t1,t1,640
2023,05,14,t1,t1,5023
2023,05,17,t1,t1,606
2023,05,18,t1,t1,540
2023,05,19,t1,t1,431
2023,05,20,t1,t1,500
2023,05,21,t1,t1,476
2023,05,22,t1,t1,423
2023,05,23,t1,t1,239
2023,05,24,t1,t1,447
2023,05,25,t1,t1,400
2023,05,t1,t1,t1,29384
2023,06,01,101,10,628
2023,06,03,101,10,70
2023,06,04,101,10,81
2023,06,05,101,10,122
2023,06,06,101,10,92
2023,06,07,101,10,72
2023,06,08,101,10,75
2023,06,09,101,10,6
2023,06,10,101,10,38
2023,06,12,101,10,416
2023,06,13,101,10,109
2023,06,14,101,10,562
2023,06,17,101,10,61
2023,06,18,101,10,68
2023,06,19,101,10,74
2023,06,20,101,10,57
2023,06,21,101,10,52
2023,06,22,101,10,42
2023,06,23,101,10,7
2023,06,24,101,10,29
2023,06,25,101,10,21
2023,06,t1,101,10,2682
2023,06,01,101,20,872
2023,06,03,101,20,69
2023,06,04,101,20,58
2023,06,05,101,20,85
2023,06,06,101,20,114
2023,06,07,101,20,14
2023,06,08,101,20,9
2023,06,09,101,20,9
2023,06,10,101,20,14
2023,06,12,101,20,177
2023,06,13,101,20,50
2023,06,14,101,20,179
2023,06,17,101,20,40
2023,06,18,101,20,22
2023,06,19,101,20,20
2023,06,20,101,20,86
2023,06,21,101,20,16
2023,06,22,101,20,16
2023,06,23,101,20,3
2023,06,24,101,20,23
2023,06,25,101,20,13
2023,06,t1,101,20,1889
2023,06,01,101,30,415
2023,06,03,101,30,20
2023,06,04,101,30,29
2023,06,05,101,30,50
2023,06,06,101,30,85
2023,06,07,101,30,41
2023,06,08,101,30,86
2023,06,09,101,30,9
2023,06,10,101,30,22
2023,06,12,101,30,843
2023,06,13,101,30,49
2023,06,14,101,30,385
2023,06,17,101,30,66
2023,06,18,101,30,31
2023,06,19,101,30,21
2023,06,20,101,30,48
2023,06,21,101,30,45
2023,06,22,101,30,25
2023,06,23,101,30,4
2023,06,24,101,30,38
2023,06,25,101,30,12
2023,06,t1,101,30,2324
2023,06,01,101,t1,1915
2023,06,03,101,t1,159
2023,06,04,101,t1,168
2023,06,05,101,t1,257
2023,06,06,101,t1,291
2023,06,07,101,t1,127
2023,06,08,101,t1,170
2023,06,09,101,t1,24
2023,06,10,101,t1,74
2023,06,12,101,t1,1436
2023,06,13,101,t1,208
2023,06,14,101,t1,1126
2023,06,17,101,t1,167
2023,06,18,101,t1,121
2023,06,19,101,t1,115
2023,06,20,101,t1,191
2023,06,21,101,t1,113
2023,06,22,101,t1,83
2023,06,23,101,t1,14
2023,06,24,101,t1,90
2023,06,25,101,t1,46
2023,06,t1,101,t1,6895
2023,06,01,102,10,106
2023,06,03,102,10,16
2023,06,04,102,10,9
2023,06,05,102,10,32
2023,06,06,102,10,24
2023,06,07,102,10,11
2023,06,08,102,10,14
2023,06,09,102,10,3
2023,06,10,102,10,10
2023,06,12,102,10,64
2023,06,13,102,10,24
2023,06,14,102,10,109
2023,06,17,102,10,26
2023,06,18,102,10,16
2023,06,19,102,10,11
2023,06,20,102,10,12
2023,06,21,102,10,16
2023,06,22,102,10,13
2023,06,23,102,10,10
2023,06,24,102,10,16
2023,06,25,102,10,19
2023,06,t1,102,10,561
2023,06,01,102,20,518
2023,06,03,102,20,57
2023,06,04,102,20,18
2023,06,05,102,20,44
2023,06,06,102,20,58
2023,06,07,102,20,22
2023,06,08,102,20,28
2023,06,09,102,20,3
2023,06,10,102,20,6
2023,06,12,102,20,194
2023,06,13,102,20,50
2023,06,14,102,20,167
2023,06,17,102,20,56
2023,06,18,102,20,17
2023,06,19,102,20,14
2023,06,20,102,20,25
2023,06,21,102,20,27
2023,06,22,102,20,34
2023,06,23,102,20,17
2023,06,24,102,20,20
2023,06,25,102,20,41
2023,06,t1,102,20,1416
2023,06,01,102,30,112
2023,06,03,102,30,14
2023,06,04,102,30,4
2023,06,05,102,30,9
2023,06,06,102,30,9
2023,06,07,102,30,4
2023,06,08,102,30,29
2023,06,09,102,30,2
2023,06,10,102,30,6
2023,06,12,102,30,138
2023,06,13,102,30,11
2023,06,14,102,30,92
2023,06,17,102,30,42
2023,06,18,102,30,9
2023,06,19,102,30,6
2023,06,20,102,30,8
2023,06,21,102,30,18
2023,06,22,102,30,10
2023,06,23,102,30,12
2023,06,24,102,30,5
2023,06,25,102,30,7
2023,06,t1,102,30,547
2023,06,01,102,t1,736
2023,06,03,102,t1,87
2023,06,04,102,t1,31
2023,06,05,102,t1,85
2023,06,06,102,t1,91
2023,06,07,102,t1,37
2023,06,08,102,t1,71
2023,06,09,102,t1,8
2023,06,10,102,t1,22
2023,06,12,102,t1,396
2023,06,13,102,t1,85
2023,06,14,102,t1,368
2023,06,17,102,t1,124
2023,06,18,102,t1,42
2023,06,19,102,t1,31
2023,06,20,102,t1,45
2023,06,21,102,t1,61
2023,06,22,102,t1,57
2023,06,23,102,t1,39
2023,06,24,102,t1,41
2023,06,25,102,t1,67
2023,06,t1,102,t1,2524
2023,06,01,103,10,787
2023,06,03,103,10,111
2023,06,04,103,10,73
2023,06,05,103,10,129
2023,06,06,103,10,92
2023,06,07,103,10,52
2023,06,08,103,10,53
2023,06,09,103,10,7
2023,06,10,103,10,31
2023,06,12,103,10,451
2023,06,13,103,10,122
2023,06,14,103,10,564
2023,06,17,103,10,64
2023,06,18,103,10,91
2023,06,19,103,10,66
2023,06,20,103,10,61
2023,06,21,103,10,57
2023,06,22,103,10,53
2023,06,23,103,10,29
2023,06,24,103,10,74
2023,06,25,103,10,52
2023,06,t1,103,10,3019
2023,06,01,103,20,3805
2023,06,03,103,20,131
2023,06,04,103,20,64
2023,06,05,103,20,127
2023,06,06,103,20,125
2023,06,07,103,20,76
2023,06,08,103,20,43
2023,06,09,103,20,7
2023,06,10,103,20,24
2023,06,12,103,20,859
2023,06,13,103,20,133
2023,06,14,103,20,774
2023,06,17,103,20,75
2023,06,18,103,20,64
2023,06,19,103,20,72
2023,06,20,103,20,104
2023,06,21,103,20,82
2023,06,22,103,20,49
2023,06,23,103,20,45
2023,06,24,103,20,68
2023,06,25,103,20,75
2023,06,t1,103,20,6802
2023,06,01,103,30,399
2023,06,03,103,30,15
2023,06,04,103,30,10
2023,06,05,103,30,20
2023,06,06,103,30,36
2023,06,07,103,30,15
2023,06,08,103,30,12
2023,06,09,103,30,2
2023,06,10,103,30,8
2023,06,12,103,30,262
2023,06,13,103,30,13
2023,06,14,103,30,262
2023,06,17,103,30,17
2023,06,18,103,30,15
2023,06,19,103,30,18
2023,06,20,103,30,8
2023,06,21,103,30,14
2023,06,22,103,30,25
2023,06,23,103,30,5
2023,06,24,103,30,21
2023,06,25,103,30,7
2023,06,t1,103,30,1184
2023,06,01,103,t1,4991
2023,06,03,103,t1,257
2023,06,04,103,t1,147
2023,06,05,103,t1,276
2023,06,06,103,t1,253
2023,06,07,103,t1,143
2023,06,08,103,t1,108
2023,06,09,103,t1,16
2023,06,10,103,t1,63
2023,06,12,103,t1,1572
2023,06,13,103,t1,268
2023,06,14,103,t1,1600
2023,06,17,103,t1,156
2023,06,18,103,t1,170
2023,06,19,103,t1,156
2023,06,20,103,t1,173
2023,06,21,103,t1,153
2023,06,22,103,t1,127
2023,06,23,103,t1,79
2023,06,24,103,t1,163
2023,06,25,103,t1,134
2023,06,t1,103,t1,11005
2023,06,01,104,10,217
2023,06,03,104,10,26
2023,06,04,104,10,27
2023,06,05,104,10,57
2023,06,06,104,10,37
2023,06,07,104,10,12
2023,06,08,104,10,16
2023,06,09,104,10,3
2023,06,10,104,10,9
2023,06,12,104,10,119
2023,06,13,104,10,33
2023,06,14,104,10,150
2023,06,17,104,10,21
2023,06,18,104,10,22
2023,06,19,104,10,12
2023,06,20,104,10,15
2023,06,21,104,10,19
2023,06,22,104,10,11
2023,06,23,104,10,2
2023,06,24,104,10,11
2023,06,25,104,10,14
2023,06,t1,104,10,833
2023,06,01,104,20,325
2023,06,03,104,20,9
2023,06,04,104,20,4
2023,06,05,104,20,27
2023,06,06,104,20,28
2023,06,07,104,20,9
2023,06,08,104,20,7
2023,06,09,104,20,1
2023,06,10,104,20,12
2023,06,12,104,20,72
2023,06,13,104,20,11
2023,06,14,104,20,111
2023,06,17,104,20,7
2023,06,18,104,20,12
2023,06,19,104,20,4
2023,06,20,104,20,15
2023,06,21,104,20,19
2023,06,22,104,20,3
2023,06,23,104,20,5
2023,06,24,104,20,9
2023,06,25,104,20,7
2023,06,t1,104,20,697
2023,06,01,104,30,181
2023,06,03,104,30,15
2023,06,04,104,30,6
2023,06,05,104,30,81
2023,06,06,104,30,21
2023,06,07,104,30,16
2023,06,08,104,30,16
2023,06,09,104,30,3
2023,06,10,104,30,4
2023,06,12,104,30,79
2023,06,13,104,30,17
2023,06,14,104,30,210
2023,06,17,104,30,15
2023,06,18,104,30,29
2023,06,19,104,30,5
2023,06,20,104,30,15
2023,06,21,104,30,22
2023,06,22,104,30,7
2023,06,23,104,30,5
2023,06,24,104,30,26
2023,06,25,104,30,34
2023,06,t1,104,30,807
2023,06,01,104,t1,723
2023,06,03,104,t1,50
2023,06,04,104,t1,37
2023,06,05,104,t1,165
2023,06,06,104,t1,86
2023,06,07,104,t1,37
2023,06,08,104,t1,39
2023,06,09,104,t1,7
2023,06,10,104,t1,25
2023,06,12,104,t1,270
2023,06,13,104,t1,61
2023,06,14,104,t1,471
2023,06,17,104,t1,43
2023,06,18,104,t1,63
2023,06,19,104,t1,21
2023,06,20,104,t1,45
2023,06,21,104,t1,60
2023,06,22,104,t1,21
2023,06,23,104,t1,12
2023,06,24,104,t1,46
2023,06,25,104,t1,55
2023,06,t1,104,t1,2337
2023,06,01,105,10,306
2023,06,03,105,10,51
2023,06,04,105,10,49
2023,06,05,105,10,48
2023,06,06,105,10,37
2023,06,07,105,10,36
2023,06,08,105,10,19
2023,06,09,105,10,3
2023,06,10,105,10,17
2023,06,12,105,10,137
2023,06,13,105,10,41
2023,06,14,105,10,188
2023,06,17,105,10,31
2023,06,18,105,10,32
2023,06,19,105,10,39
2023,06,20,105,10,27
2023,06,21,105,10,32
2023,06,22,105,10,22
2023,06,23,105,10,8
2023,06,24,105,10,24
2023,06,25,105,10,16
2023,06,t1,105,10,1163
2023,06,01,105,20,2134
2023,06,03,105,20,110
2023,06,04,105,20,26
2023,06,05,105,20,82
2023,06,06,105,20,76
2023,06,07,105,20,36
2023,06,08,105,20,33
2023,06,09,105,20,5
2023,06,10,105,20,16
2023,06,12,105,20,347
2023,06,13,105,20,62
2023,06,14,105,20,359
2023,06,17,105,20,50
2023,06,18,105,20,53
2023,06,19,105,20,36
2023,06,20,105,20,43
2023,06,21,105,20,28
2023,06,22,105,20,29
2023,06,23,105,20,25
2023,06,24,105,20,36
2023,06,25,105,20,24
2023,06,t1,105,20,3610
2023,06,01,105,30,182
2023,06,03,105,30,20
2023,06,04,105,30,21
2023,06,05,105,30,35
2023,06,06,105,30,39
2023,06,07,105,30,26
2023,06,08,105,30,23
2023,06,09,105,30,2
2023,06,10,105,30,7
2023,06,12,105,30,120
2023,06,13,105,30,26
2023,06,14,105,30,388
2023,06,17,105,30,18
2023,06,18,105,30,19
2023,06,19,105,30,17
2023,06,20,105,30,22
2023,06,21,105,30,12
2023,06,22,105,30,19
2023,06,23,105,30,2
2023,06,24,105,30,27
2023,06,25,105,30,8
2023,06,t1,105,30,1033
2023,06,01,105,t1,2622
2023,06,03,105,t1,181
2023,06,04,105,t1,96
2023,06,05,105,t1,165
2023,06,06,105,t1,152
2023,06,07,105,t1,98
2023,06,08,105,t1,75
2023,06,09,105,t1,10
2023,06,10,105,t1,40
2023,06,12,105,t1,604
2023,06,13,105,t1,129
2023,06,14,105,t1,935
2023,06,17,105,t1,99
2023,06,18,105,t1,104
2023,06,19,105,t1,92
2023,06,20,105,t1,92
2023,06,21,105,t1,72
2023,06,22,105,t1,70
2023,06,23,105,t1,35
2023,06,24,105,t1,87
2023,06,25,105,t1,48
2023,06,t1,105,t1,5806
2023,06,01,106,10,23
2023,06,03,106,10,8
2023,06,04,106,10,2
2023,06,05,106,10,11
2023,06,06,106,10,7
2023,06,07,106,10,5
2023,06,08,106,10,1
2023,06,10,106,10,6
2023,06,12,106,10,11
2023,06,13,106,10,3
2023,06,14,106,10,21
2023,06,17,106,10,4
2023,06,18,106,10,2
2023,06,19,106,10,3
2023,06,20,106,10,2
2023,06,21,106,10,1
2023,06,22,106,10,5
2023,06,23,106,10,1
2023,06,24,106,10,2
2023,06,25,106,10,2
2023,06,t1,106,10,120
2023,06,01,106,20,111
2023,06,03,106,20,4
2023,06,05,106,20,6
2023,06,06,106,20,1
2023,06,07,106,20,1
2023,06,08,106,20,3
2023,06,10,106,20,2
2023,06,12,106,20,5
2023,06,13,106,20,4
2023,06,14,106,20,14
2023,06,17,106,20,4
2023,06,18,106,20,1
2023,06,19,106,20,2
2023,06,20,106,20,2
2023,06,21,106,20,3
2023,06,22,106,20,2
2023,06,23,106,20,1
2023,06,24,106,20,1
2023,06,25,106,20,1
2023,06,t1,106,20,168
2023,06,01,106,30,5
2023,06,03,106,30,4
2023,06,04,106,30,1
2023,06,05,106,30,7
2023,06,06,106,30,2
2023,06,08,106,30,1
2023,06,12,106,30,7
2023,06,13,106,30,4
2023,06,14,106,30,8
2023,06,17,106,30,1
2023,06,21,106,30,3
2023,06,22,106,30,3
2023,06,23,106,30,1
2023,06,25,106,30,2
2023,06,t1,106,30,49
2023,06,01,106,t1,139
2023,06,03,106,t1,16
2023,06,04,106,t1,3
2023,06,05,106,t1,24
2023,06,06,106,t1,10
2023,06,07,106,t1,6
2023,06,08,106,t1,5
2023,06,10,106,t1,8
2023,06,12,106,t1,23
2023,06,13,106,t1,11
2023,06,14,106,t1,43
2023,06,17,106,t1,9
2023,06,18,106,t1,3
2023,06,19,106,t1,5
2023,06,20,106,t1,4
2023,06,21,106,t1,7
2023,06,22,106,t1,10
2023,06,23,106,t1,3
2023,06,24,106,t1,3
2023,06,25,106,t1,5
2023,06,t1,106,t1,337
2023,06,01,107,10,1
2023,06,05,107,10,1
2023,06,13,107,10,1
2023,06,19,107,10,1
2023,06,t1,107,10,4
2023,06,01,107,20,39
2023,06,03,107,20,2
2023,06,06,107,20,22
2023,06,07,107,20,20
2023,06,08,107,20,9
2023,06,09,107,20,6
2023,06,10,107,20,2
2023,06,12,107,20,66
2023,06,13,107,20,1
2023,06,14,107,20,10
2023,06,18,107,20,6
2023,06,19,107,20,13
2023,06,20,107,20,1
2023,06,22,107,20,4
2023,06,t1,107,20,201
2023,06,06,107,30,8
2023,06,08,107,30,5
2023,06,12,107,30,8
2023,06,t1,107,30,21
2023,06,01,107,t1,40
2023,06,03,107,t1,2
2023,06,05,107,t1,1
2023,06,06,107,t1,30
2023,06,07,107,t1,20
2023,06,08,107,t1,14
2023,06,09,107,t1,6
2023,06,10,107,t1,2
2023,06,12,107,t1,74
2023,06,13,107,t1,2
2023,06,14,107,t1,10
2023,06,18,107,t1,6
2023,06,19,107,t1,14
2023,06,20,107,t1,1
2023,06,22,107,t1,4
2023,06,t1,107,t1,226
2023,06,05,109,10,1
2023,06,12,109,10,1
2023,06,t1,109,10,2
2023,06,05,109,t1,1
2023,06,12,109,t1,1
2023,06,t1,109,t1,2
2023,06,01,t1,10,2068
2023,06,03,t1,10,282
2023,06,04,t1,10,241
2023,06,05,t1,10,401
2023,06,06,t1,10,289
2023,06,07,t1,10,188
2023,06,08,t1,10,178
2023,06,09,t1,10,22
2023,06,10,t1,10,111
2023,06,12,t1,10,1199
2023,06,13,t1,10,333
2023,06,14,t1,10,1594
2023,06,17,t1,10,207
2023,06,18,t1,10,231
2023,06,19,t1,10,206
2023,06,20,t1,10,174
2023,06,21,t1,10,177
2023,06,22,t1,10,146
2023,06,23,t1,10,57
2023,06,24,t1,10,156
2023,06,25,t1,10,124
2023,06,t1,t1,10,8384
2023,06,01,t1,20,7804
2023,06,03,t1,20,382
2023,06,04,t1,20,170
2023,06,05,t1,20,371
2023,06,06,t1,20,424
2023,06,07,t1,20,178
2023,06,08,t1,20,132
2023,06,09,t1,20,31
2023,06,10,t1,20,76
2023,06,12,t1,20,1720
2023,06,13,t1,20,311
2023,06,14,t1,20,1614
2023,06,17,t1,20,232
2023,06,18,t1,20,175
2023,06,19,t1,20,161
2023,06,20,t1,20,276
2023,06,21,t1,20,175
2023,06,22,t1,20,137
2023,06,23,t1,20,96
2023,06,24,t1,20,157
2023,06,25,t1,20,161
2023,06,t1,t1,20,14783
2023,06,01,t1,30,1294
2023,06,03,t1,30,88
2023,06,04,t1,30,71
2023,06,05,t1,30,202
2023,06,06,t1,30,200
2023,06,07,t1,30,102
2023,06,08,t1,30,172
2023,06,09,t1,30,18
2023,06,10,t1,30,47
2023,06,12,t1,30,1457
2023,06,13,t1,30,120
2023,06,14,t1,30,1345
2023,06,17,t1,30,159
2023,06,18,t1,30,103
2023,06,19,t1,30,67
2023,06,20,t1,30,101
2023,06,21,t1,30,114
2023,06,22,t1,30,89
2023,06,23,t1,30,29
2023,06,24,t1,30,117
2023,06,25,t1,30,70
2023,06,t1,t1,30,5965
2023,06,01,t1,t1,11166
2023,06,03,t1,t1,752
2023,06,04,t1,t1,482
2023,06,05,t1,t1,974
2023,06,06,t1,t1,913
2023,06,07,t1,t1,468
2023,06,08,t1,t1,482
2023,06,09,t1,t1,71
2023,06,10,t1,t1,234
2023,06,12,t1,t1,4376
2023,06,13,t1,t1,764
2023,06,14,t1,t1,4553
2023,06,17,t1,t1,598
2023,06,18,t1,t1,509
2023,06,19,t1,t1,434
2023,06,20,t1,t1,551
2023,06,21,t1,t1,466
2023,06,22,t1,t1,372
2023,06,23,t1,t1,182
2023,06,24,t1,t1,430
2023,06,25,t1,t1,355
2023,06,t1,t1,t1,29132
2023,07,01,101,10,477
2023,07,03,101,10,49
2023,07,04,101,10,60
2023,07,05,101,10,96
2023,07,06,101,10,87
2023,07,07,101,10,42
2023,07,08,101,10,58
2023,07,09,101,10,3
2023,07,10,101,10,30
2023,07,12,101,10,369
2023,07,13,101,10,92
2023,07,14,101,10,435
2023,07,17,101,10,69
2023,07,18,101,10,70
2023,07,19,101,10,62
2023,07,20,101,10,45
2023,07,21,101,10,47
2023,07,22,101,10,32
2023,07,23,101,10,6
2023,07,24,101,10,25
2023,07,25,101,10,13
2023,07,t1,101,10,2167
2023,07,01,101,20,452
2023,07,03,101,20,21
2023,07,04,101,20,13
2023,07,05,101,20,30
2023,07,06,101,20,78
2023,07,07,101,20,9
2023,07,08,101,20,10
2023,07,09,101,20,8
2023,07,10,101,20,6
2023,07,12,101,20,158
2023,07,13,101,20,31
2023,07,14,101,20,86
2023,07,17,101,20,25
2023,07,18,101,20,13
2023,07,19,101,20,8
2023,07,20,101,20,44
2023,07,21,101,20,18
2023,07,22,101,20,10
2023,07,23,101,20,3
2023,07,24,101,20,8
2023,07,25,101,20,6
2023,07,t1,101,20,1037
2023,07,01,101,30,148
2023,07,03,101,30,17
2023,07,04,101,30,11
2023,07,05,101,30,22
2023,07,06,101,30,37
2023,07,07,101,30,14
2023,07,08,101,30,38
2023,07,09,101,30,1
2023,07,10,101,30,16
2023,07,12,101,30,458
2023,07,13,101,30,32
2023,07,14,101,30,137
2023,07,17,101,30,27
2023,07,18,101,30,19
2023,07,19,101,30,11
2023,07,20,101,30,16
2023,07,21,101,30,21
2023,07,22,101,30,3
2023,07,23,101,30,2
2023,07,24,101,30,11
2023,07,25,101,30,1
2023,07,t1,101,30,1042
2023,07,01,101,t1,1077
2023,07,03,101,t1,87
2023,07,04,101,t1,84
2023,07,05,101,t1,148
2023,07,06,101,t1,202
2023,07,07,101,t1,65
2023,07,08,101,t1,106
2023,07,09,101,t1,12
2023,07,10,101,t1,52
2023,07,12,101,t1,985
2023,07,13,101,t1,155
2023,07,14,101,t1,658
2023,07,17,101,t1,121
2023,07,18,101,t1,102
2023,07,19,101,t1,81
2023,07,20,101,t1,105
2023,07,21,101,t1,86
2023,07,22,101,t1,45
2023,07,23,101,t1,11
2023,07,24,101,t1,44
2023,07,25,101,t1,20
2023,07,t1,101,t1,4246
2023,07,01,102,10,71
2023,07,03,102,10,14
2023,07,04,102,10,13
2023,07,05,102,10,21
2023,07,06,102,10,20
2023,07,07,102,10,9
2023,07,08,102,10,20
2023,07,09,102,10,1
2023,07,10,102,10,3
2023,07,12,102,10,78
2023,07,13,102,10,31
2023,07,14,102,10,92
2023,07,17,102,10,21
2023,07,18,102,10,20
2023,07,19,102,10,15
2023,07,20,102,10,16
2023,07,21,102,10,15
2023,07,22,102,10,9
2023,07,23,102,10,9
2023,07,24,102,10,10
2023,07,25,102,10,17
2023,07,t1,102,10,505
2023,07,01,102,20,320
2023,07,03,102,20,28
2023,07,04,102,20,16
2023,07,05,102,20,24
2023,07,06,102,20,31
2023,07,07,102,20,9
2023,07,08,102,20,7
2023,07,09,102,20,1
2023,07,10,102,20,1
2023,07,12,102,20,139
2023,07,13,102,20,25
2023,07,14,102,20,103
2023,07,17,102,20,60
2023,07,18,102,20,11
2023,07,19,102,20,21
2023,07,20,102,20,24
2023,07,21,102,20,13
2023,07,22,102,20,26
2023,07,23,102,20,6
2023,07,24,102,20,19
2023,07,25,102,20,16
2023,07,t1,102,20,900
2023,07,01,102,30,57
2023,07,03,102,30,5
2023,07,04,102,30,2
2023,07,05,102,30,4
2023,07,06,102,30,21
2023,07,07,102,30,3
2023,07,08,102,30,10
2023,07,09,102,30,3
2023,07,10,102,30,2
2023,07,12,102,30,50
2023,07,13,102,30,5
2023,07,14,102,30,39
2023,07,17,102,30,31
2023,07,18,102,30,4
2023,07,19,102,30,5
2023,07,20,102,30,11
2023,07,21,102,30,6
2023,07,22,102,30,11
2023,07,23,102,30,1
2023,07,24,102,30,5
2023,07,25,102,30,4
2023,07,t1,102,30,279
2023,07,01,102,t1,448
2023,07,03,102,t1,47
2023,07,04,102,t1,31
2023,07,05,102,t1,49
2023,07,06,102,t1,72
2023,07,07,102,t1,21
2023,07,08,102,t1,37
2023,07,09,102,t1,5
2023,07,10,102,t1,6
2023,07,12,102,t1,267
2023,07,13,102,t1,61
2023,07,14,102,t1,234
2023,07,17,102,t1,112
2023,07,18,102,t1,35
2023,07,19,102,t1,41
2023,07,20,102,t1,51
2023,07,21,102,t1,34
2023,07,22,102,t1,46
2023,07,23,102,t1,16
2023,07,24,102,t1,34
2023,07,25,102,t1,37
2023,07,t1,102,t1,1684
2023,07,01,103,10,526
2023,07,03,103,10,88
2023,07,04,103,10,54
2023,07,05,103,10,88
2023,07,06,103,10,77
2023,07,07,103,10,41
2023,07,08,103,10,29
2023,07,09,103,10,7
2023,07,10,103,10,25
2023,07,12,103,10,332
2023,07,13,103,10,85
2023,07,14,103,10,426
2023,07,17,103,10,40
2023,07,18,103,10,49
2023,07,19,103,10,53
2023,07,20,103,10,35
2023,07,21,103,10,41
2023,07,22,103,10,30
2023,07,23,103,10,26
2023,07,24,103,10,47
2023,07,25,103,10,41
2023,07,t1,103,10,2140
2023,07,01,103,20,1927
2023,07,03,103,20,62
2023,07,04,103,20,39
2023,07,05,103,20,50
2023,07,06,103,20,50
2023,07,07,103,20,24
2023,07,08,103,20,40
2023,07,09,103,20,8
2023,07,10,103,20,12
2023,07,12,103,20,453
2023,07,13,103,20,89
2023,07,14,103,20,327
2023,07,17,103,20,34
2023,07,18,103,20,26
2023,07,19,103,20,23
2023,07,20,103,20,34
2023,07,21,103,20,30
2023,07,22,103,20,31
2023,07,23,103,20,16
2023,07,24,103,20,39
2023,07,25,103,20,41
2023,07,t1,103,20,3355
2023,07,01,103,30,355
2023,07,03,103,30,17
2023,07,04,103,30,14
2023,07,05,103,30,29
2023,07,06,103,30,34
2023,07,07,103,30,8
2023,07,08,103,30,13
2023,07,09,103,30,2
2023,07,10,103,30,7
2023,07,12,103,30,178
2023,07,13,103,30,37
2023,07,14,103,30,260
2023,07,17,103,30,12
2023,07,18,103,30,16
2023,07,19,103,30,12
2023,07,20,103,30,8
2023,07,21,103,30,4
2023,07,22,103,30,7
2023,07,23,103,30,3
2023,07,24,103,30,14
2023,07,25,103,30,3
2023,07,t1,103,30,1033
2023,07,01,103,t1,2808
2023,07,03,103,t1,167
2023,07,04,103,t1,107
2023,07,05,103,t1,167
2023,07,06,103,t1,161
2023,07,07,103,t1,73
2023,07,08,103,t1,82
2023,07,09,103,t1,17
2023,07,10,103,t1,44
2023,07,12,103,t1,963
2023,07,13,103,t1,211
2023,07,14,103,t1,1013
2023,07,17,103,t1,86
2023,07,18,103,t1,91
2023,07,19,103,t1,88
2023,07,20,103,t1,77
2023,07,21,103,t1,75
2023,07,22,103,t1,68
2023,07,23,103,t1,45
2023,07,24,103,t1,100
2023,07,25,103,t1,85
2023,07,t1,103,t1,6528
2023,07,01,104,10,120
2023,07,03,104,10,20
2023,07,04,104,10,11
2023,07,05,104,10,30
2023,07,06,104,10,32
2023,07,07,104,10,6
2023,07,08,104,10,11
2023,07,09,104,10,3
2023,07,10,104,10,4
2023,07,12,104,10,85
2023,07,13,104,10,22
2023,07,14,104,10,101
2023,07,17,104,10,11
2023,07,18,104,10,14
2023,07,19,104,10,13
2023,07,20,104,10,7
2023,07,21,104,10,16
2023,07,22,104,10,4
2023,07,23,104,10,6
2023,07,24,104,10,9
2023,07,25,104,10,7
2023,07,t1,104,10,532
2023,07,01,104,20,112
2023,07,03,104,20,4
2023,07,04,104,20,4
2023,07,05,104,20,4
2023,07,06,104,20,34
2023,07,07,104,20,4
2023,07,08,104,20,2
2023,07,10,104,20,3
2023,07,12,104,20,24
2023,07,13,104,20,5
2023,07,14,104,20,54
2023,07,17,104,20,9
2023,07,18,104,20,3
2023,07,19,104,20,11
2023,07,21,104,20,9
2023,07,22,104,20,2
2023,07,24,104,20,3
2023,07,25,104,20,18
2023,07,t1,104,20,305
2023,07,01,104,30,101
2023,07,03,104,30,8
2023,07,04,104,30,12
2023,07,05,104,30,27
2023,07,06,104,30,14
2023,07,07,104,30,7
2023,07,08,104,30,12
2023,07,10,104,30,10
2023,07,12,104,30,63
2023,07,13,104,30,19
2023,07,14,104,30,139
2023,07,17,104,30,5
2023,07,18,104,30,14
2023,07,19,104,30,7
2023,07,20,104,30,11
2023,07,21,104,30,7
2023,07,22,104,30,7
2023,07,23,104,30,1
2023,07,24,104,30,23
2023,07,25,104,30,5
2023,07,t1,104,30,492
2023,07,01,104,t1,333
2023,07,03,104,t1,32
2023,07,04,104,t1,27
2023,07,05,104,t1,61
2023,07,06,104,t1,80
2023,07,07,104,t1,17
2023,07,08,104,t1,25
2023,07,09,104,t1,3
2023,07,10,104,t1,17
2023,07,12,104,t1,172
2023,07,13,104,t1,46
2023,07,14,104,t1,294
2023,07,17,104,t1,25
2023,07,18,104,t1,31
2023,07,19,104,t1,31
2023,07,20,104,t1,18
2023,07,21,104,t1,32
2023,07,22,104,t1,13
2023,07,23,104,t1,7
2023,07,24,104,t1,35
2023,07,25,104,t1,30
2023,07,t1,104,t1,1329
2023,07,01,105,10,201
2023,07,03,105,10,42
2023,07,04,105,10,32
2023,07,05,105,10,49
2023,07,06,105,10,24
2023,07,07,105,10,16
2023,07,08,105,10,13
2023,07,09,105,10,3
2023,07,10,105,10,15
2023,07,12,105,10,105
2023,07,13,105,10,32
2023,07,14,105,10,135
2023,07,17,105,10,21
2023,07,18,105,10,16
2023,07,19,105,10,25
2023,07,20,105,10,23
2023,07,21,105,10,15
2023,07,22,105,10,19
2023,07,23,105,10,4
2023,07,24,105,10,20
2023,07,25,105,10,13
2023,07,t1,105,10,823
2023,07,01,105,20,1190
2023,07,03,105,20,74
2023,07,04,105,20,20
2023,07,05,105,20,57
2023,07,06,105,20,50
2023,07,07,105,20,16
2023,07,08,105,20,17
2023,07,09,105,20,2
2023,07,10,105,20,8
2023,07,12,105,20,295
2023,07,13,105,20,57
2023,07,14,105,20,194
2023,07,17,105,20,28
2023,07,18,105,20,27
2023,07,19,105,20,22
2023,07,20,105,20,29
2023,07,21,105,20,19
2023,07,22,105,20,27
2023,07,23,105,20,13
2023,07,24,105,20,19
2023,07,25,105,20,26
2023,07,t1,105,20,2190
2023,07,01,105,30,179
2023,07,03,105,30,20
2023,07,04,105,30,11
2023,07,05,105,30,34
2023,07,06,105,30,33
2023,07,07,105,30,18
2023,07,08,105,30,25
2023,07,09,105,30,1
2023,07,10,105,30,5
2023,07,12,105,30,144
2023,07,13,105,30,20
2023,07,14,105,30,251
2023,07,17,105,30,14
2023,07,18,105,30,19
2023,07,19,105,30,10
2023,07,20,105,30,25
2023,07,21,105,30,17
2023,07,22,105,30,21
2023,07,23,105,30,3
2023,07,24,105,30,25
2023,07,25,105,30,8
2023,07,t1,105,30,883
2023,07,01,105,t1,1570
2023,07,03,105,t1,136
2023,07,04,105,t1,63
2023,07,05,105,t1,140
2023,07,06,105,t1,107
2023,07,07,105,t1,50
2023,07,08,105,t1,55
2023,07,09,105,t1,6
2023,07,10,105,t1,28
2023,07,12,105,t1,544
2023,07,13,105,t1,109
2023,07,14,105,t1,580
2023,07,17,105,t1,63
2023,07,18,105,t1,62
2023,07,19,105,t1,57
2023,07,20,105,t1,77
2023,07,21,105,t1,51
2023,07,22,105,t1,67
2023,07,23,105,t1,20
2023,07,24,105,t1,64
2023,07,25,105,t1,47
2023,07,t1,105,t1,3896
2023,07,01,106,10,28
2023,07,03,106,10,2
2023,07,04,106,10,1
2023,07,05,106,10,6
2023,07,06,106,10,3
2023,07,07,106,10,1
2023,07,08,106,10,2
2023,07,09,106,10,1
2023,07,10,106,10,2
2023,07,12,106,10,12
2023,07,13,106,10,4
2023,07,14,106,10,15
2023,07,17,106,10,2
2023,07,18,106,10,1
2023,07,19,106,10,4
2023,07,20,106,10,3
2023,07,21,106,10,3
2023,07,22,106,10,7
2023,07,24,106,10,3
2023,07,25,106,10,6
2023,07,t1,106,10,106
2023,07,01,106,20,11
2023,07,05,106,20,4
2023,07,06,106,20,3
2023,07,07,106,20,3
2023,07,08,106,20,1
2023,07,12,106,20,138
2023,07,13,106,20,1
2023,07,14,106,20,12
2023,07,18,106,20,2
2023,07,20,106,20,1
2023,07,22,106,20,3
2023,07,24,106,20,6
2023,07,25,106,20,1
2023,07,t1,106,20,186
2023,07,05,106,30,1
2023,07,06,106,30,1
2023,07,12,106,30,3
2023,07,13,106,30,1
2023,07,14,106,30,20
2023,07,19,106,30,1
2023,07,20,106,30,1
2023,07,21,106,30,2
2023,07,22,106,30,1
2023,07,23,106,30,1
2023,07,t1,106,30,32
2023,07,01,106,t1,39
2023,07,03,106,t1,2
2023,07,04,106,t1,1
2023,07,05,106,t1,11
2023,07,06,106,t1,7
2023,07,07,106,t1,4
2023,07,08,106,t1,3
2023,07,09,106,t1,1
2023,07,10,106,t1,2
2023,07,12,106,t1,153
2023,07,13,106,t1,6
2023,07,14,106,t1,47
2023,07,17,106,t1,2
2023,07,18,106,t1,3
2023,07,19,106,t1,5
2023,07,20,106,t1,5
2023,07,21,106,t1,5
2023,07,22,106,t1,11
2023,07,23,106,t1,1
2023,07,24,106,t1,9
2023,07,25,106,t1,7
2023,07,t1,106,t1,324
2023,07,01,107,20,12
2023,07,03,107,20,1
2023,07,06,107,20,5
2023,07,08,107,20,5
2023,07,09,107,20,17
2023,07,12,107,20,10
2023,07,14,107,20,8
2023,07,19,107,20,1
2023,07,23,107,20,5
2023,07,t1,107,20,64
2023,07,01,107,t1,12
2023,07,03,107,t1,1
2023,07,06,107,t1,5
2023,07,08,107,t1,5
2023,07,09,107,t1,17
2023,07,12,107,t1,10
2023,07,14,107,t1,8
2023,07,19,107,t1,1
2023,07,23,107,t1,5
2023,07,t1,107,t1,64
2023,07,21,109,10,1
2023,07,t1,109,10,1
2023,07,21,109,20,1
2023,07,t1,109,20,1
2023,07,21,109,t1,2
2023,07,t1,109,t1,2
2023,07,01,t1,10,1423
2023,07,03,t1,10,215
2023,07,04,t1,10,171
2023,07,05,t1,10,290
2023,07,06,t1,10,243
2023,07,07,t1,10,115
2023,07,08,t1,10,133
2023,07,09,t1,10,18
2023,07,10,t1,10,79
2023,07,12,t1,10,981
2023,07,13,t1,10,266
2023,07,14,t1,10,1204
2023,07,17,t1,10,164
2023,07,18,t1,10,170
2023,07,19,t1,10,172
2023,07,20,t1,10,129
2023,07,21,t1,10,138
2023,07,22,t1,10,101
2023,07,23,t1,10,51
2023,07,24,t1,10,114
2023,07,25,t1,10,97
2023,07,t1,t1,10,6274
2023,07,01,t1,20,4024
2023,07,03,t1,20,190
2023,07,04,t1,20,92
2023,07,05,t1,20,169
2023,07,06,t1,20,251
2023,07,07,t1,20,65
2023,07,08,t1,20,82
2023,07,09,t1,20,36
2023,07,10,t1,20,30
2023,07,12,t1,20,1217
2023,07,13,t1,20,208
2023,07,14,t1,20,784
2023,07,17,t1,20,156
2023,07,18,t1,20,82
2023,07,19,t1,20,86
2023,07,20,t1,20,132
2023,07,21,t1,20,90
2023,07,22,t1,20,99
2023,07,23,t1,20,43
2023,07,24,t1,20,94
2023,07,25,t1,20,108
2023,07,t1,t1,20,8038
2023,07,01,t1,30,840
2023,07,03,t1,30,67
2023,07,04,t1,30,50
2023,07,05,t1,30,117
2023,07,06,t1,30,140
2023,07,07,t1,30,50
2023,07,08,t1,30,98
2023,07,09,t1,30,7
2023,07,10,t1,30,40
2023,07,12,t1,30,896
2023,07,13,t1,30,114
2023,07,14,t1,30,846
2023,07,17,t1,30,89
2023,07,18,t1,30,72
2023,07,19,t1,30,46
2023,07,20,t1,30,72
2023,07,21,t1,30,57
2023,07,22,t1,30,50
2023,07,23,t1,30,11
2023,07,24,t1,30,78
2023,07,25,t1,30,21
2023,07,t1,t1,30,3761
2023,07,01,t1,t1,6287
2023,07,03,t1,t1,472
2023,07,04,t1,t1,313
2023,07,05,t1,t1,576
2023,07,06,t1,t1,634
2023,07,07,t1,t1,230
2023,07,08,t1,t1,313
2023,07,09,t1,t1,61
2023,07,10,t1,t1,149
2023,07,12,t1,t1,3094
2023,07,13,t1,t1,588
2023,07,14,t1,t1,2834
2023,07,17,t1,t1,409
2023,07,18,t1,t1,324
2023,07,19,t1,t1,304
2023,07,20,t1,t1,333
2023,07,21,t1,t1,285
2023,07,22,t1,t1,250
2023,07,23,t1,t1,105
2023,07,24,t1,t1,286
2023,07,25,t1,t1,226
2023,07,t1,t1,t1,18073
2023,08,01,101,10,638
2023,08,03,101,10,87
2023,08,04,101,10,90
2023,08,05,101,10,140
2023,08,06,101,10,122
2023,08,07,101,10,56
2023,08,08,101,10,71
2023,08,09,101,10,19
2023,08,10,101,10,27
2023,08,12,101,10,449
2023,08,13,101,10,96
2023,08,14,101,10,530
2023,08,17,101,10,69
2023,08,18,101,10,86
2023,08,19,101,10,69
2023,08,20,101,10,43
2023,08,21,101,10,46
2023,08,22,101,10,41
2023,08,23,101,10,12
2023,08,24,101,10,27
2023,08,25,101,10,23
2023,08,t1,101,10,2741
2023,08,01,101,20,360
2023,08,03,101,20,70
2023,08,04,101,20,55
2023,08,05,101,20,42
2023,08,06,101,20,121
2023,08,07,101,20,22
2023,08,08,101,20,12
2023,08,09,101,20,11
2023,08,10,101,20,15
2023,08,12,101,20,235
2023,08,13,101,20,35
2023,08,14,101,20,111
2023,08,17,101,20,38
2023,08,18,101,20,50
2023,08,19,101,20,13
2023,08,20,101,20,36
2023,08,21,101,20,18
2023,08,22,101,20,14
2023,08,23,101,20,6
2023,08,24,101,20,15
2023,08,25,101,20,9
2023,08,t1,101,20,1288
2023,08,01,101,30,167
2023,08,03,101,30,35
2023,08,04,101,30,20
2023,08,05,101,30,59
2023,08,06,101,30,39
2023,08,07,101,30,35
2023,08,08,101,30,50
2023,08,09,101,30,4
2023,08,10,101,30,6
2023,08,12,101,30,501
2023,08,13,101,30,43
2023,08,14,101,30,299
2023,08,17,101,30,30
2023,08,18,101,30,17
2023,08,19,101,30,19
2023,08,20,101,30,27
2023,08,21,101,30,43
2023,08,22,101,30,12
2023,08,23,101,30,6
2023,08,24,101,30,33
2023,08,25,101,30,6
2023,08,t1,101,30,1451
2023,08,01,101,t1,1165
2023,08,03,101,t1,192
2023,08,04,101,t1,165
2023,08,05,101,t1,241
2023,08,06,101,t1,282
2023,08,07,101,t1,113
2023,08,08,101,t1,133
2023,08,09,101,t1,34
2023,08,10,101,t1,48
2023,08,12,101,t1,1185
2023,08,13,101,t1,174
2023,08,14,101,t1,940
2023,08,17,101,t1,137
2023,08,18,101,t1,153
2023,08,19,101,t1,101
2023,08,20,101,t1,106
2023,08,21,101,t1,107
2023,08,22,101,t1,67
2023,08,23,101,t1,24
2023,08,24,101,t1,75
2023,08,25,101,t1,38
2023,08,t1,101,t1,5480
2023,08,01,102,10,86
2023,08,03,102,10,22
2023,08,04,102,10,10
2023,08,05,102,10,29
2023,08,06,102,10,18
2023,08,07,102,10,5
2023,08,08,102,10,12
2023,08,09,102,10,3
2023,08,10,102,10,5
2023,08,12,102,10,81
2023,08,13,102,10,23
2023,08,14,102,10,95
2023,08,17,102,10,20
2023,08,18,102,10,12
2023,08,19,102,10,17
2023,08,20,102,10,16
2023,08,21,102,10,13
2023,08,22,102,10,16
2023,08,23,102,10,10
2023,08,24,102,10,19
2023,08,25,102,10,13
2023,08,t1,102,10,525
2023,08,01,102,20,368
2023,08,03,102,20,35
2023,08,04,102,20,13
2023,08,05,102,20,27
2023,08,06,102,20,35
2023,08,07,102,20,12
2023,08,08,102,20,18
2023,08,09,102,20,3
2023,08,10,102,20,14
2023,08,12,102,20,164
2023,08,13,102,20,16
2023,08,14,102,20,131
2023,08,17,102,20,57
2023,08,18,102,20,10
2023,08,19,102,20,55
2023,08,20,102,20,32
2023,08,21,102,20,22
2023,08,22,102,20,44
2023,08,23,102,20,13
2023,08,24,102,20,34
2023,08,25,102,20,19
2023,08,t1,102,20,1122
2023,08,01,102,30,37
2023,08,03,102,30,7
2023,08,04,102,30,8
2023,08,05,102,30,5
2023,08,06,102,30,6
2023,08,07,102,30,6
2023,08,08,102,30,3
2023,08,10,102,30,9
2023,08,12,102,30,40
2023,08,13,102,30,4
2023,08,14,102,30,60
2023,08,17,102,30,98
2023,08,18,102,30,6
2023,08,19,102,30,3
2023,08,20,102,30,6
2023,08,21,102,30,18
2023,08,22,102,30,8
2023,08,23,102,30,14
2023,08,24,102,30,14
2023,08,25,102,30,25
2023,08,t1,102,30,377
2023,08,01,102,t1,491
2023,08,03,102,t1,64
2023,08,04,102,t1,31
2023,08,05,102,t1,61
2023,08,06,102,t1,59
2023,08,07,102,t1,23
2023,08,08,102,t1,33
2023,08,09,102,t1,6
2023,08,10,102,t1,28
2023,08,12,102,t1,285
2023,08,13,102,t1,43
2023,08,14,102,t1,286
2023,08,17,102,t1,175
2023,08,18,102,t1,28
2023,08,19,102,t1,75
2023,08,20,102,t1,54
2023,08,21,102,t1,53
2023,08,22,102,t1,68
2023,08,23,102,t1,37
2023,08,24,102,t1,67
2023,08,25,102,t1,57
2023,08,t1,102,t1,2024
2023,08,01,103,10,688
2023,08,03,103,10,101
2023,08,04,103,10,70
2023,08,05,103,10,118
2023,08,06,103,10,78
2023,08,07,103,10,57
2023,08,08,103,10,46
2023,08,09,103,10,8
2023,08,10,103,10,27
2023,08,12,103,10,399
2023,08,13,103,10,100
2023,08,14,103,10,540
2023,08,17,103,10,67
2023,08,18,103,10,95
2023,08,19,103,10,76
2023,08,20,103,10,51
2023,08,21,103,10,62
2023,08,22,103,10,63
2023,08,23,103,10,33
2023,08,24,103,10,48
2023,08,25,103,10,33
2023,08,t1,103,10,2760
2023,08,01,103,20,3176
2023,08,03,103,20,140
2023,08,04,103,20,77
2023,08,05,103,20,95
2023,08,06,103,20,122
2023,08,07,103,20,67
2023,08,08,103,20,43
2023,08,09,103,20,14
2023,08,10,103,20,18
2023,08,12,103,20,806
2023,08,13,103,20,123
2023,08,14,103,20,713
2023,08,17,103,20,85
2023,08,18,103,20,53
2023,08,19,103,20,40
2023,08,20,103,20,52
2023,08,21,103,20,47
2023,08,22,103,20,66
2023,08,23,103,20,45
2023,08,24,103,20,62
2023,08,25,103,20,49
2023,08,t1,103,20,5893
2023,08,01,103,30,443
2023,08,03,103,30,21
2023,08,04,103,30,19
2023,08,05,103,30,25
2023,08,06,103,30,57
2023,08,07,103,30,25
2023,08,08,103,30,25
2023,08,09,103,30,2
2023,08,10,103,30,22
2023,08,12,103,30,121
2023,08,13,103,30,21
2023,08,14,103,30,245
2023,08,17,103,30,16
2023,08,18,103,30,14
2023,08,19,103,30,12
2023,08,20,103,30,30
2023,08,21,103,30,38
2023,08,22,103,30,7
2023,08,23,103,30,1
2023,08,24,103,30,33
2023,08,25,103,30,2
2023,08,t1,103,30,1179
2023,08,01,103,t1,4307
2023,08,03,103,t1,262
2023,08,04,103,t1,166
2023,08,05,103,t1,238
2023,08,06,103,t1,257
2023,08,07,103,t1,149
2023,08,08,103,t1,114
2023,08,09,103,t1,24
2023,08,10,103,t1,67
2023,08,12,103,t1,1326
2023,08,13,103,t1,244
2023,08,14,103,t1,1498
2023,08,17,103,t1,168
2023,08,18,103,t1,162
2023,08,19,103,t1,128
2023,08,20,103,t1,133
2023,08,21,103,t1,147
2023,08,22,103,t1,136
2023,08,23,103,t1,79
2023,08,24,103,t1,143
2023,08,25,103,t1,84
2023,08,t1,103,t1,9832
2023,08,01,104,10,225
2023,08,03,104,10,46
2023,08,04,104,10,29
2023,08,05,104,10,39
2023,08,06,104,10,53
2023,08,07,104,10,17
2023,08,08,104,10,11
2023,08,09,104,10,4
2023,08,10,104,10,14
2023,08,12,104,10,120
2023,08,13,104,10,36
2023,08,14,104,10,151
2023,08,17,104,10,10
2023,08,18,104,10,27
2023,08,19,104,10,11
2023,08,20,104,10,23
2023,08,21,104,10,31
2023,08,22,104,10,16
2023,08,23,104,10,6
2023,08,24,104,10,17
2023,08,25,104,10,7
2023,08,t1,104,10,893
2023,08,01,104,20,219
2023,08,03,104,20,20
2023,08,04,104,20,7
2023,08,05,104,20,13
2023,08,06,104,20,50
2023,08,07,104,20,5
2023,08,08,104,20,4
2023,08,09,104,20,1
2023,08,10,104,20,4
2023,08,12,104,20,67
2023,08,13,104,20,6
2023,08,14,104,20,87
2023,08,17,104,20,42
2023,08,18,104,20,12
2023,08,19,104,20,4
2023,08,20,104,20,17
2023,08,21,104,20,3
2023,08,22,104,20,10
2023,08,23,104,20,3
2023,08,24,104,20,5
2023,08,25,104,20,27
2023,08,t1,104,20,606
2023,08,01,104,30,72
2023,08,03,104,30,25
2023,08,04,104,30,12
2023,08,05,104,30,91
2023,08,06,104,30,39
2023,08,07,104,30,15
2023,08,08,104,30,7
2023,08,09,104,30,1
2023,08,10,104,30,7
2023,08,12,104,30,62
2023,08,13,104,30,22
2023,08,14,104,30,165
2023,08,17,104,30,26
2023,08,18,104,30,28
2023,08,19,104,30,5
2023,08,20,104,30,19
2023,08,21,104,30,27
2023,08,22,104,30,8
2023,08,23,104,30,6
2023,08,24,104,30,49
2023,08,25,104,30,8
2023,08,t1,104,30,694
2023,08,01,104,t1,516
2023,08,03,104,t1,91
2023,08,04,104,t1,48
2023,08,05,104,t1,143
2023,08,06,104,t1,142
2023,08,07,104,t1,37
2023,08,08,104,t1,22
2023,08,09,104,t1,6
2023,08,10,104,t1,25
2023,08,12,104,t1,249
2023,08,13,104,t1,64
2023,08,14,104,t1,403
2023,08,17,104,t1,78
2023,08,18,104,t1,67
2023,08,19,104,t1,20
2023,08,20,104,t1,59
2023,08,21,104,t1,61
2023,08,22,104,t1,34
2023,08,23,104,t1,15
2023,08,24,104,t1,71
2023,08,25,104,t1,42
2023,08,t1,104,t1,2193
2023,08,01,105,10,295
2023,08,03,105,10,49
2023,08,04,105,10,39
2023,08,05,105,10,55
2023,08,06,105,10,41
2023,08,07,105,10,36
2023,08,08,105,10,20
2023,08,09,105,10,4
2023,08,10,105,10,23
2023,08,12,105,10,127
2023,08,13,105,10,18
2023,08,14,105,10,168
2023,08,17,105,10,33
2023,08,18,105,10,36
2023,08,19,105,10,30
2023,08,20,105,10,31
2023,08,21,105,10,28
2023,08,22,105,10,48
2023,08,23,105,10,8
2023,08,24,105,10,33
2023,08,25,105,10,18
2023,08,t1,105,10,1140
2023,08,01,105,20,1419
2023,08,03,105,20,92
2023,08,04,105,20,23
2023,08,05,105,20,47
2023,08,06,105,20,47
2023,08,07,105,20,36
2023,08,08,105,20,9
2023,08,10,105,20,7
2023,08,12,105,20,401
2023,08,13,105,20,32
2023,08,14,105,20,245
2023,08,17,105,20,42
2023,08,18,105,20,34
2023,08,19,105,20,28
2023,08,20,105,20,28
2023,08,21,105,20,26
2023,08,22,105,20,20
2023,08,23,105,20,7
2023,08,24,105,20,28
2023,08,25,105,20,33
2023,08,t1,105,20,2604
2023,08,01,105,30,168
2023,08,03,105,30,20
2023,08,04,105,30,13
2023,08,05,105,30,33
2023,08,06,105,30,27
2023,08,07,105,30,14
2023,08,08,105,30,13
2023,08,09,105,30,3
2023,08,10,105,30,5
2023,08,12,105,30,125
2023,08,13,105,30,21
2023,08,14,105,30,249
2023,08,17,105,30,12
2023,08,18,105,30,13
2023,08,19,105,30,6
2023,08,20,105,30,21
2023,08,21,105,30,18
2023,08,22,105,30,32
2023,08,23,105,30,6
2023,08,24,105,30,11
2023,08,25,105,30,21
2023,08,t1,105,30,831
2023,08,01,105,t1,1882
2023,08,03,105,t1,161
2023,08,04,105,t1,75
2023,08,05,105,t1,135
2023,08,06,105,t1,115
2023,08,07,105,t1,86
2023,08,08,105,t1,42
2023,08,09,105,t1,7
2023,08,10,105,t1,35
2023,08,12,105,t1,653
2023,08,13,105,t1,71
2023,08,14,105,t1,662
2023,08,17,105,t1,87
2023,08,18,105,t1,83
2023,08,19,105,t1,64
2023,08,20,105,t1,80
2023,08,21,105,t1,72
2023,08,22,105,t1,100
2023,08,23,105,t1,21
2023,08,24,105,t1,72
2023,08,25,105,t1,72
2023,08,t1,105,t1,4575
2023,08,01,106,10,13
2023,08,03,106,10,6
2023,08,04,106,10,3
2023,08,05,106,10,8
2023,08,06,106,10,3
2023,08,07,106,10,6
2023,08,08,106,10,2
2023,08,10,106,10,1
2023,08,12,106,10,6
2023,08,13,106,10,1
2023,08,14,106,10,37
2023,08,17,106,10,4
2023,08,18,106,10,2
2023,08,19,106,10,2
2023,08,20,106,10,4
2023,08,21,106,10,1
2023,08,22,106,10,2
2023,08,25,106,10,5
2023,08,t1,106,10,106
2023,08,01,106,20,28
2023,08,03,106,20,7
2023,08,04,106,20,1
2023,08,05,106,20,2
2023,08,06,106,20,1
2023,08,07,106,20,2
2023,08,10,106,20,6
2023,08,12,106,20,4
2023,08,14,106,20,7
2023,08,17,106,20,1
2023,08,18,106,20,2
2023,08,20,106,20,3
2023,08,21,106,20,3
2023,08,22,106,20,3
2023,08,24,106,20,1
2023,08,25,106,20,1
2023,08,t1,106,20,72
2023,08,01,106,30,5
2023,08,05,106,30,1
2023,08,06,106,30,4
2023,08,07,106,30,1
2023,08,08,106,30,3
2023,08,12,106,30,9
2023,08,14,106,30,10
2023,08,17,106,30,1
2023,08,18,106,30,3
2023,08,19,106,30,1
2023,08,21,106,30,2
2023,08,23,106,30,2
2023,08,24,106,30,5
2023,08,25,106,30,1
2023,08,t1,106,30,48
2023,08,01,106,t1,46
2023,08,03,106,t1,13
2023,08,04,106,t1,4
2023,08,05,106,t1,11
2023,08,06,106,t1,8
2023,08,07,106,t1,9
2023,08,08,106,t1,5
2023,08,10,106,t1,7
2023,08,12,106,t1,19
2023,08,13,106,t1,1
2023,08,14,106,t1,54
2023,08,17,106,t1,6
2023,08,18,106,t1,7
2023,08,19,106,t1,3
2023,08,20,106,t1,7
2023,08,21,106,t1,6
2023,08,22,106,t1,5
2023,08,23,106,t1,2
2023,08,24,106,t1,6
2023,08,25,106,t1,7
2023,08,t1,106,t1,226
2023,08,01,107,10,1
2023,08,06,107,10,1
2023,08,17,107,10,1
2023,08,t1,107,10,3
2023,08,01,107,20,21
2023,08,03,107,20,2
2023,08,05,107,20,1
2023,08,06,107,20,35
2023,08,07,107,20,35
2023,08,08,107,20,6
2023,08,09,107,20,7
2023,08,10,107,20,9
2023,08,12,107,20,18
2023,08,13,107,20,1
2023,08,14,107,20,10
2023,08,17,107,20,24
2023,08,18,107,20,25
2023,08,19,107,20,8
2023,08,22,107,20,2
2023,08,25,107,20,1
2023,08,t1,107,20,205
2023,08,06,107,30,17
2023,08,07,107,30,1
2023,08,08,107,30,8
2023,08,12,107,30,1
2023,08,17,107,30,11
2023,08,21,107,30,1
2023,08,t1,107,30,39
2023,08,01,107,t1,22
2023,08,03,107,t1,2
2023,08,05,107,t1,1
2023,08,06,107,t1,53
2023,08,07,107,t1,36
2023,08,08,107,t1,14
2023,08,09,107,t1,7
2023,08,10,107,t1,9
2023,08,12,107,t1,19
2023,08,13,107,t1,1
2023,08,14,107,t1,10
2023,08,17,107,t1,36
2023,08,18,107,t1,25
2023,08,19,107,t1,8
2023,08,21,107,t1,1
2023,08,22,107,t1,2
2023,08,25,107,t1,1
2023,08,t1,107,t1,247
2023,08,01,109,10,1
2023,08,t1,109,10,1
2023,08,01,109,t1,1
2023,08,t1,109,t1,1
2023,08,01,t1,10,1947
2023,08,03,t1,10,311
2023,08,04,t1,10,241
2023,08,05,t1,10,389
2023,08,06,t1,10,316
2023,08,07,t1,10,177
2023,08,08,t1,10,162
2023,08,09,t1,10,38
2023,08,10,t1,10,97
2023,08,12,t1,10,1182
2023,08,13,t1,10,274
2023,08,14,t1,10,1521
2023,08,17,t1,10,204
2023,08,18,t1,10,258
2023,08,19,t1,10,205
2023,08,20,t1,10,168
2023,08,21,t1,10,181
2023,08,22,t1,10,186
2023,08,23,t1,10,69
2023,08,24,t1,10,144
2023,08,25,t1,10,99
2023,08,t1,t1,10,8169
2023,08,01,t1,20,5591
2023,08,03,t1,20,366
2023,08,04,t1,20,176
2023,08,05,t1,20,227
2023,08,06,t1,20,411
2023,08,07,t1,20,179
2023,08,08,t1,20,92
2023,08,09,t1,20,36
2023,08,10,t1,20,73
2023,08,12,t1,20,1695
2023,08,13,t1,20,213
2023,08,14,t1,20,1304
2023,08,17,t1,20,289
2023,08,18,t1,20,186
2023,08,19,t1,20,148
2023,08,20,t1,20,168
2023,08,21,t1,20,119
2023,08,22,t1,20,159
2023,08,23,t1,20,74
2023,08,24,t1,20,145
2023,08,25,t1,20,139
2023,08,t1,t1,20,11790
2023,08,01,t1,30,892
2023,08,03,t1,30,108
2023,08,04,t1,30,72
2023,08,05,t1,30,214
2023,08,06,t1,30,189
2023,08,07,t1,30,97
2023,08,08,t1,30,109
2023,08,09,t1,30,10
2023,08,10,t1,30,49
2023,08,12,t1,30,859
2023,08,13,t1,30,111
2023,08,14,t1,30,1028
2023,08,17,t1,30,194
2023,08,18,t1,30,81
2023,08,19,t1,30,46
2023,08,20,t1,30,103
2023,08,21,t1,30,147
2023,08,22,t1,30,67
2023,08,23,t1,30,35
2023,08,24,t1,30,145
2023,08,25,t1,30,63
2023,08,t1,t1,30,4619
2023,08,01,t1,t1,8430
2023,08,03,t1,t1,785
2023,08,04,t1,t1,489
2023,08,05,t1,t1,830
2023,08,06,t1,t1,916
2023,08,07,t1,t1,453
2023,08,08,t1,t1,363
2023,08,09,t1,t1,84
2023,08,10,t1,t1,219
2023,08,12,t1,t1,3736
2023,08,13,t1,t1,598
2023,08,14,t1,t1,3853
2023,08,17,t1,t1,687
2023,08,18,t1,t1,525
2023,08,19,t1,t1,399
2023,08,20,t1,t1,439
2023,08,21,t1,t1,447
2023,08,22,t1,t1,412
2023,08,23,t1,t1,178
2023,08,24,t1,t1,434
2023,08,25,t1,t1,301
2023,08,t1,t1,t1,24578
2023,09,01,101,10,641
2023,09,03,101,10,82
2023,09,04,101,10,73
2023,09,05,101,10,140
2023,09,06,101,10,109
2023,09,07,101,10,60
2023,09,08,101,10,86
2023,09,09,101,10,4
2023,09,10,101,10,46
2023,09,12,101,10,430
2023,09,13,101,10,108
2023,09,14,101,10,553
2023,09,17,101,10,57
2023,09,18,101,10,78
2023,09,19,101,10,81
2023,09,20,101,10,51
2023,09,21,101,10,72
2023,09,22,101,10,27
2023,09,23,101,10,13
2023,09,24,101,10,46
2023,09,25,101,10,31
2023,09,t1,101,10,2788
2023,09,01,101,20,527
2023,09,03,101,20,58
2023,09,04,101,20,41
2023,09,05,101,20,69
2023,09,06,101,20,75
2023,09,07,101,20,3
2023,09,08,101,20,15
2023,09,09,101,20,3
2023,09,10,101,20,43
2023,09,12,101,20,297
2023,09,13,101,20,24
2023,09,14,101,20,158
2023,09,17,101,20,44
2023,09,18,101,20,31
2023,09,19,101,20,24
2023,09,20,101,20,43
2023,09,21,101,20,20
2023,09,22,101,20,13
2023,09,23,101,20,7
2023,09,24,101,20,12
2023,09,25,101,20,6
2023,09,t1,101,20,1513
2023,09,01,101,30,244
2023,09,03,101,30,30
2023,09,04,101,30,24
2023,09,05,101,30,44
2023,09,06,101,30,34
2023,09,07,101,30,36
2023,09,08,101,30,64
2023,09,09,101,30,3
2023,09,10,101,30,28
2023,09,12,101,30,522
2023,09,13,101,30,26
2023,09,14,101,30,302
2023,09,17,101,30,33
2023,09,18,101,30,19
2023,09,19,101,30,10
2023,09,20,101,30,30
2023,09,21,101,30,27
2023,09,22,101,30,11
2023,09,23,101,30,6
2023,09,24,101,30,20
2023,09,25,101,30,6
2023,09,t1,101,30,1519
2023,09,01,101,t1,1412
2023,09,03,101,t1,170
2023,09,04,101,t1,138
2023,09,05,101,t1,253
2023,09,06,101,t1,218
2023,09,07,101,t1,99
2023,09,08,101,t1,165
2023,09,09,101,t1,10
2023,09,10,101,t1,117
2023,09,12,101,t1,1249
2023,09,13,101,t1,158
2023,09,14,101,t1,1013
2023,09,17,101,t1,134
2023,09,18,101,t1,128
2023,09,19,101,t1,115
2023,09,20,101,t1,124
2023,09,21,101,t1,119
2023,09,22,101,t1,51
2023,09,23,101,t1,26
2023,09,24,101,t1,78
2023,09,25,101,t1,43
2023,09,t1,101,t1,5820
2023,09,01,102,10,99
2023,09,03,102,10,10
2023,09,04,102,10,13
2023,09,05,102,10,25
2023,09,06,102,10,31
2023,09,07,102,10,16
2023,09,08,102,10,15
2023,09,09,102,10,1
2023,09,10,102,10,9
2023,09,12,102,10,79
2023,09,13,102,10,16
2023,09,14,102,10,81
2023,09,17,102,10,22
2023,09,18,102,10,15
2023,09,19,102,10,15
2023,09,20,102,10,15
2023,09,21,102,10,9
2023,09,22,102,10,15
2023,09,23,102,10,5
2023,09,24,102,10,11
2023,09,25,102,10,12
2023,09,t1,102,10,514
2023,09,01,102,20,484
2023,09,03,102,20,29
2023,09,04,102,20,31
2023,09,05,102,20,51
2023,09,06,102,20,63
2023,09,07,102,20,29
2023,09,08,102,20,27
2023,09,09,102,20,10
2023,09,10,102,20,15
2023,09,12,102,20,179
2023,09,13,102,20,18
2023,09,14,102,20,124
2023,09,17,102,20,72
2023,09,18,102,20,26
2023,09,19,102,20,17
2023,09,20,102,20,39
2023,09,21,102,20,24
2023,09,22,102,20,84
2023,09,23,102,20,6
2023,09,24,102,20,42
2023,09,25,102,20,28
2023,09,t1,102,20,1398
2023,09,01,102,30,56
2023,09,03,102,30,4
2023,09,04,102,30,5
2023,09,05,102,30,10
2023,09,06,102,30,25
2023,09,07,102,30,4
2023,09,08,102,30,16
2023,09,09,102,30,1
2023,09,10,102,30,6
2023,09,12,102,30,140
2023,09,13,102,30,3
2023,09,14,102,30,31
2023,09,17,102,30,91
2023,09,18,102,30,3
2023,09,19,102,30,8
2023,09,20,102,30,15
2023,09,21,102,30,14
2023,09,22,102,30,8
2023,09,24,102,30,37
2023,09,25,102,30,4
2023,09,t1,102,30,481
2023,09,01,102,t1,639
2023,09,03,102,t1,43
2023,09,04,102,t1,49
2023,09,05,102,t1,86
2023,09,06,102,t1,119
2023,09,07,102,t1,49
2023,09,08,102,t1,58
2023,09,09,102,t1,12
2023,09,10,102,t1,30
2023,09,12,102,t1,398
2023,09,13,102,t1,37
2023,09,14,102,t1,236
2023,09,17,102,t1,185
2023,09,18,102,t1,44
2023,09,19,102,t1,40
2023,09,20,102,t1,69
2023,09,21,102,t1,47
2023,09,22,102,t1,107
2023,09,23,102,t1,11
2023,09,24,102,t1,90
2023,09,25,102,t1,44
2023,09,t1,102,t1,2393
2023,09,01,103,10,885
2023,09,03,103,10,137
2023,09,04,103,10,79
2023,09,05,103,10,153
2023,09,06,103,10,142
2023,09,07,103,10,60
2023,09,08,103,10,63
2023,09,09,103,10,9
2023,09,10,103,10,46
2023,09,12,103,10,550
2023,09,13,103,10,149
2023,09,14,103,10,724
2023,09,17,103,10,61
2023,09,18,103,10,140
2023,09,19,103,10,100
2023,09,20,103,10,62
2023,09,21,103,10,82
2023,09,22,103,10,74
2023,09,23,103,10,28
2023,09,24,103,10,74
2023,09,25,103,10,61
2023,09,t1,103,10,3679
2023,09,01,103,20,3747
2023,09,03,103,20,157
2023,09,04,103,20,67
2023,09,05,103,20,153
2023,09,06,103,20,158
2023,09,07,103,20,42
2023,09,08,103,20,38
2023,09,09,103,20,3
2023,09,10,103,20,17
2023,09,12,103,20,737
2023,09,13,103,20,114
2023,09,14,103,20,822
2023,09,17,103,20,115
2023,09,18,103,20,104
2023,09,19,103,20,66
2023,09,20,103,20,70
2023,09,21,103,20,68
2023,09,22,103,20,59
2023,09,23,103,20,33
2023,09,24,103,20,63
2023,09,25,103,20,82
2023,09,t1,103,20,6715
2023,09,01,103,30,586
2023,09,03,103,30,37
2023,09,04,103,30,19
2023,09,05,103,30,41
2023,09,06,103,30,65
2023,09,07,103,30,10
2023,09,08,103,30,66
2023,09,09,103,30,6
2023,09,10,103,30,14
2023,09,12,103,30,201
2023,09,13,103,30,33
2023,09,14,103,30,822
2023,09,17,103,30,32
2023,09,18,103,30,19
2023,09,19,103,30,29
2023,09,20,103,30,39
2023,09,21,103,30,39
2023,09,22,103,30,26
2023,09,23,103,30,38
2023,09,24,103,30,24
2023,09,25,103,30,12
2023,09,t1,103,30,2158
2023,09,01,103,t1,5218
2023,09,03,103,t1,331
2023,09,04,103,t1,165
2023,09,05,103,t1,347
2023,09,06,103,t1,365
2023,09,07,103,t1,112
2023,09,08,103,t1,167
2023,09,09,103,t1,18
2023,09,10,103,t1,77
2023,09,12,103,t1,1488
2023,09,13,103,t1,296
2023,09,14,103,t1,2368
2023,09,17,103,t1,208
2023,09,18,103,t1,263
2023,09,19,103,t1,195
2023,09,20,103,t1,171
2023,09,21,103,t1,189
2023,09,22,103,t1,159
2023,09,23,103,t1,99
2023,09,24,103,t1,161
2023,09,25,103,t1,155
2023,09,t1,103,t1,12552
2023,09,01,104,10,219
2023,09,03,104,10,37
2023,09,04,104,10,22
2023,09,05,104,10,59
2023,09,06,104,10,46
2023,09,07,104,10,18
2023,09,08,104,10,13
2023,09,09,104,10,3
2023,09,10,104,10,14
2023,09,12,104,10,120
2023,09,13,104,10,22
2023,09,14,104,10,148
2023,09,17,104,10,17
2023,09,18,104,10,26
2023,09,19,104,10,23
2023,09,20,104,10,15
2023,09,21,104,10,28
2023,09,22,104,10,17
2023,09,23,104,10,8
2023,09,24,104,10,21
2023,09,25,104,10,15
2023,09,t1,104,10,891
2023,09,01,104,20,270
2023,09,03,104,20,16
2023,09,04,104,20,11
2023,09,05,104,20,12
2023,09,06,104,20,25
2023,09,07,104,20,9
2023,09,08,104,20,12
2023,09,10,104,20,4
2023,09,12,104,20,85
2023,09,13,104,20,10
2023,09,14,104,20,91
2023,09,17,104,20,30
2023,09,18,104,20,11
2023,09,19,104,20,2
2023,09,20,104,20,13
2023,09,21,104,20,9
2023,09,22,104,20,3
2023,09,23,104,20,12
2023,09,24,104,20,32
2023,09,25,104,20,48
2023,09,t1,104,20,705
2023,09,01,104,30,92
2023,09,03,104,30,23
2023,09,04,104,30,13
2023,09,05,104,30,78
2023,09,06,104,30,33
2023,09,07,104,30,18
2023,09,08,104,30,8
2023,09,09,104,30,1
2023,09,10,104,30,5
2023,09,12,104,30,75
2023,09,13,104,30,18
2023,09,14,104,30,180
2023,09,17,104,30,4
2023,09,18,104,30,14
2023,09,19,104,30,8
2023,09,20,104,30,7
2023,09,21,104,30,14
2023,09,22,104,30,6
2023,09,23,104,30,8
2023,09,24,104,30,43
2023,09,25,104,30,7
2023,09,t1,104,30,655
2023,09,01,104,t1,581
2023,09,03,104,t1,76
2023,09,04,104,t1,46
2023,09,05,104,t1,149
2023,09,06,104,t1,104
2023,09,07,104,t1,45
2023,09,08,104,t1,33
2023,09,09,104,t1,4
2023,09,10,104,t1,23
2023,09,12,104,t1,280
2023,09,13,104,t1,50
2023,09,14,104,t1,419
2023,09,17,104,t1,51
2023,09,18,104,t1,51
2023,09,19,104,t1,33
2023,09,20,104,t1,35
2023,09,21,104,t1,51
2023,09,22,104,t1,26
2023,09,23,104,t1,28
2023,09,24,104,t1,96
2023,09,25,104,t1,70
2023,09,t1,104,t1,2251
2023,09,01,105,10,319
2023,09,03,105,10,46
2023,09,04,105,10,52
2023,09,05,105,10,72
2023,09,06,105,10,32
2023,09,07,105,10,25
2023,09,08,105,10,19
2023,09,09,105,10,8
2023,09,10,105,10,21
2023,09,12,105,10,120
2023,09,13,105,10,40
2023,09,14,105,10,201
2023,09,17,105,10,35
2023,09,18,105,10,39
2023,09,19,105,10,44
2023,09,20,105,10,45
2023,09,21,105,10,32
2023,09,22,105,10,34
2023,09,23,105,10,5
2023,09,24,105,10,25
2023,09,25,105,10,23
2023,09,t1,105,10,1237
2023,09,01,105,20,1696
2023,09,03,105,20,146
2023,09,04,105,20,27
2023,09,05,105,20,69
2023,09,06,105,20,71
2023,09,07,105,20,25
2023,09,08,105,20,20
2023,09,10,105,20,13
2023,09,12,105,20,328
2023,09,13,105,20,43
2023,09,14,105,20,271
2023,09,17,105,20,80
2023,09,18,105,20,46
2023,09,19,105,20,39
2023,09,20,105,20,38
2023,09,21,105,20,30
2023,09,22,105,20,26
2023,09,23,105,20,17
2023,09,24,105,20,35
2023,09,25,105,20,34
2023,09,t1,105,20,3054
2023,09,01,105,30,255
2023,09,03,105,30,15
2023,09,04,105,30,24
2023,09,05,105,30,24
2023,09,06,105,30,52
2023,09,07,105,30,13
2023,09,08,105,30,19
2023,09,09,105,30,4
2023,09,10,105,30,12
2023,09,12,105,30,181
2023,09,13,105,30,15
2023,09,14,105,30,216
2023,09,17,105,30,36
2023,09,18,105,30,20
2023,09,19,105,30,22
2023,09,20,105,30,36
2023,09,21,105,30,20
2023,09,22,105,30,17
2023,09,23,105,30,6
2023,09,24,105,30,23
2023,09,25,105,30,50
2023,09,t1,105,30,1060
2023,09,01,105,t1,2270
2023,09,03,105,t1,207
2023,09,04,105,t1,103
2023,09,05,105,t1,165
2023,09,06,105,t1,155
2023,09,07,105,t1,63
2023,09,08,105,t1,58
2023,09,09,105,t1,12
2023,09,10,105,t1,46
2023,09,12,105,t1,629
2023,09,13,105,t1,98
2023,09,14,105,t1,688
2023,09,17,105,t1,151
2023,09,18,105,t1,105
2023,09,19,105,t1,105
2023,09,20,105,t1,119
2023,09,21,105,t1,82
2023,09,22,105,t1,77
2023,09,23,105,t1,28
2023,09,24,105,t1,83
2023,09,25,105,t1,107
2023,09,t1,105,t1,5351
2023,09,01,106,10,30
2023,09,03,106,10,4
2023,09,04,106,10,6
2023,09,05,106,10,16
2023,09,06,106,10,9
2023,09,08,106,10,2
2023,09,12,106,10,13
2023,09,13,106,10,2
2023,09,14,106,10,28
2023,09,17,106,10,3
2023,09,18,106,10,9
2023,09,19,106,10,5
2023,09,20,106,10,7
2023,09,21,106,10,6
2023,09,22,106,10,9
2023,09,23,106,10,1
2023,09,24,106,10,4
2023,09,25,106,10,2
2023,09,t1,106,10,156
2023,09,01,106,20,14
2023,09,03,106,20,1
2023,09,05,106,20,2
2023,09,06,106,20,6
2023,09,10,106,20,2
2023,09,12,106,20,1
2023,09,13,106,20,4
2023,09,14,106,20,6
2023,09,17,106,20,3
2023,09,18,106,20,1
2023,09,19,106,20,2
2023,09,20,106,20,3
2023,09,22,106,20,2
2023,09,23,106,20,2
2023,09,24,106,20,5
2023,09,25,106,20,2
2023,09,t1,106,20,56
2023,09,01,106,30,11
2023,09,03,106,30,2
2023,09,04,106,30,5
2023,09,05,106,30,3
2023,09,06,106,30,8
2023,09,07,106,30,1
2023,09,08,106,30,3
2023,09,10,106,30,2
2023,09,12,106,30,5
2023,09,13,106,30,2
2023,09,14,106,30,38
2023,09,17,106,30,3
2023,09,18,106,30,3
2023,09,19,106,30,2
2023,09,20,106,30,1
2023,09,21,106,30,4
2023,09,22,106,30,6
2023,09,23,106,30,3
2023,09,24,106,30,4
2023,09,t1,106,30,106
2023,09,01,106,t1,55
2023,09,03,106,t1,7
2023,09,04,106,t1,11
2023,09,05,106,t1,21
2023,09,06,106,t1,23
2023,09,07,106,t1,1
2023,09,08,106,t1,5
2023,09,10,106,t1,4
2023,09,12,106,t1,19
2023,09,13,106,t1,8
2023,09,14,106,t1,72
2023,09,17,106,t1,9
2023,09,18,106,t1,13
2023,09,19,106,t1,9
2023,09,20,106,t1,11
2023,09,21,106,t1,10
2023,09,22,106,t1,17
2023,09,23,106,t1,6
2023,09,24,106,t1,13
2023,09,25,106,t1,4
2023,09,t1,106,t1,318
2023,09,05,107,10,1
2023,09,12,107,10,1
2023,09,14,107,10,2
2023,09,t1,107,10,4
2023,09,01,107,20,29
2023,09,03,107,20,3
2023,09,06,107,20,17
2023,09,07,107,20,10
2023,09,08,107,20,12
2023,09,09,107,20,22
2023,09,10,107,20,2
2023,09,12,107,20,29
2023,09,14,107,20,20
2023,09,17,107,20,4
2023,09,18,107,20,1
2023,09,19,107,20,24
2023,09,21,107,20,1
2023,09,22,107,20,3
2023,09,24,107,20,1
2023,09,t1,107,20,178
2023,09,06,107,30,20
2023,09,14,107,30,2
2023,09,t1,107,30,22
2023,09,01,107,t1,29
2023,09,03,107,t1,3
2023,09,05,107,t1,1
2023,09,06,107,t1,37
2023,09,07,107,t1,10
2023,09,08,107,t1,12
2023,09,09,107,t1,22
2023,09,10,107,t1,2
2023,09,12,107,t1,30
2023,09,14,107,t1,24
2023,09,17,107,t1,4
2023,09,18,107,t1,1
2023,09,19,107,t1,24
2023,09,21,107,t1,1
2023,09,22,107,t1,3
2023,09,24,107,t1,1
2023,09,t1,107,t1,204
2023,09,01,109,10,1
2023,09,03,109,10,1
2023,09,17,109,10,1
2023,09,t1,109,10,3
2023,09,08,109,20,1
2023,09,t1,109,20,1
2023,09,01,109,t1,1
2023,09,03,109,t1,1
2023,09,08,109,t1,1
2023,09,17,109,t1,1
2023,09,t1,109,t1,4
2023,09,01,t1,10,2194
2023,09,03,t1,10,317
2023,09,04,t1,10,245
2023,09,05,t1,10,466
2023,09,06,t1,10,369
2023,09,07,t1,10,179
2023,09,08,t1,10,198
2023,09,09,t1,10,25
2023,09,10,t1,10,136
2023,09,12,t1,10,1313
2023,09,13,t1,10,337
2023,09,14,t1,10,1737
2023,09,17,t1,10,196
2023,09,18,t1,10,307
2023,09,19,t1,10,268
2023,09,20,t1,10,195
2023,09,21,t1,10,229
2023,09,22,t1,10,176
2023,09,23,t1,10,60
2023,09,24,t1,10,181
2023,09,25,t1,10,144
2023,09,t1,t1,10,9272
2023,09,01,t1,20,6767
2023,09,03,t1,20,410
2023,09,04,t1,20,177
2023,09,05,t1,20,356
2023,09,06,t1,20,415
2023,09,07,t1,20,118
2023,09,08,t1,20,125
2023,09,09,t1,20,38
2023,09,10,t1,20,96
2023,09,12,t1,20,1656
2023,09,13,t1,20,213
2023,09,14,t1,20,1492
2023,09,17,t1,20,348
2023,09,18,t1,20,220
2023,09,19,t1,20,174
2023,09,20,t1,20,206
2023,09,21,t1,20,152
2023,09,22,t1,20,190
2023,09,23,t1,20,77
2023,09,24,t1,20,190
2023,09,25,t1,20,200
2023,09,t1,t1,20,13620
2023,09,01,t1,30,1244
2023,09,03,t1,30,111
2023,09,04,t1,30,90
2023,09,05,t1,30,200
2023,09,06,t1,30,237
2023,09,07,t1,30,82
2023,09,08,t1,30,176
2023,09,09,t1,30,15
2023,09,10,t1,30,67
2023,09,12,t1,30,1124
2023,09,13,t1,30,97
2023,09,14,t1,30,1591
2023,09,17,t1,30,199
2023,09,18,t1,30,78
2023,09,19,t1,30,79
2023,09,20,t1,30,128
2023,09,21,t1,30,118
2023,09,22,t1,30,74
2023,09,23,t1,30,61
2023,09,24,t1,30,151
2023,09,25,t1,30,79
2023,09,t1,t1,30,6001
2023,09,01,t1,t1,10205
2023,09,03,t1,t1,838
2023,09,04,t1,t1,512
2023,09,05,t1,t1,1022
2023,09,06,t1,t1,1021
2023,09,07,t1,t1,379
2023,09,08,t1,t1,499
2023,09,09,t1,t1,78
2023,09,10,t1,t1,299
2023,09,12,t1,t1,4093
2023,09,13,t1,t1,647
2023,09,14,t1,t1,4820
2023,09,17,t1,t1,743
2023,09,18,t1,t1,605
2023,09,19,t1,t1,521
2023,09,20,t1,t1,529
2023,09,21,t1,t1,499
2023,09,22,t1,t1,440
2023,09,23,t1,t1,198
2023,09,24,t1,t1,522
2023,09,25,t1,t1,423
2023,09,t1,t1,t1,28893
2023,10,01,101,10,504
2023,10,03,101,10,66
2023,10,04,101,10,66
2023,10,05,101,10,109
2023,10,06,101,10,98
2023,10,07,101,10,45
2023,10,08,101,10,57
2023,10,09,101,10,7
2023,10,10,101,10,34
2023,10,12,101,10,346
2023,10,13,101,10,117
2023,10,14,101,10,539
2023,10,17,101,10,72
2023,10,18,101,10,77
2023,10,19,101,10,70
2023,10,20,101,10,49
2023,10,21,101,10,53
2023,10,22,101,10,33
2023,10,23,101,10,10
2023,10,24,101,10,30
2023,10,25,101,10,25
2023,10,t1,101,10,2407
2023,10,01,101,20,762
2023,10,03,101,20,32
2023,10,04,101,20,21
2023,10,05,101,20,23
2023,10,06,101,20,100
2023,10,07,101,20,5
2023,10,08,101,20,10
2023,10,10,101,20,7
2023,10,12,101,20,246
2023,10,13,101,20,18
2023,10,14,101,20,135
2023,10,17,101,20,29
2023,10,18,101,20,48
2023,10,19,101,20,12
2023,10,20,101,20,28
2023,10,21,101,20,6
2023,10,22,101,20,7
2023,10,24,101,20,23
2023,10,25,101,20,8
2023,10,t1,101,20,1520
2023,10,01,101,30,227
2023,10,03,101,30,31
2023,10,04,101,30,24
2023,10,05,101,30,36
2023,10,06,101,30,58
2023,10,07,101,30,16
2023,10,08,101,30,21
2023,10,09,101,30,2
2023,10,10,101,30,15
2023,10,12,101,30,544
2023,10,13,101,30,23
2023,10,14,101,30,381
2023,10,17,101,30,16
2023,10,18,101,30,6
2023,10,19,101,30,6
2023,10,20,101,30,33
2023,10,21,101,30,52
2023,10,22,101,30,29
2023,10,23,101,30,4
2023,10,24,101,30,27
2023,10,25,101,30,10
2023,10,t1,101,30,1561
2023,10,01,101,t1,1493
2023,10,03,101,t1,129
2023,10,04,101,t1,111
2023,10,05,101,t1,168
2023,10,06,101,t1,256
2023,10,07,101,t1,66
2023,10,08,101,t1,88
2023,10,09,101,t1,9
2023,10,10,101,t1,56
2023,10,12,101,t1,1136
2023,10,13,101,t1,158
2023,10,14,101,t1,1055
2023,10,17,101,t1,117
2023,10,18,101,t1,131
2023,10,19,101,t1,88
2023,10,20,101,t1,110
2023,10,21,101,t1,111
2023,10,22,101,t1,69
2023,10,23,101,t1,14
2023,10,24,101,t1,80
2023,10,25,101,t1,43
2023,10,t1,101,t1,5488
2023,10,01,102,10,88
2023,10,03,102,10,14
2023,10,04,102,10,16
2023,10,05,102,10,23
2023,10,06,102,10,18
2023,10,07,102,10,9
2023,10,08,102,10,15
2023,10,09,102,10,1
2023,10,10,102,10,7
2023,10,12,102,10,58
2023,10,13,102,10,24
2023,10,14,102,10,88
2023,10,17,102,10,19
2023,10,18,102,10,19
2023,10,19,102,10,16
2023,10,20,102,10,15
2023,10,21,102,10,11
2023,10,22,102,10,9
2023,10,23,102,10,5
2023,10,24,102,10,8
2023,10,25,102,10,10
2023,10,t1,102,10,473
2023,10,01,102,20,446
2023,10,03,102,20,36
2023,10,04,102,20,13
2023,10,05,102,20,34
2023,10,06,102,20,42
2023,10,07,102,20,26
2023,10,08,102,20,12
2023,10,09,102,20,8
2023,10,10,102,20,7
2023,10,12,102,20,205
2023,10,13,102,20,16
2023,10,14,102,20,146
2023,10,17,102,20,53
2023,10,18,102,20,25
2023,10,19,102,20,12
2023,10,20,102,20,30
2023,10,21,102,20,19
2023,10,22,102,20,65
2023,10,23,102,20,13
2023,10,24,102,20,27
2023,10,25,102,20,29
2023,10,t1,102,20,1264
2023,10,01,102,30,55
2023,10,03,102,30,21
2023,10,04,102,30,7
2023,10,05,102,30,5
2023,10,06,102,30,27
2023,10,07,102,30,7
2023,10,08,102,30,11
2023,10,09,102,30,2
2023,10,10,102,30,5
2023,10,12,102,30,114
2023,10,13,102,30,1
2023,10,14,102,30,25
2023,10,17,102,30,35
2023,10,18,102,30,4
2023,10,19,102,30,1
2023,10,20,102,30,4
2023,10,21,102,30,7
2023,10,22,102,30,5
2023,10,23,102,30,7
2023,10,24,102,30,11
2023,10,25,102,30,3
2023,10,t1,102,30,357
2023,10,01,102,t1,589
2023,10,03,102,t1,71
2023,10,04,102,t1,36
2023,10,05,102,t1,62
2023,10,06,102,t1,87
2023,10,07,102,t1,42
2023,10,08,102,t1,38
2023,10,09,102,t1,11
2023,10,10,102,t1,19
2023,10,12,102,t1,377
2023,10,13,102,t1,41
2023,10,14,102,t1,259
2023,10,17,102,t1,107
2023,10,18,102,t1,48
2023,10,19,102,t1,29
2023,10,20,102,t1,49
2023,10,21,102,t1,37
2023,10,22,102,t1,79
2023,10,23,102,t1,25
2023,10,24,102,t1,46
2023,10,25,102,t1,42
2023,10,t1,102,t1,2094
2023,10,01,103,10,585
2023,10,03,103,10,145
2023,10,04,103,10,63
2023,10,05,103,10,156
2023,10,06,103,10,101
2023,10,07,103,10,55
2023,10,08,103,10,39
2023,10,09,103,10,7
2023,10,10,103,10,33
2023,10,12,103,10,387
2023,10,13,103,10,143
2023,10,14,103,10,550
2023,10,17,103,10,59
2023,10,18,103,10,61
2023,10,19,103,10,90
2023,10,20,103,10,71
2023,10,21,103,10,65
2023,10,22,103,10,82
2023,10,23,103,10,41
2023,10,24,103,10,91
2023,10,25,103,10,49
2023,10,t1,103,10,2873
2023,10,01,103,20,2920
2023,10,03,103,20,108
2023,10,04,103,20,71
2023,10,05,103,20,96
2023,10,06,103,20,111
2023,10,07,103,20,36
2023,10,08,103,20,39
2023,10,09,103,20,4
2023,10,10,103,20,16
2023,10,12,103,20,701
2023,10,13,103,20,112
2023,10,14,103,20,546
2023,10,17,103,20,53
2023,10,18,103,20,64
2023,10,19,103,20,50
2023,10,20,103,20,66
2023,10,21,103,20,54
2023,10,22,103,20,77
2023,10,23,103,20,48
2023,10,24,103,20,74
2023,10,25,103,20,65
2023,10,t1,103,20,5311
2023,10,01,103,30,599
2023,10,03,103,30,21
2023,10,04,103,30,22
2023,10,05,103,30,27
2023,10,06,103,30,42
2023,10,07,103,30,16
2023,10,08,103,30,27
2023,10,09,103,30,1
2023,10,10,103,30,15
2023,10,12,103,30,142
2023,10,13,103,30,18
2023,10,14,103,30,156
2023,10,17,103,30,32
2023,10,18,103,30,30
2023,10,19,103,30,14
2023,10,20,103,30,16
2023,10,21,103,30,33
2023,10,22,103,30,23
2023,10,24,103,30,23
2023,10,25,103,30,13
2023,10,t1,103,30,1270
2023,10,01,103,t1,4104
2023,10,03,103,t1,274
2023,10,04,103,t1,156
2023,10,05,103,t1,279
2023,10,06,103,t1,254
2023,10,07,103,t1,107
2023,10,08,103,t1,105
2023,10,09,103,t1,12
2023,10,10,103,t1,64
2023,10,12,103,t1,1230
2023,10,13,103,t1,273
2023,10,14,103,t1,1252
2023,10,17,103,t1,144
2023,10,18,103,t1,155
2023,10,19,103,t1,154
2023,10,20,103,t1,153
2023,10,21,103,t1,152
2023,10,22,103,t1,182
2023,10,23,103,t1,89
2023,10,24,103,t1,188
2023,10,25,103,t1,127
2023,10,t1,103,t1,9454
2023,10,01,104,10,176
2023,10,03,104,10,53
2023,10,04,104,10,18
2023,10,05,104,10,53
2023,10,06,104,10,41
2023,10,07,104,10,28
2023,10,08,104,10,21
2023,10,09,104,10,3
2023,10,10,104,10,17
2023,10,12,104,10,129
2023,10,13,104,10,27
2023,10,14,104,10,188
2023,10,17,104,10,24
2023,10,18,104,10,21
2023,10,19,104,10,26
2023,10,20,104,10,11
2023,10,21,104,10,28
2023,10,22,104,10,14
2023,10,23,104,10,4
2023,10,24,104,10,12
2023,10,25,104,10,6
2023,10,t1,104,10,900
2023,10,01,104,20,270
2023,10,03,104,20,8
2023,10,04,104,20,12
2023,10,05,104,20,14
2023,10,06,104,20,28
2023,10,07,104,20,24
2023,10,08,104,20,7
2023,10,10,104,20,7
2023,10,12,104,20,72
2023,10,13,104,20,6
2023,10,14,104,20,103
2023,10,17,104,20,29
2023,10,18,104,20,27
2023,10,19,104,20,7
2023,10,20,104,20,6
2023,10,21,104,20,14
2023,10,22,104,20,3
2023,10,23,104,20,13
2023,10,24,104,20,8
2023,10,25,104,20,29
2023,10,t1,104,20,687
2023,10,01,104,30,188
2023,10,03,104,30,14
2023,10,04,104,30,10
2023,10,05,104,30,53
2023,10,06,104,30,37
2023,10,07,104,30,15
2023,10,08,104,30,7
2023,10,09,104,30,1
2023,10,10,104,30,19
2023,10,12,104,30,67
2023,10,13,104,30,15
2023,10,14,104,30,176
2023,10,17,104,30,24
2023,10,18,104,30,35
2023,10,19,104,30,8
2023,10,20,104,30,14
2023,10,21,104,30,19
2023,10,22,104,30,16
2023,10,24,104,30,19
2023,10,25,104,30,4
2023,10,t1,104,30,741
2023,10,01,104,t1,634
2023,10,03,104,t1,75
2023,10,04,104,t1,40
2023,10,05,104,t1,120
2023,10,06,104,t1,106
2023,10,07,104,t1,67
2023,10,08,104,t1,35
2023,10,09,104,t1,4
2023,10,10,104,t1,43
2023,10,12,104,t1,268
2023,10,13,104,t1,48
2023,10,14,104,t1,467
2023,10,17,104,t1,77
2023,10,18,104,t1,83
2023,10,19,104,t1,41
2023,10,20,104,t1,31
2023,10,21,104,t1,61
2023,10,22,104,t1,33
2023,10,23,104,t1,17
2023,10,24,104,t1,39
2023,10,25,104,t1,39
2023,10,t1,104,t1,2328
2023,10,01,105,10,346
2023,10,03,105,10,42
2023,10,04,105,10,54
2023,10,05,105,10,67
2023,10,06,105,10,37
2023,10,07,105,10,31
2023,10,08,105,10,18
2023,10,10,105,10,24
2023,10,12,105,10,159
2023,10,13,105,10,51
2023,10,14,105,10,202
2023,10,17,105,10,33
2023,10,18,105,10,46
2023,10,19,105,10,71
2023,10,20,105,10,44
2023,10,21,105,10,32
2023,10,22,105,10,30
2023,10,23,105,10,9
2023,10,24,105,10,34
2023,10,25,105,10,26
2023,10,t1,105,10,1356
2023,10,01,105,20,2040
2023,10,03,105,20,78
2023,10,04,105,20,33
2023,10,05,105,20,80
2023,10,06,105,20,59
2023,10,07,105,20,39
2023,10,08,105,20,22
2023,10,09,105,20,3
2023,10,10,105,20,9
2023,10,12,105,20,469
2023,10,13,105,20,47
2023,10,14,105,20,345
2023,10,17,105,20,71
2023,10,18,105,20,46
2023,10,19,105,20,28
2023,10,20,105,20,60
2023,10,21,105,20,28
2023,10,22,105,20,37
2023,10,23,105,20,9
2023,10,24,105,20,27
2023,10,25,105,20,34
2023,10,t1,105,20,3564
2023,10,01,105,30,204
2023,10,03,105,30,20
2023,10,04,105,30,11
2023,10,05,105,30,36
2023,10,06,105,30,34
2023,10,07,105,30,25
2023,10,08,105,30,20
2023,10,09,105,30,1
2023,10,10,105,30,5
2023,10,12,105,30,202
2023,10,13,105,30,15
2023,10,14,105,30,159
2023,10,17,105,30,13
2023,10,18,105,30,13
2023,10,19,105,30,5
2023,10,20,105,30,14
2023,10,21,105,30,17
2023,10,22,105,30,17
2023,10,23,105,30,1
2023,10,24,105,30,18
2023,10,25,105,30,12
2023,10,t1,105,30,842
2023,10,01,105,t1,2590
2023,10,03,105,t1,140
2023,10,04,105,t1,98
2023,10,05,105,t1,183
2023,10,06,105,t1,130
2023,10,07,105,t1,95
2023,10,08,105,t1,60
2023,10,09,105,t1,4
2023,10,10,105,t1,38
2023,10,12,105,t1,830
2023,10,13,105,t1,113
2023,10,14,105,t1,706
2023,10,17,105,t1,117
2023,10,18,105,t1,105
2023,10,19,105,t1,104
2023,10,20,105,t1,118
2023,10,21,105,t1,77
2023,10,22,105,t1,84
2023,10,23,105,t1,19
2023,10,24,105,t1,79
2023,10,25,105,t1,72
2023,10,t1,105,t1,5762
2023,10,01,106,10,29
2023,10,03,106,10,12
2023,10,04,106,10,7
2023,10,05,106,10,10
2023,10,06,106,10,9
2023,10,07,106,10,2
2023,10,08,106,10,3
2023,10,09,106,10,3
2023,10,10,106,10,6
2023,10,12,106,10,17
2023,10,13,106,10,6
2023,10,14,106,10,35
2023,10,17,106,10,14
2023,10,18,106,10,4
2023,10,19,106,10,3
2023,10,20,106,10,4
2023,10,21,106,10,5
2023,10,22,106,10,4
2023,10,23,106,10,1
2023,10,24,106,10,4
2023,10,25,106,10,4
2023,10,t1,106,10,182
2023,10,01,106,20,67
2023,10,03,106,20,6
2023,10,04,106,20,4
2023,10,05,106,20,2
2023,10,06,106,20,7
2023,10,07,106,20,4
2023,10,08,106,20,1
2023,10,10,106,20,4
2023,10,12,106,20,5
2023,10,13,106,20,3
2023,10,14,106,20,17
2023,10,17,106,20,2
2023,10,18,106,20,4
2023,10,20,106,20,5
2023,10,21,106,20,3
2023,10,23,106,20,4
2023,10,24,106,20,2
2023,10,25,106,20,3
2023,10,t1,106,20,143
2023,10,01,106,30,14
2023,10,03,106,30,7
2023,10,04,106,30,1
2023,10,05,106,30,1
2023,10,06,106,30,2
2023,10,07,106,30,1
2023,10,08,106,30,2
2023,10,09,106,30,1
2023,10,12,106,30,10
2023,10,13,106,30,5
2023,10,14,106,30,18
2023,10,17,106,30,3
2023,10,18,106,30,5
2023,10,19,106,30,1
2023,10,20,106,30,1
2023,10,21,106,30,5
2023,10,22,106,30,8
2023,10,24,106,30,8
2023,10,25,106,30,2
2023,10,t1,106,30,95
2023,10,01,106,t1,110
2023,10,03,106,t1,25
2023,10,04,106,t1,12
2023,10,05,106,t1,13
2023,10,06,106,t1,18
2023,10,07,106,t1,7
2023,10,08,106,t1,6
2023,10,09,106,t1,4
2023,10,10,106,t1,10
2023,10,12,106,t1,32
2023,10,13,106,t1,14
2023,10,14,106,t1,70
2023,10,17,106,t1,19
2023,10,18,106,t1,13
2023,10,19,106,t1,4
2023,10,20,106,t1,10
2023,10,21,106,t1,13
2023,10,22,106,t1,12
2023,10,23,106,t1,5
2023,10,24,106,t1,14
2023,10,25,106,t1,9
2023,10,t1,106,t1,420
2023,10,12,107,10,1
2023,10,t1,107,10,1
2023,10,01,107,20,45
2023,10,03,107,20,8
2023,10,06,107,20,1
2023,10,07,107,20,4
2023,10,08,107,20,10
2023,10,09,107,20,27
2023,10,10,107,20,2
2023,10,12,107,20,40
2023,10,13,107,20,1
2023,10,14,107,20,28
2023,10,19,107,20,11
2023,10,20,107,20,1
2023,10,22,107,20,3
2023,10,t1,107,20,181
2023,10,01,107,t1,45
2023,10,03,107,t1,8
2023,10,06,107,t1,1
2023,10,07,107,t1,4
2023,10,08,107,t1,10
2023,10,09,107,t1,27
2023,10,10,107,t1,2
2023,10,12,107,t1,41
2023,10,13,107,t1,1
2023,10,14,107,t1,28
2023,10,19,107,t1,11
2023,10,20,107,t1,1
2023,10,22,107,t1,3
2023,10,t1,107,t1,182
2023,10,06,109,10,1
2023,10,12,109,10,1
2023,10,t1,109,10,2
2023,10,06,109,t1,1
2023,10,12,109,t1,1
2023,10,t1,109,t1,2
2023,10,01,t1,10,1728
2023,10,03,t1,10,332
2023,10,04,t1,10,224
2023,10,05,t1,10,418
2023,10,06,t1,10,305
2023,10,07,t1,10,170
2023,10,08,t1,10,153
2023,10,09,t1,10,21
2023,10,10,t1,10,121
2023,10,12,t1,10,1098
2023,10,13,t1,10,368
2023,10,14,t1,10,1602
2023,10,17,t1,10,221
2023,10,18,t1,10,228
2023,10,19,t1,10,276
2023,10,20,t1,10,194
2023,10,21,t1,10,194
2023,10,22,t1,10,172
2023,10,23,t1,10,70
2023,10,24,t1,10,179
2023,10,25,t1,10,120
2023,10,t1,t1,10,8194
2023,10,01,t1,20,6550
2023,10,03,t1,20,276
2023,10,04,t1,20,154
2023,10,05,t1,20,249
2023,10,06,t1,20,348
2023,10,07,t1,20,138
2023,10,08,t1,20,101
2023,10,09,t1,20,42
2023,10,10,t1,20,52
2023,10,12,t1,20,1738
2023,10,13,t1,20,203
2023,10,14,t1,20,1320
2023,10,17,t1,20,237
2023,10,18,t1,20,214
2023,10,19,t1,20,120
2023,10,20,t1,20,196
2023,10,21,t1,20,124
2023,10,22,t1,20,192
2023,10,23,t1,20,87
2023,10,24,t1,20,161
2023,10,25,t1,20,168
2023,10,t1,t1,20,12670
2023,10,01,t1,30,1287
2023,10,03,t1,30,114
2023,10,04,t1,30,75
2023,10,05,t1,30,158
2023,10,06,t1,30,200
2023,10,07,t1,30,80
2023,10,08,t1,30,88
2023,10,09,t1,30,8
2023,10,10,t1,30,59
2023,10,12,t1,30,1079
2023,10,13,t1,30,77
2023,10,14,t1,30,915
2023,10,17,t1,30,123
2023,10,18,t1,30,93
2023,10,19,t1,30,35
2023,10,20,t1,30,82
2023,10,21,t1,30,133
2023,10,22,t1,30,98
2023,10,23,t1,30,12
2023,10,24,t1,30,106
2023,10,25,t1,30,44
2023,10,t1,t1,30,4866
2023,10,01,t1,t1,9565
2023,10,03,t1,t1,722
2023,10,04,t1,t1,453
2023,10,05,t1,t1,825
2023,10,06,t1,t1,853
2023,10,07,t1,t1,388
2023,10,08,t1,t1,342
2023,10,09,t1,t1,71
2023,10,10,t1,t1,232
2023,10,12,t1,t1,3915
2023,10,13,t1,t1,648
2023,10,14,t1,t1,3837
2023,10,17,t1,t1,581
2023,10,18,t1,t1,535
2023,10,19,t1,t1,431
2023,10,20,t1,t1,472
2023,10,21,t1,t1,451
2023,10,22,t1,t1,462
2023,10,23,t1,t1,169
2023,10,24,t1,t1,446
2023,10,25,t1,t1,332
2023,10,t1,t1,t1,25730
2023,11,01,101,10,448
2023,11,03,101,10,64
2023,11,04,101,10,64
2023,11,05,101,10,112
2023,11,06,101,10,77
2023,11,07,101,10,42
2023,11,08,101,10,48
2023,11,09,101,10,6
2023,11,10,101,10,43
2023,11,12,101,10,360
2023,11,13,101,10,101
2023,11,14,101,10,453
2023,11,17,101,10,56
2023,11,18,101,10,78
2023,11,19,101,10,54
2023,11,20,101,10,42
2023,11,21,101,10,48
2023,11,22,101,10,20
2023,11,23,101,10,11
2023,11,24,101,10,22
2023,11,25,101,10,13
2023,11,t1,101,10,2162
2023,11,01,101,20,603
2023,11,03,101,20,14
2023,11,04,101,20,16
2023,11,05,101,20,41
2023,11,06,101,20,62
2023,11,07,101,20,9
2023,11,08,101,20,24
2023,11,09,101,20,2
2023,11,10,101,20,3
2023,11,12,101,20,328
2023,11,13,101,20,37
2023,11,14,101,20,143
2023,11,17,101,20,29
2023,11,18,101,20,27
2023,11,19,101,20,20
2023,11,20,101,20,17
2023,11,21,101,20,4
2023,11,22,101,20,12
2023,11,23,101,20,11
2023,11,24,101,20,23
2023,11,25,101,20,15
2023,11,t1,101,20,1440
2023,11,01,101,30,354
2023,11,03,101,30,49
2023,11,04,101,30,18
2023,11,05,101,30,24
2023,11,06,101,30,58
2023,11,07,101,30,5
2023,11,08,101,30,23
2023,11,09,101,30,3
2023,11,10,101,30,18
2023,11,12,101,30,310
2023,11,13,101,30,36
2023,11,14,101,30,355
2023,11,17,101,30,41
2023,11,18,101,30,12
2023,11,19,101,30,12
2023,11,20,101,30,20
2023,11,21,101,30,34
2023,11,22,101,30,3
2023,11,23,101,30,2
2023,11,24,101,30,31
2023,11,25,101,30,14
2023,11,t1,101,30,1422
2023,11,01,101,t1,1405
2023,11,03,101,t1,127
2023,11,04,101,t1,98
2023,11,05,101,t1,177
2023,11,06,101,t1,197
2023,11,07,101,t1,56
2023,11,08,101,t1,95
2023,11,09,101,t1,11
2023,11,10,101,t1,64
2023,11,12,101,t1,998
2023,11,13,101,t1,174
2023,11,14,101,t1,951
2023,11,17,101,t1,126
2023,11,18,101,t1,117
2023,11,19,101,t1,86
2023,11,20,101,t1,79
2023,11,21,101,t1,86
2023,11,22,101,t1,35
2023,11,23,101,t1,24
2023,11,24,101,t1,76
2023,11,25,101,t1,42
2023,11,t1,101,t1,5024
2023,11,01,102,10,70
2023,11,03,102,10,18
2023,11,04,102,10,14
2023,11,05,102,10,13
2023,11,06,102,10,19
2023,11,07,102,10,8
2023,11,08,102,10,14
2023,11,09,102,10,3
2023,11,10,102,10,5
2023,11,12,102,10,51
2023,11,13,102,10,15
2023,11,14,102,10,59
2023,11,17,102,10,15
2023,11,18,102,10,17
2023,11,19,102,10,6
2023,11,20,102,10,9
2023,11,21,102,10,13
2023,11,22,102,10,14
2023,11,23,102,10,6
2023,11,24,102,10,9
2023,11,25,102,10,5
2023,11,t1,102,10,383
2023,11,01,102,20,392
2023,11,03,102,20,27
2023,11,04,102,20,15
2023,11,05,102,20,20
2023,11,06,102,20,106
2023,11,07,102,20,24
2023,11,08,102,20,15
2023,11,09,102,20,1
2023,11,10,102,20,3
2023,11,12,102,20,196
2023,11,13,102,20,14
2023,11,14,102,20,151
2023,11,17,102,20,52
2023,11,18,102,20,41
2023,11,19,102,20,16
2023,11,20,102,20,23
2023,11,21,102,20,13
2023,11,22,102,20,25
2023,11,23,102,20,8
2023,11,24,102,20,23
2023,11,25,102,20,46
2023,11,t1,102,20,1211
2023,11,01,102,30,33
2023,11,03,102,30,8
2023,11,04,102,30,3
2023,11,05,102,30,7
2023,11,06,102,30,42
2023,11,07,102,30,4
2023,11,08,102,30,16
2023,11,09,102,30,1
2023,11,10,102,30,7
2023,11,12,102,30,40
2023,11,13,102,30,3
2023,11,14,102,30,67
2023,11,17,102,30,81
2023,11,18,102,30,2
2023,11,19,102,30,5
2023,11,20,102,30,3
2023,11,21,102,30,2
2023,11,22,102,30,9
2023,11,23,102,30,7
2023,11,24,102,30,11
2023,11,25,102,30,15
2023,11,t1,102,30,366
2023,11,01,102,t1,495
2023,11,03,102,t1,53
2023,11,04,102,t1,32
2023,11,05,102,t1,40
2023,11,06,102,t1,167
2023,11,07,102,t1,36
2023,11,08,102,t1,45
2023,11,09,102,t1,5
2023,11,10,102,t1,15
2023,11,12,102,t1,287
2023,11,13,102,t1,32
2023,11,14,102,t1,277
2023,11,17,102,t1,148
2023,11,18,102,t1,60
2023,11,19,102,t1,27
2023,11,20,102,t1,35
2023,11,21,102,t1,28
2023,11,22,102,t1,48
2023,11,23,102,t1,21
2023,11,24,102,t1,43
2023,11,25,102,t1,66
2023,11,t1,102,t1,1960
2023,11,01,103,10,727
2023,11,03,103,10,105
2023,11,04,103,10,77
2023,11,05,103,10,121
2023,11,06,103,10,83
2023,11,07,103,10,39
2023,11,08,103,10,47
2023,11,09,103,10,7
2023,11,10,103,10,25
2023,11,12,103,10,345
2023,11,13,103,10,111
2023,11,14,103,10,537
2023,11,17,103,10,45
2023,11,18,103,10,77
2023,11,19,103,10,64
2023,11,20,103,10,48
2023,11,21,103,10,64
2023,11,22,103,10,78
2023,11,23,103,10,19
2023,11,24,103,10,77
2023,11,25,103,10,46
2023,11,t1,103,10,2742
2023,11,01,103,20,3231
2023,11,03,103,20,106
2023,11,04,103,20,83
2023,11,05,103,20,124
2023,11,06,103,20,134
2023,11,07,103,20,42
2023,11,08,103,20,30
2023,11,09,103,20,7
2023,11,10,103,20,24
2023,11,12,103,20,783
2023,11,13,103,20,154
2023,11,14,103,20,673
2023,11,17,103,20,52
2023,11,18,103,20,64
2023,11,19,103,20,67
2023,11,20,103,20,85
2023,11,21,103,20,51
2023,11,22,103,20,59
2023,11,23,103,20,38
2023,11,24,103,20,59
2023,11,25,103,20,52
2023,11,t1,103,20,5918
2023,11,01,103,30,611
2023,11,03,103,30,25
2023,11,04,103,30,21
2023,11,05,103,30,47
2023,11,06,103,30,53
2023,11,07,103,30,29
2023,11,08,103,30,36
2023,11,09,103,30,4
2023,11,10,103,30,14
2023,11,12,103,30,119
2023,11,13,103,30,30
2023,11,14,103,30,312
2023,11,17,103,30,33
2023,11,18,103,30,14
2023,11,19,103,30,20
2023,11,20,103,30,15
2023,11,21,103,30,44
2023,11,22,103,30,12
2023,11,23,103,30,5
2023,11,24,103,30,14
2023,11,25,103,30,10
2023,11,t1,103,30,1468
2023,11,01,103,t1,4569
2023,11,03,103,t1,236
2023,11,04,103,t1,181
2023,11,05,103,t1,292
2023,11,06,103,t1,270
2023,11,07,103,t1,110
2023,11,08,103,t1,113
2023,11,09,103,t1,18
2023,11,10,103,t1,63
2023,11,12,103,t1,1247
2023,11,13,103,t1,295
2023,11,14,103,t1,1522
2023,11,17,103,t1,130
2023,11,18,103,t1,155
2023,11,19,103,t1,151
2023,11,20,103,t1,148
2023,11,21,103,t1,159
2023,11,22,103,t1,149
2023,11,23,103,t1,62
2023,11,24,103,t1,150
2023,11,25,103,t1,108
2023,11,t1,103,t1,10128
2023,11,01,104,10,204
2023,11,03,104,10,50
2023,11,04,104,10,34
2023,11,05,104,10,57
2023,11,06,104,10,52
2023,11,07,104,10,29
2023,11,08,104,10,21
2023,11,09,104,10,2
2023,11,10,104,10,11
2023,11,12,104,10,149
2023,11,13,104,10,35
2023,11,14,104,10,209
2023,11,17,104,10,31
2023,11,18,104,10,33
2023,11,19,104,10,23
2023,11,20,104,10,21
2023,11,21,104,10,41
2023,11,22,104,10,16
2023,11,23,104,10,7
2023,11,24,104,10,12
2023,11,25,104,10,16
2023,11,t1,104,10,1053
2023,11,01,104,20,275
2023,11,03,104,20,18
2023,11,04,104,20,11
2023,11,05,104,20,7
2023,11,06,104,20,47
2023,11,07,104,20,5
2023,11,08,104,20,8
2023,11,09,104,20,3
2023,11,10,104,20,9
2023,11,12,104,20,80
2023,11,13,104,20,10
2023,11,14,104,20,124
2023,11,17,104,20,37
2023,11,18,104,20,25
2023,11,19,104,20,10
2023,11,20,104,20,10
2023,11,21,104,20,14
2023,11,22,104,20,6
2023,11,23,104,20,2
2023,11,24,104,20,3
2023,11,25,104,20,31
2023,11,t1,104,20,735
2023,11,01,104,30,272
2023,11,03,104,30,20
2023,11,04,104,30,14
2023,11,05,104,30,64
2023,11,06,104,30,53
2023,11,07,104,30,7
2023,11,08,104,30,18
2023,11,09,104,30,5
2023,11,10,104,30,6
2023,11,12,104,30,111
2023,11,13,104,30,22
2023,11,14,104,30,262
2023,11,17,104,30,27
2023,11,18,104,30,25
2023,11,19,104,30,4
2023,11,20,104,30,9
2023,11,21,104,30,28
2023,11,22,104,30,10
2023,11,23,104,30,5
2023,11,24,104,30,40
2023,11,25,104,30,13
2023,11,t1,104,30,1015
2023,11,01,104,t1,751
2023,11,03,104,t1,88
2023,11,04,104,t1,59
2023,11,05,104,t1,128
2023,11,06,104,t1,152
2023,11,07,104,t1,41
2023,11,08,104,t1,47
2023,11,09,104,t1,10
2023,11,10,104,t1,26
2023,11,12,104,t1,340
2023,11,13,104,t1,67
2023,11,14,104,t1,595
2023,11,17,104,t1,95
2023,11,18,104,t1,83
2023,11,19,104,t1,37
2023,11,20,104,t1,40
2023,11,21,104,t1,83
2023,11,22,104,t1,32
2023,11,23,104,t1,14
2023,11,24,104,t1,55
2023,11,25,104,t1,60
2023,11,t1,104,t1,2803
2023,11,01,105,10,277
2023,11,03,105,10,42
2023,11,04,105,10,49
2023,11,05,105,10,59
2023,11,06,105,10,26
2023,11,07,105,10,31
2023,11,08,105,10,22
2023,11,09,105,10,7
2023,11,10,105,10,17
2023,11,12,105,10,138
2023,11,13,105,10,39
2023,11,14,105,10,209
2023,11,17,105,10,34
2023,11,18,105,10,30
2023,11,19,105,10,46
2023,11,20,105,10,31
2023,11,21,105,10,27
2023,11,22,105,10,46
2023,11,23,105,10,5
2023,11,24,105,10,37
2023,11,25,105,10,34
2023,11,t1,105,10,1206
2023,11,01,105,20,1893
2023,11,03,105,20,63
2023,11,04,105,20,27
2023,11,05,105,20,54
2023,11,06,105,20,71
2023,11,07,105,20,34
2023,11,08,105,20,22
2023,11,09,105,20,1
2023,11,10,105,20,10
2023,11,12,105,20,482
2023,11,13,105,20,50
2023,11,14,105,20,302
2023,11,17,105,20,70
2023,11,18,105,20,43
2023,11,19,105,20,25
2023,11,20,105,20,60
2023,11,21,105,20,29
2023,11,22,105,20,26
2023,11,23,105,20,9
2023,11,24,105,20,28
2023,11,25,105,20,35
2023,11,t1,105,20,3334
2023,11,01,105,30,244
2023,11,03,105,30,12
2023,11,04,105,30,6
2023,11,05,105,30,34
2023,11,06,105,30,31
2023,11,07,105,30,16
2023,11,08,105,30,14
2023,11,09,105,30,1
2023,11,10,105,30,8
2023,11,12,105,30,92
2023,11,13,105,30,21
2023,11,14,105,30,169
2023,11,17,105,30,13
2023,11,18,105,30,12
2023,11,19,105,30,15
2023,11,20,105,30,12
2023,11,21,105,30,23
2023,11,22,105,30,12
2023,11,23,105,30,2
2023,11,24,105,30,36
2023,11,25,105,30,8
2023,11,t1,105,30,781
2023,11,01,105,t1,2414
2023,11,03,105,t1,117
2023,11,04,105,t1,82
2023,11,05,105,t1,147
2023,11,06,105,t1,128
2023,11,07,105,t1,81
2023,11,08,105,t1,58
2023,11,09,105,t1,9
2023,11,10,105,t1,35
2023,11,12,105,t1,712
2023,11,13,105,t1,110
2023,11,14,105,t1,680
2023,11,17,105,t1,117
2023,11,18,105,t1,85
2023,11,19,105,t1,86
2023,11,20,105,t1,103
2023,11,21,105,t1,79
2023,11,22,105,t1,84
2023,11,23,105,t1,16
2023,11,24,105,t1,101
2023,11,25,105,t1,77
2023,11,t1,105,t1,5321
2023,11,01,106,10,39
2023,11,03,106,10,8
2023,11,04,106,10,7
2023,11,05,106,10,12
2023,11,06,106,10,10
2023,11,07,106,10,1
2023,11,08,106,10,7
2023,11,10,106,10,7
2023,11,12,106,10,29
2023,11,13,106,10,26
2023,11,14,106,10,62
2023,11,17,106,10,8
2023,11,18,106,10,10
2023,11,19,106,10,3
2023,11,20,106,10,7
2023,11,21,106,10,6
2023,11,22,106,10,5
2023,11,23,106,10,3
2023,11,24,106,10,7
2023,11,25,106,10,3
2023,11,t1,106,10,260
2023,11,01,106,20,60
2023,11,03,106,20,3
2023,11,04,106,20,1
2023,11,05,106,20,3
2023,11,06,106,20,3
2023,11,08,106,20,1
2023,11,10,106,20,1
2023,11,12,106,20,9
2023,11,13,106,20,3
2023,11,14,106,20,9
2023,11,17,106,20,2
2023,11,18,106,20,2
2023,11,19,106,20,1
2023,11,20,106,20,4
2023,11,21,106,20,2
2023,11,22,106,20,8
2023,11,23,106,20,2
2023,11,24,106,20,4
2023,11,25,106,20,2
2023,11,t1,106,20,120
2023,11,01,106,30,4
2023,11,03,106,30,3
2023,11,05,106,30,2
2023,11,06,106,30,6
2023,11,08,106,30,2
2023,11,10,106,30,2
2023,11,12,106,30,6
2023,11,13,106,30,4
2023,11,14,106,30,44
2023,11,18,106,30,2
2023,11,19,106,30,1
2023,11,20,106,30,1
2023,11,22,106,30,4
2023,11,23,106,30,5
2023,11,24,106,30,2
2023,11,25,106,30,1
2023,11,t1,106,30,89
2023,11,01,106,t1,103
2023,11,03,106,t1,14
2023,11,04,106,t1,8
2023,11,05,106,t1,17
2023,11,06,106,t1,19
2023,11,07,106,t1,1
2023,11,08,106,t1,10
2023,11,10,106,t1,10
2023,11,12,106,t1,44
2023,11,13,106,t1,33
2023,11,14,106,t1,115
2023,11,17,106,t1,10
2023,11,18,106,t1,14
2023,11,19,106,t1,5
2023,11,20,106,t1,12
2023,11,21,106,t1,8
2023,11,22,106,t1,17
2023,11,23,106,t1,10
2023,11,24,106,t1,13
2023,11,25,106,t1,6
2023,11,t1,106,t1,469
2023,11,01,107,20,52
2023,11,03,107,20,12
2023,11,04,107,20,5
2023,11,05,107,20,4
2023,11,06,107,20,5
2023,11,07,107,20,5
2023,11,08,107,20,16
2023,11,09,107,20,1
2023,11,12,107,20,36
2023,11,14,107,20,22
2023,11,17,107,20,2
2023,11,18,107,20,7
2023,11,19,107,20,4
2023,11,20,107,20,2
2023,11,22,107,20,3
2023,11,24,107,20,15
2023,11,25,107,20,31
2023,11,t1,107,20,222
2023,11,01,107,t1,52
2023,11,03,107,t1,12
2023,11,04,107,t1,5
2023,11,05,107,t1,4
2023,11,06,107,t1,5
2023,11,07,107,t1,5
2023,11,08,107,t1,16
2023,11,09,107,t1,1
2023,11,12,107,t1,36
2023,11,14,107,t1,22
2023,11,17,107,t1,2
2023,11,18,107,t1,7
2023,11,19,107,t1,4
2023,11,20,107,t1,2
2023,11,22,107,t1,3
2023,11,24,107,t1,15
2023,11,25,107,t1,31
2023,11,t1,107,t1,222
2023,11,13,109,10,1
2023,11,t1,109,10,1
2023,11,13,109,t1,1
2023,11,t1,109,t1,1
2023,11,01,t1,10,1765
2023,11,03,t1,10,287
2023,11,04,t1,10,245
2023,11,05,t1,10,374
2023,11,06,t1,10,267
2023,11,07,t1,10,150
2023,11,08,t1,10,159
2023,11,09,t1,10,25
2023,11,10,t1,10,108
2023,11,12,t1,10,1072
2023,11,13,t1,10,328
2023,11,14,t1,10,1529
2023,11,17,t1,10,189
2023,11,18,t1,10,245
2023,11,19,t1,10,196
2023,11,20,t1,10,158
2023,11,21,t1,10,199
2023,11,22,t1,10,179
2023,11,23,t1,10,51
2023,11,24,t1,10,164
2023,11,25,t1,10,117
2023,11,t1,t1,10,7807
2023,11,01,t1,20,6506
2023,11,03,t1,20,243
2023,11,04,t1,20,158
2023,11,05,t1,20,253
2023,11,06,t1,20,428
2023,11,07,t1,20,119
2023,11,08,t1,20,116
2023,11,09,t1,20,15
2023,11,10,t1,20,50
2023,11,12,t1,20,1914
2023,11,13,t1,20,268
2023,11,14,t1,20,1424
2023,11,17,t1,20,244
2023,11,18,t1,20,209
2023,11,19,t1,20,143
2023,11,20,t1,20,201
2023,11,21,t1,20,113
2023,11,22,t1,20,139
2023,11,23,t1,20,70
2023,11,24,t1,20,155
2023,11,25,t1,20,212
2023,11,t1,t1,20,12980
2023,11,01,t1,30,1518
2023,11,03,t1,30,117
2023,11,04,t1,30,62
2023,11,05,t1,30,178
2023,11,06,t1,30,243
2023,11,07,t1,30,61
2023,11,08,t1,30,109
2023,11,09,t1,30,14
2023,11,10,t1,30,55
2023,11,12,t1,30,678
2023,11,13,t1,30,116
2023,11,14,t1,30,1209
2023,11,17,t1,30,195
2023,11,18,t1,30,67
2023,11,19,t1,30,57
2023,11,20,t1,30,60
2023,11,21,t1,30,131
2023,11,22,t1,30,50
2023,11,23,t1,30,26
2023,11,24,t1,30,134
2023,11,25,t1,30,61
2023,11,t1,t1,30,5141
2023,11,01,t1,t1,9789
2023,11,03,t1,t1,647
2023,11,04,t1,t1,465
2023,11,05,t1,t1,805
2023,11,06,t1,t1,938
2023,11,07,t1,t1,330
2023,11,08,t1,t1,384
2023,11,09,t1,t1,54
2023,11,10,t1,t1,213
2023,11,12,t1,t1,3664
2023,11,13,t1,t1,712
2023,11,14,t1,t1,4162
2023,11,17,t1,t1,628
2023,11,18,t1,t1,521
2023,11,19,t1,t1,396
2023,11,20,t1,t1,419
2023,11,21,t1,t1,443
2023,11,22,t1,t1,368
2023,11,23,t1,t1,147
2023,11,24,t1,t1,453
2023,11,25,t1,t1,390
2023,11,t1,t1,t1,25928
2023,12,01,101,10,548
2023,12,03,101,10,44
2023,12,04,101,10,54
2023,12,05,101,10,111
2023,12,06,101,10,95
2023,12,07,101,10,53
2023,12,08,101,10,61
2023,12,09,101,10,7
2023,12,10,101,10,34
2023,12,12,101,10,364
2023,12,13,101,10,99
2023,12,14,101,10,447
2023,12,17,101,10,51
2023,12,18,101,10,58
2023,12,19,101,10,64
2023,12,20,101,10,33
2023,12,21,101,10,52
2023,12,22,101,10,20
2023,12,23,101,10,9
2023,12,24,101,10,17
2023,12,25,101,10,20
2023,12,t1,101,10,2241
2023,12,01,101,20,1143
2023,12,03,101,20,23
2023,12,04,101,20,25
2023,12,05,101,20,38
2023,12,06,101,20,69
2023,12,07,101,20,13
2023,12,08,101,20,18
2023,12,09,101,20,8
2023,12,10,101,20,15
2023,12,12,101,20,221
2023,12,13,101,20,36
2023,12,14,101,20,148
2023,12,17,101,20,29
2023,12,18,101,20,13
2023,12,19,101,20,15
2023,12,20,101,20,12
2023,12,21,101,20,9
2023,12,22,101,20,7
2023,12,23,101,20,4
2023,12,24,101,20,9
2023,12,25,101,20,18
2023,12,t1,101,20,1873
2023,12,01,101,30,299
2023,12,03,101,30,23
2023,12,04,101,30,78
2023,12,05,101,30,50
2023,12,06,101,30,109
2023,12,07,101,30,28
2023,12,08,101,30,47
2023,12,10,101,30,23
2023,12,12,101,30,292
2023,12,13,101,30,26
2023,12,14,101,30,522
2023,12,17,101,30,55
2023,12,18,101,30,39
2023,12,19,101,30,59
2023,12,20,101,30,22
2023,12,21,101,30,99
2023,12,22,101,30,32
2023,12,23,101,30,42
2023,12,24,101,30,51
2023,12,25,101,30,32
2023,12,t1,101,30,1928
2023,12,01,101,t1,1990
2023,12,03,101,t1,90
2023,12,04,101,t1,157
2023,12,05,101,t1,199
2023,12,06,101,t1,273
2023,12,07,101,t1,94
2023,12,08,101,t1,126
2023,12,09,101,t1,15
2023,12,10,101,t1,72
2023,12,12,101,t1,877
2023,12,13,101,t1,161
2023,12,14,101,t1,1117
2023,12,17,101,t1,135
2023,12,18,101,t1,110
2023,12,19,101,t1,138
2023,12,20,101,t1,67
2023,12,21,101,t1,160
2023,12,22,101,t1,59
2023,12,23,101,t1,55
2023,12,24,101,t1,77
2023,12,25,101,t1,70
2023,12,t1,101,t1,6042
2023,12,01,102,10,69
2023,12,03,102,10,7
2023,12,04,102,10,7
2023,12,05,102,10,8
2023,12,06,102,10,15
2023,12,07,102,10,11
2023,12,08,102,10,11
2023,12,10,102,10,9
2023,12,12,102,10,48
2023,12,13,102,10,10
2023,12,14,102,10,61
2023,12,17,102,10,10
2023,12,18,102,10,16
2023,12,19,102,10,12
2023,12,20,102,10,6
2023,12,21,102,10,10
2023,12,22,102,10,8
2023,12,23,102,10,8
2023,12,24,102,10,7
2023,12,25,102,10,6
2023,12,t1,102,10,339
2023,12,01,102,20,471
2023,12,03,102,20,27
2023,12,04,102,20,21
2023,12,05,102,20,29
2023,12,06,102,20,42
2023,12,07,102,20,28
2023,12,08,102,20,17
2023,12,09,102,20,4
2023,12,10,102,20,4
2023,12,12,102,20,249
2023,12,13,102,20,13
2023,12,14,102,20,134
2023,12,17,102,20,49
2023,12,18,102,20,33
2023,12,19,102,20,24
2023,12,20,102,20,24
2023,12,21,102,20,14
2023,12,22,102,20,19
2023,12,23,102,20,17
2023,12,24,102,20,15
2023,12,25,102,20,36
2023,12,t1,102,20,1270
2023,12,01,102,30,59
2023,12,03,102,30,6
2023,12,04,102,30,38
2023,12,05,102,30,7
2023,12,06,102,30,27
2023,12,07,102,30,17
2023,12,08,102,30,28
2023,12,10,102,30,3
2023,12,12,102,30,85
2023,12,13,102,30,14
2023,12,14,102,30,108
2023,12,17,102,30,16
2023,12,18,102,30,16
2023,12,19,102,30,7
2023,12,20,102,30,7
2023,12,21,102,30,23
2023,12,22,102,30,47
2023,12,23,102,30,21
2023,12,24,102,30,52
2023,12,25,102,30,12
2023,12,t1,102,30,593
2023,12,01,102,t1,599
2023,12,03,102,t1,40
2023,12,04,102,t1,66
2023,12,05,102,t1,44
2023,12,06,102,t1,84
2023,12,07,102,t1,56
2023,12,08,102,t1,56
2023,12,09,102,t1,4
2023,12,10,102,t1,16
2023,12,12,102,t1,382
2023,12,13,102,t1,37
2023,12,14,102,t1,303
2023,12,17,102,t1,75
2023,12,18,102,t1,65
2023,12,19,102,t1,43
2023,12,20,102,t1,37
2023,12,21,102,t1,47
2023,12,22,102,t1,74
2023,12,23,102,t1,46
2023,12,24,102,t1,74
2023,12,25,102,t1,54
2023,12,t1,102,t1,2202
2023,12,01,103,10,984
2023,12,03,103,10,138
2023,12,04,103,10,86
2023,12,05,103,10,112
2023,12,06,103,10,106
2023,12,07,103,10,46
2023,12,08,103,10,46
2023,12,09,103,10,15
2023,12,10,103,10,27
2023,12,12,103,10,453
2023,12,13,103,10,155
2023,12,14,103,10,557
2023,12,17,103,10,55
2023,12,18,103,10,78
2023,12,19,103,10,85
2023,12,20,103,10,82
2023,12,21,103,10,76
2023,12,22,103,10,62
2023,12,23,103,10,33
2023,12,24,103,10,86
2023,12,25,103,10,40
2023,12,t1,103,10,3322
2023,12,01,103,20,3281
2023,12,03,103,20,84
2023,12,04,103,20,88
2023,12,05,103,20,128
2023,12,06,103,20,131
2023,12,07,103,20,59
2023,12,08,103,20,48
2023,12,09,103,20,3
2023,12,10,103,20,22
2023,12,12,103,20,821
2023,12,13,103,20,136
2023,12,14,103,20,761
2023,12,17,103,20,79
2023,12,18,103,20,61
2023,12,19,103,20,91
2023,12,20,103,20,79
2023,12,21,103,20,51
2023,12,22,103,20,81
2023,12,23,103,20,43
2023,12,24,103,20,83
2023,12,25,103,20,69
2023,12,t1,103,20,6199
2023,12,01,103,30,585
2023,12,03,103,30,29
2023,12,04,103,30,42
2023,12,05,103,30,53
2023,12,06,103,30,137
2023,12,07,103,30,35
2023,12,08,103,30,50
2023,12,09,103,30,5
2023,12,10,103,30,11
2023,12,12,103,30,232
2023,12,13,103,30,32
2023,12,14,103,30,390
2023,12,17,103,30,30
2023,12,18,103,30,42
2023,12,19,103,30,28
2023,12,20,103,30,31
2023,12,21,103,30,59
2023,12,22,103,30,15
2023,12,23,103,30,5
2023,12,24,103,30,46
2023,12,25,103,30,30
2023,12,t1,103,30,1887
2023,12,01,103,t1,4850
2023,12,03,103,t1,251
2023,12,04,103,t1,216
2023,12,05,103,t1,293
2023,12,06,103,t1,374
2023,12,07,103,t1,140
2023,12,08,103,t1,144
2023,12,09,103,t1,23
2023,12,10,103,t1,60
2023,12,12,103,t1,1506
2023,12,13,103,t1,323
2023,12,14,103,t1,1708
2023,12,17,103,t1,164
2023,12,18,103,t1,181
2023,12,19,103,t1,204
2023,12,20,103,t1,192
2023,12,21,103,t1,186
2023,12,22,103,t1,158
2023,12,23,103,t1,81
2023,12,24,103,t1,215
2023,12,25,103,t1,139
2023,12,t1,103,t1,11408
2023,12,01,104,10,209
2023,12,03,104,10,39
2023,12,04,104,10,22
2023,12,05,104,10,50
2023,12,06,104,10,24
2023,12,07,104,10,9
2023,12,08,104,10,14
2023,12,09,104,10,1
2023,12,10,104,10,13
2023,12,12,104,10,143
2023,12,13,104,10,20
2023,12,14,104,10,181
2023,12,17,104,10,20
2023,12,18,104,10,25
2023,12,19,104,10,15
2023,12,20,104,10,13
2023,12,21,104,10,33
2023,12,22,104,10,16
2023,12,23,104,10,6
2023,12,24,104,10,11
2023,12,25,104,10,12
2023,12,t1,104,10,876
2023,12,01,104,20,257
2023,12,03,104,20,27
2023,12,04,104,20,5
2023,12,05,104,20,18
2023,12,06,104,20,8
2023,12,07,104,20,5
2023,12,08,104,20,6
2023,12,10,104,20,3
2023,12,12,104,20,89
2023,12,13,104,20,7
2023,12,14,104,20,89
2023,12,17,104,20,12
2023,12,18,104,20,21
2023,12,19,104,20,10
2023,12,20,104,20,22
2023,12,21,104,20,12
2023,12,22,104,20,3
2023,12,23,104,20,14
2023,12,24,104,20,9
2023,12,25,104,20,19
2023,12,t1,104,20,636
2023,12,01,104,30,232
2023,12,03,104,30,13
2023,12,04,104,30,22
2023,12,05,104,30,49
2023,12,06,104,30,51
2023,12,07,104,30,16
2023,12,08,104,30,19
2023,12,09,104,30,2
2023,12,10,104,30,5
2023,12,12,104,30,46
2023,12,13,104,30,13
2023,12,14,104,30,273
2023,12,17,104,30,25
2023,12,18,104,30,23
2023,12,19,104,30,11
2023,12,20,104,30,19
2023,12,21,104,30,27
2023,12,22,104,30,12
2023,12,23,104,30,19
2023,12,24,104,30,50
2023,12,25,104,30,66
2023,12,t1,104,30,993
2023,12,01,104,t1,698
2023,12,03,104,t1,79
2023,12,04,104,t1,49
2023,12,05,104,t1,117
2023,12,06,104,t1,83
2023,12,07,104,t1,30
2023,12,08,104,t1,39
2023,12,09,104,t1,3
2023,12,10,104,t1,21
2023,12,12,104,t1,278
2023,12,13,104,t1,40
2023,12,14,104,t1,543
2023,12,17,104,t1,57
2023,12,18,104,t1,69
2023,12,19,104,t1,36
2023,12,20,104,t1,54
2023,12,21,104,t1,72
2023,12,22,104,t1,31
2023,12,23,104,t1,39
2023,12,24,104,t1,70
2023,12,25,104,t1,97
2023,12,t1,104,t1,2505
2023,12,01,105,10,397
2023,12,03,105,10,51
2023,12,04,105,10,53
2023,12,05,105,10,70
2023,12,06,105,10,36
2023,12,07,105,10,20
2023,12,08,105,10,30
2023,12,09,105,10,4
2023,12,10,105,10,23
2023,12,12,105,10,152
2023,12,13,105,10,51
2023,12,14,105,10,295
2023,12,17,105,10,32
2023,12,18,105,10,43
2023,12,19,105,10,41
2023,12,20,105,10,40
2023,12,21,105,10,34
2023,12,22,105,10,28
2023,12,23,105,10,8
2023,12,24,105,10,33
2023,12,25,105,10,29
2023,12,t1,105,10,1470
2023,12,01,105,20,2139
2023,12,03,105,20,56
2023,12,04,105,20,32
2023,12,05,105,20,81
2023,12,06,105,20,88
2023,12,07,105,20,52
2023,12,08,105,20,33
2023,12,09,105,20,3
2023,12,10,105,20,13
2023,12,12,105,20,710
2023,12,13,105,20,52
2023,12,14,105,20,377
2023,12,17,105,20,64
2023,12,18,105,20,56
2023,12,19,105,20,69
2023,12,20,105,20,65
2023,12,21,105,20,34
2023,12,22,105,20,40
2023,12,23,105,20,15
2023,12,24,105,20,33
2023,12,25,105,20,38
2023,12,t1,105,20,4050
2023,12,01,105,30,535
2023,12,03,105,30,37
2023,12,04,105,30,19
2023,12,05,105,30,60
2023,12,06,105,30,57
2023,12,07,105,30,21
2023,12,08,105,30,14
2023,12,09,105,30,3
2023,12,10,105,30,15
2023,12,12,105,30,240
2023,12,13,105,30,31
2023,12,14,105,30,282
2023,12,17,105,30,18
2023,12,18,105,30,22
2023,12,19,105,30,11
2023,12,20,105,30,23
2023,12,21,105,30,88
2023,12,22,105,30,28
2023,12,23,105,30,4
2023,12,24,105,30,61
2023,12,25,105,30,12
2023,12,t1,105,30,1581
2023,12,01,105,t1,3071
2023,12,03,105,t1,144
2023,12,04,105,t1,104
2023,12,05,105,t1,211
2023,12,06,105,t1,181
2023,12,07,105,t1,93
2023,12,08,105,t1,77
2023,12,09,105,t1,10
2023,12,10,105,t1,51
2023,12,12,105,t1,1102
2023,12,13,105,t1,134
2023,12,14,105,t1,954
2023,12,17,105,t1,114
2023,12,18,105,t1,121
2023,12,19,105,t1,121
2023,12,20,105,t1,128
2023,12,21,105,t1,156
2023,12,22,105,t1,96
2023,12,23,105,t1,27
2023,12,24,105,t1,127
2023,12,25,105,t1,79
2023,12,t1,105,t1,7101
2023,12,01,106,10,35
2023,12,03,106,10,5
2023,12,04,106,10,5
2023,12,05,106,10,10
2023,12,06,106,10,3
2023,12,07,106,10,3
2023,12,08,106,10,3
2023,12,10,106,10,3
2023,12,12,106,10,25
2023,12,13,106,10,10
2023,12,14,106,10,37
2023,12,17,106,10,2
2023,12,18,106,10,8
2023,12,19,106,10,8
2023,12,20,106,10,7
2023,12,21,106,10,4
2023,12,22,106,10,6
2023,12,23,106,10,3
2023,12,24,106,10,1
2023,12,25,106,10,1
2023,12,t1,106,10,179
2023,12,01,106,20,30
2023,12,03,106,20,4
2023,12,05,106,20,2
2023,12,06,106,20,3
2023,12,08,106,20,1
2023,12,10,106,20,8
2023,12,12,106,20,3
2023,12,13,106,20,1
2023,12,14,106,20,10
2023,12,17,106,20,6
2023,12,18,106,20,3
2023,12,20,106,20,3
2023,12,21,106,20,1
2023,12,22,106,20,1
2023,12,23,106,20,1
2023,12,24,106,20,1
2023,12,t1,106,20,78
2023,12,01,106,30,2
2023,12,09,106,30,1
2023,12,14,106,30,5
2023,12,17,106,30,2
2023,12,20,106,30,1
2023,12,21,106,30,1
2023,12,22,106,30,3
2023,12,23,106,30,6
2023,12,t1,106,30,21
2023,12,01,106,t1,67
2023,12,03,106,t1,9
2023,12,04,106,t1,5
2023,12,05,106,t1,12
2023,12,06,106,t1,6
2023,12,07,106,t1,3
2023,12,08,106,t1,4
2023,12,09,106,t1,1
2023,12,10,106,t1,11
2023,12,12,106,t1,28
2023,12,13,106,t1,11
2023,12,14,106,t1,52
2023,12,17,106,t1,10
2023,12,18,106,t1,11
2023,12,19,106,t1,8
2023,12,20,106,t1,11
2023,12,21,106,t1,6
2023,12,22,106,t1,10
2023,12,23,106,t1,10
2023,12,24,106,t1,2
2023,12,25,106,t1,1
2023,12,t1,106,t1,278
2023,12,13,107,10,1
2023,12,18,107,10,1
2023,12,t1,107,10,2
2023,12,01,107,20,24
2023,12,03,107,20,12
2023,12,07,107,20,17
2023,12,08,107,20,4
2023,12,09,107,20,7
2023,12,12,107,20,29
2023,12,14,107,20,18
2023,12,17,107,20,2
2023,12,18,107,20,10
2023,12,19,107,20,11
2023,12,20,107,20,1
2023,12,25,107,20,9
2023,12,t1,107,20,144
2023,12,06,107,30,10
2023,12,t1,107,30,10
2023,12,01,107,t1,24
2023,12,03,107,t1,12
2023,12,06,107,t1,10
2023,12,07,107,t1,17
2023,12,08,107,t1,4
2023,12,09,107,t1,7
2023,12,12,107,t1,29
2023,12,13,107,t1,1
2023,12,14,107,t1,18
2023,12,17,107,t1,2
2023,12,18,107,t1,11
2023,12,19,107,t1,11
2023,12,20,107,t1,1
2023,12,25,107,t1,9
2023,12,t1,107,t1,156
2023,12,12,109,10,1
2023,12,t1,109,10,1
2023,12,13,109,20,1
2023,12,t1,109,20,1
2023,12,12,109,t1,1
2023,12,13,109,t1,1
2023,12,t1,109,t1,2
2023,12,01,t1,10,2242
2023,12,03,t1,10,284
2023,12,04,t1,10,227
2023,12,05,t1,10,361
2023,12,06,t1,10,279
2023,12,07,t1,10,142
2023,12,08,t1,10,165
2023,12,09,t1,10,27
2023,12,10,t1,10,109
2023,12,12,t1,10,1186
2023,12,13,t1,10,346
2023,12,14,t1,10,1578
2023,12,17,t1,10,170
2023,12,18,t1,10,229
2023,12,19,t1,10,225
2023,12,20,t1,10,181
2023,12,21,t1,10,209
2023,12,22,t1,10,140
2023,12,23,t1,10,67
2023,12,24,t1,10,155
2023,12,25,t1,10,108
2023,12,t1,t1,10,8430
2023,12,01,t1,20,7345
2023,12,03,t1,20,233
2023,12,04,t1,20,171
2023,12,05,t1,20,296
2023,12,06,t1,20,341
2023,12,07,t1,20,174
2023,12,08,t1,20,127
2023,12,09,t1,20,25
2023,12,10,t1,20,65
2023,12,12,t1,20,2122
2023,12,13,t1,20,246
2023,12,14,t1,20,1537
2023,12,17,t1,20,241
2023,12,18,t1,20,197
2023,12,19,t1,20,220
2023,12,20,t1,20,206
2023,12,21,t1,20,121
2023,12,22,t1,20,151
2023,12,23,t1,20,94
2023,12,24,t1,20,150
2023,12,25,t1,20,189
2023,12,t1,t1,20,14251
2023,12,01,t1,30,1712
2023,12,03,t1,30,108
2023,12,04,t1,30,199
2023,12,05,t1,30,219
2023,12,06,t1,30,391
2023,12,07,t1,30,117
2023,12,08,t1,30,158
2023,12,09,t1,30,11
2023,12,10,t1,30,57
2023,12,12,t1,30,895
2023,12,13,t1,30,116
2023,12,14,t1,30,1580
2023,12,17,t1,30,146
2023,12,18,t1,30,142
2023,12,19,t1,30,116
2023,12,20,t1,30,103
2023,12,21,t1,30,297
2023,12,22,t1,30,137
2023,12,23,t1,30,97
2023,12,24,t1,30,260
2023,12,25,t1,30,152
2023,12,t1,t1,30,7013
2023,12,01,t1,t1,11299
2023,12,03,t1,t1,625
2023,12,04,t1,t1,597
2023,12,05,t1,t1,876
2023,12,06,t1,t1,1011
2023,12,07,t1,t1,433
2023,12,08,t1,t1,450
2023,12,09,t1,t1,63
2023,12,10,t1,t1,231
2023,12,12,t1,t1,4203
2023,12,13,t1,t1,708
2023,12,14,t1,t1,4695
2023,12,17,t1,t1,557
2023,12,18,t1,t1,568
2023,12,19,t1,t1,561
2023,12,20,t1,t1,490
2023,12,21,t1,t1,627
2023,12,22,t1,t1,428
2023,12,23,t1,t1,258
2023,12,24,t1,t1,565
2023,12,25,t1,t1,449
2023,12,t1,t1,t1,29694
2023,t1,01,101,t1,17130
2023,t1,03,101,t1,1620
2023,t1,04,101,t1,1406
2023,t1,05,101,t1,2328
2023,t1,06,101,t1,2707
2023,t1,07,101,t1,1050
2023,t1,08,101,t1,1498
2023,t1,09,101,t1,185
2023,t1,10,101,t1,882
2023,t1,12,101,t1,13566
2023,t1,13,101,t1,2016
2023,t1,14,101,t1,11160
2023,t1,17,101,t1,1767
2023,t1,18,101,t1,1412
2023,t1,19,101,t1,1220
2023,t1,20,101,t1,1232
2023,t1,21,101,t1,1269
2023,t1,22,101,t1,717
2023,t1,23,101,t1,283
2023,t1,24,101,t1,830
2023,t1,25,101,t1,499
2023,t1,t1,101,t1,64777
2023,t1,01,102,t1,7766
2023,t1,03,102,t1,709
2023,t1,04,102,t1,509
2023,t1,05,102,t1,782
2023,t1,06,102,t1,1013
2023,t1,07,102,t1,414
2023,t1,08,102,t1,578
2023,t1,09,102,t1,81
2023,t1,10,102,t1,255
2023,t1,12,102,t1,4327
2023,t1,13,102,t1,608
2023,t1,14,102,t1,3309
2023,t1,17,102,t1,1428
2023,t1,18,102,t1,576
2023,t1,19,102,t1,451
2023,t1,20,102,t1,605
2023,t1,21,102,t1,572
2023,t1,22,102,t1,743
2023,t1,23,102,t1,354
2023,t1,24,102,t1,708
2023,t1,25,102,t1,710
2023,t1,t1,102,t1,26498
2023,t1,01,103,t1,47543
2023,t1,03,103,t1,2972
2023,t1,04,103,t1,1850
2023,t1,05,103,t1,3310
2023,t1,06,103,t1,3193
2023,t1,07,103,t1,1412
2023,t1,08,103,t1,1427
2023,t1,09,103,t1,234
2023,t1,10,103,t1,799
2023,t1,12,103,t1,14573
2023,t1,13,103,t1,3124
2023,t1,14,103,t1,18197
2023,t1,17,103,t1,1688
2023,t1,18,103,t1,1863
2023,t1,19,103,t1,1741
2023,t1,20,103,t1,1728
2023,t1,21,103,t1,1623
2023,t1,22,103,t1,1527
2023,t1,23,103,t1,807
2023,t1,24,103,t1,1784
2023,t1,25,103,t1,1380
2023,t1,t1,103,t1,112775
2023,t1,01,104,t1,7164
2023,t1,03,104,t1,968
2023,t1,04,104,t1,546
2023,t1,05,104,t1,1377
2023,t1,06,104,t1,1241
2023,t1,07,104,t1,438
2023,t1,08,104,t1,408
2023,t1,09,104,t1,69
2023,t1,10,104,t1,306
2023,t1,12,104,t1,3195
2023,t1,13,104,t1,599
2023,t1,14,104,t1,5381
2023,t1,17,104,t1,712
2023,t1,18,104,t1,765
2023,t1,19,104,t1,355
2023,t1,20,104,t1,473
2023,t1,21,104,t1,738
2023,t1,22,104,t1,372
2023,t1,23,104,t1,235
2023,t1,24,104,t1,607
2023,t1,25,104,t1,591
2023,t1,t1,104,t1,26540
2023,t1,01,105,t1,26622
2023,t1,03,105,t1,1724
2023,t1,04,105,t1,1032
2023,t1,05,105,t1,1805
2023,t1,06,105,t1,1545
2023,t1,07,105,t1,872
2023,t1,08,105,t1,674
2023,t1,09,105,t1,83
2023,t1,10,105,t1,436
2023,t1,12,105,t1,8229
2023,t1,13,105,t1,1250
2023,t1,14,105,t1,8687
2023,t1,17,105,t1,1118
2023,t1,18,105,t1,1041
2023,t1,19,105,t1,1029
2023,t1,20,105,t1,1122
2023,t1,21,105,t1,936
2023,t1,22,105,t1,899
2023,t1,23,105,t1,305
2023,t1,24,105,t1,997
2023,t1,25,105,t1,829
2023,t1,t1,105,t1,61235
2023,t1,01,106,t1,1187
2023,t1,03,106,t1,152
2023,t1,04,106,t1,54
2023,t1,05,106,t1,156
2023,t1,06,106,t1,167
2023,t1,07,106,t1,53
2023,t1,08,106,t1,55
2023,t1,09,106,t1,43
2023,t1,10,106,t1,86
2023,t1,12,106,t1,551
2023,t1,13,106,t1,134
2023,t1,14,106,t1,637
2023,t1,17,106,t1,116
2023,t1,18,106,t1,93
2023,t1,19,106,t1,61
2023,t1,20,106,t1,114
2023,t1,21,106,t1,105
2023,t1,22,106,t1,147
2023,t1,23,106,t1,75
2023,t1,24,106,t1,116
2023,t1,25,106,t1,120
2023,t1,t1,106,t1,4222
2023,t1,01,107,t1,435
2023,t1,03,107,t1,60
2023,t1,04,107,t1,7
2023,t1,05,107,t1,15
2023,t1,06,107,t1,209
2023,t1,07,107,t1,110
2023,t1,08,107,t1,136
2023,t1,09,107,t1,89
2023,t1,10,107,t1,41
2023,t1,12,107,t1,362
2023,t1,13,107,t1,7
2023,t1,14,107,t1,250
2023,t1,17,107,t1,46
2023,t1,18,107,t1,51
2023,t1,19,107,t1,115
2023,t1,20,107,t1,6
2023,t1,21,107,t1,3
2023,t1,22,107,t1,25
2023,t1,23,107,t1,10
2023,t1,24,107,t1,16
2023,t1,25,107,t1,41
2023,t1,t1,107,t1,2034
2023,t1,01,109,t1,3
2023,t1,03,109,t1,2
2023,t1,05,109,t1,1
2023,t1,06,109,t1,2
2023,t1,07,109,t1,2
2023,t1,08,109,t1,1
2023,t1,12,109,t1,4
2023,t1,13,109,t1,2
2023,t1,14,109,t1,5
2023,t1,17,109,t1,1
2023,t1,21,109,t1,3
2023,t1,t1,109,t1,26
2023,t1,01,t1,t1,107850
2023,t1,03,t1,t1,8207
2023,t1,04,t1,t1,5404
2023,t1,05,t1,t1,9774
2023,t1,06,t1,t1,10077
2023,t1,07,t1,t1,4351
2023,t1,08,t1,t1,4777
2023,t1,09,t1,t1,784
2023,t1,10,t1,t1,2805
2023,t1,12,t1,t1,44807
2023,t1,13,t1,t1,7740
2023,t1,14,t1,t1,47626
2023,t1,17,t1,t1,6876
2023,t1,18,t1,t1,5801
2023,t1,19,t1,t1,4972
2023,t1,20,t1,t1,5280
2023,t1,21,t1,t1,5249
2023,t1,22,t1,t1,4430
2023,t1,23,t1,t1,2069
2023,t1,24,t1,t1,5058
2023,t1,25,t1,t1,4170
2023,t1,t1,t1,t1,298107
2024,01,01,101,10,365
2024,01,03,101,10,44
2024,01,04,101,10,45
2024,01,05,101,10,92
2024,01,06,101,10,50
2024,01,07,101,10,32
2024,01,08,101,10,44
2024,01,09,101,10,10
2024,01,10,101,10,20
2024,01,12,101,10,257
2024,01,13,101,10,89
2024,01,14,101,10,341
2024,01,17,101,10,36
2024,01,18,101,10,61
2024,01,19,101,10,35
2024,01,20,101,10,26
2024,01,21,101,10,42
2024,01,22,101,10,21
2024,01,23,101,10,4
2024,01,24,101,10,14
2024,01,25,101,10,16
2024,01,t1,101,10,1644
2024,01,01,101,20,539
2024,01,03,101,20,47
2024,01,04,101,20,8
2024,01,05,101,20,16
2024,01,06,101,20,33
2024,01,07,101,20,9
2024,01,08,101,20,25
2024,01,10,101,20,8
2024,01,12,101,20,183
2024,01,13,101,20,31
2024,01,14,101,20,86
2024,01,17,101,20,29
2024,01,18,101,20,20
2024,01,19,101,20,8
2024,01,20,101,20,12
2024,01,21,101,20,15
2024,01,22,101,20,13
2024,01,23,101,20,8
2024,01,24,101,20,19
2024,01,25,101,20,15
2024,01,t1,101,20,1124
2024,01,01,101,30,379
2024,01,03,101,30,21
2024,01,04,101,30,17
2024,01,05,101,30,18
2024,01,06,101,30,16
2024,01,07,101,30,10
2024,01,08,101,30,6
2024,01,09,101,30,1
2024,01,10,101,30,8
2024,01,12,101,30,250
2024,01,13,101,30,18
2024,01,14,101,30,433
2024,01,17,101,30,12
2024,01,18,101,30,12
2024,01,19,101,30,22
2024,01,20,101,30,23
2024,01,21,101,30,32
2024,01,22,101,30,3
2024,01,23,101,30,3
2024,01,24,101,30,24
2024,01,25,101,30,2
2024,01,t1,101,30,1310
2024,01,01,101,t1,1283
2024,01,03,101,t1,112
2024,01,04,101,t1,70
2024,01,05,101,t1,126
2024,01,06,101,t1,99
2024,01,07,101,t1,51
2024,01,08,101,t1,75
2024,01,09,101,t1,11
2024,01,10,101,t1,36
2024,01,12,101,t1,690
2024,01,13,101,t1,138
2024,01,14,101,t1,860
2024,01,17,101,t1,77
2024,01,18,101,t1,93
2024,01,19,101,t1,65
2024,01,20,101,t1,61
2024,01,21,101,t1,89
2024,01,22,101,t1,37
2024,01,23,101,t1,15
2024,01,24,101,t1,57
2024,01,25,101,t1,33
2024,01,t1,101,t1,4078
2024,01,01,102,10,49
2024,01,03,102,10,9
2024,01,04,102,10,7
2024,01,05,102,10,9
2024,01,06,102,10,6
2024,01,07,102,10,4
2024,01,08,102,10,9
2024,01,10,102,10,1
2024,01,12,102,10,33
2024,01,13,102,10,6
2024,01,14,102,10,32
2024,01,17,102,10,10
2024,01,18,102,10,11
2024,01,19,102,10,4
2024,01,20,102,10,4
2024,01,21,102,10,2
2024,01,22,102,10,8
2024,01,23,102,10,4
2024,01,24,102,10,7
2024,01,25,102,10,7
2024,01,t1,102,10,222
2024,01,01,102,20,456
2024,01,03,102,20,47
2024,01,04,102,20,16
2024,01,05,102,20,30
2024,01,06,102,20,86
2024,01,07,102,20,14
2024,01,08,102,20,26
2024,01,09,102,20,9
2024,01,10,102,20,6
2024,01,12,102,20,221
2024,01,13,102,20,7
2024,01,14,102,20,69
2024,01,17,102,20,51
2024,01,18,102,20,15
2024,01,19,102,20,38
2024,01,20,102,20,19
2024,01,21,102,20,30
2024,01,22,102,20,28
2024,01,23,102,20,11
2024,01,24,102,20,44
2024,01,25,102,20,38
2024,01,t1,102,20,1261
2024,01,01,102,30,46
2024,01,03,102,30,4
2024,01,04,102,30,5
2024,01,05,102,30,2
2024,01,06,102,30,14
2024,01,07,102,30,3
2024,01,08,102,30,2
2024,01,10,102,30,1
2024,01,12,102,30,56
2024,01,13,102,30,2
2024,01,14,102,30,42
2024,01,17,102,30,55
2024,01,18,102,30,1
2024,01,19,102,30,5
2024,01,20,102,30,4
2024,01,21,102,30,8
2024,01,22,102,30,19
2024,01,23,102,30,12
2024,01,24,102,30,42
2024,01,25,102,30,84
2024,01,t1,102,30,407
2024,01,01,102,t1,551
2024,01,03,102,t1,60
2024,01,04,102,t1,28
2024,01,05,102,t1,41
2024,01,06,102,t1,106
2024,01,07,102,t1,21
2024,01,08,102,t1,37
2024,01,09,102,t1,9
2024,01,10,102,t1,8
2024,01,12,102,t1,310
2024,01,13,102,t1,15
2024,01,14,102,t1,143
2024,01,17,102,t1,116
2024,01,18,102,t1,27
2024,01,19,102,t1,47
2024,01,20,102,t1,27
2024,01,21,102,t1,40
2024,01,22,102,t1,55
2024,01,23,102,t1,27
2024,01,24,102,t1,93
2024,01,25,102,t1,129
2024,01,t1,102,t1,1890
2024,01,01,103,10,222
2024,01,03,103,10,25
2024,01,04,103,10,29
2024,01,05,103,10,27
2024,01,06,103,10,29
2024,01,07,103,10,15
2024,01,08,103,10,16
2024,01,09,103,10,5
2024,01,10,103,10,11
2024,01,12,103,10,129
2024,01,13,103,10,29
2024,01,14,103,10,165
2024,01,17,103,10,19
2024,01,18,103,10,25
2024,01,19,103,10,31
2024,01,20,103,10,12
2024,01,21,103,10,16
2024,01,22,103,10,22
2024,01,23,103,10,10
2024,01,24,103,10,23
2024,01,25,103,10,7
2024,01,t1,103,10,867
2024,01,01,103,20,1658
2024,01,03,103,20,49
2024,01,04,103,20,45
2024,01,05,103,20,52
2024,01,06,103,20,65
2024,01,07,103,20,24
2024,01,08,103,20,24
2024,01,09,103,20,1
2024,01,10,103,20,11
2024,01,12,103,20,392
2024,01,13,103,20,69
2024,01,14,103,20,391
2024,01,17,103,20,21
2024,01,18,103,20,36
2024,01,19,103,20,25
2024,01,20,103,20,24
2024,01,21,103,20,20
2024,01,22,103,20,17
2024,01,23,103,20,16
2024,01,24,103,20,43
2024,01,25,103,20,30
2024,01,t1,103,20,3013
2024,01,01,103,30,541
2024,01,03,103,30,21
2024,01,04,103,30,38
2024,01,05,103,30,23
2024,01,06,103,30,40
2024,01,07,103,30,13
2024,01,08,103,30,31
2024,01,09,103,30,4
2024,01,10,103,30,14
2024,01,12,103,30,188
2024,01,13,103,30,26
2024,01,14,103,30,111
2024,01,17,103,30,18
2024,01,18,103,30,14
2024,01,19,103,30,25
2024,01,20,103,30,23
2024,01,21,103,30,21
2024,01,22,103,30,7
2024,01,24,103,30,19
2024,01,25,103,30,11
2024,01,t1,103,30,1188
2024,01,01,103,t1,2421
2024,01,03,103,t1,95
2024,01,04,103,t1,112
2024,01,05,103,t1,102
2024,01,06,103,t1,134
2024,01,07,103,t1,52
2024,01,08,103,t1,71
2024,01,09,103,t1,10
2024,01,10,103,t1,36
2024,01,12,103,t1,709
2024,01,13,103,t1,124
2024,01,14,103,t1,667
2024,01,17,103,t1,58
2024,01,18,103,t1,75
2024,01,19,103,t1,81
2024,01,20,103,t1,59
2024,01,21,103,t1,57
2024,01,22,103,t1,46
2024,01,23,103,t1,26
2024,01,24,103,t1,85
2024,01,25,103,t1,48
2024,01,t1,103,t1,5068
2024,01,01,104,10,194
2024,01,03,104,10,46
2024,01,04,104,10,17
2024,01,05,104,10,50
2024,01,06,104,10,35
2024,01,07,104,10,6
2024,01,08,104,10,17
2024,01,09,104,10,3
2024,01,10,104,10,16
2024,01,12,104,10,108
2024,01,13,104,10,21
2024,01,14,104,10,116
2024,01,17,104,10,16
2024,01,18,104,10,19
2024,01,19,104,10,17
2024,01,20,104,10,24
2024,01,21,104,10,18
2024,01,22,104,10,9
2024,01,23,104,10,5
2024,01,24,104,10,7
2024,01,25,104,10,9
2024,01,t1,104,10,753
2024,01,01,104,20,224
2024,01,03,104,20,27
2024,01,04,104,20,9
2024,01,05,104,20,9
2024,01,06,104,20,50
2024,01,07,104,20,3
2024,01,08,104,20,3
2024,01,09,104,20,1
2024,01,10,104,20,7
2024,01,12,104,20,77
2024,01,13,104,20,9
2024,01,14,104,20,77
2024,01,17,104,20,12
2024,01,18,104,20,25
2024,01,19,104,20,3
2024,01,20,104,20,14
2024,01,21,104,20,38
2024,01,22,104,20,2
2024,01,23,104,20,13
2024,01,24,104,20,10
2024,01,25,104,20,22
2024,01,t1,104,20,635
2024,01,01,104,30,142
2024,01,03,104,30,26
2024,01,04,104,30,17
2024,01,05,104,30,50
2024,01,06,104,30,36
2024,01,07,104,30,7
2024,01,08,104,30,8
2024,01,09,104,30,2
2024,01,10,104,30,3
2024,01,12,104,30,48
2024,01,13,104,30,18
2024,01,14,104,30,163
2024,01,17,104,30,11
2024,01,18,104,30,42
2024,01,19,104,30,8
2024,01,20,104,30,9
2024,01,21,104,30,28
2024,01,22,104,30,19
2024,01,23,104,30,6
2024,01,24,104,30,23
2024,01,25,104,30,5
2024,01,t1,104,30,671
2024,01,01,104,t1,560
2024,01,03,104,t1,99
2024,01,04,104,t1,43
2024,01,05,104,t1,109
2024,01,06,104,t1,121
2024,01,07,104,t1,16
2024,01,08,104,t1,28
2024,01,09,104,t1,6
2024,01,10,104,t1,26
2024,01,12,104,t1,233
2024,01,13,104,t1,48
2024,01,14,104,t1,356
2024,01,17,104,t1,39
2024,01,18,104,t1,86
2024,01,19,104,t1,28
2024,01,20,104,t1,47
2024,01,21,104,t1,84
2024,01,22,104,t1,30
2024,01,23,104,t1,24
2024,01,24,104,t1,40
2024,01,25,104,t1,36
2024,01,t1,104,t1,2059
2024,01,01,105,10,185
2024,01,03,105,10,37
2024,01,04,105,10,22
2024,01,05,105,10,31
2024,01,06,105,10,12
2024,01,07,105,10,18
2024,01,08,105,10,14
2024,01,09,105,10,2
2024,01,10,105,10,8
2024,01,12,105,10,84
2024,01,13,105,10,21
2024,01,14,105,10,152
2024,01,17,105,10,19
2024,01,18,105,10,25
2024,01,19,105,10,28
2024,01,20,105,10,23
2024,01,21,105,10,13
2024,01,22,105,10,18
2024,01,23,105,10,7
2024,01,24,105,10,24
2024,01,25,105,10,9
2024,01,t1,105,10,752
2024,01,01,105,20,1452
2024,01,03,105,20,103
2024,01,04,105,20,28
2024,01,05,105,20,76
2024,01,06,105,20,51
2024,01,07,105,20,29
2024,01,08,105,20,20
2024,01,09,105,20,1
2024,01,10,105,20,10
2024,01,12,105,20,280
2024,01,13,105,20,62
2024,01,14,105,20,200
2024,01,17,105,20,42
2024,01,18,105,20,37
2024,01,19,105,20,22
2024,01,20,105,20,30
2024,01,21,105,20,18
2024,01,22,105,20,13
2024,01,23,105,20,13
2024,01,24,105,20,18
2024,01,25,105,20,25
2024,01,t1,105,20,2530
2024,01,01,105,30,149
2024,01,03,105,30,25
2024,01,04,105,30,15
2024,01,05,105,30,28
2024,01,06,105,30,43
2024,01,07,105,30,21
2024,01,08,105,30,15
2024,01,09,105,30,2
2024,01,10,105,30,1
2024,01,12,105,30,185
2024,01,13,105,30,21
2024,01,14,105,30,178
2024,01,17,105,30,12
2024,01,18,105,30,20
2024,01,19,105,30,18
2024,01,20,105,30,10
2024,01,21,105,30,29
2024,01,22,105,30,21
2024,01,23,105,30,2
2024,01,24,105,30,11
2024,01,25,105,30,7
2024,01,t1,105,30,813
2024,01,01,105,t1,1786
2024,01,03,105,t1,165
2024,01,04,105,t1,65
2024,01,05,105,t1,135
2024,01,06,105,t1,106
2024,01,07,105,t1,68
2024,01,08,105,t1,49
2024,01,09,105,t1,5
2024,01,10,105,t1,19
2024,01,12,105,t1,549
2024,01,13,105,t1,104
2024,01,14,105,t1,530
2024,01,17,105,t1,73
2024,01,18,105,t1,82
2024,01,19,105,t1,68
2024,01,20,105,t1,63
2024,01,21,105,t1,60
2024,01,22,105,t1,52
2024,01,23,105,t1,22
2024,01,24,105,t1,53
2024,01,25,105,t1,41
2024,01,t1,105,t1,4095
2024,01,01,106,10,62
2024,01,03,106,10,8
2024,01,04,106,10,14
2024,01,05,106,10,11
2024,01,06,106,10,12
2024,01,07,106,10,2
2024,01,08,106,10,2
2024,01,10,106,10,15
2024,01,12,106,10,24
2024,01,13,106,10,16
2024,01,14,106,10,57
2024,01,17,106,10,5
2024,01,18,106,10,6
2024,01,19,106,10,9
2024,01,20,106,10,8
2024,01,21,106,10,19
2024,01,22,106,10,4
2024,01,23,106,10,1
2024,01,24,106,10,4
2024,01,25,106,10,6
2024,01,t1,106,10,285
2024,01,01,106,20,20
2024,01,03,106,20,7
2024,01,05,106,20,6
2024,01,06,106,20,4
2024,01,12,106,20,13
2024,01,14,106,20,15
2024,01,17,106,20,4
2024,01,18,106,20,2
2024,01,20,106,20,5
2024,01,21,106,20,4
2024,01,22,106,20,1
2024,01,23,106,20,6
2024,01,24,106,20,4
2024,01,25,106,20,3
2024,01,t1,106,20,94
2024,01,01,106,30,8
2024,01,03,106,30,1
2024,01,04,106,30,3
2024,01,05,106,30,3
2024,01,06,106,30,1
2024,01,07,106,30,1
2024,01,08,106,30,2
2024,01,10,106,30,1
2024,01,12,106,30,9
2024,01,13,106,30,4
2024,01,14,106,30,9
2024,01,18,106,30,2
2024,01,20,106,30,1
2024,01,22,106,30,8
2024,01,23,106,30,7
2024,01,25,106,30,1
2024,01,t1,106,30,61
2024,01,01,106,t1,90
2024,01,03,106,t1,16
2024,01,04,106,t1,17
2024,01,05,106,t1,20
2024,01,06,106,t1,17
2024,01,07,106,t1,3
2024,01,08,106,t1,4
2024,01,10,106,t1,16
2024,01,12,106,t1,46
2024,01,13,106,t1,20
2024,01,14,106,t1,81
2024,01,17,106,t1,9
2024,01,18,106,t1,10
2024,01,19,106,t1,9
2024,01,20,106,t1,14
2024,01,21,106,t1,23
2024,01,22,106,t1,13
2024,01,23,106,t1,14
2024,01,24,106,t1,8
2024,01,25,106,t1,10
2024,01,t1,106,t1,440
2024,01,01,107,10,1
2024,01,24,107,10,1
2024,01,t1,107,10,2
2024,01,01,107,20,42
2024,01,03,107,20,2
2024,01,04,107,20,1
2024,01,06,107,20,8
2024,01,07,107,20,4
2024,01,08,107,20,2
2024,01,12,107,20,86
2024,01,14,107,20,9
2024,01,18,107,20,3
2024,01,19,107,20,2
2024,01,23,107,20,1
2024,01,t1,107,20,160
2024,01,06,107,30,14
2024,01,07,107,30,1
2024,01,t1,107,30,15
2024,01,01,107,t1,43
2024,01,03,107,t1,2
2024,01,04,107,t1,1
2024,01,06,107,t1,22
2024,01,07,107,t1,5
2024,01,08,107,t1,2
2024,01,12,107,t1,86
2024,01,14,107,t1,9
2024,01,18,107,t1,3
2024,01,19,107,t1,2
2024,01,23,107,t1,1
2024,01,24,107,t1,1
2024,01,t1,107,t1,177
2024,01,13,109,20,2
2024,01,t1,109,20,2
2024,01,13,109,t1,2
2024,01,t1,109,t1,2
2024,01,01,t1,10,1078
2024,01,03,t1,10,169
2024,01,04,t1,10,134
2024,01,05,t1,10,220
2024,01,06,t1,10,144
2024,01,07,t1,10,77
2024,01,08,t1,10,102
2024,01,09,t1,10,20
2024,01,10,t1,10,71
2024,01,12,t1,10,635
2024,01,13,t1,10,182
2024,01,14,t1,10,863
2024,01,17,t1,10,105
2024,01,18,t1,10,147
2024,01,19,t1,10,124
2024,01,20,t1,10,97
2024,01,21,t1,10,110
2024,01,22,t1,10,82
2024,01,23,t1,10,31
2024,01,24,t1,10,80
2024,01,25,t1,10,54
2024,01,t1,t1,10,4525
2024,01,01,t1,20,4391
2024,01,03,t1,20,282
2024,01,04,t1,20,107
2024,01,05,t1,20,189
2024,01,06,t1,20,297
2024,01,07,t1,20,83
2024,01,08,t1,20,100
2024,01,09,t1,20,12
2024,01,10,t1,20,42
2024,01,12,t1,20,1252
2024,01,13,t1,20,180
2024,01,14,t1,20,847
2024,01,17,t1,20,159
2024,01,18,t1,20,138
2024,01,19,t1,20,98
2024,01,20,t1,20,104
2024,01,21,t1,20,125
2024,01,22,t1,20,74
2024,01,23,t1,20,68
2024,01,24,t1,20,138
2024,01,25,t1,20,133
2024,01,t1,t1,20,8819
2024,01,01,t1,30,1265
2024,01,03,t1,30,98
2024,01,04,t1,30,95
2024,01,05,t1,30,124
2024,01,06,t1,30,164
2024,01,07,t1,30,56
2024,01,08,t1,30,64
2024,01,09,t1,30,9
2024,01,10,t1,30,28
2024,01,12,t1,30,736
2024,01,13,t1,30,89
2024,01,14,t1,30,936
2024,01,17,t1,30,108
2024,01,18,t1,30,91
2024,01,19,t1,30,78
2024,01,20,t1,30,70
2024,01,21,t1,30,118
2024,01,22,t1,30,77
2024,01,23,t1,30,30
2024,01,24,t1,30,119
2024,01,25,t1,30,110
2024,01,t1,t1,30,4465
2024,01,01,t1,t1,6734
2024,01,03,t1,t1,549
2024,01,04,t1,t1,336
2024,01,05,t1,t1,533
2024,01,06,t1,t1,605
2024,01,07,t1,t1,216
2024,01,08,t1,t1,266
2024,01,09,t1,t1,41
2024,01,10,t1,t1,141
2024,01,12,t1,t1,2623
2024,01,13,t1,t1,451
2024,01,14,t1,t1,2646
2024,01,17,t1,t1,372
2024,01,18,t1,t1,376
2024,01,19,t1,t1,300
2024,01,20,t1,t1,271
2024,01,21,t1,t1,353
2024,01,22,t1,t1,233
2024,01,23,t1,t1,129
2024,01,24,t1,t1,337
2024,01,25,t1,t1,297
2024,01,t1,t1,t1,17809
2024,02,01,101,10,446
2024,02,03,101,10,54
2024,02,04,101,10,49
2024,02,05,101,10,83
2024,02,06,101,10,88
2024,02,07,101,10,49
2024,02,08,101,10,45
2024,02,09,101,10,10
2024,02,10,101,10,37
2024,02,12,101,10,342
2024,02,13,101,10,94
2024,02,14,101,10,407
2024,02,17,101,10,60
2024,02,18,101,10,59
2024,02,19,101,10,45
2024,02,20,101,10,22
2024,02,21,101,10,42
2024,02,22,101,10,13
2024,02,23,101,10,9
2024,02,24,101,10,19
2024,02,25,101,10,12
2024,02,t1,101,10,1985
2024,02,01,101,20,1029
2024,02,03,101,20,71
2024,02,04,101,20,12
2024,02,05,101,20,41
2024,02,06,101,20,28
2024,02,07,101,20,11
2024,02,08,101,20,27
2024,02,09,101,20,1
2024,02,10,101,20,15
2024,02,12,101,20,169
2024,02,13,101,20,32
2024,02,14,101,20,102
2024,02,17,101,20,40
2024,02,18,101,20,19
2024,02,19,101,20,21
2024,02,20,101,20,22
2024,02,21,101,20,17
2024,02,22,101,20,14
2024,02,23,101,20,7
2024,02,24,101,20,12
2024,02,25,101,20,26
2024,02,t1,101,20,1716
2024,02,01,101,30,332
2024,02,03,101,30,13
2024,02,04,101,30,39
2024,02,05,101,30,25
2024,02,06,101,30,32
2024,02,07,101,30,14
2024,02,08,101,30,16
2024,02,10,101,30,27
2024,02,12,101,30,305
2024,02,13,101,30,23
2024,02,14,101,30,211
2024,02,17,101,30,19
2024,02,18,101,30,21
2024,02,19,101,30,21
2024,02,20,101,30,16
2024,02,21,101,30,10
2024,02,22,101,30,7
2024,02,23,101,30,1
2024,02,24,101,30,16
2024,02,25,101,30,19
2024,02,t1,101,30,1167
2024,02,01,101,t1,1807
2024,02,03,101,t1,138
2024,02,04,101,t1,100
2024,02,05,101,t1,149
2024,02,06,101,t1,148
2024,02,07,101,t1,74
2024,02,08,101,t1,88
2024,02,09,101,t1,11
2024,02,10,101,t1,79
2024,02,12,101,t1,816
2024,02,13,101,t1,149
2024,02,14,101,t1,720
2024,02,17,101,t1,119
2024,02,18,101,t1,99
2024,02,19,101,t1,87
2024,02,20,101,t1,60
2024,02,21,101,t1,69
2024,02,22,101,t1,34
2024,02,23,101,t1,17
2024,02,24,101,t1,47
2024,02,25,101,t1,57
2024,02,t1,101,t1,4868
2024,02,01,102,10,49
2024,02,03,102,10,8
2024,02,04,102,10,11
2024,02,05,102,10,7
2024,02,06,102,10,10
2024,02,07,102,10,7
2024,02,08,102,10,9
2024,02,10,102,10,6
2024,02,12,102,10,63
2024,02,13,102,10,12
2024,02,14,102,10,45
2024,02,17,102,10,8
2024,02,18,102,10,7
2024,02,19,102,10,7
2024,02,20,102,10,6
2024,02,21,102,10,5
2024,02,22,102,10,13
2024,02,23,102,10,6
2024,02,24,102,10,6
2024,02,25,102,10,9
2024,02,t1,102,10,294
2024,02,01,102,20,353
2024,02,03,102,20,20
2024,02,04,102,20,8
2024,02,05,102,20,16
2024,02,06,102,20,75
2024,02,07,102,20,43
2024,02,08,102,20,19
2024,02,09,102,20,2
2024,02,10,102,20,13
2024,02,12,102,20,169
2024,02,13,102,20,13
2024,02,14,102,20,88
2024,02,17,102,20,50
2024,02,18,102,20,17
2024,02,19,102,20,32
2024,02,20,102,20,27
2024,02,21,102,20,28
2024,02,22,102,20,24
2024,02,23,102,20,9
2024,02,24,102,20,12
2024,02,25,102,20,32
2024,02,t1,102,20,1050
2024,02,01,102,30,38
2024,02,03,102,30,1
2024,02,06,102,30,11
2024,02,07,102,30,2
2024,02,08,102,30,1
2024,02,10,102,30,2
2024,02,12,102,30,36
2024,02,13,102,30,4
2024,02,14,102,30,51
2024,02,17,102,30,34
2024,02,18,102,30,30
2024,02,19,102,30,3
2024,02,20,102,30,3
2024,02,21,102,30,4
2024,02,22,102,30,37
2024,02,23,102,30,24
2024,02,24,102,30,71
2024,02,25,102,30,65
2024,02,t1,102,30,417
2024,02,01,102,t1,440
2024,02,03,102,t1,29
2024,02,04,102,t1,19
2024,02,05,102,t1,23
2024,02,06,102,t1,96
2024,02,07,102,t1,52
2024,02,08,102,t1,29
2024,02,09,102,t1,2
2024,02,10,102,t1,21
2024,02,12,102,t1,268
2024,02,13,102,t1,29
2024,02,14,102,t1,184
2024,02,17,102,t1,92
2024,02,18,102,t1,54
2024,02,19,102,t1,42
2024,02,20,102,t1,36
2024,02,21,102,t1,37
2024,02,22,102,t1,74
2024,02,23,102,t1,39
2024,02,24,102,t1,89
2024,02,25,102,t1,106
2024,02,t1,102,t1,1761
2024,02,01,103,10,274
2024,02,03,103,10,31
2024,02,04,103,10,22
2024,02,05,103,10,52
2024,02,06,103,10,27
2024,02,07,103,10,16
2024,02,08,103,10,24
2024,02,09,103,10,2
2024,02,10,103,10,14
2024,02,12,103,10,151
2024,02,13,103,10,56
2024,02,14,103,10,223
2024,02,17,103,10,26
2024,02,18,103,10,23
2024,02,19,103,10,21
2024,02,20,103,10,15
2024,02,21,103,10,20
2024,02,22,103,10,13
2024,02,23,103,10,10
2024,02,24,103,10,24
2024,02,25,103,10,9
2024,02,t1,103,10,1053
2024,02,01,103,20,1818
2024,02,03,103,20,48
2024,02,04,103,20,60
2024,02,05,103,20,56
2024,02,06,103,20,86
2024,02,07,103,20,30
2024,02,08,103,20,14
2024,02,09,103,20,5
2024,02,10,103,20,11
2024,02,12,103,20,302
2024,02,13,103,20,57
2024,02,14,103,20,391
2024,02,17,103,20,49
2024,02,18,103,20,33
2024,02,19,103,20,24
2024,02,20,103,20,22
2024,02,21,103,20,16
2024,02,22,103,20,14
2024,02,23,103,20,16
2024,02,24,103,20,24
2024,02,25,103,20,28
2024,02,t1,103,20,3104
2024,02,01,103,30,597
2024,02,03,103,30,9
2024,02,04,103,30,5
2024,02,05,103,30,23
2024,02,06,103,30,21
2024,02,07,103,30,8
2024,02,08,103,30,8
2024,02,09,103,30,1
2024,02,10,103,30,19
2024,02,12,103,30,113
2024,02,13,103,30,20
2024,02,14,103,30,126
2024,02,17,103,30,12
2024,02,18,103,30,13
2024,02,19,103,30,9
2024,02,20,103,30,31
2024,02,21,103,30,29
2024,02,22,103,30,12
2024,02,23,103,30,5
2024,02,24,103,30,14
2024,02,25,103,30,12
2024,02,t1,103,30,1087
2024,02,01,103,t1,2689
2024,02,03,103,t1,88
2024,02,04,103,t1,87
2024,02,05,103,t1,131
2024,02,06,103,t1,134
2024,02,07,103,t1,54
2024,02,08,103,t1,46
2024,02,09,103,t1,8
2024,02,10,103,t1,44
2024,02,12,103,t1,566
2024,02,13,103,t1,133
2024,02,14,103,t1,740
2024,02,17,103,t1,87
2024,02,18,103,t1,69
2024,02,19,103,t1,54
2024,02,20,103,t1,68
2024,02,21,103,t1,65
2024,02,22,103,t1,39
2024,02,23,103,t1,31
2024,02,24,103,t1,62
2024,02,25,103,t1,49
2024,02,t1,103,t1,5244
2024,02,01,104,10,148
2024,02,03,104,10,27
2024,02,04,104,10,25
2024,02,05,104,10,34
2024,02,06,104,10,25
2024,02,07,104,10,13
2024,02,08,104,10,20
2024,02,09,104,10,2
2024,02,10,104,10,16
2024,02,12,104,10,104
2024,02,13,104,10,17
2024,02,14,104,10,92
2024,02,17,104,10,11
2024,02,18,104,10,18
2024,02,19,104,10,18
2024,02,20,104,10,17
2024,02,21,104,10,23
2024,02,22,104,10,16
2024,02,23,104,10,5
2024,02,24,104,10,18
2024,02,25,104,10,16
2024,02,t1,104,10,665
2024,02,01,104,20,208
2024,02,03,104,20,8
2024,02,04,104,20,9
2024,02,05,104,20,16
2024,02,06,104,20,28
2024,02,07,104,20,22
2024,02,08,104,20,9
2024,02,09,104,20,4
2024,02,10,104,20,9
2024,02,12,104,20,78
2024,02,13,104,20,21
2024,02,14,104,20,102
2024,02,17,104,20,12
2024,02,18,104,20,12
2024,02,19,104,20,8
2024,02,20,104,20,8
2024,02,21,104,20,10
2024,02,22,104,20,14
2024,02,23,104,20,3
2024,02,24,104,20,16
2024,02,25,104,20,19
2024,02,t1,104,20,616
2024,02,01,104,30,240
2024,02,03,104,30,17
2024,02,04,104,30,17
2024,02,05,104,30,108
2024,02,06,104,30,31
2024,02,07,104,30,7
2024,02,08,104,30,8
2024,02,09,104,30,5
2024,02,10,104,30,12
2024,02,12,104,30,52
2024,02,13,104,30,8
2024,02,14,104,30,223
2024,02,17,104,30,14
2024,02,18,104,30,29
2024,02,19,104,30,3
2024,02,20,104,30,18
2024,02,21,104,30,18
2024,02,22,104,30,15
2024,02,23,104,30,10
2024,02,24,104,30,31
2024,02,25,104,30,11
2024,02,t1,104,30,877
2024,02,01,104,t1,596
2024,02,03,104,t1,52
2024,02,04,104,t1,51
2024,02,05,104,t1,158
2024,02,06,104,t1,84
2024,02,07,104,t1,42
2024,02,08,104,t1,37
2024,02,09,104,t1,11
2024,02,10,104,t1,37
2024,02,12,104,t1,234
2024,02,13,104,t1,46
2024,02,14,104,t1,417
2024,02,17,104,t1,37
2024,02,18,104,t1,59
2024,02,19,104,t1,29
2024,02,20,104,t1,43
2024,02,21,104,t1,51
2024,02,22,104,t1,45
2024,02,23,104,t1,18
2024,02,24,104,t1,65
2024,02,25,104,t1,46
2024,02,t1,104,t1,2158
2024,02,01,105,10,239
2024,02,03,105,10,44
2024,02,04,105,10,25
2024,02,05,105,10,45
2024,02,06,105,10,28
2024,02,07,105,10,18
2024,02,08,105,10,25
2024,02,09,105,10,4
2024,02,10,105,10,17
2024,02,12,105,10,126
2024,02,13,105,10,40
2024,02,14,105,10,189
2024,02,17,105,10,41
2024,02,18,105,10,32
2024,02,19,105,10,44
2024,02,20,105,10,21
2024,02,21,105,10,23
2024,02,22,105,10,27
2024,02,23,105,10,5
2024,02,24,105,10,19
2024,02,25,105,10,14
2024,02,t1,105,10,1026
2024,02,01,105,20,1650
2024,02,03,105,20,62
2024,02,04,105,20,26
2024,02,05,105,20,44
2024,02,06,105,20,70
2024,02,07,105,20,23
2024,02,08,105,20,17
2024,02,09,105,20,1
2024,02,10,105,20,11
2024,02,12,105,20,261
2024,02,13,105,20,54
2024,02,14,105,20,221
2024,02,17,105,20,46
2024,02,18,105,20,35
2024,02,19,105,20,27
2024,02,20,105,20,33
2024,02,21,105,20,27
2024,02,22,105,20,17
2024,02,23,105,20,10
2024,02,24,105,20,26
2024,02,25,105,20,26
2024,02,t1,105,20,2687
2024,02,01,105,30,148
2024,02,03,105,30,12
2024,02,04,105,30,18
2024,02,05,105,30,22
2024,02,06,105,30,24
2024,02,07,105,30,20
2024,02,08,105,30,14
2024,02,09,105,30,3
2024,02,10,105,30,8
2024,02,12,105,30,168
2024,02,13,105,30,19
2024,02,14,105,30,172
2024,02,17,105,30,5
2024,02,18,105,30,34
2024,02,19,105,30,16
2024,02,20,105,30,30
2024,02,21,105,30,18
2024,02,22,105,30,24
2024,02,23,105,30,4
2024,02,24,105,30,19
2024,02,25,105,30,9
2024,02,t1,105,30,787
2024,02,01,105,t1,2037
2024,02,03,105,t1,118
2024,02,04,105,t1,69
2024,02,05,105,t1,111
2024,02,06,105,t1,122
2024,02,07,105,t1,61
2024,02,08,105,t1,56
2024,02,09,105,t1,8
2024,02,10,105,t1,36
2024,02,12,105,t1,555
2024,02,13,105,t1,113
2024,02,14,105,t1,582
2024,02,17,105,t1,92
2024,02,18,105,t1,101
2024,02,19,105,t1,87
2024,02,20,105,t1,84
2024,02,21,105,t1,68
2024,02,22,105,t1,68
2024,02,23,105,t1,19
2024,02,24,105,t1,64
2024,02,25,105,t1,49
2024,02,t1,105,t1,4500
2024,02,01,106,10,68
2024,02,03,106,10,12
2024,02,04,106,10,8
2024,02,05,106,10,13
2024,02,06,106,10,10
2024,02,07,106,10,6
2024,02,08,106,10,2
2024,02,10,106,10,8
2024,02,12,106,10,29
2024,02,13,106,10,12
2024,02,14,106,10,37
2024,02,17,106,10,8
2024,02,18,106,10,7
2024,02,19,106,10,9
2024,02,20,106,10,5
2024,02,21,106,10,12
2024,02,22,106,10,12
2024,02,23,106,10,4
2024,02,24,106,10,6
2024,02,25,106,10,3
2024,02,t1,106,10,271
2024,02,01,106,20,140
2024,02,03,106,20,3
2024,02,05,106,20,5
2024,02,06,106,20,1
2024,02,07,106,20,3
2024,02,10,106,20,2
2024,02,12,106,20,8
2024,02,13,106,20,2
2024,02,14,106,20,10
2024,02,17,106,20,2
2024,02,18,106,20,3
2024,02,19,106,20,9
2024,02,20,106,20,12
2024,02,21,106,20,3
2024,02,22,106,20,5
2024,02,23,106,20,1
2024,02,24,106,20,5
2024,02,25,106,20,11
2024,02,t1,106,20,225
2024,02,01,106,30,8
2024,02,03,106,30,4
2024,02,04,106,30,1
2024,02,05,106,30,7
2024,02,06,106,30,3
2024,02,09,106,30,1
2024,02,10,106,30,2
2024,02,12,106,30,3
2024,02,13,106,30,3
2024,02,14,106,30,10
2024,02,17,106,30,1
2024,02,18,106,30,5
2024,02,20,106,30,2
2024,02,21,106,30,2
2024,02,22,106,30,2
2024,02,23,106,30,11
2024,02,24,106,30,9
2024,02,25,106,30,5
2024,02,t1,106,30,79
2024,02,01,106,t1,216
2024,02,03,106,t1,19
2024,02,04,106,t1,9
2024,02,05,106,t1,25
2024,02,06,106,t1,14
2024,02,07,106,t1,9
2024,02,08,106,t1,2
2024,02,09,106,t1,1
2024,02,10,106,t1,12
2024,02,12,106,t1,40
2024,02,13,106,t1,17
2024,02,14,106,t1,57
2024,02,17,106,t1,11
2024,02,18,106,t1,15
2024,02,19,106,t1,18
2024,02,20,106,t1,19
2024,02,21,106,t1,17
2024,02,22,106,t1,19
2024,02,23,106,t1,16
2024,02,24,106,t1,20
2024,02,25,106,t1,19
2024,02,t1,106,t1,575
2024,02,01,107,20,6
2024,02,03,107,20,13
2024,02,04,107,20,4
2024,02,05,107,20,10
2024,02,08,107,20,8
2024,02,12,107,20,71
2024,02,14,107,20,10
2024,02,19,107,20,2
2024,02,t1,107,20,124
2024,02,06,107,30,15
2024,02,t1,107,30,15
2024,02,01,107,t1,6
2024,02,03,107,t1,13
2024,02,04,107,t1,4
2024,02,05,107,t1,10
2024,02,06,107,t1,15
2024,02,08,107,t1,8
2024,02,12,107,t1,71
2024,02,14,107,t1,10
2024,02,19,107,t1,2
2024,02,t1,107,t1,139
2024,02,12,109,10,3
2024,02,14,109,10,1
2024,02,t1,109,10,4
2024,02,12,109,20,1
2024,02,t1,109,20,1
2024,02,12,109,t1,4
2024,02,14,109,t1,1
2024,02,t1,109,t1,5
2024,02,01,t1,10,1224
2024,02,03,t1,10,176
2024,02,04,t1,10,140
2024,02,05,t1,10,234
2024,02,06,t1,10,188
2024,02,07,t1,10,109
2024,02,08,t1,10,125
2024,02,09,t1,10,18
2024,02,10,t1,10,98
2024,02,12,t1,10,818
2024,02,13,t1,10,231
2024,02,14,t1,10,994
2024,02,17,t1,10,154
2024,02,18,t1,10,146
2024,02,19,t1,10,144
2024,02,20,t1,10,86
2024,02,21,t1,10,125
2024,02,22,t1,10,94
2024,02,23,t1,10,39
2024,02,24,t1,10,92
2024,02,25,t1,10,63
2024,02,t1,t1,10,5298
2024,02,01,t1,20,5204
2024,02,03,t1,20,225
2024,02,04,t1,20,119
2024,02,05,t1,20,188
2024,02,06,t1,20,288
2024,02,07,t1,20,132
2024,02,08,t1,20,94
2024,02,09,t1,20,13
2024,02,10,t1,20,61
2024,02,12,t1,20,1059
2024,02,13,t1,20,179
2024,02,14,t1,20,924
2024,02,17,t1,20,199
2024,02,18,t1,20,119
2024,02,19,t1,20,123
2024,02,20,t1,20,124
2024,02,21,t1,20,101
2024,02,22,t1,20,88
2024,02,23,t1,20,46
2024,02,24,t1,20,95
2024,02,25,t1,20,142
2024,02,t1,t1,20,9523
2024,02,01,t1,30,1363
2024,02,03,t1,30,56
2024,02,04,t1,30,80
2024,02,05,t1,30,185
2024,02,06,t1,30,137
2024,02,07,t1,30,51
2024,02,08,t1,30,47
2024,02,09,t1,30,10
2024,02,10,t1,30,70
2024,02,12,t1,30,677
2024,02,13,t1,30,77
2024,02,14,t1,30,793
2024,02,17,t1,30,85
2024,02,18,t1,30,132
2024,02,19,t1,30,52
2024,02,20,t1,30,100
2024,02,21,t1,30,81
2024,02,22,t1,30,97
2024,02,23,t1,30,55
2024,02,24,t1,30,160
2024,02,25,t1,30,121
2024,02,t1,t1,30,4429
2024,02,01,t1,t1,7791
2024,02,03,t1,t1,457
2024,02,04,t1,t1,339
2024,02,05,t1,t1,607
2024,02,06,t1,t1,613
2024,02,07,t1,t1,292
2024,02,08,t1,t1,266
2024,02,09,t1,t1,41
2024,02,10,t1,t1,229
2024,02,12,t1,t1,2554
2024,02,13,t1,t1,487
2024,02,14,t1,t1,2711
2024,02,17,t1,t1,438
2024,02,18,t1,t1,397
2024,02,19,t1,t1,319
2024,02,20,t1,t1,310
2024,02,21,t1,t1,307
2024,02,22,t1,t1,279
2024,02,23,t1,t1,140
2024,02,24,t1,t1,347
2024,02,25,t1,t1,326
2024,02,t1,t1,t1,19250
2024,03,01,101,10,507
2024,03,03,101,10,50
2024,03,04,101,10,59
2024,03,05,101,10,122
2024,03,06,101,10,112
2024,03,07,101,10,67
2024,03,08,101,10,44
2024,03,09,101,10,4
2024,03,10,101,10,53
2024,03,12,101,10,454
2024,03,13,101,10,130
2024,03,14,101,10,518
2024,03,17,101,10,63
2024,03,18,101,10,81
2024,03,19,101,10,63
2024,03,20,101,10,20
2024,03,21,101,10,55
2024,03,22,101,10,20
2024,03,23,101,10,7
2024,03,24,101,10,29
2024,03,25,101,10,17
2024,03,t1,101,10,2475
2024,03,01,101,20,602
2024,03,03,101,20,59
2024,03,04,101,20,17
2024,03,05,101,20,97
2024,03,06,101,20,129
2024,03,07,101,20,12
2024,03,08,101,20,45
2024,03,09,101,20,5
2024,03,10,101,20,21
2024,03,12,101,20,272
2024,03,13,101,20,21
2024,03,14,101,20,142
2024,03,17,101,20,153
2024,03,18,101,20,44
2024,03,19,101,20,18
2024,03,20,101,20,15
2024,03,21,101,20,13
2024,03,22,101,20,4
2024,03,23,101,20,11
2024,03,24,101,20,14
2024,03,25,101,20,10
2024,03,t1,101,20,1704
2024,03,01,101,30,388
2024,03,03,101,30,9
2024,03,04,101,30,31
2024,03,05,101,30,28
2024,03,06,101,30,60
2024,03,07,101,30,17
2024,03,08,101,30,42
2024,03,09,101,30,3
2024,03,10,101,30,41
2024,03,12,101,30,457
2024,03,13,101,30,25
2024,03,14,101,30,332
2024,03,17,101,30,39
2024,03,18,101,30,40
2024,03,19,101,30,14
2024,03,20,101,30,42
2024,03,21,101,30,32
2024,03,22,101,30,40
2024,03,23,101,30,10
2024,03,24,101,30,14
2024,03,25,101,30,19
2024,03,t1,101,30,1683
2024,03,01,101,t1,1497
2024,03,03,101,t1,118
2024,03,04,101,t1,107
2024,03,05,101,t1,247
2024,03,06,101,t1,301
2024,03,07,101,t1,96
2024,03,08,101,t1,131
2024,03,09,101,t1,12
2024,03,10,101,t1,115
2024,03,12,101,t1,1183
2024,03,13,101,t1,176
2024,03,14,101,t1,992
2024,03,17,101,t1,255
2024,03,18,101,t1,165
2024,03,19,101,t1,95
2024,03,20,101,t1,77
2024,03,21,101,t1,100
2024,03,22,101,t1,64
2024,03,23,101,t1,28
2024,03,24,101,t1,57
2024,03,25,101,t1,46
2024,03,t1,101,t1,5862
2024,03,01,102,10,64
2024,03,03,102,10,15
2024,03,04,102,10,17
2024,03,05,102,10,22
2024,03,06,102,10,15
2024,03,07,102,10,10
2024,03,08,102,10,13
2024,03,09,102,10,1
2024,03,10,102,10,9
2024,03,12,102,10,58
2024,03,13,102,10,19
2024,03,14,102,10,95
2024,03,17,102,10,15
2024,03,18,102,10,21
2024,03,19,102,10,13
2024,03,20,102,10,8
2024,03,21,102,10,6
2024,03,22,102,10,8
2024,03,23,102,10,5
2024,03,24,102,10,8
2024,03,25,102,10,8
2024,03,t1,102,10,430
2024,03,01,102,20,293
2024,03,03,102,20,30
2024,03,04,102,20,26
2024,03,05,102,20,73
2024,03,06,102,20,72
2024,03,07,102,20,23
2024,03,08,102,20,13
2024,03,09,102,20,2
2024,03,10,102,20,7
2024,03,12,102,20,123
2024,03,13,102,20,16
2024,03,14,102,20,111
2024,03,17,102,20,74
2024,03,18,102,20,10
2024,03,19,102,20,14
2024,03,20,102,20,28
2024,03,21,102,20,23
2024,03,22,102,20,17
2024,03,23,102,20,17
2024,03,24,102,20,7
2024,03,25,102,20,39
2024,03,t1,102,20,1018
2024,03,01,102,30,56
2024,03,03,102,30,3
2024,03,04,102,30,3
2024,03,05,102,30,8
2024,03,06,102,30,13
2024,03,07,102,30,1
2024,03,08,102,30,13
2024,03,10,102,30,2
2024,03,12,102,30,133
2024,03,13,102,30,4
2024,03,14,102,30,91
2024,03,17,102,30,23
2024,03,18,102,30,5
2024,03,19,102,30,2
2024,03,20,102,30,10
2024,03,21,102,30,10
2024,03,22,102,30,14
2024,03,23,102,30,6
2024,03,24,102,30,29
2024,03,25,102,30,28
2024,03,t1,102,30,454
2024,03,01,102,t1,413
2024,03,03,102,t1,48
2024,03,04,102,t1,46
2024,03,05,102,t1,103
2024,03,06,102,t1,100
2024,03,07,102,t1,34
2024,03,08,102,t1,39
2024,03,09,102,t1,3
2024,03,10,102,t1,18
2024,03,12,102,t1,314
2024,03,13,102,t1,39
2024,03,14,102,t1,297
2024,03,17,102,t1,112
2024,03,18,102,t1,36
2024,03,19,102,t1,29
2024,03,20,102,t1,46
2024,03,21,102,t1,39
2024,03,22,102,t1,39
2024,03,23,102,t1,28
2024,03,24,102,t1,44
2024,03,25,102,t1,75
2024,03,t1,102,t1,1902
2024,03,01,103,10,555
2024,03,03,103,10,73
2024,03,04,103,10,41
2024,03,05,103,10,83
2024,03,06,103,10,111
2024,03,07,103,10,27
2024,03,08,103,10,38
2024,03,09,103,10,12
2024,03,10,103,10,22
2024,03,12,103,10,374
2024,03,13,103,10,112
2024,03,14,103,10,435
2024,03,17,103,10,45
2024,03,18,103,10,49
2024,03,19,103,10,43
2024,03,20,103,10,27
2024,03,21,103,10,22
2024,03,22,103,10,30
2024,03,23,103,10,12
2024,03,24,103,10,36
2024,03,25,103,10,29
2024,03,t1,103,10,2176
2024,03,01,103,20,3045
2024,03,03,103,20,72
2024,03,04,103,20,68
2024,03,05,103,20,87
2024,03,06,103,20,116
2024,03,07,103,20,44
2024,03,08,103,20,27
2024,03,09,103,20,5
2024,03,10,103,20,13
2024,03,12,103,20,364
2024,03,13,103,20,95
2024,03,14,103,20,592
2024,03,17,103,20,45
2024,03,18,103,20,30
2024,03,19,103,20,51
2024,03,20,103,20,41
2024,03,21,103,20,28
2024,03,22,103,20,37
2024,03,23,103,20,21
2024,03,24,103,20,43
2024,03,25,103,20,49
2024,03,t1,103,20,4873
2024,03,01,103,30,700
2024,03,03,103,30,36
2024,03,04,103,30,15
2024,03,05,103,30,41
2024,03,06,103,30,42
2024,03,07,103,30,13
2024,03,08,103,30,24
2024,03,09,103,30,2
2024,03,10,103,30,17
2024,03,12,103,30,168
2024,03,13,103,30,20
2024,03,14,103,30,114
2024,03,17,103,30,14
2024,03,18,103,30,13
2024,03,19,103,30,14
2024,03,20,103,30,14
2024,03,21,103,30,45
2024,03,22,103,30,9
2024,03,23,103,30,2
2024,03,24,103,30,8
2024,03,25,103,30,21
2024,03,t1,103,30,1332
2024,03,01,103,t1,4300
2024,03,03,103,t1,181
2024,03,04,103,t1,124
2024,03,05,103,t1,211
2024,03,06,103,t1,269
2024,03,07,103,t1,84
2024,03,08,103,t1,89
2024,03,09,103,t1,19
2024,03,10,103,t1,52
2024,03,12,103,t1,906
2024,03,13,103,t1,227
2024,03,14,103,t1,1141
2024,03,17,103,t1,104
2024,03,18,103,t1,92
2024,03,19,103,t1,108
2024,03,20,103,t1,82
2024,03,21,103,t1,95
2024,03,22,103,t1,76
2024,03,23,103,t1,35
2024,03,24,103,t1,87
2024,03,25,103,t1,99
2024,03,t1,103,t1,8381
2024,03,01,104,10,138
2024,03,03,104,10,32
2024,03,04,104,10,18
2024,03,05,104,10,39
2024,03,06,104,10,25
2024,03,07,104,10,10
2024,03,08,104,10,25
2024,03,09,104,10,3
2024,03,10,104,10,9
2024,03,12,104,10,97
2024,03,13,104,10,27
2024,03,14,104,10,116
2024,03,17,104,10,12
2024,03,18,104,10,18
2024,03,19,104,10,14
2024,03,20,104,10,24
2024,03,21,104,10,26
2024,03,22,104,10,12
2024,03,23,104,10,4
2024,03,24,104,10,8
2024,03,25,104,10,8
2024,03,t1,104,10,665
2024,03,01,104,20,265
2024,03,03,104,20,19
2024,03,04,104,20,5
2024,03,05,104,20,7
2024,03,06,104,20,22
2024,03,07,104,20,3
2024,03,08,104,20,3
2024,03,09,104,20,1
2024,03,10,104,20,4
2024,03,12,104,20,68
2024,03,13,104,20,14
2024,03,14,104,20,85
2024,03,17,104,20,25
2024,03,18,104,20,12
2024,03,19,104,20,6
2024,03,20,104,20,19
2024,03,21,104,20,9
2024,03,22,104,20,6
2024,03,23,104,20,10
2024,03,24,104,20,25
2024,03,25,104,20,36
2024,03,t1,104,20,644
2024,03,01,104,30,234
2024,03,03,104,30,21
2024,03,04,104,30,13
2024,03,05,104,30,40
2024,03,06,104,30,23
2024,03,07,104,30,5
2024,03,08,104,30,14
2024,03,09,104,30,3
2024,03,10,104,30,7
2024,03,12,104,30,38
2024,03,13,104,30,21
2024,03,14,104,30,221
2024,03,17,104,30,17
2024,03,18,104,30,18
2024,03,19,104,30,4
2024,03,20,104,30,17
2024,03,21,104,30,14
2024,03,22,104,30,9
2024,03,23,104,30,5
2024,03,24,104,30,35
2024,03,25,104,30,5
2024,03,t1,104,30,764
2024,03,01,104,t1,637
2024,03,03,104,t1,72
2024,03,04,104,t1,36
2024,03,05,104,t1,86
2024,03,06,104,t1,70
2024,03,07,104,t1,18
2024,03,08,104,t1,42
2024,03,09,104,t1,7
2024,03,10,104,t1,20
2024,03,12,104,t1,203
2024,03,13,104,t1,62
2024,03,14,104,t1,422
2024,03,17,104,t1,54
2024,03,18,104,t1,48
2024,03,19,104,t1,24
2024,03,20,104,t1,60
2024,03,21,104,t1,49
2024,03,22,104,t1,27
2024,03,23,104,t1,19
2024,03,24,104,t1,68
2024,03,25,104,t1,49
2024,03,t1,104,t1,2073
2024,03,01,105,10,336
2024,03,03,105,10,49
2024,03,04,105,10,44
2024,03,05,105,10,77
2024,03,06,105,10,43
2024,03,07,105,10,27
2024,03,08,105,10,24
2024,03,09,105,10,4
2024,03,10,105,10,20
2024,03,12,105,10,194
2024,03,13,105,10,59
2024,03,14,105,10,289
2024,03,17,105,10,37
2024,03,18,105,10,31
2024,03,19,105,10,60
2024,03,20,105,10,28
2024,03,21,105,10,33
2024,03,22,105,10,42
2024,03,23,105,10,10
2024,03,24,105,10,20
2024,03,25,105,10,11
2024,03,t1,105,10,1438
2024,03,01,105,20,1838
2024,03,03,105,20,85
2024,03,04,105,20,22
2024,03,05,105,20,78
2024,03,06,105,20,62
2024,03,07,105,20,23
2024,03,08,105,20,31
2024,03,09,105,20,6
2024,03,10,105,20,12
2024,03,12,105,20,499
2024,03,13,105,20,71
2024,03,14,105,20,306
2024,03,17,105,20,59
2024,03,18,105,20,28
2024,03,19,105,20,37
2024,03,20,105,20,28
2024,03,21,105,20,20
2024,03,22,105,20,17
2024,03,23,105,20,11
2024,03,24,105,20,46
2024,03,25,105,20,17
2024,03,t1,105,20,3296
2024,03,01,105,30,163
2024,03,03,105,30,15
2024,03,04,105,30,17
2024,03,05,105,30,35
2024,03,06,105,30,49
2024,03,07,105,30,20
2024,03,08,105,30,26
2024,03,09,105,30,7
2024,03,10,105,30,9
2024,03,12,105,30,150
2024,03,13,105,30,7
2024,03,14,105,30,165
2024,03,17,105,30,24
2024,03,18,105,30,14
2024,03,19,105,30,14
2024,03,20,105,30,22
2024,03,21,105,30,28
2024,03,22,105,30,30
2024,03,23,105,30,2
2024,03,24,105,30,16
2024,03,25,105,30,9
2024,03,t1,105,30,822
2024,03,01,105,t1,2337
2024,03,03,105,t1,149
2024,03,04,105,t1,83
2024,03,05,105,t1,190
2024,03,06,105,t1,154
2024,03,07,105,t1,70
2024,03,08,105,t1,81
2024,03,09,105,t1,17
2024,03,10,105,t1,41
2024,03,12,105,t1,843
2024,03,13,105,t1,137
2024,03,14,105,t1,760
2024,03,17,105,t1,120
2024,03,18,105,t1,73
2024,03,19,105,t1,111
2024,03,20,105,t1,78
2024,03,21,105,t1,81
2024,03,22,105,t1,89
2024,03,23,105,t1,23
2024,03,24,105,t1,82
2024,03,25,105,t1,37
2024,03,t1,105,t1,5556
2024,03,01,106,10,33
2024,03,03,106,10,11
2024,03,04,106,10,5
2024,03,05,106,10,6
2024,03,06,106,10,12
2024,03,07,106,10,3
2024,03,08,106,10,2
2024,03,10,106,10,3
2024,03,12,106,10,24
2024,03,13,106,10,5
2024,03,14,106,10,27
2024,03,17,106,10,7
2024,03,18,106,10,9
2024,03,19,106,10,11
2024,03,20,106,10,3
2024,03,21,106,10,17
2024,03,22,106,10,3
2024,03,24,106,10,2
2024,03,25,106,10,8
2024,03,t1,106,10,191
2024,03,01,106,20,26
2024,03,03,106,20,7
2024,03,04,106,20,1
2024,03,05,106,20,2
2024,03,06,106,20,1
2024,03,07,106,20,1
2024,03,09,106,20,6
2024,03,10,106,20,3
2024,03,12,106,20,18
2024,03,13,106,20,3
2024,03,14,106,20,8
2024,03,17,106,20,2
2024,03,18,106,20,6
2024,03,20,106,20,9
2024,03,21,106,20,7
2024,03,22,106,20,2
2024,03,23,106,20,1
2024,03,24,106,20,1
2024,03,25,106,20,4
2024,03,t1,106,20,108
2024,03,01,106,30,9
2024,03,03,106,30,3
2024,03,04,106,30,1
2024,03,06,106,30,61
2024,03,07,106,30,1
2024,03,08,106,30,4
2024,03,10,106,30,1
2024,03,12,106,30,10
2024,03,13,106,30,3
2024,03,14,106,30,32
2024,03,19,106,30,2
2024,03,20,106,30,2
2024,03,21,106,30,1
2024,03,22,106,30,14
2024,03,23,106,30,7
2024,03,24,106,30,4
2024,03,25,106,30,8
2024,03,t1,106,30,163
2024,03,01,106,t1,68
2024,03,03,106,t1,21
2024,03,04,106,t1,7
2024,03,05,106,t1,8
2024,03,06,106,t1,74
2024,03,07,106,t1,5
2024,03,08,106,t1,6
2024,03,09,106,t1,6
2024,03,10,106,t1,7
2024,03,12,106,t1,52
2024,03,13,106,t1,11
2024,03,14,106,t1,67
2024,03,17,106,t1,9
2024,03,18,106,t1,15
2024,03,19,106,t1,13
2024,03,20,106,t1,14
2024,03,21,106,t1,25
2024,03,22,106,t1,19
2024,03,23,106,t1,8
2024,03,24,106,t1,7
2024,03,25,106,t1,20
2024,03,t1,106,t1,462
2024,03,17,107,10,1
2024,03,t1,107,10,1
2024,03,01,107,20,64
2024,03,03,107,20,1
2024,03,05,107,20,23
2024,03,07,107,20,3
2024,03,08,107,20,15
2024,03,09,107,20,1
2024,03,12,107,20,107
2024,03,14,107,20,10
2024,03,18,107,20,7
2024,03,23,107,20,4
2024,03,t1,107,20,235
2024,03,06,107,30,5
2024,03,t1,107,30,5
2024,03,01,107,t1,64
2024,03,03,107,t1,1
2024,03,05,107,t1,23
2024,03,06,107,t1,5
2024,03,07,107,t1,3
2024,03,08,107,t1,15
2024,03,09,107,t1,1
2024,03,12,107,t1,107
2024,03,14,107,t1,10
2024,03,17,107,t1,1
2024,03,18,107,t1,7
2024,03,23,107,t1,4
2024,03,t1,107,t1,241
2024,03,06,109,10,1
2024,03,13,109,10,1
2024,03,14,109,10,1
2024,03,20,109,10,1
2024,03,t1,109,10,4
2024,03,06,109,t1,1
2024,03,13,109,t1,1
2024,03,14,109,t1,1
2024,03,20,109,t1,1
2024,03,t1,109,t1,4
2024,03,01,t1,10,1633
2024,03,03,t1,10,230
2024,03,04,t1,10,184
2024,03,05,t1,10,349
2024,03,06,t1,10,319
2024,03,07,t1,10,144
2024,03,08,t1,10,146
2024,03,09,t1,10,24
2024,03,10,t1,10,116
2024,03,12,t1,10,1201
2024,03,13,t1,10,353
2024,03,14,t1,10,1481
2024,03,17,t1,10,180
2024,03,18,t1,10,209
2024,03,19,t1,10,204
2024,03,20,t1,10,111
2024,03,21,t1,10,159
2024,03,22,t1,10,115
2024,03,23,t1,10,38
2024,03,24,t1,10,103
2024,03,25,t1,10,81
2024,03,t1,t1,10,7380
2024,03,01,t1,20,6133
2024,03,03,t1,20,273
2024,03,04,t1,20,139
2024,03,05,t1,20,367
2024,03,06,t1,20,402
2024,03,07,t1,20,109
2024,03,08,t1,20,134
2024,03,09,t1,20,26
2024,03,10,t1,20,60
2024,03,12,t1,20,1451
2024,03,13,t1,20,220
2024,03,14,t1,20,1254
2024,03,17,t1,20,358
2024,03,18,t1,20,137
2024,03,19,t1,20,126
2024,03,20,t1,20,140
2024,03,21,t1,20,100
2024,03,22,t1,20,83
2024,03,23,t1,20,75
2024,03,24,t1,20,136
2024,03,25,t1,20,155
2024,03,t1,t1,20,11878
2024,03,01,t1,30,1550
2024,03,03,t1,30,87
2024,03,04,t1,30,80
2024,03,05,t1,30,152
2024,03,06,t1,30,253
2024,03,07,t1,30,57
2024,03,08,t1,30,123
2024,03,09,t1,30,15
2024,03,10,t1,30,77
2024,03,12,t1,30,956
2024,03,13,t1,30,80
2024,03,14,t1,30,955
2024,03,17,t1,30,117
2024,03,18,t1,30,90
2024,03,19,t1,30,50
2024,03,20,t1,30,107
2024,03,21,t1,30,130
2024,03,22,t1,30,116
2024,03,23,t1,30,32
2024,03,24,t1,30,106
2024,03,25,t1,30,90
2024,03,t1,t1,30,5223
2024,03,01,t1,t1,9316
2024,03,03,t1,t1,590
2024,03,04,t1,t1,403
2024,03,05,t1,t1,868
2024,03,06,t1,t1,974
2024,03,07,t1,t1,310
2024,03,08,t1,t1,403
2024,03,09,t1,t1,65
2024,03,10,t1,t1,253
2024,03,12,t1,t1,3608
2024,03,13,t1,t1,653
2024,03,14,t1,t1,3690
2024,03,17,t1,t1,655
2024,03,18,t1,t1,436
2024,03,19,t1,t1,380
2024,03,20,t1,t1,358
2024,03,21,t1,t1,389
2024,03,22,t1,t1,314
2024,03,23,t1,t1,145
2024,03,24,t1,t1,345
2024,03,25,t1,t1,326
2024,03,t1,t1,t1,24481
2024,04,01,101,10,622
2024,04,03,101,10,65
2024,04,04,101,10,63
2024,04,05,101,10,109
2024,04,06,101,10,122
2024,04,07,101,10,50
2024,04,08,101,10,56
2024,04,09,101,10,5
2024,04,10,101,10,41
2024,04,12,101,10,402
2024,04,13,101,10,109
2024,04,14,101,10,568
2024,04,17,101,10,74
2024,04,18,101,10,73
2024,04,19,101,10,51
2024,04,20,101,10,44
2024,04,21,101,10,53
2024,04,22,101,10,25
2024,04,23,101,10,9
2024,04,24,101,10,29
2024,04,25,101,10,17
2024,04,t1,101,10,2587
2024,04,01,101,20,833
2024,04,03,101,20,23
2024,04,04,101,20,22
2024,04,05,101,20,51
2024,04,06,101,20,126
2024,04,07,101,20,11
2024,04,08,101,20,27
2024,04,09,101,20,3
2024,04,10,101,20,11
2024,04,12,101,20,237
2024,04,13,101,20,27
2024,04,14,101,20,193
2024,04,17,101,20,77
2024,04,18,101,20,23
2024,04,19,101,20,14
2024,04,20,101,20,25
2024,04,21,101,20,23
2024,04,22,101,20,8
2024,04,23,101,20,8
2024,04,24,101,20,13
2024,04,25,101,20,22
2024,04,t1,101,20,1777
2024,04,01,101,30,165
2024,04,03,101,30,19
2024,04,04,101,30,11
2024,04,05,101,30,18
2024,04,06,101,30,40
2024,04,07,101,30,25
2024,04,08,101,30,34
2024,04,09,101,30,3
2024,04,10,101,30,15
2024,04,12,101,30,440
2024,04,13,101,30,15
2024,04,14,101,30,169
2024,04,17,101,30,39
2024,04,18,101,30,18
2024,04,19,101,30,6
2024,04,20,101,30,21
2024,04,21,101,30,16
2024,04,22,101,30,14
2024,04,23,101,30,18
2024,04,24,101,30,18
2024,04,25,101,30,15
2024,04,t1,101,30,1119
2024,04,01,101,t1,1620
2024,04,03,101,t1,107
2024,04,04,101,t1,96
2024,04,05,101,t1,178
2024,04,06,101,t1,288
2024,04,07,101,t1,86
2024,04,08,101,t1,117
2024,04,09,101,t1,11
2024,04,10,101,t1,67
2024,04,12,101,t1,1079
2024,04,13,101,t1,151
2024,04,14,101,t1,930
2024,04,17,101,t1,190
2024,04,18,101,t1,114
2024,04,19,101,t1,71
2024,04,20,101,t1,90
2024,04,21,101,t1,92
2024,04,22,101,t1,47
2024,04,23,101,t1,35
2024,04,24,101,t1,60
2024,04,25,101,t1,54
2024,04,t1,101,t1,5483
2024,04,01,102,10,98
2024,04,03,102,10,19
2024,04,04,102,10,12
2024,04,05,102,10,17
2024,04,06,102,10,16
2024,04,07,102,10,14
2024,04,08,102,10,12
2024,04,09,102,10,2
2024,04,10,102,10,9
2024,04,12,102,10,55
2024,04,13,102,10,16
2024,04,14,102,10,95
2024,04,17,102,10,28
2024,04,18,102,10,27
2024,04,19,102,10,13
2024,04,20,102,10,20
2024,04,21,102,10,17
2024,04,22,102,10,13
2024,04,23,102,10,7
2024,04,24,102,10,13
2024,04,25,102,10,15
2024,04,t1,102,10,518
2024,04,01,102,20,281
2024,04,03,102,20,20
2024,04,04,102,20,14
2024,04,05,102,20,24
2024,04,06,102,20,63
2024,04,07,102,20,9
2024,04,08,102,20,10
2024,04,09,102,20,12
2024,04,10,102,20,9
2024,04,12,102,20,147
2024,04,13,102,20,16
2024,04,14,102,20,115
2024,04,17,102,20,68
2024,04,18,102,20,13
2024,04,19,102,20,12
2024,04,20,102,20,13
2024,04,21,102,20,23
2024,04,22,102,20,38
2024,04,23,102,20,8
2024,04,24,102,20,9
2024,04,25,102,20,37
2024,04,t1,102,20,941
2024,04,01,102,30,59
2024,04,03,102,30,3
2024,04,04,102,30,4
2024,04,05,102,30,3
2024,04,06,102,30,33
2024,04,07,102,30,7
2024,04,08,102,30,6
2024,04,10,102,30,22
2024,04,12,102,30,40
2024,04,13,102,30,4
2024,04,14,102,30,119
2024,04,17,102,30,14
2024,04,18,102,30,4
2024,04,19,102,30,1
2024,04,20,102,30,1
2024,04,21,102,30,7
2024,04,22,102,30,6
2024,04,23,102,30,5
2024,04,24,102,30,11
2024,04,25,102,30,11
2024,04,t1,102,30,360
2024,04,01,102,t1,438
2024,04,03,102,t1,42
2024,04,04,102,t1,30
2024,04,05,102,t1,44
2024,04,06,102,t1,112
2024,04,07,102,t1,30
2024,04,08,102,t1,28
2024,04,09,102,t1,14
2024,04,10,102,t1,40
2024,04,12,102,t1,242
2024,04,13,102,t1,36
2024,04,14,102,t1,329
2024,04,17,102,t1,110
2024,04,18,102,t1,44
2024,04,19,102,t1,26
2024,04,20,102,t1,34
2024,04,21,102,t1,47
2024,04,22,102,t1,57
2024,04,23,102,t1,20
2024,04,24,102,t1,33
2024,04,25,102,t1,63
2024,04,t1,102,t1,1819
2024,04,01,103,10,477
2024,04,03,103,10,60
2024,04,04,103,10,47
2024,04,05,103,10,83
2024,04,06,103,10,71
2024,04,07,103,10,26
2024,04,08,103,10,17
2024,04,09,103,10,2
2024,04,10,103,10,18
2024,04,12,103,10,260
2024,04,13,103,10,76
2024,04,14,103,10,417
2024,04,17,103,10,39
2024,04,18,103,10,53
2024,04,19,103,10,45
2024,04,20,103,10,21
2024,04,21,103,10,22
2024,04,22,103,10,28
2024,04,23,103,10,14
2024,04,24,103,10,41
2024,04,25,103,10,23
2024,04,t1,103,10,1840
2024,04,01,103,20,2405
2024,04,03,103,20,47
2024,04,04,103,20,37
2024,04,05,103,20,63
2024,04,06,103,20,77
2024,04,07,103,20,29
2024,04,08,103,20,21
2024,04,09,103,20,4
2024,04,10,103,20,11
2024,04,12,103,20,282
2024,04,13,103,20,69
2024,04,14,103,20,445
2024,04,17,103,20,24
2024,04,18,103,20,37
2024,04,19,103,20,32
2024,04,20,103,20,40
2024,04,21,103,20,34
2024,04,22,103,20,27
2024,04,23,103,20,26
2024,04,24,103,20,30
2024,04,25,103,20,23
2024,04,t1,103,20,3763
2024,04,01,103,30,657
2024,04,03,103,30,17
2024,04,04,103,30,13
2024,04,05,103,30,18
2024,04,06,103,30,61
2024,04,07,103,30,16
2024,04,08,103,30,10
2024,04,10,103,30,3
2024,04,12,103,30,119
2024,04,13,103,30,34
2024,04,14,103,30,206
2024,04,17,103,30,8
2024,04,18,103,30,18
2024,04,19,103,30,6
2024,04,20,103,30,11
2024,04,21,103,30,13
2024,04,22,103,30,9
2024,04,23,103,30,2
2024,04,24,103,30,17
2024,04,25,103,30,4
2024,04,t1,103,30,1242
2024,04,01,103,t1,3539
2024,04,03,103,t1,124
2024,04,04,103,t1,97
2024,04,05,103,t1,164
2024,04,06,103,t1,209
2024,04,07,103,t1,71
2024,04,08,103,t1,48
2024,04,09,103,t1,6
2024,04,10,103,t1,32
2024,04,12,103,t1,661
2024,04,13,103,t1,179
2024,04,14,103,t1,1068
2024,04,17,103,t1,71
2024,04,18,103,t1,108
2024,04,19,103,t1,83
2024,04,20,103,t1,72
2024,04,21,103,t1,69
2024,04,22,103,t1,64
2024,04,23,103,t1,42
2024,04,24,103,t1,88
2024,04,25,103,t1,50
2024,04,t1,103,t1,6845
2024,04,01,104,10,192
2024,04,03,104,10,53
2024,04,04,104,10,28
2024,04,05,104,10,50
2024,04,06,104,10,37
2024,04,07,104,10,13
2024,04,08,104,10,14
2024,04,09,104,10,3
2024,04,10,104,10,12
2024,04,12,104,10,107
2024,04,13,104,10,28
2024,04,14,104,10,159
2024,04,17,104,10,16
2024,04,18,104,10,27
2024,04,19,104,10,18
2024,04,20,104,10,19
2024,04,21,104,10,31
2024,04,22,104,10,25
2024,04,23,104,10,3
2024,04,24,104,10,8
2024,04,25,104,10,11
2024,04,t1,104,10,854
2024,04,01,104,20,276
2024,04,03,104,20,23
2024,04,04,104,20,5
2024,04,05,104,20,21
2024,04,06,104,20,30
2024,04,07,104,20,1
2024,04,08,104,20,3
2024,04,10,104,20,6
2024,04,12,104,20,108
2024,04,13,104,20,9
2024,04,14,104,20,103
2024,04,17,104,20,20
2024,04,18,104,20,11
2024,04,19,104,20,9
2024,04,20,104,20,16
2024,04,21,104,20,30
2024,04,22,104,20,11
2024,04,23,104,20,6
2024,04,24,104,20,10
2024,04,25,104,20,20
2024,04,t1,104,20,718
2024,04,01,104,30,173
2024,04,03,104,30,25
2024,04,04,104,30,23
2024,04,05,104,30,53
2024,04,06,104,30,21
2024,04,07,104,30,12
2024,04,08,104,30,8
2024,04,09,104,30,3
2024,04,10,104,30,9
2024,04,12,104,30,48
2024,04,13,104,30,17
2024,04,14,104,30,200
2024,04,17,104,30,16
2024,04,18,104,30,18
2024,04,19,104,30,9
2024,04,20,104,30,4
2024,04,21,104,30,10
2024,04,22,104,30,6
2024,04,23,104,30,2
2024,04,24,104,30,17
2024,04,25,104,30,8
2024,04,t1,104,30,682
2024,04,01,104,t1,641
2024,04,03,104,t1,101
2024,04,04,104,t1,56
2024,04,05,104,t1,124
2024,04,06,104,t1,88
2024,04,07,104,t1,26
2024,04,08,104,t1,25
2024,04,09,104,t1,6
2024,04,10,104,t1,27
2024,04,12,104,t1,263
2024,04,13,104,t1,54
2024,04,14,104,t1,462
2024,04,17,104,t1,52
2024,04,18,104,t1,56
2024,04,19,104,t1,36
2024,04,20,104,t1,39
2024,04,21,104,t1,71
2024,04,22,104,t1,42
2024,04,23,104,t1,11
2024,04,24,104,t1,35
2024,04,25,104,t1,39
2024,04,t1,104,t1,2254
2024,04,01,105,10,322
2024,04,03,105,10,40
2024,04,04,105,10,46
2024,04,05,105,10,67
2024,04,06,105,10,45
2024,04,07,105,10,45
2024,04,08,105,10,21
2024,04,09,105,10,3
2024,04,10,105,10,16
2024,04,12,105,10,180
2024,04,13,105,10,44
2024,04,14,105,10,283
2024,04,17,105,10,45
2024,04,18,105,10,51
2024,04,19,105,10,63
2024,04,20,105,10,44
2024,04,21,105,10,27
2024,04,22,105,10,43
2024,04,23,105,10,6
2024,04,24,105,10,37
2024,04,25,105,10,21
2024,04,t1,105,10,1449
2024,04,01,105,20,1927
2024,04,03,105,20,126
2024,04,04,105,20,28
2024,04,05,105,20,88
2024,04,06,105,20,78
2024,04,07,105,20,43
2024,04,08,105,20,27
2024,04,09,105,20,3
2024,04,10,105,20,10
2024,04,12,105,20,288
2024,04,13,105,20,58
2024,04,14,105,20,278
2024,04,17,105,20,67
2024,04,18,105,20,55
2024,04,19,105,20,46
2024,04,20,105,20,42
2024,04,21,105,20,33
2024,04,22,105,20,30
2024,04,23,105,20,21
2024,04,24,105,20,23
2024,04,25,105,20,28
2024,04,t1,105,20,3299
2024,04,01,105,30,226
2024,04,03,105,30,18
2024,04,04,105,30,24
2024,04,05,105,30,35
2024,04,06,105,30,60
2024,04,07,105,30,16
2024,04,08,105,30,28
2024,04,09,105,30,4
2024,04,10,105,30,17
2024,04,12,105,30,108
2024,04,13,105,30,25
2024,04,14,105,30,309
2024,04,17,105,30,10
2024,04,18,105,30,11
2024,04,19,105,30,10
2024,04,20,105,30,17
2024,04,21,105,30,27
2024,04,22,105,30,16
2024,04,23,105,30,6
2024,04,24,105,30,17
2024,04,25,105,30,12
2024,04,t1,105,30,996
2024,04,01,105,t1,2475
2024,04,03,105,t1,184
2024,04,04,105,t1,98
2024,04,05,105,t1,190
2024,04,06,105,t1,183
2024,04,07,105,t1,104
2024,04,08,105,t1,76
2024,04,09,105,t1,10
2024,04,10,105,t1,43
2024,04,12,105,t1,576
2024,04,13,105,t1,127
2024,04,14,105,t1,870
2024,04,17,105,t1,122
2024,04,18,105,t1,117
2024,04,19,105,t1,119
2024,04,20,105,t1,103
2024,04,21,105,t1,87
2024,04,22,105,t1,89
2024,04,23,105,t1,33
2024,04,24,105,t1,77
2024,04,25,105,t1,61
2024,04,t1,105,t1,5744
2024,04,01,106,10,23
2024,04,03,106,10,7
2024,04,04,106,10,5
2024,04,05,106,10,6
2024,04,06,106,10,13
2024,04,07,106,10,5
2024,04,08,106,10,2
2024,04,10,106,10,2
2024,04,12,106,10,20
2024,04,13,106,10,3
2024,04,14,106,10,30
2024,04,17,106,10,2
2024,04,18,106,10,11
2024,04,19,106,10,8
2024,04,20,106,10,5
2024,04,21,106,10,7
2024,04,22,106,10,9
2024,04,23,106,10,2
2024,04,24,106,10,5
2024,04,25,106,10,3
2024,04,t1,106,10,168
2024,04,01,106,20,37
2024,04,03,106,20,6
2024,04,05,106,20,6
2024,04,06,106,20,1
2024,04,07,106,20,1
2024,04,10,106,20,1
2024,04,12,106,20,5
2024,04,14,106,20,12
2024,04,17,106,20,5
2024,04,19,106,20,2
2024,04,20,106,20,2
2024,04,21,106,20,18
2024,04,22,106,20,4
2024,04,23,106,20,2
2024,04,24,106,20,2
2024,04,t1,106,20,104
2024,04,01,106,30,7
2024,04,03,106,30,3
2024,04,04,106,30,5
2024,04,05,106,30,3
2024,04,06,106,30,6
2024,04,07,106,30,3
2024,04,08,106,30,4
2024,04,10,106,30,2
2024,04,12,106,30,16
2024,04,14,106,30,10
2024,04,17,106,30,3
2024,04,18,106,30,6
2024,04,20,106,30,2
2024,04,21,106,30,3
2024,04,22,106,30,7
2024,04,23,106,30,2
2024,04,24,106,30,6
2024,04,25,106,30,3
2024,04,t1,106,30,91
2024,04,01,106,t1,67
2024,04,03,106,t1,16
2024,04,04,106,t1,10
2024,04,05,106,t1,15
2024,04,06,106,t1,20
2024,04,07,106,t1,9
2024,04,08,106,t1,6
2024,04,10,106,t1,5
2024,04,12,106,t1,41
2024,04,13,106,t1,3
2024,04,14,106,t1,52
2024,04,17,106,t1,10
2024,04,18,106,t1,17
2024,04,19,106,t1,10
2024,04,20,106,t1,9
2024,04,21,106,t1,28
2024,04,22,106,t1,20
2024,04,23,106,t1,6
2024,04,24,106,t1,13
2024,04,25,106,t1,6
2024,04,t1,106,t1,363
2024,04,01,107,10,3
2024,04,17,107,10,1
2024,04,19,107,10,1
2024,04,t1,107,10,5
2024,04,01,107,20,76
2024,04,03,107,20,1
2024,04,04,107,20,9
2024,04,05,107,20,2
2024,04,06,107,20,1
2024,04,07,107,20,3
2024,04,08,107,20,9
2024,04,10,107,20,18
2024,04,12,107,20,47
2024,04,13,107,20,3
2024,04,14,107,20,4
2024,04,17,107,20,1
2024,04,18,107,20,4
2024,04,19,107,20,1
2024,04,23,107,20,10
2024,04,24,107,20,3
2024,04,t1,107,20,192
2024,04,06,107,30,10
2024,04,07,107,30,10
2024,04,t1,107,30,20
2024,04,01,107,t1,79
2024,04,03,107,t1,1
2024,04,04,107,t1,9
2024,04,05,107,t1,2
2024,04,06,107,t1,11
2024,04,07,107,t1,13
2024,04,08,107,t1,9
2024,04,10,107,t1,18
2024,04,12,107,t1,47
2024,04,13,107,t1,3
2024,04,14,107,t1,4
2024,04,17,107,t1,2
2024,04,18,107,t1,4
2024,04,19,107,t1,2
2024,04,23,107,t1,10
2024,04,24,107,t1,3
2024,04,t1,107,t1,217
2024,04,01,109,10,1
2024,04,t1,109,10,1
2024,04,01,109,t1,1
2024,04,t1,109,t1,1
2024,04,01,t1,10,1738
2024,04,03,t1,10,244
2024,04,04,t1,10,201
2024,04,05,t1,10,332
2024,04,06,t1,10,304
2024,04,07,t1,10,153
2024,04,08,t1,10,122
2024,04,09,t1,10,15
2024,04,10,t1,10,98
2024,04,12,t1,10,1024
2024,04,13,t1,10,276
2024,04,14,t1,10,1552
2024,04,17,t1,10,205
2024,04,18,t1,10,242
2024,04,19,t1,10,199
2024,04,20,t1,10,153
2024,04,21,t1,10,157
2024,04,22,t1,10,143
2024,04,23,t1,10,41
2024,04,24,t1,10,133
2024,04,25,t1,10,90
2024,04,t1,t1,10,7422
2024,04,01,t1,20,5835
2024,04,03,t1,20,246
2024,04,04,t1,20,115
2024,04,05,t1,20,255
2024,04,06,t1,20,376
2024,04,07,t1,20,97
2024,04,08,t1,20,97
2024,04,09,t1,20,22
2024,04,10,t1,20,66
2024,04,12,t1,20,1114
2024,04,13,t1,20,182
2024,04,14,t1,20,1150
2024,04,17,t1,20,262
2024,04,18,t1,20,143
2024,04,19,t1,20,116
2024,04,20,t1,20,138
2024,04,21,t1,20,161
2024,04,22,t1,20,118
2024,04,23,t1,20,81
2024,04,24,t1,20,90
2024,04,25,t1,20,130
2024,04,t1,t1,20,10794
2024,04,01,t1,30,1287
2024,04,03,t1,30,85
2024,04,04,t1,30,80
2024,04,05,t1,30,130
2024,04,06,t1,30,231
2024,04,07,t1,30,89
2024,04,08,t1,30,90
2024,04,09,t1,30,10
2024,04,10,t1,30,68
2024,04,12,t1,30,771
2024,04,13,t1,30,95
2024,04,14,t1,30,1013
2024,04,17,t1,30,90
2024,04,18,t1,30,75
2024,04,19,t1,30,32
2024,04,20,t1,30,56
2024,04,21,t1,30,76
2024,04,22,t1,30,58
2024,04,23,t1,30,35
2024,04,24,t1,30,86
2024,04,25,t1,30,53
2024,04,t1,t1,30,4510
2024,04,01,t1,t1,8860
2024,04,03,t1,t1,575
2024,04,04,t1,t1,396
2024,04,05,t1,t1,717
2024,04,06,t1,t1,911
2024,04,07,t1,t1,339
2024,04,08,t1,t1,309
2024,04,09,t1,t1,47
2024,04,10,t1,t1,232
2024,04,12,t1,t1,2909
2024,04,13,t1,t1,553
2024,04,14,t1,t1,3715
2024,04,17,t1,t1,557
2024,04,18,t1,t1,460
2024,04,19,t1,t1,347
2024,04,20,t1,t1,347
2024,04,21,t1,t1,394
2024,04,22,t1,t1,319
2024,04,23,t1,t1,157
2024,04,24,t1,t1,309
2024,04,25,t1,t1,273
2024,04,t1,t1,t1,22726
2024,05,01,101,10,631
2024,05,03,101,10,88
2024,05,04,101,10,73
2024,05,05,101,10,143
2024,05,06,101,10,130
2024,05,07,101,10,60
2024,05,08,101,10,75
2024,05,09,101,10,8
2024,05,10,101,10,45
2024,05,12,101,10,420
2024,05,13,101,10,121
2024,05,14,101,10,619
2024,05,17,101,10,69
2024,05,18,101,10,77
2024,05,19,101,10,73
2024,05,20,101,10,55
2024,05,21,101,10,60
2024,05,22,101,10,38
2024,05,23,101,10,16
2024,05,24,101,10,38
2024,05,25,101,10,24
2024,05,t1,101,10,2863
2024,05,01,101,20,1730
2024,05,03,101,20,87
2024,05,04,101,20,38
2024,05,05,101,20,76
2024,05,06,101,20,101
2024,05,07,101,20,11
2024,05,08,101,20,28
2024,05,09,101,20,20
2024,05,10,101,20,20
2024,05,12,101,20,439
2024,05,13,101,20,24
2024,05,14,101,20,222
2024,05,17,101,20,110
2024,05,18,101,20,42
2024,05,19,101,20,28
2024,05,20,101,20,18
2024,05,21,101,20,52
2024,05,22,101,20,13
2024,05,23,101,20,9
2024,05,24,101,20,16
2024,05,25,101,20,16
2024,05,t1,101,20,3100
2024,05,01,101,30,241
2024,05,03,101,30,24
2024,05,04,101,30,17
2024,05,05,101,30,31
2024,05,06,101,30,20
2024,05,07,101,30,18
2024,05,08,101,30,26
2024,05,09,101,30,4
2024,05,10,101,30,16
2024,05,12,101,30,198
2024,05,13,101,30,28
2024,05,14,101,30,208
2024,05,17,101,30,36
2024,05,18,101,30,16
2024,05,19,101,30,7
2024,05,20,101,30,21
2024,05,21,101,30,37
2024,05,22,101,30,24
2024,05,23,101,30,16
2024,05,24,101,30,21
2024,05,25,101,30,12
2024,05,t1,101,30,1021
2024,05,01,101,t1,2602
2024,05,03,101,t1,199
2024,05,04,101,t1,128
2024,05,05,101,t1,250
2024,05,06,101,t1,251
2024,05,07,101,t1,89
2024,05,08,101,t1,129
2024,05,09,101,t1,32
2024,05,10,101,t1,81
2024,05,12,101,t1,1057
2024,05,13,101,t1,173
2024,05,14,101,t1,1049
2024,05,17,101,t1,215
2024,05,18,101,t1,135
2024,05,19,101,t1,108
2024,05,20,101,t1,94
2024,05,21,101,t1,149
2024,05,22,101,t1,75
2024,05,23,101,t1,41
2024,05,24,101,t1,75
2024,05,25,101,t1,52
2024,05,t1,101,t1,6984
2024,05,01,102,10,71
2024,05,03,102,10,14
2024,05,04,102,10,17
2024,05,05,102,10,35
2024,05,06,102,10,23
2024,05,07,102,10,7
2024,05,08,102,10,16
2024,05,09,102,10,2
2024,05,10,102,10,7
2024,05,12,102,10,72
2024,05,13,102,10,23
2024,05,14,102,10,96
2024,05,17,102,10,21
2024,05,18,102,10,29
2024,05,19,102,10,17
2024,05,20,102,10,16
2024,05,21,102,10,22
2024,05,22,102,10,16
2024,05,23,102,10,5
2024,05,24,102,10,21
2024,05,25,102,10,23
2024,05,t1,102,10,553
2024,05,01,102,20,454
2024,05,03,102,20,33
2024,05,04,102,20,19
2024,05,05,102,20,35
2024,05,06,102,20,101
2024,05,07,102,20,14
2024,05,08,102,20,35
2024,05,09,102,20,6
2024,05,10,102,20,13
2024,05,12,102,20,249
2024,05,13,102,20,22
2024,05,14,102,20,96
2024,05,17,102,20,48
2024,05,18,102,20,28
2024,05,19,102,20,15
2024,05,20,102,20,29
2024,05,21,102,20,22
2024,05,22,102,20,21
2024,05,23,102,20,14
2024,05,24,102,20,24
2024,05,25,102,20,33
2024,05,t1,102,20,1311
2024,05,01,102,30,32
2024,05,03,102,30,11
2024,05,04,102,30,3
2024,05,05,102,30,8
2024,05,06,102,30,13
2024,05,08,102,30,8
2024,05,10,102,30,2
2024,05,12,102,30,69
2024,05,13,102,30,4
2024,05,14,102,30,163
2024,05,17,102,30,33
2024,05,18,102,30,1
2024,05,19,102,30,5
2024,05,20,102,30,4
2024,05,21,102,30,6
2024,05,22,102,30,5
2024,05,23,102,30,1
2024,05,24,102,30,6
2024,05,25,102,30,14
2024,05,t1,102,30,388
2024,05,01,102,t1,557
2024,05,03,102,t1,58
2024,05,04,102,t1,39
2024,05,05,102,t1,78
2024,05,06,102,t1,137
2024,05,07,102,t1,21
2024,05,08,102,t1,59
2024,05,09,102,t1,8
2024,05,10,102,t1,22
2024,05,12,102,t1,390
2024,05,13,102,t1,49
2024,05,14,102,t1,355
2024,05,17,102,t1,102
2024,05,18,102,t1,58
2024,05,19,102,t1,37
2024,05,20,102,t1,49
2024,05,21,102,t1,50
2024,05,22,102,t1,42
2024,05,23,102,t1,20
2024,05,24,102,t1,51
2024,05,25,102,t1,70
2024,05,t1,102,t1,2252
2024,05,01,103,10,529
2024,05,03,103,10,54
2024,05,04,103,10,53
2024,05,05,103,10,69
2024,05,06,103,10,99
2024,05,07,103,10,45
2024,05,08,103,10,49
2024,05,09,103,10,12
2024,05,10,103,10,24
2024,05,12,103,10,321
2024,05,13,103,10,105
2024,05,14,103,10,421
2024,05,17,103,10,42
2024,05,18,103,10,53
2024,05,19,103,10,53
2024,05,20,103,10,31
2024,05,21,103,10,27
2024,05,22,103,10,25
2024,05,23,103,10,17
2024,05,24,103,10,32
2024,05,25,103,10,37
2024,05,t1,103,10,2098
2024,05,01,103,20,2401
2024,05,03,103,20,65
2024,05,04,103,20,37
2024,05,05,103,20,77
2024,05,06,103,20,86
2024,05,07,103,20,34
2024,05,08,103,20,33
2024,05,09,103,20,5
2024,05,10,103,20,20
2024,05,12,103,20,319
2024,05,13,103,20,76
2024,05,14,103,20,492
2024,05,17,103,20,51
2024,05,18,103,20,36
2024,05,19,103,20,36
2024,05,20,103,20,44
2024,05,21,103,20,27
2024,05,22,103,20,20
2024,05,23,103,20,14
2024,05,24,103,20,32
2024,05,25,103,20,19
2024,05,t1,103,20,3924
2024,05,01,103,30,904
2024,05,03,103,30,16
2024,05,04,103,30,24
2024,05,05,103,30,25
2024,05,06,103,30,54
2024,05,07,103,30,11
2024,05,08,103,30,37
2024,05,09,103,30,4
2024,05,10,103,30,15
2024,05,12,103,30,189
2024,05,13,103,30,29
2024,05,14,103,30,168
2024,05,17,103,30,23
2024,05,18,103,30,28
2024,05,19,103,30,12
2024,05,20,103,30,20
2024,05,21,103,30,22
2024,05,22,103,30,10
2024,05,23,103,30,1
2024,05,24,103,30,14
2024,05,25,103,30,20
2024,05,t1,103,30,1626
2024,05,01,103,t1,3834
2024,05,03,103,t1,135
2024,05,04,103,t1,114
2024,05,05,103,t1,171
2024,05,06,103,t1,239
2024,05,07,103,t1,90
2024,05,08,103,t1,119
2024,05,09,103,t1,21
2024,05,10,103,t1,59
2024,05,12,103,t1,829
2024,05,13,103,t1,210
2024,05,14,103,t1,1081
2024,05,17,103,t1,116
2024,05,18,103,t1,117
2024,05,19,103,t1,101
2024,05,20,103,t1,95
2024,05,21,103,t1,76
2024,05,22,103,t1,55
2024,05,23,103,t1,32
2024,05,24,103,t1,78
2024,05,25,103,t1,76
2024,05,t1,103,t1,7648
2024,05,01,104,10,213
2024,05,03,104,10,49
2024,05,04,104,10,32
2024,05,05,104,10,59
2024,05,06,104,10,52
2024,05,07,104,10,11
2024,05,08,104,10,9
2024,05,09,104,10,2
2024,05,10,104,10,16
2024,05,12,104,10,124
2024,05,13,104,10,37
2024,05,14,104,10,188
2024,05,17,104,10,27
2024,05,18,104,10,30
2024,05,19,104,10,16
2024,05,20,104,10,27
2024,05,21,104,10,43
2024,05,22,104,10,12
2024,05,23,104,10,4
2024,05,24,104,10,16
2024,05,25,104,10,17
2024,05,t1,104,10,984
2024,05,01,104,20,367
2024,05,03,104,20,43
2024,05,04,104,20,9
2024,05,05,104,20,10
2024,05,06,104,20,34
2024,05,07,104,20,2
2024,05,08,104,20,7
2024,05,09,104,20,5
2024,05,10,104,20,8
2024,05,12,104,20,111
2024,05,13,104,20,13
2024,05,14,104,20,122
2024,05,17,104,20,7
2024,05,18,104,20,10
2024,05,19,104,20,16
2024,05,20,104,20,53
2024,05,21,104,20,21
2024,05,22,104,20,21
2024,05,23,104,20,10
2024,05,24,104,20,30
2024,05,25,104,20,30
2024,05,t1,104,20,929
2024,05,01,104,30,193
2024,05,03,104,30,20
2024,05,04,104,30,19
2024,05,05,104,30,55
2024,05,06,104,30,37
2024,05,07,104,30,7
2024,05,08,104,30,11
2024,05,09,104,30,2
2024,05,10,104,30,4
2024,05,12,104,30,65
2024,05,13,104,30,12
2024,05,14,104,30,182
2024,05,17,104,30,57
2024,05,18,104,30,31
2024,05,19,104,30,6
2024,05,20,104,30,13
2024,05,21,104,30,23
2024,05,22,104,30,10
2024,05,23,104,30,5
2024,05,24,104,30,40
2024,05,25,104,30,9
2024,05,t1,104,30,801
2024,05,01,104,t1,773
2024,05,03,104,t1,112
2024,05,04,104,t1,60
2024,05,05,104,t1,124
2024,05,06,104,t1,123
2024,05,07,104,t1,20
2024,05,08,104,t1,27
2024,05,09,104,t1,9
2024,05,10,104,t1,28
2024,05,12,104,t1,300
2024,05,13,104,t1,62
2024,05,14,104,t1,492
2024,05,17,104,t1,91
2024,05,18,104,t1,71
2024,05,19,104,t1,38
2024,05,20,104,t1,93
2024,05,21,104,t1,87
2024,05,22,104,t1,43
2024,05,23,104,t1,19
2024,05,24,104,t1,86
2024,05,25,104,t1,56
2024,05,t1,104,t1,2714
2024,05,01,105,10,281
2024,05,03,105,10,46
2024,05,04,105,10,43
2024,05,05,105,10,61
2024,05,06,105,10,39
2024,05,07,105,10,28
2024,05,08,105,10,22
2024,05,09,105,10,1
2024,05,10,105,10,23
2024,05,12,105,10,162
2024,05,13,105,10,46
2024,05,14,105,10,210
2024,05,17,105,10,27
2024,05,18,105,10,29
2024,05,19,105,10,52
2024,05,20,105,10,33
2024,05,21,105,10,27
2024,05,22,105,10,27
2024,05,23,105,10,5
2024,05,24,105,10,34
2024,05,25,105,10,20
2024,05,t1,105,10,1216
2024,05,01,105,20,2063
2024,05,03,105,20,47
2024,05,04,105,20,38
2024,05,05,105,20,50
2024,05,06,105,20,96
2024,05,07,105,20,38
2024,05,08,105,20,27
2024,05,09,105,20,5
2024,05,10,105,20,10
2024,05,12,105,20,380
2024,05,13,105,20,71
2024,05,14,105,20,362
2024,05,17,105,20,55
2024,05,18,105,20,72
2024,05,19,105,20,40
2024,05,20,105,20,64
2024,05,21,105,20,23
2024,05,22,105,20,29
2024,05,23,105,20,16
2024,05,24,105,20,29
2024,05,25,105,20,20
2024,05,t1,105,20,3535
2024,05,01,105,30,207
2024,05,03,105,30,20
2024,05,04,105,30,20
2024,05,05,105,30,41
2024,05,06,105,30,49
2024,05,07,105,30,18
2024,05,08,105,30,20
2024,05,09,105,30,3
2024,05,10,105,30,26
2024,05,12,105,30,209
2024,05,13,105,30,20
2024,05,14,105,30,329
2024,05,17,105,30,11
2024,05,18,105,30,11
2024,05,19,105,30,8
2024,05,20,105,30,15
2024,05,21,105,30,37
2024,05,22,105,30,20
2024,05,23,105,30,5
2024,05,24,105,30,13
2024,05,25,105,30,9
2024,05,t1,105,30,1091
2024,05,01,105,t1,2551
2024,05,03,105,t1,113
2024,05,04,105,t1,101
2024,05,05,105,t1,152
2024,05,06,105,t1,184
2024,05,07,105,t1,84
2024,05,08,105,t1,69
2024,05,09,105,t1,9
2024,05,10,105,t1,59
2024,05,12,105,t1,751
2024,05,13,105,t1,137
2024,05,14,105,t1,901
2024,05,17,105,t1,93
2024,05,18,105,t1,112
2024,05,19,105,t1,100
2024,05,20,105,t1,112
2024,05,21,105,t1,87
2024,05,22,105,t1,76
2024,05,23,105,t1,26
2024,05,24,105,t1,76
2024,05,25,105,t1,49
2024,05,t1,105,t1,5842
2024,05,01,106,10,37
2024,05,03,106,10,6
2024,05,04,106,10,5
2024,05,05,106,10,11
2024,05,06,106,10,8
2024,05,07,106,10,4
2024,05,08,106,10,3
2024,05,10,106,10,3
2024,05,12,106,10,23
2024,05,13,106,10,7
2024,05,14,106,10,22
2024,05,17,106,10,7
2024,05,18,106,10,6
2024,05,19,106,10,3
2024,05,20,106,10,1
2024,05,21,106,10,10
2024,05,22,106,10,7
2024,05,23,106,10,2
2024,05,24,106,10,3
2024,05,25,106,10,3
2024,05,t1,106,10,171
2024,05,01,106,20,30
2024,05,03,106,20,6
2024,05,04,106,20,1
2024,05,05,106,20,5
2024,05,06,106,20,2
2024,05,07,106,20,4
2024,05,09,106,20,2
2024,05,10,106,20,2
2024,05,12,106,20,8
2024,05,14,106,20,14
2024,05,17,106,20,2
2024,05,18,106,20,1
2024,05,19,106,20,2
2024,05,20,106,20,8
2024,05,21,106,20,4
2024,05,22,106,20,1
2024,05,23,106,20,1
2024,05,24,106,20,1
2024,05,t1,106,20,94
2024,05,01,106,30,8
2024,05,03,106,30,4
2024,05,04,106,30,1
2024,05,05,106,30,2
2024,05,06,106,30,12
2024,05,07,106,30,1
2024,05,08,106,30,1
2024,05,09,106,30,1
2024,05,10,106,30,2
2024,05,12,106,30,10
2024,05,13,106,30,13
2024,05,14,106,30,26
2024,05,17,106,30,2
2024,05,18,106,30,3
2024,05,19,106,30,3
2024,05,21,106,30,2
2024,05,22,106,30,4
2024,05,23,106,30,4
2024,05,24,106,30,13
2024,05,t1,106,30,112
2024,05,01,106,t1,75
2024,05,03,106,t1,16
2024,05,04,106,t1,7
2024,05,05,106,t1,18
2024,05,06,106,t1,22
2024,05,07,106,t1,9
2024,05,08,106,t1,4
2024,05,09,106,t1,3
2024,05,10,106,t1,7
2024,05,12,106,t1,41
2024,05,13,106,t1,20
2024,05,14,106,t1,62
2024,05,17,106,t1,11
2024,05,18,106,t1,10
2024,05,19,106,t1,8
2024,05,20,106,t1,9
2024,05,21,106,t1,16
2024,05,22,106,t1,12
2024,05,23,106,t1,7
2024,05,24,106,t1,17
2024,05,25,106,t1,3
2024,05,t1,106,t1,377
2024,05,01,107,20,32
2024,05,07,107,20,3
2024,05,08,107,20,2
2024,05,12,107,20,67
2024,05,13,107,20,10
2024,05,14,107,20,4
2024,05,t1,107,20,118
2024,05,06,107,30,9
2024,05,t1,107,30,9
2024,05,01,107,t1,32
2024,05,06,107,t1,9
2024,05,07,107,t1,3
2024,05,08,107,t1,2
2024,05,12,107,t1,67
2024,05,13,107,t1,10
2024,05,14,107,t1,4
2024,05,t1,107,t1,127
2024,05,19,109,10,1
2024,05,t1,109,10,1
2024,05,12,109,20,1
2024,05,t1,109,20,1
2024,05,01,109,30,1
2024,05,t1,109,30,1
2024,05,01,109,t1,1
2024,05,12,109,t1,1
2024,05,19,109,t1,1
2024,05,t1,109,t1,3
2024,05,01,t1,10,1762
2024,05,03,t1,10,257
2024,05,04,t1,10,223
2024,05,05,t1,10,378
2024,05,06,t1,10,351
2024,05,07,t1,10,155
2024,05,08,t1,10,174
2024,05,09,t1,10,25
2024,05,10,t1,10,118
2024,05,12,t1,10,1122
2024,05,13,t1,10,339
2024,05,14,t1,10,1556
2024,05,17,t1,10,193
2024,05,18,t1,10,224
2024,05,19,t1,10,215
2024,05,20,t1,10,163
2024,05,21,t1,10,189
2024,05,22,t1,10,125
2024,05,23,t1,10,49
2024,05,24,t1,10,144
2024,05,25,t1,10,124
2024,05,t1,t1,10,7886
2024,05,01,t1,20,7077
2024,05,03,t1,20,281
2024,05,04,t1,20,142
2024,05,05,t1,20,253
2024,05,06,t1,20,420
2024,05,07,t1,20,106
2024,05,08,t1,20,132
2024,05,09,t1,20,43
2024,05,10,t1,20,73
2024,05,12,t1,20,1574
2024,05,13,t1,20,216
2024,05,14,t1,20,1312
2024,05,17,t1,20,273
2024,05,18,t1,20,189
2024,05,19,t1,20,137
2024,05,20,t1,20,216
2024,05,21,t1,20,149
2024,05,22,t1,20,105
2024,05,23,t1,20,64
2024,05,24,t1,20,132
2024,05,25,t1,20,118
2024,05,t1,t1,20,13012
2024,05,01,t1,30,1586
2024,05,03,t1,30,95
2024,05,04,t1,30,84
2024,05,05,t1,30,162
2024,05,06,t1,30,194
2024,05,07,t1,30,55
2024,05,08,t1,30,103
2024,05,09,t1,30,14
2024,05,10,t1,30,65
2024,05,12,t1,30,740
2024,05,13,t1,30,106
2024,05,14,t1,30,1076
2024,05,17,t1,30,162
2024,05,18,t1,30,90
2024,05,19,t1,30,41
2024,05,20,t1,30,73
2024,05,21,t1,30,127
2024,05,22,t1,30,73
2024,05,23,t1,30,32
2024,05,24,t1,30,107
2024,05,25,t1,30,64
2024,05,t1,t1,30,5049
2024,05,01,t1,t1,10425
2024,05,03,t1,t1,633
2024,05,04,t1,t1,449
2024,05,05,t1,t1,793
2024,05,06,t1,t1,965
2024,05,07,t1,t1,316
2024,05,08,t1,t1,409
2024,05,09,t1,t1,82
2024,05,10,t1,t1,256
2024,05,12,t1,t1,3436
2024,05,13,t1,t1,661
2024,05,14,t1,t1,3944
2024,05,17,t1,t1,628
2024,05,18,t1,t1,503
2024,05,19,t1,t1,393
2024,05,20,t1,t1,452
2024,05,21,t1,t1,465
2024,05,22,t1,t1,303
2024,05,23,t1,t1,145
2024,05,24,t1,t1,383
2024,05,25,t1,t1,306
2024,05,t1,t1,t1,25947
2024,06,01,101,10,642
2024,06,03,101,10,84
2024,06,04,101,10,73
2024,06,05,101,10,113
2024,06,06,101,10,137
2024,06,07,101,10,71
2024,06,08,101,10,68
2024,06,09,101,10,12
2024,06,10,101,10,41
2024,06,12,101,10,428
2024,06,13,101,10,111
2024,06,14,101,10,572
2024,06,17,101,10,46
2024,06,18,101,10,65
2024,06,19,101,10,77
2024,06,20,101,10,50
2024,06,21,101,10,43
2024,06,22,101,10,43
2024,06,23,101,10,10
2024,06,24,101,10,37
2024,06,25,101,10,28
2024,06,t1,101,10,2751
2024,06,01,101,20,1519
2024,06,03,101,20,58
2024,06,04,101,20,34
2024,06,05,101,20,49
2024,06,06,101,20,74
2024,06,07,101,20,14
2024,06,08,101,20,22
2024,06,09,101,20,11
2024,06,10,101,20,22
2024,06,12,101,20,419
2024,06,13,101,20,34
2024,06,14,101,20,204
2024,06,17,101,20,69
2024,06,18,101,20,38
2024,06,19,101,20,26
2024,06,20,101,20,28
2024,06,21,101,20,30
2024,06,22,101,20,27
2024,06,23,101,20,8
2024,06,24,101,20,27
2024,06,25,101,20,23
2024,06,t1,101,20,2736
2024,06,01,101,30,426
2024,06,03,101,30,37
2024,06,04,101,30,29
2024,06,05,101,30,38
2024,06,06,101,30,64
2024,06,07,101,30,23
2024,06,08,101,30,40
2024,06,09,101,30,6
2024,06,10,101,30,16
2024,06,12,101,30,293
2024,06,13,101,30,32
2024,06,14,101,30,242
2024,06,17,101,30,42
2024,06,18,101,30,23
2024,06,19,101,30,17
2024,06,20,101,30,28
2024,06,21,101,30,38
2024,06,22,101,30,11
2024,06,23,101,30,8
2024,06,24,101,30,24
2024,06,25,101,30,6
2024,06,t1,101,30,1443
2024,06,01,101,t1,2587
2024,06,03,101,t1,179
2024,06,04,101,t1,136
2024,06,05,101,t1,200
2024,06,06,101,t1,275
2024,06,07,101,t1,108
2024,06,08,101,t1,130
2024,06,09,101,t1,29
2024,06,10,101,t1,79
2024,06,12,101,t1,1140
2024,06,13,101,t1,177
2024,06,14,101,t1,1018
2024,06,17,101,t1,157
2024,06,18,101,t1,126
2024,06,19,101,t1,120
2024,06,20,101,t1,106
2024,06,21,101,t1,111
2024,06,22,101,t1,81
2024,06,23,101,t1,26
2024,06,24,101,t1,88
2024,06,25,101,t1,57
2024,06,t1,101,t1,6930
2024,06,01,102,10,64
2024,06,03,102,10,19
2024,06,04,102,10,10
2024,06,05,102,10,29
2024,06,06,102,10,22
2024,06,07,102,10,10
2024,06,08,102,10,13
2024,06,10,102,10,9
2024,06,12,102,10,70
2024,06,13,102,10,24
2024,06,14,102,10,103
2024,06,17,102,10,21
2024,06,18,102,10,16
2024,06,19,102,10,17
2024,06,20,102,10,23
2024,06,21,102,10,12
2024,06,22,102,10,7
2024,06,23,102,10,11
2024,06,24,102,10,14
2024,06,25,102,10,20
2024,06,t1,102,10,514
2024,06,01,102,20,367
2024,06,03,102,20,38
2024,06,04,102,20,20
2024,06,05,102,20,41
2024,06,06,102,20,45
2024,06,07,102,20,13
2024,06,08,102,20,35
2024,06,09,102,20,3
2024,06,10,102,20,13
2024,06,12,102,20,257
2024,06,13,102,20,13
2024,06,14,102,20,113
2024,06,17,102,20,88
2024,06,18,102,20,16
2024,06,19,102,20,8
2024,06,20,102,20,17
2024,06,21,102,20,11
2024,06,22,102,20,40
2024,06,23,102,20,16
2024,06,24,102,20,11
2024,06,25,102,20,36
2024,06,t1,102,20,1201
2024,06,01,102,30,44
2024,06,03,102,30,8
2024,06,04,102,30,5
2024,06,05,102,30,1
2024,06,06,102,30,11
2024,06,07,102,30,3
2024,06,08,102,30,12
2024,06,09,102,30,1
2024,06,10,102,30,2
2024,06,12,102,30,125
2024,06,13,102,30,7
2024,06,14,102,30,137
2024,06,17,102,30,17
2024,06,18,102,30,4
2024,06,19,102,30,10
2024,06,21,102,30,5
2024,06,22,102,30,7
2024,06,23,102,30,10
2024,06,24,102,30,8
2024,06,25,102,30,9
2024,06,t1,102,30,426
2024,06,01,102,t1,475
2024,06,03,102,t1,65
2024,06,04,102,t1,35
2024,06,05,102,t1,71
2024,06,06,102,t1,78
2024,06,07,102,t1,26
2024,06,08,102,t1,60
2024,06,09,102,t1,4
2024,06,10,102,t1,24
2024,06,12,102,t1,452
2024,06,13,102,t1,44
2024,06,14,102,t1,353
2024,06,17,102,t1,126
2024,06,18,102,t1,36
2024,06,19,102,t1,35
2024,06,20,102,t1,40
2024,06,21,102,t1,28
2024,06,22,102,t1,54
2024,06,23,102,t1,37
2024,06,24,102,t1,33
2024,06,25,102,t1,65
2024,06,t1,102,t1,2141
2024,06,01,103,10,781
2024,06,03,103,10,98
2024,06,04,103,10,68
2024,06,05,103,10,123
2024,06,06,103,10,132
2024,06,07,103,10,45
2024,06,08,103,10,49
2024,06,09,103,10,15
2024,06,10,103,10,37
2024,06,12,103,10,450
2024,06,13,103,10,150
2024,06,14,103,10,699
2024,06,17,103,10,60
2024,06,18,103,10,79
2024,06,19,103,10,67
2024,06,20,103,10,40
2024,06,21,103,10,50
2024,06,22,103,10,44
2024,06,23,103,10,21
2024,06,24,103,10,89
2024,06,25,103,10,64
2024,06,t1,103,10,3161
2024,06,01,103,20,2873
2024,06,03,103,20,73
2024,06,04,103,20,60
2024,06,05,103,20,103
2024,06,06,103,20,118
2024,06,07,103,20,33
2024,06,08,103,20,24
2024,06,09,103,20,15
2024,06,10,103,20,14
2024,06,12,103,20,421
2024,06,13,103,20,87
2024,06,14,103,20,628
2024,06,17,103,20,46
2024,06,18,103,20,47
2024,06,19,103,20,30
2024,06,20,103,20,44
2024,06,21,103,20,40
2024,06,22,103,20,29
2024,06,23,103,20,26
2024,06,24,103,20,41
2024,06,25,103,20,44
2024,06,t1,103,20,4796
2024,06,01,103,30,622
2024,06,03,103,30,15
2024,06,04,103,30,21
2024,06,05,103,30,19
2024,06,06,103,30,38
2024,06,07,103,30,10
2024,06,08,103,30,22
2024,06,09,103,30,4
2024,06,10,103,30,15
2024,06,12,103,30,114
2024,06,13,103,30,12
2024,06,14,103,30,132
2024,06,17,103,30,18
2024,06,18,103,30,15
2024,06,19,103,30,16
2024,06,20,103,30,31
2024,06,21,103,30,22
2024,06,22,103,30,17
2024,06,23,103,30,2
2024,06,24,103,30,20
2024,06,25,103,30,13
2024,06,t1,103,30,1178
2024,06,01,103,t1,4276
2024,06,03,103,t1,186
2024,06,04,103,t1,149
2024,06,05,103,t1,245
2024,06,06,103,t1,288
2024,06,07,103,t1,88
2024,06,08,103,t1,95
2024,06,09,103,t1,34
2024,06,10,103,t1,66
2024,06,12,103,t1,985
2024,06,13,103,t1,249
2024,06,14,103,t1,1459
2024,06,17,103,t1,124
2024,06,18,103,t1,141
2024,06,19,103,t1,113
2024,06,20,103,t1,115
2024,06,21,103,t1,112
2024,06,22,103,t1,90
2024,06,23,103,t1,49
2024,06,24,103,t1,150
2024,06,25,103,t1,121
2024,06,t1,103,t1,9135
2024,06,01,104,10,185
2024,06,03,104,10,44
2024,06,04,104,10,27
2024,06,05,104,10,44
2024,06,06,104,10,37
2024,06,07,104,10,10
2024,06,08,104,10,17
2024,06,09,104,10,6
2024,06,10,104,10,11
2024,06,12,104,10,88
2024,06,13,104,10,30
2024,06,14,104,10,153
2024,06,17,104,10,13
2024,06,18,104,10,18
2024,06,19,104,10,16
2024,06,20,104,10,18
2024,06,21,104,10,31
2024,06,22,104,10,12
2024,06,23,104,10,5
2024,06,24,104,10,13
2024,06,25,104,10,13
2024,06,t1,104,10,791
2024,06,01,104,20,235
2024,06,03,104,20,18
2024,06,04,104,20,8
2024,06,05,104,20,16
2024,06,06,104,20,52
2024,06,07,104,20,6
2024,06,08,104,20,6
2024,06,09,104,20,4
2024,06,10,104,20,7
2024,06,12,104,20,72
2024,06,13,104,20,12
2024,06,14,104,20,97
2024,06,17,104,20,38
2024,06,18,104,20,3
2024,06,19,104,20,11
2024,06,20,104,20,19
2024,06,21,104,20,23
2024,06,22,104,20,10
2024,06,23,104,20,11
2024,06,24,104,20,7
2024,06,25,104,20,44
2024,06,t1,104,20,699
2024,06,01,104,30,266
2024,06,03,104,30,25
2024,06,04,104,30,18
2024,06,05,104,30,32
2024,06,06,104,30,42
2024,06,07,104,30,13
2024,06,08,104,30,6
2024,06,10,104,30,2
2024,06,12,104,30,76
2024,06,13,104,30,4
2024,06,14,104,30,189
2024,06,17,104,30,10
2024,06,18,104,30,20
2024,06,20,104,30,11
2024,06,21,104,30,14
2024,06,22,104,30,7
2024,06,23,104,30,2
2024,06,24,104,30,7
2024,06,25,104,30,7
2024,06,t1,104,30,751
2024,06,01,104,t1,686
2024,06,03,104,t1,87
2024,06,04,104,t1,53
2024,06,05,104,t1,92
2024,06,06,104,t1,131
2024,06,07,104,t1,29
2024,06,08,104,t1,29
2024,06,09,104,t1,10
2024,06,10,104,t1,20
2024,06,12,104,t1,236
2024,06,13,104,t1,46
2024,06,14,104,t1,439
2024,06,17,104,t1,61
2024,06,18,104,t1,41
2024,06,19,104,t1,27
2024,06,20,104,t1,48
2024,06,21,104,t1,68
2024,06,22,104,t1,29
2024,06,23,104,t1,18
2024,06,24,104,t1,27
2024,06,25,104,t1,64
2024,06,t1,104,t1,2241
2024,06,01,105,10,287
2024,06,03,105,10,34
2024,06,04,105,10,44
2024,06,05,105,10,38
2024,06,06,105,10,30
2024,06,07,105,10,21
2024,06,08,105,10,14
2024,06,09,105,10,1
2024,06,10,105,10,21
2024,06,12,105,10,117
2024,06,13,105,10,37
2024,06,14,105,10,174
2024,06,17,105,10,27
2024,06,18,105,10,33
2024,06,19,105,10,40
2024,06,20,105,10,29
2024,06,21,105,10,24
2024,06,22,105,10,27
2024,06,23,105,10,1
2024,06,24,105,10,18
2024,06,25,105,10,11
2024,06,t1,105,10,1028
2024,06,01,105,20,1734
2024,06,03,105,20,124
2024,06,04,105,20,26
2024,06,05,105,20,56
2024,06,06,105,20,66
2024,06,07,105,20,33
2024,06,08,105,20,22
2024,06,09,105,20,4
2024,06,10,105,20,8
2024,06,12,105,20,306
2024,06,13,105,20,32
2024,06,14,105,20,276
2024,06,17,105,20,32
2024,06,18,105,20,33
2024,06,19,105,20,27
2024,06,20,105,20,38
2024,06,21,105,20,27
2024,06,22,105,20,17
2024,06,23,105,20,17
2024,06,24,105,20,8
2024,06,25,105,20,16
2024,06,t1,105,20,2902
2024,06,01,105,30,402
2024,06,03,105,30,21
2024,06,04,105,30,21
2024,06,05,105,30,28
2024,06,06,105,30,47
2024,06,07,105,30,26
2024,06,08,105,30,18
2024,06,09,105,30,2
2024,06,10,105,30,17
2024,06,12,105,30,181
2024,06,13,105,30,25
2024,06,14,105,30,329
2024,06,17,105,30,21
2024,06,18,105,30,24
2024,06,19,105,30,19
2024,06,20,105,30,49
2024,06,21,105,30,29
2024,06,22,105,30,17
2024,06,23,105,30,5
2024,06,24,105,30,25
2024,06,25,105,30,16
2024,06,t1,105,30,1322
2024,06,01,105,t1,2423
2024,06,03,105,t1,179
2024,06,04,105,t1,91
2024,06,05,105,t1,122
2024,06,06,105,t1,143
2024,06,07,105,t1,80
2024,06,08,105,t1,54
2024,06,09,105,t1,7
2024,06,10,105,t1,46
2024,06,12,105,t1,604
2024,06,13,105,t1,94
2024,06,14,105,t1,779
2024,06,17,105,t1,80
2024,06,18,105,t1,90
2024,06,19,105,t1,86
2024,06,20,105,t1,116
2024,06,21,105,t1,80
2024,06,22,105,t1,61
2024,06,23,105,t1,23
2024,06,24,105,t1,51
2024,06,25,105,t1,43
2024,06,t1,105,t1,5252
2024,06,01,106,10,40
2024,06,03,106,10,6
2024,06,04,106,10,3
2024,06,05,106,10,10
2024,06,06,106,10,8
2024,06,07,106,10,3
2024,06,08,106,10,1
2024,06,10,106,10,3
2024,06,12,106,10,15
2024,06,13,106,10,5
2024,06,14,106,10,11
2024,06,17,106,10,5
2024,06,18,106,10,7
2024,06,19,106,10,4
2024,06,20,106,10,5
2024,06,21,106,10,10
2024,06,22,106,10,6
2024,06,23,106,10,1
2024,06,24,106,10,2
2024,06,25,106,10,5
2024,06,t1,106,10,150
2024,06,01,106,20,31
2024,06,03,106,20,15
2024,06,04,106,20,1
2024,06,05,106,20,4
2024,06,06,106,20,4
2024,06,08,106,20,1
2024,06,09,106,20,5
2024,06,12,106,20,5
2024,06,13,106,20,4
2024,06,14,106,20,5
2024,06,17,106,20,1
2024,06,18,106,20,4
2024,06,20,106,20,2
2024,06,21,106,20,4
2024,06,22,106,20,3
2024,06,23,106,20,1
2024,06,24,106,20,3
2024,06,25,106,20,2
2024,06,t1,106,20,95
2024,06,01,106,30,4
2024,06,05,106,30,2
2024,06,06,106,30,5
2024,06,07,106,30,1
2024,06,09,106,30,2
2024,06,10,106,30,3
2024,06,12,106,30,3
2024,06,13,106,30,4
2024,06,14,106,30,7
2024,06,18,106,30,1
2024,06,19,106,30,1
2024,06,20,106,30,2
2024,06,21,106,30,2
2024,06,23,106,30,3
2024,06,24,106,30,17
2024,06,25,106,30,2
2024,06,t1,106,30,59
2024,06,01,106,t1,75
2024,06,03,106,t1,21
2024,06,04,106,t1,4
2024,06,05,106,t1,16
2024,06,06,106,t1,17
2024,06,07,106,t1,4
2024,06,08,106,t1,2
2024,06,09,106,t1,7
2024,06,10,106,t1,6
2024,06,12,106,t1,23
2024,06,13,106,t1,13
2024,06,14,106,t1,23
2024,06,17,106,t1,6
2024,06,18,106,t1,12
2024,06,19,106,t1,5
2024,06,20,106,t1,9
2024,06,21,106,t1,16
2024,06,22,106,t1,9
2024,06,23,106,t1,5
2024,06,24,106,t1,22
2024,06,25,106,t1,9
2024,06,t1,106,t1,304
2024,06,05,107,10,1
2024,06,t1,107,10,1
2024,06,01,107,20,35
2024,06,10,107,20,3
2024,06,12,107,20,12
2024,06,23,107,20,2
2024,06,t1,107,20,52
2024,06,01,107,30,1
2024,06,06,107,30,32
2024,06,t1,107,30,33
2024,06,01,107,t1,36
2024,06,05,107,t1,1
2024,06,06,107,t1,32
2024,06,10,107,t1,3
2024,06,12,107,t1,12
2024,06,23,107,t1,2
2024,06,t1,107,t1,86
2024,06,01,109,10,1
2024,06,12,109,10,2
2024,06,14,109,10,1
2024,06,t1,109,10,4
2024,06,17,109,20,1
2024,06,t1,109,20,1
2024,06,14,109,30,2
2024,06,t1,109,30,2
2024,06,01,109,t1,1
2024,06,12,109,t1,2
2024,06,14,109,t1,3
2024,06,17,109,t1,1
2024,06,t1,109,t1,7
2024,06,01,t1,10,2000
2024,06,03,t1,10,285
2024,06,04,t1,10,225
2024,06,05,t1,10,358
2024,06,06,t1,10,366
2024,06,07,t1,10,160
2024,06,08,t1,10,162
2024,06,09,t1,10,34
2024,06,10,t1,10,122
2024,06,12,t1,10,1170
2024,06,13,t1,10,357
2024,06,14,t1,10,1713
2024,06,17,t1,10,172
2024,06,18,t1,10,218
2024,06,19,t1,10,221
2024,06,20,t1,10,165
2024,06,21,t1,10,170
2024,06,22,t1,10,139
2024,06,23,t1,10,49
2024,06,24,t1,10,173
2024,06,25,t1,10,141
2024,06,t1,t1,10,8400
2024,06,01,t1,20,6794
2024,06,03,t1,20,326
2024,06,04,t1,20,149
2024,06,05,t1,20,269
2024,06,06,t1,20,359
2024,06,07,t1,20,99
2024,06,08,t1,20,110
2024,06,09,t1,20,42
2024,06,10,t1,20,67
2024,06,12,t1,20,1492
2024,06,13,t1,20,182
2024,06,14,t1,20,1323
2024,06,17,t1,20,275
2024,06,18,t1,20,141
2024,06,19,t1,20,102
2024,06,20,t1,20,148
2024,06,21,t1,20,135
2024,06,22,t1,20,126
2024,06,23,t1,20,81
2024,06,24,t1,20,97
2024,06,25,t1,20,165
2024,06,t1,t1,20,12482
2024,06,01,t1,30,1765
2024,06,03,t1,30,106
2024,06,04,t1,30,94
2024,06,05,t1,30,120
2024,06,06,t1,30,239
2024,06,07,t1,30,76
2024,06,08,t1,30,98
2024,06,09,t1,30,15
2024,06,10,t1,30,55
2024,06,12,t1,30,792
2024,06,13,t1,30,84
2024,06,14,t1,30,1038
2024,06,17,t1,30,108
2024,06,18,t1,30,87
2024,06,19,t1,30,63
2024,06,20,t1,30,121
2024,06,21,t1,30,110
2024,06,22,t1,30,59
2024,06,23,t1,30,30
2024,06,24,t1,30,101
2024,06,25,t1,30,53
2024,06,t1,t1,30,5214
2024,06,01,t1,t1,10559
2024,06,03,t1,t1,717
2024,06,04,t1,t1,468
2024,06,05,t1,t1,747
2024,06,06,t1,t1,964
2024,06,07,t1,t1,335
2024,06,08,t1,t1,370
2024,06,09,t1,t1,91
2024,06,10,t1,t1,244
2024,06,12,t1,t1,3454
2024,06,13,t1,t1,623
2024,06,14,t1,t1,4074
2024,06,17,t1,t1,555
2024,06,18,t1,t1,446
2024,06,19,t1,t1,386
2024,06,20,t1,t1,434
2024,06,21,t1,t1,415
2024,06,22,t1,t1,324
2024,06,23,t1,t1,160
2024,06,24,t1,t1,371
2024,06,25,t1,t1,359
2024,06,t1,t1,t1,26096
2024,07,01,101,10,460
2024,07,03,101,10,64
2024,07,04,101,10,62
2024,07,05,101,10,98
2024,07,06,101,10,78
2024,07,07,101,10,46
2024,07,08,101,10,47
2024,07,09,101,10,7
2024,07,10,101,10,30
2024,07,12,101,10,343
2024,07,13,101,10,85
2024,07,14,101,10,383
2024,07,17,101,10,67
2024,07,18,101,10,73
2024,07,19,101,10,58
2024,07,20,101,10,31
2024,07,21,101,10,45
2024,07,22,101,10,35
2024,07,23,101,10,7
2024,07,24,101,10,18
2024,07,25,101,10,20
2024,07,t1,101,10,2057
2024,07,01,101,20,452
2024,07,03,101,20,13
2024,07,04,101,20,15
2024,07,05,101,20,32
2024,07,06,101,20,90
2024,07,07,101,20,8
2024,07,08,101,20,10
2024,07,09,101,20,1
2024,07,10,101,20,6
2024,07,12,101,20,180
2024,07,13,101,20,29
2024,07,14,101,20,71
2024,07,17,101,20,86
2024,07,18,101,20,8
2024,07,19,101,20,8
2024,07,20,101,20,18
2024,07,21,101,20,8
2024,07,22,101,20,20
2024,07,23,101,20,4
2024,07,24,101,20,5
2024,07,25,101,20,12
2024,07,t1,101,20,1076
2024,07,01,101,30,227
2024,07,03,101,30,25
2024,07,04,101,30,25
2024,07,05,101,30,25
2024,07,06,101,30,30
2024,07,07,101,30,14
2024,07,08,101,30,20
2024,07,09,101,30,3
2024,07,10,101,30,14
2024,07,12,101,30,138
2024,07,13,101,30,21
2024,07,14,101,30,156
2024,07,17,101,30,18
2024,07,18,101,30,18
2024,07,19,101,30,13
2024,07,20,101,30,24
2024,07,21,101,30,30
2024,07,22,101,30,13
2024,07,23,101,30,2
2024,07,24,101,30,12
2024,07,25,101,30,9
2024,07,t1,101,30,837
2024,07,01,101,t1,1139
2024,07,03,101,t1,102
2024,07,04,101,t1,102
2024,07,05,101,t1,155
2024,07,06,101,t1,198
2024,07,07,101,t1,68
2024,07,08,101,t1,77
2024,07,09,101,t1,11
2024,07,10,101,t1,50
2024,07,12,101,t1,661
2024,07,13,101,t1,135
2024,07,14,101,t1,610
2024,07,17,101,t1,171
2024,07,18,101,t1,99
2024,07,19,101,t1,79
2024,07,20,101,t1,73
2024,07,21,101,t1,83
2024,07,22,101,t1,68
2024,07,23,101,t1,13
2024,07,24,101,t1,35
2024,07,25,101,t1,41
2024,07,t1,101,t1,3970
2024,07,01,102,10,76
2024,07,03,102,10,22
2024,07,04,102,10,16
2024,07,05,102,10,24
2024,07,06,102,10,28
2024,07,07,102,10,6
2024,07,08,102,10,15
2024,07,10,102,10,8
2024,07,12,102,10,76
2024,07,13,102,10,33
2024,07,14,102,10,115
2024,07,17,102,10,15
2024,07,18,102,10,25
2024,07,19,102,10,16
2024,07,20,102,10,22
2024,07,21,102,10,18
2024,07,22,102,10,14
2024,07,23,102,10,5
2024,07,24,102,10,12
2024,07,25,102,10,13
2024,07,t1,102,10,559
2024,07,01,102,20,259
2024,07,03,102,20,11
2024,07,04,102,20,15
2024,07,05,102,20,21
2024,07,06,102,20,36
2024,07,07,102,20,11
2024,07,08,102,20,35
2024,07,09,102,20,7
2024,07,10,102,20,8
2024,07,12,102,20,197
2024,07,13,102,20,18
2024,07,14,102,20,61
2024,07,17,102,20,45
2024,07,18,102,20,12
2024,07,19,102,20,10
2024,07,20,102,20,16
2024,07,21,102,20,9
2024,07,22,102,20,27
2024,07,23,102,20,12
2024,07,24,102,20,8
2024,07,25,102,20,12
2024,07,t1,102,20,830
2024,07,01,102,30,30
2024,07,03,102,30,5
2024,07,04,102,30,4
2024,07,05,102,30,2
2024,07,06,102,30,34
2024,07,07,102,30,3
2024,07,08,102,30,5
2024,07,09,102,30,4
2024,07,10,102,30,3
2024,07,12,102,30,106
2024,07,13,102,30,1
2024,07,14,102,30,72
2024,07,17,102,30,13
2024,07,18,102,30,1
2024,07,19,102,30,4
2024,07,21,102,30,1
2024,07,22,102,30,3
2024,07,23,102,30,1
2024,07,24,102,30,2
2024,07,25,102,30,7
2024,07,t1,102,30,301
2024,07,01,102,t1,365
2024,07,03,102,t1,38
2024,07,04,102,t1,35
2024,07,05,102,t1,47
2024,07,06,102,t1,98
2024,07,07,102,t1,20
2024,07,08,102,t1,55
2024,07,09,102,t1,11
2024,07,10,102,t1,19
2024,07,12,102,t1,379
2024,07,13,102,t1,52
2024,07,14,102,t1,248
2024,07,17,102,t1,73
2024,07,18,102,t1,38
2024,07,19,102,t1,30
2024,07,20,102,t1,38
2024,07,21,102,t1,28
2024,07,22,102,t1,44
2024,07,23,102,t1,18
2024,07,24,102,t1,22
2024,07,25,102,t1,32
2024,07,t1,102,t1,1690
2024,07,01,103,10,451
2024,07,03,103,10,52
2024,07,04,103,10,37
2024,07,05,103,10,87
2024,07,06,103,10,47
2024,07,07,103,10,44
2024,07,08,103,10,24
2024,07,09,103,10,5
2024,07,10,103,10,26
2024,07,12,103,10,289
2024,07,13,103,10,103
2024,07,14,103,10,333
2024,07,17,103,10,26
2024,07,18,103,10,54
2024,07,19,103,10,42
2024,07,20,103,10,23
2024,07,21,103,10,28
2024,07,22,103,10,31
2024,07,23,103,10,7
2024,07,24,103,10,40
2024,07,25,103,10,45
2024,07,t1,103,10,1794
2024,07,01,103,20,1606
2024,07,03,103,20,31
2024,07,04,103,20,17
2024,07,05,103,20,73
2024,07,06,103,20,47
2024,07,07,103,20,20
2024,07,08,103,20,16
2024,07,09,103,20,11
2024,07,10,103,20,8
2024,07,12,103,20,210
2024,07,13,103,20,40
2024,07,14,103,20,315
2024,07,17,103,20,19
2024,07,18,103,20,41
2024,07,19,103,20,29
2024,07,20,103,20,15
2024,07,21,103,20,18
2024,07,22,103,20,19
2024,07,23,103,20,9
2024,07,24,103,20,23
2024,07,25,103,20,33
2024,07,t1,103,20,2600
2024,07,01,103,30,465
2024,07,03,103,30,12
2024,07,04,103,30,15
2024,07,05,103,30,14
2024,07,06,103,30,57
2024,07,07,103,30,7
2024,07,08,103,30,20
2024,07,09,103,30,3
2024,07,10,103,30,7
2024,07,12,103,30,261
2024,07,13,103,30,28
2024,07,14,103,30,139
2024,07,17,103,30,15
2024,07,18,103,30,10
2024,07,19,103,30,17
2024,07,20,103,30,8
2024,07,21,103,30,21
2024,07,22,103,30,13
2024,07,23,103,30,3
2024,07,24,103,30,14
2024,07,25,103,30,7
2024,07,t1,103,30,1136
2024,07,01,103,t1,2522
2024,07,03,103,t1,95
2024,07,04,103,t1,69
2024,07,05,103,t1,174
2024,07,06,103,t1,151
2024,07,07,103,t1,71
2024,07,08,103,t1,60
2024,07,09,103,t1,19
2024,07,10,103,t1,41
2024,07,12,103,t1,760
2024,07,13,103,t1,171
2024,07,14,103,t1,787
2024,07,17,103,t1,60
2024,07,18,103,t1,105
2024,07,19,103,t1,88
2024,07,20,103,t1,46
2024,07,21,103,t1,67
2024,07,22,103,t1,63
2024,07,23,103,t1,19
2024,07,24,103,t1,77
2024,07,25,103,t1,85
2024,07,t1,103,t1,5530
2024,07,01,104,10,163
2024,07,03,104,10,34
2024,07,04,104,10,15
2024,07,05,104,10,29
2024,07,06,104,10,37
2024,07,07,104,10,9
2024,07,08,104,10,12
2024,07,09,104,10,1
2024,07,10,104,10,8
2024,07,12,104,10,74
2024,07,13,104,10,19
2024,07,14,104,10,126
2024,07,17,104,10,17
2024,07,18,104,10,12
2024,07,19,104,10,8
2024,07,20,104,10,7
2024,07,21,104,10,25
2024,07,22,104,10,12
2024,07,23,104,10,5
2024,07,24,104,10,12
2024,07,25,104,10,3
2024,07,t1,104,10,628
2024,07,01,104,20,107
2024,07,03,104,20,9
2024,07,04,104,20,6
2024,07,05,104,20,9
2024,07,06,104,20,36
2024,07,07,104,20,6
2024,07,08,104,20,6
2024,07,10,104,20,2
2024,07,12,104,20,35
2024,07,13,104,20,12
2024,07,14,104,20,50
2024,07,17,104,20,20
2024,07,18,104,20,6
2024,07,19,104,20,4
2024,07,20,104,20,5
2024,07,21,104,20,9
2024,07,22,104,20,9
2024,07,23,104,20,11
2024,07,24,104,20,4
2024,07,25,104,20,18
2024,07,t1,104,20,364
2024,07,01,104,30,71
2024,07,03,104,30,11
2024,07,04,104,30,9
2024,07,05,104,30,32
2024,07,06,104,30,15
2024,07,07,104,30,7
2024,07,08,104,30,9
2024,07,09,104,30,5
2024,07,10,104,30,4
2024,07,12,104,30,53
2024,07,13,104,30,9
2024,07,14,104,30,98
2024,07,17,104,30,6
2024,07,18,104,30,11
2024,07,19,104,30,3
2024,07,20,104,30,6
2024,07,21,104,30,15
2024,07,22,104,30,10
2024,07,23,104,30,1
2024,07,24,104,30,3
2024,07,25,104,30,5
2024,07,t1,104,30,383
2024,07,01,104,t1,341
2024,07,03,104,t1,54
2024,07,04,104,t1,30
2024,07,05,104,t1,70
2024,07,06,104,t1,88
2024,07,07,104,t1,22
2024,07,08,104,t1,27
2024,07,09,104,t1,6
2024,07,10,104,t1,14
2024,07,12,104,t1,162
2024,07,13,104,t1,40
2024,07,14,104,t1,274
2024,07,17,104,t1,43
2024,07,18,104,t1,29
2024,07,19,104,t1,15
2024,07,20,104,t1,18
2024,07,21,104,t1,49
2024,07,22,104,t1,31
2024,07,23,104,t1,17
2024,07,24,104,t1,19
2024,07,25,104,t1,26
2024,07,t1,104,t1,1375
2024,07,01,105,10,192
2024,07,03,105,10,25
2024,07,04,105,10,26
2024,07,05,105,10,40
2024,07,06,105,10,27
2024,07,07,105,10,14
2024,07,08,105,10,14
2024,07,09,105,10,3
2024,07,10,105,10,14
2024,07,12,105,10,119
2024,07,13,105,10,30
2024,07,14,105,10,132
2024,07,17,105,10,25
2024,07,18,105,10,19
2024,07,19,105,10,26
2024,07,20,105,10,24
2024,07,21,105,10,24
2024,07,22,105,10,18
2024,07,23,105,10,4
2024,07,24,105,10,18
2024,07,25,105,10,9
2024,07,t1,105,10,803
2024,07,01,105,20,1194
2024,07,03,105,20,85
2024,07,04,105,20,18
2024,07,05,105,20,40
2024,07,06,105,20,41
2024,07,07,105,20,20
2024,07,08,105,20,12
2024,07,09,105,20,2
2024,07,10,105,20,8
2024,07,12,105,20,346
2024,07,13,105,20,34
2024,07,14,105,20,208
2024,07,17,105,20,21
2024,07,18,105,20,21
2024,07,19,105,20,25
2024,07,20,105,20,21
2024,07,21,105,20,11
2024,07,22,105,20,16
2024,07,23,105,20,6
2024,07,24,105,20,12
2024,07,25,105,20,19
2024,07,t1,105,20,2160
2024,07,01,105,30,329
2024,07,03,105,30,10
2024,07,04,105,30,20
2024,07,05,105,30,15
2024,07,06,105,30,39
2024,07,07,105,30,15
2024,07,08,105,30,27
2024,07,09,105,30,6
2024,07,10,105,30,6
2024,07,12,105,30,282
2024,07,13,105,30,17
2024,07,14,105,30,273
2024,07,17,105,30,14
2024,07,18,105,30,9
2024,07,19,105,30,34
2024,07,20,105,30,59
2024,07,21,105,30,30
2024,07,22,105,30,47
2024,07,23,105,30,7
2024,07,24,105,30,24
2024,07,25,105,30,18
2024,07,t1,105,30,1281
2024,07,01,105,t1,1715
2024,07,03,105,t1,120
2024,07,04,105,t1,64
2024,07,05,105,t1,95
2024,07,06,105,t1,107
2024,07,07,105,t1,49
2024,07,08,105,t1,53
2024,07,09,105,t1,11
2024,07,10,105,t1,28
2024,07,12,105,t1,747
2024,07,13,105,t1,81
2024,07,14,105,t1,613
2024,07,17,105,t1,60
2024,07,18,105,t1,49
2024,07,19,105,t1,85
2024,07,20,105,t1,104
2024,07,21,105,t1,65
2024,07,22,105,t1,81
2024,07,23,105,t1,17
2024,07,24,105,t1,54
2024,07,25,105,t1,46
2024,07,t1,105,t1,4244
2024,07,01,106,10,15
2024,07,03,106,10,2
2024,07,05,106,10,3
2024,07,06,106,10,2
2024,07,07,106,10,1
2024,07,08,106,10,1
2024,07,12,106,10,4
2024,07,13,106,10,2
2024,07,14,106,10,13
2024,07,17,106,10,1
2024,07,18,106,10,2
2024,07,19,106,10,3
2024,07,20,106,10,1
2024,07,21,106,10,4
2024,07,22,106,10,3
2024,07,23,106,10,1
2024,07,24,106,10,3
2024,07,25,106,10,2
2024,07,t1,106,10,63
2024,07,01,106,20,9
2024,07,03,106,20,1
2024,07,06,106,20,2
2024,07,07,106,20,2
2024,07,08,106,20,1
2024,07,10,106,20,1
2024,07,12,106,20,2
2024,07,13,106,20,1
2024,07,14,106,20,6
2024,07,17,106,20,2
2024,07,18,106,20,1
2024,07,19,106,20,2
2024,07,20,106,20,2
2024,07,21,106,20,4
2024,07,24,106,20,2
2024,07,t1,106,20,38
2024,07,01,106,30,6
2024,07,03,106,30,9
2024,07,04,106,30,2
2024,07,05,106,30,1
2024,07,12,106,30,3
2024,07,14,106,30,3
2024,07,17,106,30,1
2024,07,20,106,30,2
2024,07,21,106,30,1
2024,07,22,106,30,1
2024,07,23,106,30,2
2024,07,24,106,30,3
2024,07,25,106,30,1
2024,07,t1,106,30,35
2024,07,01,106,t1,30
2024,07,03,106,t1,12
2024,07,04,106,t1,2
2024,07,05,106,t1,4
2024,07,06,106,t1,4
2024,07,07,106,t1,3
2024,07,08,106,t1,2
2024,07,10,106,t1,1
2024,07,12,106,t1,9
2024,07,13,106,t1,3
2024,07,14,106,t1,22
2024,07,17,106,t1,4
2024,07,18,106,t1,3
2024,07,19,106,t1,5
2024,07,20,106,t1,5
2024,07,21,106,t1,9
2024,07,22,106,t1,4
2024,07,23,106,t1,3
2024,07,24,106,t1,8
2024,07,25,106,t1,3
2024,07,t1,106,t1,136
2024,07,19,107,10,1
2024,07,t1,107,10,1
2024,07,01,107,20,3
2024,07,12,107,20,5
2024,07,t1,107,20,8
2024,07,01,107,t1,3
2024,07,12,107,t1,5
2024,07,19,107,t1,1
2024,07,t1,107,t1,9
2024,07,01,109,10,1
2024,07,12,109,10,1
2024,07,t1,109,10,2
2024,07,01,109,t1,1
2024,07,12,109,t1,1
2024,07,t1,109,t1,2
2024,07,01,t1,10,1358
2024,07,03,t1,10,199
2024,07,04,t1,10,156
2024,07,05,t1,10,281
2024,07,06,t1,10,219
2024,07,07,t1,10,120
2024,07,08,t1,10,113
2024,07,09,t1,10,16
2024,07,10,t1,10,86
2024,07,12,t1,10,906
2024,07,13,t1,10,272
2024,07,14,t1,10,1102
2024,07,17,t1,10,151
2024,07,18,t1,10,185
2024,07,19,t1,10,154
2024,07,20,t1,10,108
2024,07,21,t1,10,144
2024,07,22,t1,10,113
2024,07,23,t1,10,29
2024,07,24,t1,10,103
2024,07,25,t1,10,92
2024,07,t1,t1,10,5907
2024,07,01,t1,20,3630
2024,07,03,t1,20,150
2024,07,04,t1,20,71
2024,07,05,t1,20,175
2024,07,06,t1,20,252
2024,07,07,t1,20,67
2024,07,08,t1,20,80
2024,07,09,t1,20,21
2024,07,10,t1,20,33
2024,07,12,t1,20,975
2024,07,13,t1,20,134
2024,07,14,t1,20,711
2024,07,17,t1,20,193
2024,07,18,t1,20,89
2024,07,19,t1,20,78
2024,07,20,t1,20,77
2024,07,21,t1,20,59
2024,07,22,t1,20,91
2024,07,23,t1,20,42
2024,07,24,t1,20,54
2024,07,25,t1,20,94
2024,07,t1,t1,20,7076
2024,07,01,t1,30,1128
2024,07,03,t1,30,72
2024,07,04,t1,30,75
2024,07,05,t1,30,89
2024,07,06,t1,30,175
2024,07,07,t1,30,46
2024,07,08,t1,30,81
2024,07,09,t1,30,21
2024,07,10,t1,30,34
2024,07,12,t1,30,843
2024,07,13,t1,30,76
2024,07,14,t1,30,741
2024,07,17,t1,30,67
2024,07,18,t1,30,49
2024,07,19,t1,30,71
2024,07,20,t1,30,99
2024,07,21,t1,30,98
2024,07,22,t1,30,87
2024,07,23,t1,30,16
2024,07,24,t1,30,58
2024,07,25,t1,30,47
2024,07,t1,t1,30,3973
2024,07,01,t1,t1,6116
2024,07,03,t1,t1,421
2024,07,04,t1,t1,302
2024,07,05,t1,t1,545
2024,07,06,t1,t1,646
2024,07,07,t1,t1,233
2024,07,08,t1,t1,274
2024,07,09,t1,t1,58
2024,07,10,t1,t1,153
2024,07,12,t1,t1,2724
2024,07,13,t1,t1,482
2024,07,14,t1,t1,2554
2024,07,17,t1,t1,411
2024,07,18,t1,t1,323
2024,07,19,t1,t1,303
2024,07,20,t1,t1,284
2024,07,21,t1,t1,301
2024,07,22,t1,t1,291
2024,07,23,t1,t1,87
2024,07,24,t1,t1,215
2024,07,25,t1,t1,233
2024,07,t1,t1,t1,16956
2024,08,01,101,10,543
2024,08,03,101,10,69
2024,08,04,101,10,74
2024,08,05,101,10,129
2024,08,06,101,10,111
2024,08,07,101,10,53
2024,08,08,101,10,71
2024,08,09,101,10,10
2024,08,10,101,10,54
2024,08,12,101,10,404
2024,08,13,101,10,96
2024,08,14,101,10,495
2024,08,17,101,10,70
2024,08,18,101,10,81
2024,08,19,101,10,72
2024,08,20,101,10,48
2024,08,21,101,10,61
2024,08,22,101,10,44
2024,08,23,101,10,7
2024,08,24,101,10,41
2024,08,25,101,10,22
2024,08,t1,101,10,2555
2024,08,01,101,20,447
2024,08,03,101,20,36
2024,08,04,101,20,13
2024,08,05,101,20,35
2024,08,06,101,20,94
2024,08,07,101,20,10
2024,08,08,101,20,9
2024,08,09,101,20,1
2024,08,10,101,20,15
2024,08,12,101,20,142
2024,08,13,101,20,33
2024,08,14,101,20,102
2024,08,17,101,20,60
2024,08,18,101,20,10
2024,08,19,101,20,34
2024,08,20,101,20,9
2024,08,21,101,20,10
2024,08,22,101,20,15
2024,08,23,101,20,7
2024,08,24,101,20,13
2024,08,25,101,20,7
2024,08,t1,101,20,1102
2024,08,01,101,30,280
2024,08,03,101,30,6
2024,08,04,101,30,25
2024,08,05,101,30,32
2024,08,06,101,30,62
2024,08,07,101,30,24
2024,08,08,101,30,33
2024,08,09,101,30,3
2024,08,10,101,30,14
2024,08,12,101,30,165
2024,08,13,101,30,38
2024,08,14,101,30,220
2024,08,17,101,30,29
2024,08,18,101,30,18
2024,08,19,101,30,18
2024,08,20,101,30,27
2024,08,21,101,30,27
2024,08,22,101,30,29
2024,08,23,101,30,21
2024,08,24,101,30,46
2024,08,25,101,30,48
2024,08,t1,101,30,1165
2024,08,01,101,t1,1270
2024,08,03,101,t1,111
2024,08,04,101,t1,112
2024,08,05,101,t1,196
2024,08,06,101,t1,267
2024,08,07,101,t1,87
2024,08,08,101,t1,113
2024,08,09,101,t1,14
2024,08,10,101,t1,83
2024,08,12,101,t1,711
2024,08,13,101,t1,167
2024,08,14,101,t1,817
2024,08,17,101,t1,159
2024,08,18,101,t1,109
2024,08,19,101,t1,124
2024,08,20,101,t1,84
2024,08,21,101,t1,98
2024,08,22,101,t1,88
2024,08,23,101,t1,35
2024,08,24,101,t1,100
2024,08,25,101,t1,77
2024,08,t1,101,t1,4822
2024,08,01,102,10,64
2024,08,03,102,10,14
2024,08,04,102,10,17
2024,08,05,102,10,12
2024,08,06,102,10,21
2024,08,07,102,10,13
2024,08,08,102,10,22
2024,08,09,102,10,6
2024,08,10,102,10,12
2024,08,12,102,10,79
2024,08,13,102,10,25
2024,08,14,102,10,92
2024,08,17,102,10,17
2024,08,18,102,10,22
2024,08,19,102,10,21
2024,08,20,102,10,13
2024,08,21,102,10,10
2024,08,22,102,10,11
2024,08,23,102,10,4
2024,08,24,102,10,15
2024,08,25,102,10,26
2024,08,t1,102,10,516
2024,08,01,102,20,369
2024,08,03,102,20,30
2024,08,04,102,20,15
2024,08,05,102,20,9
2024,08,06,102,20,115
2024,08,07,102,20,8
2024,08,08,102,20,10
2024,08,09,102,20,3
2024,08,10,102,20,13
2024,08,12,102,20,208
2024,08,13,102,20,25
2024,08,14,102,20,68
2024,08,17,102,20,51
2024,08,18,102,20,8
2024,08,19,102,20,13
2024,08,20,102,20,21
2024,08,21,102,20,21
2024,08,22,102,20,37
2024,08,23,102,20,20
2024,08,24,102,20,10
2024,08,25,102,20,33
2024,08,t1,102,20,1087
2024,08,01,102,30,23
2024,08,03,102,30,1
2024,08,04,102,30,5
2024,08,05,102,30,2
2024,08,06,102,30,10
2024,08,07,102,30,2
2024,08,08,102,30,12
2024,08,10,102,30,1
2024,08,12,102,30,53
2024,08,13,102,30,2
2024,08,14,102,30,98
2024,08,17,102,30,20
2024,08,18,102,30,1
2024,08,19,102,30,2
2024,08,20,102,30,4
2024,08,21,102,30,2
2024,08,22,102,30,8
2024,08,23,102,30,1
2024,08,24,102,30,2
2024,08,25,102,30,3
2024,08,t1,102,30,252
2024,08,01,102,t1,456
2024,08,03,102,t1,45
2024,08,04,102,t1,37
2024,08,05,102,t1,23
2024,08,06,102,t1,146
2024,08,07,102,t1,23
2024,08,08,102,t1,44
2024,08,09,102,t1,9
2024,08,10,102,t1,26
2024,08,12,102,t1,340
2024,08,13,102,t1,52
2024,08,14,102,t1,258
2024,08,17,102,t1,88
2024,08,18,102,t1,31
2024,08,19,102,t1,36
2024,08,20,102,t1,38
2024,08,21,102,t1,33
2024,08,22,102,t1,56
2024,08,23,102,t1,25
2024,08,24,102,t1,27
2024,08,25,102,t1,62
2024,08,t1,102,t1,1855
2024,08,01,103,10,504
2024,08,03,103,10,68
2024,08,04,103,10,41
2024,08,05,103,10,92
2024,08,06,103,10,88
2024,08,07,103,10,34
2024,08,08,103,10,37
2024,08,09,103,10,5
2024,08,10,103,10,25
2024,08,12,103,10,304
2024,08,13,103,10,90
2024,08,14,103,10,381
2024,08,17,103,10,42
2024,08,18,103,10,57
2024,08,19,103,10,50
2024,08,20,103,10,35
2024,08,21,103,10,34
2024,08,22,103,10,26
2024,08,23,103,10,15
2024,08,24,103,10,51
2024,08,25,103,10,37
2024,08,t1,103,10,2016
2024,08,01,103,20,2045
2024,08,03,103,20,39
2024,08,04,103,20,32
2024,08,05,103,20,78
2024,08,06,103,20,82
2024,08,07,103,20,29
2024,08,08,103,20,29
2024,08,09,103,20,6
2024,08,10,103,20,14
2024,08,12,103,20,252
2024,08,13,103,20,46
2024,08,14,103,20,457
2024,08,17,103,20,31
2024,08,18,103,20,34
2024,08,19,103,20,49
2024,08,20,103,20,23
2024,08,21,103,20,30
2024,08,22,103,20,26
2024,08,23,103,20,25
2024,08,24,103,20,31
2024,08,25,103,20,29
2024,08,t1,103,20,3387
2024,08,01,103,30,813
2024,08,03,103,30,10
2024,08,04,103,30,18
2024,08,05,103,30,13
2024,08,06,103,30,71
2024,08,07,103,30,12
2024,08,08,103,30,21
2024,08,09,103,30,3
2024,08,10,103,30,22
2024,08,12,103,30,110
2024,08,13,103,30,17
2024,08,14,103,30,188
2024,08,17,103,30,19
2024,08,18,103,30,15
2024,08,19,103,30,21
2024,08,20,103,30,13
2024,08,21,103,30,18
2024,08,22,103,30,10
2024,08,23,103,30,5
2024,08,24,103,30,9
2024,08,25,103,30,8
2024,08,t1,103,30,1416
2024,08,01,103,t1,3362
2024,08,03,103,t1,117
2024,08,04,103,t1,91
2024,08,05,103,t1,183
2024,08,06,103,t1,241
2024,08,07,103,t1,75
2024,08,08,103,t1,87
2024,08,09,103,t1,14
2024,08,10,103,t1,61
2024,08,12,103,t1,666
2024,08,13,103,t1,153
2024,08,14,103,t1,1026
2024,08,17,103,t1,92
2024,08,18,103,t1,106
2024,08,19,103,t1,120
2024,08,20,103,t1,71
2024,08,21,103,t1,82
2024,08,22,103,t1,62
2024,08,23,103,t1,45
2024,08,24,103,t1,91
2024,08,25,103,t1,74
2024,08,t1,103,t1,6819
2024,08,01,104,10,230
2024,08,03,104,10,30
2024,08,04,104,10,39
2024,08,05,104,10,45
2024,08,06,104,10,51
2024,08,07,104,10,13
2024,08,08,104,10,8
2024,08,09,104,10,6
2024,08,10,104,10,4
2024,08,12,104,10,101
2024,08,13,104,10,31
2024,08,14,104,10,102
2024,08,17,104,10,15
2024,08,18,104,10,24
2024,08,19,104,10,10
2024,08,20,104,10,13
2024,08,21,104,10,41
2024,08,22,104,10,11
2024,08,23,104,10,4
2024,08,24,104,10,18
2024,08,25,104,10,19
2024,08,t1,104,10,815
2024,08,01,104,20,228
2024,08,03,104,20,6
2024,08,05,104,20,16
2024,08,06,104,20,28
2024,08,07,104,20,3
2024,08,08,104,20,1
2024,08,10,104,20,5
2024,08,12,104,20,41
2024,08,13,104,20,3
2024,08,14,104,20,90
2024,08,17,104,20,17
2024,08,18,104,20,21
2024,08,19,104,20,37
2024,08,20,104,20,14
2024,08,21,104,20,17
2024,08,22,104,20,11
2024,08,23,104,20,9
2024,08,24,104,20,12
2024,08,25,104,20,65
2024,08,t1,104,20,624
2024,08,01,104,30,142
2024,08,03,104,30,30
2024,08,04,104,30,11
2024,08,05,104,30,35
2024,08,06,104,30,31
2024,08,07,104,30,17
2024,08,08,104,30,14
2024,08,09,104,30,1
2024,08,10,104,30,8
2024,08,12,104,30,76
2024,08,13,104,30,15
2024,08,14,104,30,165
2024,08,17,104,30,15
2024,08,18,104,30,19
2024,08,19,104,30,9
2024,08,20,104,30,8
2024,08,21,104,30,13
2024,08,22,104,30,16
2024,08,23,104,30,4
2024,08,24,104,30,11
2024,08,25,104,30,12
2024,08,t1,104,30,652
2024,08,01,104,t1,600
2024,08,03,104,t1,66
2024,08,04,104,t1,50
2024,08,05,104,t1,96
2024,08,06,104,t1,110
2024,08,07,104,t1,33
2024,08,08,104,t1,23
2024,08,09,104,t1,7
2024,08,10,104,t1,17
2024,08,12,104,t1,218
2024,08,13,104,t1,49
2024,08,14,104,t1,357
2024,08,17,104,t1,47
2024,08,18,104,t1,64
2024,08,19,104,t1,56
2024,08,20,104,t1,35
2024,08,21,104,t1,71
2024,08,22,104,t1,38
2024,08,23,104,t1,17
2024,08,24,104,t1,41
2024,08,25,104,t1,96
2024,08,t1,104,t1,2091
2024,08,01,105,10,223
2024,08,03,105,10,37
2024,08,04,105,10,23
2024,08,05,105,10,40
2024,08,06,105,10,32
2024,08,07,105,10,17
2024,08,08,105,10,10
2024,08,09,105,10,2
2024,08,10,105,10,10
2024,08,12,105,10,108
2024,08,13,105,10,37
2024,08,14,105,10,135
2024,08,17,105,10,24
2024,08,18,105,10,20
2024,08,19,105,10,34
2024,08,20,105,10,30
2024,08,21,105,10,19
2024,08,22,105,10,23
2024,08,23,105,10,2
2024,08,24,105,10,10
2024,08,25,105,10,11
2024,08,t1,105,10,847
2024,08,01,105,20,1154
2024,08,03,105,20,39
2024,08,04,105,20,13
2024,08,05,105,20,59
2024,08,06,105,20,76
2024,08,07,105,20,32
2024,08,08,105,20,18
2024,08,09,105,20,7
2024,08,10,105,20,9
2024,08,12,105,20,204
2024,08,13,105,20,34
2024,08,14,105,20,215
2024,08,17,105,20,34
2024,08,18,105,20,33
2024,08,19,105,20,25
2024,08,20,105,20,16
2024,08,21,105,20,27
2024,08,22,105,20,14
2024,08,23,105,20,11
2024,08,24,105,20,14
2024,08,25,105,20,17
2024,08,t1,105,20,2051
2024,08,01,105,30,350
2024,08,03,105,30,13
2024,08,04,105,30,8
2024,08,05,105,30,26
2024,08,06,105,30,29
2024,08,07,105,30,12
2024,08,08,105,30,19
2024,08,09,105,30,2
2024,08,10,105,30,15
2024,08,12,105,30,172
2024,08,13,105,30,23
2024,08,14,105,30,141
2024,08,17,105,30,12
2024,08,18,105,30,14
2024,08,19,105,30,12
2024,08,20,105,30,25
2024,08,21,105,30,14
2024,08,22,105,30,41
2024,08,23,105,30,3
2024,08,24,105,30,26
2024,08,25,105,30,26
2024,08,t1,105,30,983
2024,08,01,105,t1,1727
2024,08,03,105,t1,89
2024,08,04,105,t1,44
2024,08,05,105,t1,125
2024,08,06,105,t1,137
2024,08,07,105,t1,61
2024,08,08,105,t1,47
2024,08,09,105,t1,11
2024,08,10,105,t1,34
2024,08,12,105,t1,484
2024,08,13,105,t1,94
2024,08,14,105,t1,491
2024,08,17,105,t1,70
2024,08,18,105,t1,67
2024,08,19,105,t1,71
2024,08,20,105,t1,71
2024,08,21,105,t1,60
2024,08,22,105,t1,78
2024,08,23,105,t1,16
2024,08,24,105,t1,50
2024,08,25,105,t1,54
2024,08,t1,105,t1,3881
2024,08,01,106,10,28
2024,08,03,106,10,3
2024,08,04,106,10,2
2024,08,05,106,10,8
2024,08,06,106,10,7
2024,08,07,106,10,1
2024,08,10,106,10,2
2024,08,12,106,10,7
2024,08,13,106,10,1
2024,08,14,106,10,15
2024,08,17,106,10,3
2024,08,18,106,10,4
2024,08,19,106,10,2
2024,08,20,106,10,5
2024,08,21,106,10,5
2024,08,22,106,10,3
2024,08,23,106,10,1
2024,08,24,106,10,4
2024,08,25,106,10,3
2024,08,t1,106,10,104
2024,08,01,106,20,15
2024,08,03,106,20,2
2024,08,05,106,20,4
2024,08,06,106,20,1
2024,08,07,106,20,2
2024,08,08,106,20,1
2024,08,12,106,20,7
2024,08,13,106,20,2
2024,08,14,106,20,4
2024,08,17,106,20,1
2024,08,18,106,20,1
2024,08,19,106,20,1
2024,08,20,106,20,2
2024,08,21,106,20,5
2024,08,22,106,20,1
2024,08,23,106,20,1
2024,08,24,106,20,4
2024,08,25,106,20,12
2024,08,t1,106,20,66
2024,08,01,106,30,3
2024,08,03,106,30,2
2024,08,04,106,30,1
2024,08,05,106,30,2
2024,08,06,106,30,2
2024,08,12,106,30,5
2024,08,17,106,30,1
2024,08,18,106,30,2
2024,08,21,106,30,2
2024,08,23,106,30,2
2024,08,24,106,30,6
2024,08,t1,106,30,28
2024,08,01,106,t1,46
2024,08,03,106,t1,7
2024,08,04,106,t1,3
2024,08,05,106,t1,14
2024,08,06,106,t1,10
2024,08,07,106,t1,3
2024,08,08,106,t1,1
2024,08,10,106,t1,2
2024,08,12,106,t1,19
2024,08,13,106,t1,3
2024,08,14,106,t1,19
2024,08,17,106,t1,5
2024,08,18,106,t1,7
2024,08,19,106,t1,3
2024,08,20,106,t1,7
2024,08,21,106,t1,12
2024,08,22,106,t1,4
2024,08,23,106,t1,4
2024,08,24,106,t1,14
2024,08,25,106,t1,15
2024,08,t1,106,t1,198
2024,08,01,107,20,22
2024,08,12,107,20,17
2024,08,t1,107,20,39
2024,08,01,107,t1,22
2024,08,12,107,t1,17
2024,08,t1,107,t1,39
2024,08,01,109,10,1
2024,08,04,109,10,1
2024,08,08,109,10,1
2024,08,12,109,10,1
2024,08,24,109,10,1
2024,08,t1,109,10,5
2024,08,17,109,20,1
2024,08,t1,109,20,1
2024,08,01,109,t1,1
2024,08,04,109,t1,1
2024,08,08,109,t1,1
2024,08,12,109,t1,1
2024,08,17,109,t1,1
2024,08,24,109,t1,1
2024,08,t1,109,t1,6
2024,08,01,t1,10,1593
2024,08,03,t1,10,221
2024,08,04,t1,10,197
2024,08,05,t1,10,326
2024,08,06,t1,10,310
2024,08,07,t1,10,131
2024,08,08,t1,10,149
2024,08,09,t1,10,29
2024,08,10,t1,10,107
2024,08,12,t1,10,1004
2024,08,13,t1,10,280
2024,08,14,t1,10,1220
2024,08,17,t1,10,171
2024,08,18,t1,10,208
2024,08,19,t1,10,189
2024,08,20,t1,10,144
2024,08,21,t1,10,170
2024,08,22,t1,10,118
2024,08,23,t1,10,33
2024,08,24,t1,10,140
2024,08,25,t1,10,118
2024,08,t1,t1,10,6858
2024,08,01,t1,20,4280
2024,08,03,t1,20,152
2024,08,04,t1,20,73
2024,08,05,t1,20,201
2024,08,06,t1,20,396
2024,08,07,t1,20,84
2024,08,08,t1,20,68
2024,08,09,t1,20,17
2024,08,10,t1,20,56
2024,08,12,t1,20,871
2024,08,13,t1,20,143
2024,08,14,t1,20,936
2024,08,17,t1,20,195
2024,08,18,t1,20,107
2024,08,19,t1,20,159
2024,08,20,t1,20,85
2024,08,21,t1,20,110
2024,08,22,t1,20,104
2024,08,23,t1,20,73
2024,08,24,t1,20,84
2024,08,25,t1,20,163
2024,08,t1,t1,20,8357
2024,08,01,t1,30,1611
2024,08,03,t1,30,62
2024,08,04,t1,30,68
2024,08,05,t1,30,110
2024,08,06,t1,30,205
2024,08,07,t1,30,67
2024,08,08,t1,30,99
2024,08,09,t1,30,9
2024,08,10,t1,30,60
2024,08,12,t1,30,581
2024,08,13,t1,30,95
2024,08,14,t1,30,812
2024,08,17,t1,30,96
2024,08,18,t1,30,69
2024,08,19,t1,30,62
2024,08,20,t1,30,77
2024,08,21,t1,30,76
2024,08,22,t1,30,104
2024,08,23,t1,30,36
2024,08,24,t1,30,100
2024,08,25,t1,30,97
2024,08,t1,t1,30,4496
2024,08,01,t1,t1,7484
2024,08,03,t1,t1,435
2024,08,04,t1,t1,338
2024,08,05,t1,t1,637
2024,08,06,t1,t1,911
2024,08,07,t1,t1,282
2024,08,08,t1,t1,316
2024,08,09,t1,t1,55
2024,08,10,t1,t1,223
2024,08,12,t1,t1,2456
2024,08,13,t1,t1,518
2024,08,14,t1,t1,2968
2024,08,17,t1,t1,462
2024,08,18,t1,t1,384
2024,08,19,t1,t1,410
2024,08,20,t1,t1,306
2024,08,21,t1,t1,356
2024,08,22,t1,t1,326
2024,08,23,t1,t1,142
2024,08,24,t1,t1,324
2024,08,25,t1,t1,378
2024,08,t1,t1,t1,19711
2024,09,01,101,10,574
2024,09,03,101,10,75
2024,09,04,101,10,57
2024,09,05,101,10,111
2024,09,06,101,10,97
2024,09,07,101,10,53
2024,09,08,101,10,62
2024,09,09,101,10,4
2024,09,10,101,10,45
2024,09,12,101,10,389
2024,09,13,101,10,114
2024,09,14,101,10,483
2024,09,17,101,10,56
2024,09,18,101,10,62
2024,09,19,101,10,65
2024,09,20,101,10,36
2024,09,21,101,10,59
2024,09,22,101,10,25
2024,09,23,101,10,10
2024,09,24,101,10,31
2024,09,25,101,10,23
2024,09,t1,101,10,2431
2024,09,01,101,20,782
2024,09,03,101,20,29
2024,09,04,101,20,16
2024,09,05,101,20,30
2024,09,06,101,20,73
2024,09,07,101,20,11
2024,09,08,101,20,25
2024,09,10,101,20,11
2024,09,12,101,20,171
2024,09,13,101,20,46
2024,09,14,101,20,132
2024,09,17,101,20,123
2024,09,18,101,20,19
2024,09,19,101,20,12
2024,09,20,101,20,14
2024,09,21,101,20,13
2024,09,22,101,20,12
2024,09,23,101,20,8
2024,09,24,101,20,7
2024,09,25,101,20,15
2024,09,t1,101,20,1549
2024,09,01,101,30,311
2024,09,03,101,30,28
2024,09,04,101,30,30
2024,09,05,101,30,35
2024,09,06,101,30,53
2024,09,07,101,30,20
2024,09,08,101,30,60
2024,09,09,101,30,7
2024,09,10,101,30,19
2024,09,12,101,30,662
2024,09,13,101,30,37
2024,09,14,101,30,425
2024,09,17,101,30,22
2024,09,18,101,30,15
2024,09,19,101,30,26
2024,09,20,101,30,30
2024,09,21,101,30,27
2024,09,22,101,30,10
2024,09,23,101,30,1
2024,09,24,101,30,21
2024,09,25,101,30,6
2024,09,t1,101,30,1845
2024,09,01,101,t1,1667
2024,09,03,101,t1,132
2024,09,04,101,t1,103
2024,09,05,101,t1,176
2024,09,06,101,t1,223
2024,09,07,101,t1,84
2024,09,08,101,t1,147
2024,09,09,101,t1,11
2024,09,10,101,t1,75
2024,09,12,101,t1,1222
2024,09,13,101,t1,197
2024,09,14,101,t1,1040
2024,09,17,101,t1,201
2024,09,18,101,t1,96
2024,09,19,101,t1,103
2024,09,20,101,t1,80
2024,09,21,101,t1,99
2024,09,22,101,t1,47
2024,09,23,101,t1,19
2024,09,24,101,t1,59
2024,09,25,101,t1,44
2024,09,t1,101,t1,5825
2024,09,01,102,10,77
2024,09,03,102,10,22
2024,09,04,102,10,13
2024,09,05,102,10,14
2024,09,06,102,10,14
2024,09,07,102,10,12
2024,09,08,102,10,18
2024,09,09,102,10,3
2024,09,10,102,10,5
2024,09,12,102,10,72
2024,09,13,102,10,15
2024,09,14,102,10,74
2024,09,17,102,10,18
2024,09,18,102,10,20
2024,09,19,102,10,8
2024,09,20,102,10,12
2024,09,21,102,10,9
2024,09,22,102,10,6
2024,09,23,102,10,6
2024,09,24,102,10,14
2024,09,25,102,10,25
2024,09,t1,102,10,457
2024,09,01,102,20,260
2024,09,03,102,20,31
2024,09,04,102,20,29
2024,09,05,102,20,25
2024,09,06,102,20,50
2024,09,07,102,20,9
2024,09,08,102,20,9
2024,09,09,102,20,3
2024,09,10,102,20,3
2024,09,12,102,20,105
2024,09,13,102,20,12
2024,09,14,102,20,73
2024,09,17,102,20,80
2024,09,18,102,20,12
2024,09,19,102,20,5
2024,09,20,102,20,14
2024,09,21,102,20,20
2024,09,22,102,20,26
2024,09,23,102,20,2
2024,09,24,102,20,14
2024,09,25,102,20,27
2024,09,t1,102,20,809
2024,09,01,102,30,35
2024,09,03,102,30,7
2024,09,04,102,30,2
2024,09,05,102,30,6
2024,09,06,102,30,5
2024,09,07,102,30,3
2024,09,08,102,30,7
2024,09,10,102,30,1
2024,09,12,102,30,78
2024,09,13,102,30,8
2024,09,14,102,30,47
2024,09,17,102,30,25
2024,09,18,102,30,1
2024,09,19,102,30,9
2024,09,20,102,30,4
2024,09,21,102,30,4
2024,09,22,102,30,5
2024,09,24,102,30,8
2024,09,t1,102,30,255
2024,09,01,102,t1,372
2024,09,03,102,t1,60
2024,09,04,102,t1,44
2024,09,05,102,t1,45
2024,09,06,102,t1,69
2024,09,07,102,t1,24
2024,09,08,102,t1,34
2024,09,09,102,t1,6
2024,09,10,102,t1,9
2024,09,12,102,t1,255
2024,09,13,102,t1,35
2024,09,14,102,t1,194
2024,09,17,102,t1,123
2024,09,18,102,t1,33
2024,09,19,102,t1,22
2024,09,20,102,t1,30
2024,09,21,102,t1,33
2024,09,22,102,t1,37
2024,09,23,102,t1,8
2024,09,24,102,t1,36
2024,09,25,102,t1,52
2024,09,t1,102,t1,1521
2024,09,01,103,10,1111
2024,09,03,103,10,151
2024,09,04,103,10,137
2024,09,05,103,10,205
2024,09,06,103,10,149
2024,09,07,103,10,62
2024,09,08,103,10,54
2024,09,09,103,10,7
2024,09,10,103,10,42
2024,09,12,103,10,585
2024,09,13,103,10,185
2024,09,14,103,10,758
2024,09,17,103,10,83
2024,09,18,103,10,124
2024,09,19,103,10,126
2024,09,20,103,10,65
2024,09,21,103,10,49
2024,09,22,103,10,48
2024,09,23,103,10,26
2024,09,24,103,10,71
2024,09,25,103,10,53
2024,09,t1,103,10,4091
2024,09,01,103,20,3537
2024,09,03,103,20,110
2024,09,04,103,20,83
2024,09,05,103,20,135
2024,09,06,103,20,166
2024,09,07,103,20,34
2024,09,08,103,20,28
2024,09,09,103,20,8
2024,09,10,103,20,23
2024,09,12,103,20,444
2024,09,13,103,20,113
2024,09,14,103,20,759
2024,09,17,103,20,57
2024,09,18,103,20,68
2024,09,19,103,20,76
2024,09,20,103,20,60
2024,09,21,103,20,54
2024,09,22,103,20,32
2024,09,23,103,20,20
2024,09,24,103,20,62
2024,09,25,103,20,54
2024,09,t1,103,20,5923
2024,09,01,103,30,919
2024,09,03,103,30,14
2024,09,04,103,30,20
2024,09,05,103,30,22
2024,09,06,103,30,40
2024,09,07,103,30,9
2024,09,08,103,30,23
2024,09,09,103,30,2
2024,09,10,103,30,8
2024,09,12,103,30,166
2024,09,13,103,30,23
2024,09,14,103,30,175
2024,09,17,103,30,13
2024,09,18,103,30,16
2024,09,19,103,30,14
2024,09,20,103,30,23
2024,09,21,103,30,18
2024,09,22,103,30,11
2024,09,23,103,30,2
2024,09,24,103,30,24
2024,09,25,103,30,10
2024,09,t1,103,30,1552
2024,09,01,103,t1,5567
2024,09,03,103,t1,275
2024,09,04,103,t1,240
2024,09,05,103,t1,362
2024,09,06,103,t1,355
2024,09,07,103,t1,105
2024,09,08,103,t1,105
2024,09,09,103,t1,17
2024,09,10,103,t1,73
2024,09,12,103,t1,1195
2024,09,13,103,t1,321
2024,09,14,103,t1,1692
2024,09,17,103,t1,153
2024,09,18,103,t1,208
2024,09,19,103,t1,216
2024,09,20,103,t1,148
2024,09,21,103,t1,121
2024,09,22,103,t1,91
2024,09,23,103,t1,48
2024,09,24,103,t1,157
2024,09,25,103,t1,117
2024,09,t1,103,t1,11566
2024,09,01,104,10,182
2024,09,03,104,10,35
2024,09,04,104,10,32
2024,09,05,104,10,49
2024,09,06,104,10,35
2024,09,07,104,10,10
2024,09,08,104,10,13
2024,09,09,104,10,4
2024,09,10,104,10,11
2024,09,12,104,10,100
2024,09,13,104,10,25
2024,09,14,104,10,136
2024,09,17,104,10,17
2024,09,18,104,10,25
2024,09,19,104,10,16
2024,09,20,104,10,19
2024,09,21,104,10,27
2024,09,22,104,10,16
2024,09,23,104,10,7
2024,09,24,104,10,20
2024,09,25,104,10,15
2024,09,t1,104,10,794
2024,09,01,104,20,195
2024,09,03,104,20,24
2024,09,04,104,20,5
2024,09,05,104,20,15
2024,09,06,104,20,37
2024,09,07,104,20,6
2024,09,08,104,20,1
2024,09,09,104,20,1
2024,09,10,104,20,2
2024,09,12,104,20,39
2024,09,13,104,20,30
2024,09,14,104,20,76
2024,09,17,104,20,17
2024,09,18,104,20,14
2024,09,19,104,20,4
2024,09,20,104,20,6
2024,09,21,104,20,11
2024,09,22,104,20,1
2024,09,23,104,20,9
2024,09,24,104,20,4
2024,09,25,104,20,38
2024,09,t1,104,20,535
2024,09,01,104,30,129
2024,09,03,104,30,9
2024,09,04,104,30,10
2024,09,05,104,30,64
2024,09,06,104,30,23
2024,09,07,104,30,13
2024,09,08,104,30,13
2024,09,09,104,30,3
2024,09,10,104,30,18
2024,09,12,104,30,65
2024,09,13,104,30,13
2024,09,14,104,30,151
2024,09,17,104,30,25
2024,09,18,104,30,19
2024,09,19,104,30,13
2024,09,20,104,30,13
2024,09,21,104,30,17
2024,09,22,104,30,5
2024,09,23,104,30,1
2024,09,24,104,30,15
2024,09,25,104,30,18
2024,09,t1,104,30,637
2024,09,01,104,t1,506
2024,09,03,104,t1,68
2024,09,04,104,t1,47
2024,09,05,104,t1,128
2024,09,06,104,t1,95
2024,09,07,104,t1,29
2024,09,08,104,t1,27
2024,09,09,104,t1,8
2024,09,10,104,t1,31
2024,09,12,104,t1,204
2024,09,13,104,t1,68
2024,09,14,104,t1,363
2024,09,17,104,t1,59
2024,09,18,104,t1,58
2024,09,19,104,t1,33
2024,09,20,104,t1,38
2024,09,21,104,t1,55
2024,09,22,104,t1,22
2024,09,23,104,t1,17
2024,09,24,104,t1,39
2024,09,25,104,t1,71
2024,09,t1,104,t1,1966
2024,09,01,105,10,286
2024,09,03,105,10,43
2024,09,04,105,10,32
2024,09,05,105,10,61
2024,09,06,105,10,30
2024,09,07,105,10,21
2024,09,08,105,10,27
2024,09,09,105,10,5
2024,09,10,105,10,18
2024,09,12,105,10,131
2024,09,13,105,10,42
2024,09,14,105,10,205
2024,09,17,105,10,34
2024,09,18,105,10,31
2024,09,19,105,10,42
2024,09,20,105,10,24
2024,09,21,105,10,34
2024,09,22,105,10,28
2024,09,23,105,10,7
2024,09,24,105,10,30
2024,09,25,105,10,8
2024,09,t1,105,10,1139
2024,09,01,105,20,1470
2024,09,03,105,20,46
2024,09,04,105,20,23
2024,09,05,105,20,90
2024,09,06,105,20,84
2024,09,07,105,20,32
2024,09,08,105,20,18
2024,09,09,105,20,1
2024,09,10,105,20,14
2024,09,12,105,20,233
2024,09,13,105,20,59
2024,09,14,105,20,268
2024,09,17,105,20,47
2024,09,18,105,20,53
2024,09,19,105,20,32
2024,09,20,105,20,30
2024,09,21,105,20,28
2024,09,22,105,20,23
2024,09,23,105,20,12
2024,09,24,105,20,21
2024,09,25,105,20,25
2024,09,t1,105,20,2609
2024,09,01,105,30,587
2024,09,03,105,30,31
2024,09,04,105,30,18
2024,09,05,105,30,28
2024,09,06,105,30,115
2024,09,07,105,30,14
2024,09,08,105,30,30
2024,09,09,105,30,1
2024,09,10,105,30,17
2024,09,12,105,30,201
2024,09,13,105,30,28
2024,09,14,105,30,207
2024,09,17,105,30,17
2024,09,18,105,30,26
2024,09,19,105,30,9
2024,09,20,105,30,35
2024,09,21,105,30,41
2024,09,22,105,30,31
2024,09,23,105,30,7
2024,09,24,105,30,23
2024,09,25,105,30,9
2024,09,t1,105,30,1475
2024,09,01,105,t1,2343
2024,09,03,105,t1,120
2024,09,04,105,t1,73
2024,09,05,105,t1,179
2024,09,06,105,t1,229
2024,09,07,105,t1,67
2024,09,08,105,t1,75
2024,09,09,105,t1,7
2024,09,10,105,t1,49
2024,09,12,105,t1,565
2024,09,13,105,t1,129
2024,09,14,105,t1,680
2024,09,17,105,t1,98
2024,09,18,105,t1,110
2024,09,19,105,t1,83
2024,09,20,105,t1,89
2024,09,21,105,t1,103
2024,09,22,105,t1,82
2024,09,23,105,t1,26
2024,09,24,105,t1,74
2024,09,25,105,t1,42
2024,09,t1,105,t1,5223
2024,09,01,106,10,27
2024,09,03,106,10,9
2024,09,04,106,10,3
2024,09,05,106,10,8
2024,09,06,106,10,5
2024,09,07,106,10,1
2024,09,08,106,10,2
2024,09,10,106,10,2
2024,09,12,106,10,12
2024,09,13,106,10,1
2024,09,14,106,10,25
2024,09,17,106,10,4
2024,09,18,106,10,7
2024,09,19,106,10,11
2024,09,20,106,10,7
2024,09,21,106,10,8
2024,09,22,106,10,6
2024,09,23,106,10,2
2024,09,24,106,10,5
2024,09,25,106,10,4
2024,09,t1,106,10,149
2024,09,01,106,20,12
2024,09,03,106,20,8
2024,09,04,106,20,1
2024,09,05,106,20,8
2024,09,06,106,20,3
2024,09,07,106,20,3
2024,09,08,106,20,2
2024,09,10,106,20,1
2024,09,12,106,20,10
2024,09,14,106,20,11
2024,09,17,106,20,6
2024,09,21,106,20,4
2024,09,23,106,20,1
2024,09,24,106,20,3
2024,09,25,106,20,5
2024,09,t1,106,20,78
2024,09,01,106,30,11
2024,09,03,106,30,2
2024,09,04,106,30,1
2024,09,05,106,30,1
2024,09,07,106,30,1
2024,09,12,106,30,6
2024,09,13,106,30,2
2024,09,14,106,30,5
2024,09,17,106,30,2
2024,09,18,106,30,2
2024,09,19,106,30,1
2024,09,20,106,30,4
2024,09,21,106,30,1
2024,09,22,106,30,5
2024,09,23,106,30,2
2024,09,24,106,30,4
2024,09,25,106,30,1
2024,09,t1,106,30,51
2024,09,01,106,t1,50
2024,09,03,106,t1,19
2024,09,04,106,t1,5
2024,09,05,106,t1,17
2024,09,06,106,t1,8
2024,09,07,106,t1,5
2024,09,08,106,t1,4
2024,09,10,106,t1,3
2024,09,12,106,t1,28
2024,09,13,106,t1,3
2024,09,14,106,t1,41
2024,09,17,106,t1,12
2024,09,18,106,t1,9
2024,09,19,106,t1,12
2024,09,20,106,t1,11
2024,09,21,106,t1,13
2024,09,22,106,t1,11
2024,09,23,106,t1,5
2024,09,24,106,t1,12
2024,09,25,106,t1,10
2024,09,t1,106,t1,278
2024,09,01,107,10,1
2024,09,t1,107,10,1
2024,09,01,107,20,11
2024,09,07,107,20,1
2024,09,08,107,20,3
2024,09,12,107,20,20
2024,09,t1,107,20,35
2024,09,01,107,t1,12
2024,09,07,107,t1,1
2024,09,08,107,t1,3
2024,09,12,107,t1,20
2024,09,t1,107,t1,36
2024,09,12,109,10,1
2024,09,24,109,10,1
2024,09,t1,109,10,2
2024,09,03,109,20,1
2024,09,t1,109,20,1
2024,09,03,109,t1,1
2024,09,12,109,t1,1
2024,09,24,109,t1,1
2024,09,t1,109,t1,3
2024,09,01,t1,10,2258
2024,09,03,t1,10,335
2024,09,04,t1,10,274
2024,09,05,t1,10,448
2024,09,06,t1,10,330
2024,09,07,t1,10,159
2024,09,08,t1,10,176
2024,09,09,t1,10,23
2024,09,10,t1,10,123
2024,09,12,t1,10,1290
2024,09,13,t1,10,382
2024,09,14,t1,10,1681
2024,09,17,t1,10,212
2024,09,18,t1,10,269
2024,09,19,t1,10,268
2024,09,20,t1,10,163
2024,09,21,t1,10,186
2024,09,22,t1,10,129
2024,09,23,t1,10,58
2024,09,24,t1,10,172
2024,09,25,t1,10,128
2024,09,t1,t1,10,9064
2024,09,01,t1,20,6267
2024,09,03,t1,20,249
2024,09,04,t1,20,157
2024,09,05,t1,20,303
2024,09,06,t1,20,413
2024,09,07,t1,20,96
2024,09,08,t1,20,86
2024,09,09,t1,20,13
2024,09,10,t1,20,54
2024,09,12,t1,20,1022
2024,09,13,t1,20,260
2024,09,14,t1,20,1319
2024,09,17,t1,20,330
2024,09,18,t1,20,166
2024,09,19,t1,20,129
2024,09,20,t1,20,124
2024,09,21,t1,20,130
2024,09,22,t1,20,94
2024,09,23,t1,20,52
2024,09,24,t1,20,111
2024,09,25,t1,20,164
2024,09,t1,t1,20,11539
2024,09,01,t1,30,1992
2024,09,03,t1,30,91
2024,09,04,t1,30,81
2024,09,05,t1,30,156
2024,09,06,t1,30,236
2024,09,07,t1,30,60
2024,09,08,t1,30,133
2024,09,09,t1,30,13
2024,09,10,t1,30,63
2024,09,12,t1,30,1178
2024,09,13,t1,30,111
2024,09,14,t1,30,1010
2024,09,17,t1,30,104
2024,09,18,t1,30,79
2024,09,19,t1,30,72
2024,09,20,t1,30,109
2024,09,21,t1,30,108
2024,09,22,t1,30,67
2024,09,23,t1,30,13
2024,09,24,t1,30,95
2024,09,25,t1,30,44
2024,09,t1,t1,30,5815
2024,09,01,t1,t1,10517
2024,09,03,t1,t1,675
2024,09,04,t1,t1,512
2024,09,05,t1,t1,907
2024,09,06,t1,t1,979
2024,09,07,t1,t1,315
2024,09,08,t1,t1,395
2024,09,09,t1,t1,49
2024,09,10,t1,t1,240
2024,09,12,t1,t1,3490
2024,09,13,t1,t1,753
2024,09,14,t1,t1,4010
2024,09,17,t1,t1,646
2024,09,18,t1,t1,514
2024,09,19,t1,t1,469
2024,09,20,t1,t1,396
2024,09,21,t1,t1,424
2024,09,22,t1,t1,290
2024,09,23,t1,t1,123
2024,09,24,t1,t1,378
2024,09,25,t1,t1,336
2024,09,t1,t1,t1,26418
2024,10,01,101,10,622
2024,10,03,101,10,67
2024,10,04,101,10,72
2024,10,05,101,10,137
2024,10,06,101,10,125
2024,10,07,101,10,66
2024,10,08,101,10,85
2024,10,09,101,10,9
2024,10,10,101,10,49
2024,10,12,101,10,478
2024,10,13,101,10,132
2024,10,14,101,10,632
2024,10,17,101,10,62
2024,10,18,101,10,77
2024,10,19,101,10,64
2024,10,20,101,10,48
2024,10,21,101,10,60
2024,10,22,101,10,36
2024,10,23,101,10,11
2024,10,24,101,10,34
2024,10,25,101,10,16
2024,10,t1,101,10,2882
2024,10,01,101,20,654
2024,10,03,101,20,37
2024,10,04,101,20,14
2024,10,05,101,20,48
2024,10,06,101,20,156
2024,10,07,101,20,19
2024,10,08,101,20,46
2024,10,09,101,20,1
2024,10,10,101,20,9
2024,10,12,101,20,162
2024,10,13,101,20,25
2024,10,14,101,20,190
2024,10,17,101,20,109
2024,10,18,101,20,22
2024,10,19,101,20,20
2024,10,20,101,20,10
2024,10,21,101,20,20
2024,10,22,101,20,6
2024,10,23,101,20,4
2024,10,24,101,20,9
2024,10,25,101,20,20
2024,10,t1,101,20,1581
2024,10,01,101,30,351
2024,10,03,101,30,17
2024,10,04,101,30,29
2024,10,05,101,30,23
2024,10,06,101,30,23
2024,10,07,101,30,11
2024,10,08,101,30,21
2024,10,09,101,30,1
2024,10,10,101,30,7
2024,10,12,101,30,301
2024,10,13,101,30,44
2024,10,14,101,30,331
2024,10,17,101,30,20
2024,10,18,101,30,13
2024,10,19,101,30,7
2024,10,20,101,30,26
2024,10,21,101,30,18
2024,10,22,101,30,13
2024,10,23,101,30,1
2024,10,24,101,30,11
2024,10,25,101,30,4
2024,10,t1,101,30,1272
2024,10,01,101,t1,1627
2024,10,03,101,t1,121
2024,10,04,101,t1,115
2024,10,05,101,t1,208
2024,10,06,101,t1,304
2024,10,07,101,t1,96
2024,10,08,101,t1,152
2024,10,09,101,t1,11
2024,10,10,101,t1,65
2024,10,12,101,t1,941
2024,10,13,101,t1,201
2024,10,14,101,t1,1153
2024,10,17,101,t1,191
2024,10,18,101,t1,112
2024,10,19,101,t1,91
2024,10,20,101,t1,84
2024,10,21,101,t1,98
2024,10,22,101,t1,55
2024,10,23,101,t1,16
2024,10,24,101,t1,54
2024,10,25,101,t1,40
2024,10,t1,101,t1,5735
2024,10,01,102,10,82
2024,10,03,102,10,10
2024,10,04,102,10,9
2024,10,05,102,10,24
2024,10,06,102,10,18
2024,10,07,102,10,10
2024,10,08,102,10,12
2024,10,09,102,10,2
2024,10,10,102,10,10
2024,10,12,102,10,84
2024,10,13,102,10,23
2024,10,14,102,10,71
2024,10,17,102,10,20
2024,10,18,102,10,25
2024,10,19,102,10,18
2024,10,20,102,10,14
2024,10,21,102,10,16
2024,10,22,102,10,10
2024,10,23,102,10,4
2024,10,24,102,10,12
2024,10,25,102,10,10
2024,10,t1,102,10,484
2024,10,01,102,20,345
2024,10,03,102,20,14
2024,10,04,102,20,13
2024,10,05,102,20,42
2024,10,06,102,20,26
2024,10,07,102,20,17
2024,10,08,102,20,13
2024,10,09,102,20,2
2024,10,10,102,20,4
2024,10,12,102,20,138
2024,10,13,102,20,17
2024,10,14,102,20,67
2024,10,17,102,20,57
2024,10,18,102,20,18
2024,10,19,102,20,11
2024,10,20,102,20,16
2024,10,21,102,20,13
2024,10,22,102,20,19
2024,10,23,102,20,9
2024,10,24,102,20,20
2024,10,25,102,20,28
2024,10,t1,102,20,889
2024,10,01,102,30,28
2024,10,03,102,30,14
2024,10,04,102,30,8
2024,10,05,102,30,6
2024,10,06,102,30,12
2024,10,07,102,30,7
2024,10,08,102,30,4
2024,10,10,102,30,4
2024,10,12,102,30,171
2024,10,13,102,30,6
2024,10,14,102,30,64
2024,10,17,102,30,17
2024,10,18,102,30,1
2024,10,19,102,30,2
2024,10,20,102,30,7
2024,10,21,102,30,1
2024,10,22,102,30,7
2024,10,24,102,30,6
2024,10,25,102,30,7
2024,10,t1,102,30,372
2024,10,01,102,t1,455
2024,10,03,102,t1,38
2024,10,04,102,t1,30
2024,10,05,102,t1,72
2024,10,06,102,t1,56
2024,10,07,102,t1,34
2024,10,08,102,t1,29
2024,10,09,102,t1,4
2024,10,10,102,t1,18
2024,10,12,102,t1,393
2024,10,13,102,t1,46
2024,10,14,102,t1,202
2024,10,17,102,t1,94
2024,10,18,102,t1,44
2024,10,19,102,t1,31
2024,10,20,102,t1,37
2024,10,21,102,t1,30
2024,10,22,102,t1,36
2024,10,23,102,t1,13
2024,10,24,102,t1,38
2024,10,25,102,t1,45
2024,10,t1,102,t1,1745
2024,10,01,103,10,689
2024,10,03,103,10,92
2024,10,04,103,10,86
2024,10,05,103,10,118
2024,10,06,103,10,103
2024,10,07,103,10,45
2024,10,08,103,10,72
2024,10,09,103,10,7
2024,10,10,103,10,28
2024,10,12,103,10,408
2024,10,13,103,10,156
2024,10,14,103,10,550
2024,10,17,103,10,54
2024,10,18,103,10,75
2024,10,19,103,10,83
2024,10,20,103,10,37
2024,10,21,103,10,46
2024,10,22,103,10,55
2024,10,23,103,10,15
2024,10,24,103,10,68
2024,10,25,103,10,35
2024,10,t1,103,10,2822
2024,10,01,103,20,2880
2024,10,03,103,20,47
2024,10,04,103,20,58
2024,10,05,103,20,88
2024,10,06,103,20,120
2024,10,07,103,20,33
2024,10,08,103,20,37
2024,10,09,103,20,8
2024,10,10,103,20,26
2024,10,12,103,20,361
2024,10,13,103,20,55
2024,10,14,103,20,447
2024,10,17,103,20,47
2024,10,18,103,20,41
2024,10,19,103,20,48
2024,10,20,103,20,41
2024,10,21,103,20,34
2024,10,22,103,20,31
2024,10,23,103,20,18
2024,10,24,103,20,40
2024,10,25,103,20,35
2024,10,t1,103,20,4495
2024,10,01,103,30,991
2024,10,03,103,30,16
2024,10,04,103,30,15
2024,10,05,103,30,21
2024,10,06,103,30,40
2024,10,07,103,30,12
2024,10,08,103,30,20
2024,10,09,103,30,1
2024,10,10,103,30,8
2024,10,12,103,30,130
2024,10,13,103,30,10
2024,10,14,103,30,118
2024,10,17,103,30,17
2024,10,18,103,30,13
2024,10,19,103,30,15
2024,10,20,103,30,13
2024,10,21,103,30,20
2024,10,22,103,30,13
2024,10,23,103,30,2
2024,10,24,103,30,24
2024,10,25,103,30,3
2024,10,t1,103,30,1502
2024,10,01,103,t1,4560
2024,10,03,103,t1,155
2024,10,04,103,t1,159
2024,10,05,103,t1,227
2024,10,06,103,t1,263
2024,10,07,103,t1,90
2024,10,08,103,t1,129
2024,10,09,103,t1,16
2024,10,10,103,t1,62
2024,10,12,103,t1,899
2024,10,13,103,t1,221
2024,10,14,103,t1,1115
2024,10,17,103,t1,118
2024,10,18,103,t1,129
2024,10,19,103,t1,146
2024,10,20,103,t1,91
2024,10,21,103,t1,100
2024,10,22,103,t1,99
2024,10,23,103,t1,35
2024,10,24,103,t1,132
2024,10,25,103,t1,73
2024,10,t1,103,t1,8819
2024,10,01,104,10,226
2024,10,03,104,10,53
2024,10,04,104,10,28
2024,10,05,104,10,50
2024,10,06,104,10,37
2024,10,07,104,10,21
2024,10,08,104,10,12
2024,10,09,104,10,9
2024,10,10,104,10,12
2024,10,12,104,10,132
2024,10,13,104,10,29
2024,10,14,104,10,123
2024,10,17,104,10,36
2024,10,18,104,10,37
2024,10,19,104,10,28
2024,10,20,104,10,14
2024,10,21,104,10,28
2024,10,22,104,10,18
2024,10,23,104,10,6
2024,10,24,104,10,24
2024,10,25,104,10,14
2024,10,t1,104,10,937
2024,10,01,104,20,167
2024,10,03,104,20,29
2024,10,04,104,20,5
2024,10,05,104,20,14
2024,10,06,104,20,30
2024,10,07,104,20,1
2024,10,08,104,20,1
2024,10,10,104,20,2
2024,10,12,104,20,52
2024,10,13,104,20,12
2024,10,14,104,20,81
2024,10,17,104,20,10
2024,10,18,104,20,23
2024,10,19,104,20,27
2024,10,20,104,20,24
2024,10,21,104,20,39
2024,10,22,104,20,4
2024,10,23,104,20,7
2024,10,24,104,20,8
2024,10,25,104,20,22
2024,10,t1,104,20,558
2024,10,01,104,30,159
2024,10,03,104,30,18
2024,10,04,104,30,12
2024,10,05,104,30,64
2024,10,06,104,30,30
2024,10,07,104,30,9
2024,10,08,104,30,13
2024,10,09,104,30,2
2024,10,10,104,30,5
2024,10,12,104,30,56
2024,10,13,104,30,19
2024,10,14,104,30,182
2024,10,17,104,30,20
2024,10,18,104,30,23
2024,10,19,104,30,15
2024,10,20,104,30,9
2024,10,21,104,30,20
2024,10,22,104,30,8
2024,10,23,104,30,4
2024,10,24,104,30,13
2024,10,25,104,30,47
2024,10,t1,104,30,728
2024,10,01,104,t1,552
2024,10,03,104,t1,100
2024,10,04,104,t1,45
2024,10,05,104,t1,128
2024,10,06,104,t1,97
2024,10,07,104,t1,31
2024,10,08,104,t1,26
2024,10,09,104,t1,11
2024,10,10,104,t1,19
2024,10,12,104,t1,240
2024,10,13,104,t1,60
2024,10,14,104,t1,386
2024,10,17,104,t1,66
2024,10,18,104,t1,83
2024,10,19,104,t1,70
2024,10,20,104,t1,47
2024,10,21,104,t1,87
2024,10,22,104,t1,30
2024,10,23,104,t1,17
2024,10,24,104,t1,45
2024,10,25,104,t1,83
2024,10,t1,104,t1,2223
2024,10,01,105,10,392
2024,10,03,105,10,69
2024,10,04,105,10,61
2024,10,05,105,10,47
2024,10,06,105,10,46
2024,10,07,105,10,25
2024,10,08,105,10,23
2024,10,09,105,10,2
2024,10,10,105,10,19
2024,10,12,105,10,189
2024,10,13,105,10,58
2024,10,14,105,10,276
2024,10,17,105,10,41
2024,10,18,105,10,57
2024,10,19,105,10,56
2024,10,20,105,10,44
2024,10,21,105,10,43
2024,10,22,105,10,38
2024,10,23,105,10,10
2024,10,24,105,10,40
2024,10,25,105,10,27
2024,10,t1,105,10,1563
2024,10,01,105,20,1944
2024,10,03,105,20,69
2024,10,04,105,20,24
2024,10,05,105,20,137
2024,10,06,105,20,91
2024,10,07,105,20,37
2024,10,08,105,20,33
2024,10,09,105,20,1
2024,10,10,105,20,12
2024,10,12,105,20,379
2024,10,13,105,20,66
2024,10,14,105,20,323
2024,10,17,105,20,63
2024,10,18,105,20,52
2024,10,19,105,20,32
2024,10,20,105,20,36
2024,10,21,105,20,23
2024,10,22,105,20,28
2024,10,23,105,20,12
2024,10,24,105,20,28
2024,10,25,105,20,23
2024,10,t1,105,20,3413
2024,10,01,105,30,729
2024,10,03,105,30,30
2024,10,04,105,30,27
2024,10,05,105,30,45
2024,10,06,105,30,75
2024,10,07,105,30,20
2024,10,08,105,30,26
2024,10,09,105,30,2
2024,10,10,105,30,20
2024,10,12,105,30,242
2024,10,13,105,30,39
2024,10,14,105,30,280
2024,10,17,105,30,30
2024,10,18,105,30,24
2024,10,19,105,30,24
2024,10,20,105,30,44
2024,10,21,105,30,102
2024,10,22,105,30,45
2024,10,23,105,30,5
2024,10,24,105,30,21
2024,10,25,105,30,5
2024,10,t1,105,30,1835
2024,10,01,105,t1,3065
2024,10,03,105,t1,168
2024,10,04,105,t1,112
2024,10,05,105,t1,229
2024,10,06,105,t1,212
2024,10,07,105,t1,82
2024,10,08,105,t1,82
2024,10,09,105,t1,5
2024,10,10,105,t1,51
2024,10,12,105,t1,810
2024,10,13,105,t1,163
2024,10,14,105,t1,879
2024,10,17,105,t1,134
2024,10,18,105,t1,133
2024,10,19,105,t1,112
2024,10,20,105,t1,124
2024,10,21,105,t1,168
2024,10,22,105,t1,111
2024,10,23,105,t1,27
2024,10,24,105,t1,89
2024,10,25,105,t1,55
2024,10,t1,105,t1,6811
2024,10,01,106,10,27
2024,10,03,106,10,9
2024,10,04,106,10,7
2024,10,05,106,10,14
2024,10,06,106,10,12
2024,10,07,106,10,3
2024,10,08,106,10,1
2024,10,10,106,10,2
2024,10,12,106,10,10
2024,10,13,106,10,5
2024,10,14,106,10,29
2024,10,17,106,10,5
2024,10,18,106,10,10
2024,10,19,106,10,14
2024,10,20,106,10,10
2024,10,21,106,10,4
2024,10,22,106,10,12
2024,10,23,106,10,1
2024,10,24,106,10,3
2024,10,25,106,10,11
2024,10,t1,106,10,189
2024,10,01,106,20,18
2024,10,03,106,20,3
2024,10,05,106,20,6
2024,10,06,106,20,3
2024,10,07,106,20,2
2024,10,12,106,20,7
2024,10,13,106,20,1
2024,10,14,106,20,22
2024,10,17,106,20,5
2024,10,18,106,20,5
2024,10,20,106,20,5
2024,10,21,106,20,10
2024,10,22,106,20,2
2024,10,23,106,20,2
2024,10,24,106,20,2
2024,10,25,106,20,2
2024,10,t1,106,20,95
2024,10,03,106,30,4
2024,10,05,106,30,5
2024,10,08,106,30,1
2024,10,12,106,30,6
2024,10,14,106,30,6
2024,10,17,106,30,3
2024,10,18,106,30,3
2024,10,19,106,30,1
2024,10,20,106,30,10
2024,10,21,106,30,1
2024,10,22,106,30,2
2024,10,23,106,30,2
2024,10,24,106,30,1
2024,10,25,106,30,4
2024,10,t1,106,30,49
2024,10,01,106,t1,45
2024,10,03,106,t1,16
2024,10,04,106,t1,7
2024,10,05,106,t1,25
2024,10,06,106,t1,15
2024,10,07,106,t1,5
2024,10,08,106,t1,2
2024,10,10,106,t1,2
2024,10,12,106,t1,23
2024,10,13,106,t1,6
2024,10,14,106,t1,57
2024,10,17,106,t1,13
2024,10,18,106,t1,18
2024,10,19,106,t1,15
2024,10,20,106,t1,25
2024,10,21,106,t1,15
2024,10,22,106,t1,16
2024,10,23,106,t1,5
2024,10,24,106,t1,6
2024,10,25,106,t1,17
2024,10,t1,106,t1,333
2024,10,09,107,10,1
2024,10,t1,107,10,1
2024,10,01,107,20,1
2024,10,12,107,20,5
2024,10,t1,107,20,6
2024,10,06,107,30,7
2024,10,22,107,30,1
2024,10,t1,107,30,8
2024,10,01,107,t1,1
2024,10,06,107,t1,7
2024,10,09,107,t1,1
2024,10,12,107,t1,5
2024,10,22,107,t1,1
2024,10,t1,107,t1,15
2024,10,24,109,20,1
2024,10,t1,109,20,1
2024,10,24,109,t1,1
2024,10,t1,109,t1,1
2024,10,01,t1,10,2038
2024,10,03,t1,10,300
2024,10,04,t1,10,263
2024,10,05,t1,10,390
2024,10,06,t1,10,341
2024,10,07,t1,10,170
2024,10,08,t1,10,205
2024,10,09,t1,10,30
2024,10,10,t1,10,120
2024,10,12,t1,10,1301
2024,10,13,t1,10,403
2024,10,14,t1,10,1681
2024,10,17,t1,10,218
2024,10,18,t1,10,281
2024,10,19,t1,10,263
2024,10,20,t1,10,167
2024,10,21,t1,10,197
2024,10,22,t1,10,169
2024,10,23,t1,10,47
2024,10,24,t1,10,181
2024,10,25,t1,10,113
2024,10,t1,t1,10,8878
2024,10,01,t1,20,6009
2024,10,03,t1,20,199
2024,10,04,t1,20,114
2024,10,05,t1,20,335
2024,10,06,t1,20,426
2024,10,07,t1,20,109
2024,10,08,t1,20,130
2024,10,09,t1,20,12
2024,10,10,t1,20,53
2024,10,12,t1,20,1104
2024,10,13,t1,20,176
2024,10,14,t1,20,1130
2024,10,17,t1,20,291
2024,10,18,t1,20,161
2024,10,19,t1,20,138
2024,10,20,t1,20,132
2024,10,21,t1,20,139
2024,10,22,t1,20,90
2024,10,23,t1,20,52
2024,10,24,t1,20,108
2024,10,25,t1,20,130
2024,10,t1,t1,20,11038
2024,10,01,t1,30,2258
2024,10,03,t1,30,99
2024,10,04,t1,30,91
2024,10,05,t1,30,164
2024,10,06,t1,30,187
2024,10,07,t1,30,59
2024,10,08,t1,30,85
2024,10,09,t1,30,6
2024,10,10,t1,30,44
2024,10,12,t1,30,906
2024,10,13,t1,30,118
2024,10,14,t1,30,981
2024,10,17,t1,30,107
2024,10,18,t1,30,77
2024,10,19,t1,30,64
2024,10,20,t1,30,109
2024,10,21,t1,30,162
2024,10,22,t1,30,89
2024,10,23,t1,30,14
2024,10,24,t1,30,76
2024,10,25,t1,30,70
2024,10,t1,t1,30,5766
2024,10,01,t1,t1,10305
2024,10,03,t1,t1,598
2024,10,04,t1,t1,468
2024,10,05,t1,t1,889
2024,10,06,t1,t1,954
2024,10,07,t1,t1,338
2024,10,08,t1,t1,420
2024,10,09,t1,t1,48
2024,10,10,t1,t1,217
2024,10,12,t1,t1,3311
2024,10,13,t1,t1,697
2024,10,14,t1,t1,3792
2024,10,17,t1,t1,616
2024,10,18,t1,t1,519
2024,10,19,t1,t1,465
2024,10,20,t1,t1,408
2024,10,21,t1,t1,498
2024,10,22,t1,t1,348
2024,10,23,t1,t1,113
2024,10,24,t1,t1,365
2024,10,25,t1,t1,313
2024,10,t1,t1,t1,25682
2024,11,01,101,10,644
2024,11,03,101,10,85
2024,11,04,101,10,97
2024,11,05,101,10,153
2024,11,06,101,10,137
2024,11,07,101,10,61
2024,11,08,101,10,92
2024,11,09,101,10,11
2024,11,10,101,10,32
2024,11,12,101,10,486
2024,11,13,101,10,126
2024,11,14,101,10,586
2024,11,17,101,10,71
2024,11,18,101,10,97
2024,11,19,101,10,103
2024,11,20,101,10,48
2024,11,21,101,10,42
2024,11,22,101,10,33
2024,11,23,101,10,8
2024,11,24,101,10,38
2024,11,25,101,10,29
2024,11,t1,101,10,2979
2024,11,01,101,20,446
2024,11,03,101,20,28
2024,11,04,101,20,10
2024,11,05,101,20,35
2024,11,06,101,20,176
2024,11,07,101,20,18
2024,11,08,101,20,20
2024,11,09,101,20,2
2024,11,10,101,20,10
2024,11,12,101,20,189
2024,11,13,101,20,18
2024,11,14,101,20,116
2024,11,17,101,20,70
2024,11,18,101,20,23
2024,11,19,101,20,12
2024,11,20,101,20,20
2024,11,21,101,20,17
2024,11,22,101,20,8
2024,11,23,101,20,2
2024,11,24,101,20,12
2024,11,25,101,20,23
2024,11,t1,101,20,1255
2024,11,01,101,30,480
2024,11,03,101,30,29
2024,11,04,101,30,20
2024,11,05,101,30,39
2024,11,06,101,30,23
2024,11,07,101,30,23
2024,11,08,101,30,28
2024,11,09,101,30,3
2024,11,10,101,30,31
2024,11,12,101,30,536
2024,11,13,101,30,28
2024,11,14,101,30,236
2024,11,17,101,30,46
2024,11,18,101,30,5
2024,11,19,101,30,36
2024,11,20,101,30,23
2024,11,21,101,30,39
2024,11,22,101,30,19
2024,11,23,101,30,2
2024,11,24,101,30,15
2024,11,25,101,30,1
2024,11,t1,101,30,1662
2024,11,01,101,t1,1570
2024,11,03,101,t1,142
2024,11,04,101,t1,127
2024,11,05,101,t1,227
2024,11,06,101,t1,336
2024,11,07,101,t1,102
2024,11,08,101,t1,140
2024,11,09,101,t1,16
2024,11,10,101,t1,73
2024,11,12,101,t1,1211
2024,11,13,101,t1,172
2024,11,14,101,t1,938
2024,11,17,101,t1,187
2024,11,18,101,t1,125
2024,11,19,101,t1,151
2024,11,20,101,t1,91
2024,11,21,101,t1,98
2024,11,22,101,t1,60
2024,11,23,101,t1,12
2024,11,24,101,t1,65
2024,11,25,101,t1,53
2024,11,t1,101,t1,5896
2024,11,01,102,10,66
2024,11,03,102,10,16
2024,11,04,102,10,15
2024,11,05,102,10,22
2024,11,06,102,10,25
2024,11,07,102,10,11
2024,11,08,102,10,8
2024,11,09,102,10,2
2024,11,10,102,10,5
2024,11,12,102,10,57
2024,11,13,102,10,25
2024,11,14,102,10,80
2024,11,17,102,10,15
2024,11,18,102,10,16
2024,11,19,102,10,6
2024,11,20,102,10,12
2024,11,21,102,10,4
2024,11,22,102,10,7
2024,11,23,102,10,5
2024,11,24,102,10,11
2024,11,25,102,10,8
2024,11,t1,102,10,416
2024,11,01,102,20,351
2024,11,03,102,20,13
2024,11,04,102,20,23
2024,11,05,102,20,59
2024,11,06,102,20,60
2024,11,07,102,20,11
2024,11,08,102,20,10
2024,11,09,102,20,1
2024,11,10,102,20,7
2024,11,12,102,20,109
2024,11,13,102,20,17
2024,11,14,102,20,73
2024,11,17,102,20,42
2024,11,18,102,20,33
2024,11,19,102,20,9
2024,11,20,102,20,15
2024,11,21,102,20,10
2024,11,22,102,20,14
2024,11,23,102,20,7
2024,11,24,102,20,12
2024,11,25,102,20,40
2024,11,t1,102,20,916
2024,11,01,102,30,63
2024,11,03,102,30,17
2024,11,04,102,30,9
2024,11,05,102,30,12
2024,11,06,102,30,16
2024,11,07,102,30,5
2024,11,08,102,30,12
2024,11,09,102,30,1
2024,11,10,102,30,2
2024,11,12,102,30,48
2024,11,13,102,30,3
2024,11,14,102,30,78
2024,11,17,102,30,21
2024,11,18,102,30,1
2024,11,19,102,30,9
2024,11,20,102,30,7
2024,11,21,102,30,15
2024,11,22,102,30,1
2024,11,24,102,30,7
2024,11,25,102,30,18
2024,11,t1,102,30,345
2024,11,01,102,t1,480
2024,11,03,102,t1,46
2024,11,04,102,t1,47
2024,11,05,102,t1,93
2024,11,06,102,t1,101
2024,11,07,102,t1,27
2024,11,08,102,t1,30
2024,11,09,102,t1,4
2024,11,10,102,t1,14
2024,11,12,102,t1,214
2024,11,13,102,t1,45
2024,11,14,102,t1,231
2024,11,17,102,t1,78
2024,11,18,102,t1,50
2024,11,19,102,t1,24
2024,11,20,102,t1,34
2024,11,21,102,t1,29
2024,11,22,102,t1,22
2024,11,23,102,t1,12
2024,11,24,102,t1,30
2024,11,25,102,t1,66
2024,11,t1,102,t1,1677
2024,11,01,103,10,744
2024,11,03,103,10,101
2024,11,04,103,10,71
2024,11,05,103,10,108
2024,11,06,103,10,99
2024,11,07,103,10,58
2024,11,08,103,10,39
2024,11,09,103,10,10
2024,11,10,103,10,44
2024,11,12,103,10,388
2024,11,13,103,10,122
2024,11,14,103,10,592
2024,11,17,103,10,61
2024,11,18,103,10,77
2024,11,19,103,10,69
2024,11,20,103,10,65
2024,11,21,103,10,48
2024,11,22,103,10,38
2024,11,23,103,10,15
2024,11,24,103,10,53
2024,11,25,103,10,27
2024,11,t1,103,10,2829
2024,11,01,103,20,2575
2024,11,03,103,20,75
2024,11,04,103,20,67
2024,11,05,103,20,108
2024,11,06,103,20,98
2024,11,07,103,20,33
2024,11,08,103,20,26
2024,11,09,103,20,8
2024,11,10,103,20,11
2024,11,12,103,20,297
2024,11,13,103,20,63
2024,11,14,103,20,469
2024,11,17,103,20,36
2024,11,18,103,20,47
2024,11,19,103,20,48
2024,11,20,103,20,56
2024,11,21,103,20,34
2024,11,22,103,20,34
2024,11,23,103,20,32
2024,11,24,103,20,53
2024,11,25,103,20,45
2024,11,t1,103,20,4215
2024,11,01,103,30,1154
2024,11,03,103,30,31
2024,11,04,103,30,25
2024,11,05,103,30,23
2024,11,06,103,30,73
2024,11,07,103,30,26
2024,11,08,103,30,29
2024,11,09,103,30,6
2024,11,10,103,30,13
2024,11,12,103,30,164
2024,11,13,103,30,34
2024,11,14,103,30,191
2024,11,17,103,30,22
2024,11,18,103,30,22
2024,11,19,103,30,33
2024,11,20,103,30,34
2024,11,21,103,30,54
2024,11,22,103,30,38
2024,11,23,103,30,3
2024,11,24,103,30,23
2024,11,25,103,30,8
2024,11,t1,103,30,2006
2024,11,01,103,t1,4473
2024,11,03,103,t1,207
2024,11,04,103,t1,163
2024,11,05,103,t1,239
2024,11,06,103,t1,270
2024,11,07,103,t1,117
2024,11,08,103,t1,94
2024,11,09,103,t1,24
2024,11,10,103,t1,68
2024,11,12,103,t1,849
2024,11,13,103,t1,219
2024,11,14,103,t1,1252
2024,11,17,103,t1,119
2024,11,18,103,t1,146
2024,11,19,103,t1,150
2024,11,20,103,t1,155
2024,11,21,103,t1,136
2024,11,22,103,t1,110
2024,11,23,103,t1,50
2024,11,24,103,t1,129
2024,11,25,103,t1,80
2024,11,t1,103,t1,9050
2024,11,01,104,10,206
2024,11,03,104,10,62
2024,11,04,104,10,33
2024,11,05,104,10,48
2024,11,06,104,10,52
2024,11,07,104,10,18
2024,11,08,104,10,19
2024,11,09,104,10,6
2024,11,10,104,10,9
2024,11,12,104,10,105
2024,11,13,104,10,29
2024,11,14,104,10,165
2024,11,17,104,10,30
2024,11,18,104,10,26
2024,11,19,104,10,21
2024,11,20,104,10,20
2024,11,21,104,10,43
2024,11,22,104,10,16
2024,11,23,104,10,6
2024,11,24,104,10,16
2024,11,25,104,10,14
2024,11,t1,104,10,944
2024,11,01,104,20,215
2024,11,03,104,20,16
2024,11,04,104,20,5
2024,11,05,104,20,16
2024,11,06,104,20,23
2024,11,07,104,20,4
2024,11,08,104,20,5
2024,11,09,104,20,1
2024,11,10,104,20,1
2024,11,12,104,20,23
2024,11,13,104,20,15
2024,11,14,104,20,65
2024,11,17,104,20,10
2024,11,18,104,20,9
2024,11,19,104,20,6
2024,11,20,104,20,22
2024,11,21,104,20,31
2024,11,22,104,20,6
2024,11,23,104,20,3
2024,11,24,104,20,11
2024,11,25,104,20,9
2024,11,t1,104,20,496
2024,11,01,104,30,131
2024,11,03,104,30,16
2024,11,04,104,30,11
2024,11,05,104,30,52
2024,11,06,104,30,30
2024,11,07,104,30,8
2024,11,08,104,30,13
2024,11,09,104,30,3
2024,11,10,104,30,4
2024,11,12,104,30,78
2024,11,13,104,30,16
2024,11,14,104,30,183
2024,11,17,104,30,17
2024,11,18,104,30,29
2024,11,19,104,30,7
2024,11,20,104,30,20
2024,11,21,104,30,14
2024,11,22,104,30,15
2024,11,23,104,30,3
2024,11,24,104,30,46
2024,11,25,104,30,34
2024,11,t1,104,30,730
2024,11,01,104,t1,552
2024,11,03,104,t1,94
2024,11,04,104,t1,49
2024,11,05,104,t1,116
2024,11,06,104,t1,105
2024,11,07,104,t1,30
2024,11,08,104,t1,37
2024,11,09,104,t1,10
2024,11,10,104,t1,14
2024,11,12,104,t1,206
2024,11,13,104,t1,60
2024,11,14,104,t1,413
2024,11,17,104,t1,57
2024,11,18,104,t1,64
2024,11,19,104,t1,34
2024,11,20,104,t1,62
2024,11,21,104,t1,88
2024,11,22,104,t1,37
2024,11,23,104,t1,12
2024,11,24,104,t1,73
2024,11,25,104,t1,57
2024,11,t1,104,t1,2170
2024,11,01,105,10,368
2024,11,03,105,10,52
2024,11,04,105,10,50
2024,11,05,105,10,77
2024,11,06,105,10,38
2024,11,07,105,10,32
2024,11,08,105,10,19
2024,11,09,105,10,2
2024,11,10,105,10,25
2024,11,12,105,10,181
2024,11,13,105,10,57
2024,11,14,105,10,251
2024,11,17,105,10,43
2024,11,18,105,10,48
2024,11,19,105,10,48
2024,11,20,105,10,30
2024,11,21,105,10,37
2024,11,22,105,10,32
2024,11,23,105,10,1
2024,11,24,105,10,49
2024,11,25,105,10,36
2024,11,t1,105,10,1476
2024,11,01,105,20,2020
2024,11,03,105,20,55
2024,11,04,105,20,35
2024,11,05,105,20,81
2024,11,06,105,20,94
2024,11,07,105,20,33
2024,11,08,105,20,23
2024,11,09,105,20,2
2024,11,10,105,20,22
2024,11,12,105,20,305
2024,11,13,105,20,66
2024,11,14,105,20,341
2024,11,17,105,20,54
2024,11,18,105,20,41
2024,11,19,105,20,32
2024,11,20,105,20,47
2024,11,21,105,20,30
2024,11,22,105,20,34
2024,11,23,105,20,22
2024,11,24,105,20,48
2024,11,25,105,20,31
2024,11,t1,105,20,3416
2024,11,01,105,30,622
2024,11,03,105,30,29
2024,11,04,105,30,17
2024,11,05,105,30,42
2024,11,06,105,30,62
2024,11,07,105,30,17
2024,11,08,105,30,32
2024,11,09,105,30,1
2024,11,10,105,30,15
2024,11,12,105,30,129
2024,11,13,105,30,18
2024,11,14,105,30,261
2024,11,17,105,30,25
2024,11,18,105,30,17
2024,11,19,105,30,7
2024,11,20,105,30,27
2024,11,21,105,30,45
2024,11,22,105,30,31
2024,11,23,105,30,2
2024,11,24,105,30,19
2024,11,25,105,30,18
2024,11,t1,105,30,1436
2024,11,01,105,t1,3010
2024,11,03,105,t1,136
2024,11,04,105,t1,102
2024,11,05,105,t1,200
2024,11,06,105,t1,194
2024,11,07,105,t1,82
2024,11,08,105,t1,74
2024,11,09,105,t1,5
2024,11,10,105,t1,62
2024,11,12,105,t1,615
2024,11,13,105,t1,141
2024,11,14,105,t1,853
2024,11,17,105,t1,122
2024,11,18,105,t1,106
2024,11,19,105,t1,87
2024,11,20,105,t1,104
2024,11,21,105,t1,112
2024,11,22,105,t1,97
2024,11,23,105,t1,25
2024,11,24,105,t1,116
2024,11,25,105,t1,85
2024,11,t1,105,t1,6328
2024,11,01,106,10,26
2024,11,03,106,10,13
2024,11,04,106,10,2
2024,11,05,106,10,17
2024,11,06,106,10,15
2024,11,07,106,10,5
2024,11,10,106,10,1
2024,11,12,106,10,12
2024,11,13,106,10,2
2024,11,14,106,10,31
2024,11,17,106,10,11
2024,11,18,106,10,10
2024,11,19,106,10,6
2024,11,20,106,10,11
2024,11,21,106,10,12
2024,11,22,106,10,11
2024,11,23,106,10,3
2024,11,24,106,10,4
2024,11,25,106,10,7
2024,11,t1,106,10,199
2024,11,01,106,20,10
2024,11,03,106,20,1
2024,11,05,106,20,7
2024,11,06,106,20,3
2024,11,07,106,20,3
2024,11,08,106,20,1
2024,11,12,106,20,6
2024,11,13,106,20,5
2024,11,14,106,20,9
2024,11,17,106,20,3
2024,11,18,106,20,2
2024,11,19,106,20,1
2024,11,20,106,20,3
2024,11,21,106,20,5
2024,11,22,106,20,1
2024,11,24,106,20,3
2024,11,25,106,20,4
2024,11,t1,106,20,67
2024,11,01,106,30,3
2024,11,03,106,30,2
2024,11,04,106,30,2
2024,11,05,106,30,1
2024,11,06,106,30,3
2024,11,12,106,30,4
2024,11,13,106,30,3
2024,11,14,106,30,6
2024,11,18,106,30,1
2024,11,21,106,30,1
2024,11,22,106,30,2
2024,11,23,106,30,1
2024,11,24,106,30,7
2024,11,t1,106,30,36
2024,11,01,106,t1,39
2024,11,03,106,t1,16
2024,11,04,106,t1,4
2024,11,05,106,t1,25
2024,11,06,106,t1,21
2024,11,07,106,t1,8
2024,11,08,106,t1,1
2024,11,10,106,t1,1
2024,11,12,106,t1,22
2024,11,13,106,t1,10
2024,11,14,106,t1,46
2024,11,17,106,t1,14
2024,11,18,106,t1,13
2024,11,19,106,t1,7
2024,11,20,106,t1,14
2024,11,21,106,t1,18
2024,11,22,106,t1,14
2024,11,23,106,t1,4
2024,11,24,106,t1,14
2024,11,25,106,t1,11
2024,11,t1,106,t1,302
2024,11,08,107,20,7
2024,11,t1,107,20,7
2024,11,05,107,30,1
2024,11,06,107,30,10
2024,11,t1,107,30,11
2024,11,05,107,t1,1
2024,11,06,107,t1,10
2024,11,08,107,t1,7
2024,11,t1,107,t1,18
2024,11,20,109,10,1
2024,11,t1,109,10,1
2024,11,03,109,20,1
2024,11,t1,109,20,1
2024,11,03,109,t1,1
2024,11,20,109,t1,1
2024,11,t1,109,t1,2
2024,11,01,t1,10,2054
2024,11,03,t1,10,329
2024,11,04,t1,10,268
2024,11,05,t1,10,425
2024,11,06,t1,10,366
2024,11,07,t1,10,185
2024,11,08,t1,10,177
2024,11,09,t1,10,31
2024,11,10,t1,10,116
2024,11,12,t1,10,1229
2024,11,13,t1,10,361
2024,11,14,t1,10,1705
2024,11,17,t1,10,231
2024,11,18,t1,10,274
2024,11,19,t1,10,253
2024,11,20,t1,10,187
2024,11,21,t1,10,186
2024,11,22,t1,10,137
2024,11,23,t1,10,38
2024,11,24,t1,10,171
2024,11,25,t1,10,121
2024,11,t1,t1,10,8844
2024,11,01,t1,20,5617
2024,11,03,t1,20,189
2024,11,04,t1,20,140
2024,11,05,t1,20,306
2024,11,06,t1,20,454
2024,11,07,t1,20,102
2024,11,08,t1,20,92
2024,11,09,t1,20,14
2024,11,10,t1,20,51
2024,11,12,t1,20,929
2024,11,13,t1,20,184
2024,11,14,t1,20,1073
2024,11,17,t1,20,215
2024,11,18,t1,20,155
2024,11,19,t1,20,108
2024,11,20,t1,20,163
2024,11,21,t1,20,127
2024,11,22,t1,20,97
2024,11,23,t1,20,66
2024,11,24,t1,20,139
2024,11,25,t1,20,152
2024,11,t1,t1,20,10373
2024,11,01,t1,30,2453
2024,11,03,t1,30,124
2024,11,04,t1,30,84
2024,11,05,t1,30,170
2024,11,06,t1,30,217
2024,11,07,t1,30,79
2024,11,08,t1,30,114
2024,11,09,t1,30,14
2024,11,10,t1,30,65
2024,11,12,t1,30,959
2024,11,13,t1,30,102
2024,11,14,t1,30,955
2024,11,17,t1,30,131
2024,11,18,t1,30,75
2024,11,19,t1,30,92
2024,11,20,t1,30,111
2024,11,21,t1,30,168
2024,11,22,t1,30,106
2024,11,23,t1,30,11
2024,11,24,t1,30,117
2024,11,25,t1,30,79
2024,11,t1,t1,30,6226
2024,11,01,t1,t1,10124
2024,11,03,t1,t1,642
2024,11,04,t1,t1,492
2024,11,05,t1,t1,901
2024,11,06,t1,t1,1037
2024,11,07,t1,t1,366
2024,11,08,t1,t1,383
2024,11,09,t1,t1,59
2024,11,10,t1,t1,232
2024,11,12,t1,t1,3117
2024,11,13,t1,t1,647
2024,11,14,t1,t1,3733
2024,11,17,t1,t1,577
2024,11,18,t1,t1,504
2024,11,19,t1,t1,453
2024,11,20,t1,t1,461
2024,11,21,t1,t1,481
2024,11,22,t1,t1,340
2024,11,23,t1,t1,115
2024,11,24,t1,t1,427
2024,11,25,t1,t1,352
2024,11,t1,t1,t1,25443
2024,12,01,101,10,604
2024,12,03,101,10,83
2024,12,04,101,10,74
2024,12,05,101,10,138
2024,12,06,101,10,114
2024,12,07,101,10,69
2024,12,08,101,10,68
2024,12,09,101,10,10
2024,12,10,101,10,47
2024,12,12,101,10,467
2024,12,13,101,10,121
2024,12,14,101,10,579
2024,12,17,101,10,64
2024,12,18,101,10,79
2024,12,19,101,10,99
2024,12,20,101,10,33
2024,12,21,101,10,47
2024,12,22,101,10,40
2024,12,23,101,10,9
2024,12,24,101,10,32
2024,12,25,101,10,36
2024,12,t1,101,10,2813
2024,12,01,101,20,377
2024,12,03,101,20,18
2024,12,04,101,20,15
2024,12,05,101,20,47
2024,12,06,101,20,203
2024,12,07,101,20,8
2024,12,08,101,20,24
2024,12,09,101,20,1
2024,12,10,101,20,11
2024,12,12,101,20,281
2024,12,13,101,20,27
2024,12,14,101,20,106
2024,12,17,101,20,13
2024,12,18,101,20,28
2024,12,19,101,20,11
2024,12,20,101,20,21
2024,12,21,101,20,8
2024,12,22,101,20,17
2024,12,23,101,20,7
2024,12,24,101,20,5
2024,12,25,101,20,32
2024,12,t1,101,20,1260
2024,12,01,101,30,553
2024,12,03,101,30,21
2024,12,04,101,30,43
2024,12,05,101,30,44
2024,12,06,101,30,28
2024,12,07,101,30,11
2024,12,08,101,30,36
2024,12,09,101,30,4
2024,12,10,101,30,17
2024,12,12,101,30,500
2024,12,13,101,30,21
2024,12,14,101,30,345
2024,12,17,101,30,45
2024,12,18,101,30,26
2024,12,19,101,30,18
2024,12,20,101,30,48
2024,12,21,101,30,46
2024,12,22,101,30,56
2024,12,24,101,30,35
2024,12,25,101,30,26
2024,12,t1,101,30,1923
2024,12,01,101,t1,1534
2024,12,03,101,t1,122
2024,12,04,101,t1,132
2024,12,05,101,t1,229
2024,12,06,101,t1,345
2024,12,07,101,t1,88
2024,12,08,101,t1,128
2024,12,09,101,t1,15
2024,12,10,101,t1,75
2024,12,12,101,t1,1248
2024,12,13,101,t1,169
2024,12,14,101,t1,1030
2024,12,17,101,t1,122
2024,12,18,101,t1,133
2024,12,19,101,t1,128
2024,12,20,101,t1,102
2024,12,21,101,t1,101
2024,12,22,101,t1,113
2024,12,23,101,t1,16
2024,12,24,101,t1,72
2024,12,25,101,t1,94
2024,12,t1,101,t1,5996
2024,12,01,102,10,70
2024,12,03,102,10,12
2024,12,04,102,10,7
2024,12,05,102,10,12
2024,12,06,102,10,16
2024,12,07,102,10,9
2024,12,08,102,10,9
2024,12,09,102,10,1
2024,12,10,102,10,4
2024,12,12,102,10,67
2024,12,13,102,10,23
2024,12,14,102,10,64
2024,12,17,102,10,15
2024,12,18,102,10,22
2024,12,19,102,10,11
2024,12,20,102,10,7
2024,12,21,102,10,11
2024,12,22,102,10,14
2024,12,23,102,10,5
2024,12,24,102,10,7
2024,12,25,102,10,14
2024,12,t1,102,10,400
2024,12,01,102,20,301
2024,12,03,102,20,17
2024,12,04,102,20,26
2024,12,05,102,20,62
2024,12,06,102,20,40
2024,12,07,102,20,13
2024,12,08,102,20,29
2024,12,09,102,20,18
2024,12,10,102,20,9
2024,12,12,102,20,184
2024,12,13,102,20,18
2024,12,14,102,20,73
2024,12,17,102,20,62
2024,12,18,102,20,27
2024,12,19,102,20,15
2024,12,20,102,20,32
2024,12,21,102,20,3
2024,12,22,102,20,33
2024,12,23,102,20,11
2024,12,24,102,20,18
2024,12,25,102,20,27
2024,12,t1,102,20,1018
2024,12,01,102,30,115
2024,12,03,102,30,18
2024,12,04,102,30,8
2024,12,05,102,30,19
2024,12,06,102,30,3
2024,12,07,102,30,44
2024,12,08,102,30,5
2024,12,09,102,30,1
2024,12,10,102,30,4
2024,12,12,102,30,55
2024,12,13,102,30,9
2024,12,14,102,30,95
2024,12,17,102,30,23
2024,12,18,102,30,7
2024,12,19,102,30,3
2024,12,20,102,30,7
2024,12,21,102,30,8
2024,12,22,102,30,20
2024,12,24,102,30,27
2024,12,25,102,30,16
2024,12,t1,102,30,487
2024,12,01,102,t1,486
2024,12,03,102,t1,47
2024,12,04,102,t1,41
2024,12,05,102,t1,93
2024,12,06,102,t1,59
2024,12,07,102,t1,66
2024,12,08,102,t1,43
2024,12,09,102,t1,20
2024,12,10,102,t1,17
2024,12,12,102,t1,306
2024,12,13,102,t1,50
2024,12,14,102,t1,232
2024,12,17,102,t1,100
2024,12,18,102,t1,56
2024,12,19,102,t1,29
2024,12,20,102,t1,46
2024,12,21,102,t1,22
2024,12,22,102,t1,67
2024,12,23,102,t1,16
2024,12,24,102,t1,52
2024,12,25,102,t1,57
2024,12,t1,102,t1,1905
2024,12,01,103,10,955
2024,12,03,103,10,127
2024,12,04,103,10,97
2024,12,05,103,10,173
2024,12,06,103,10,144
2024,12,07,103,10,72
2024,12,08,103,10,69
2024,12,09,103,10,14
2024,12,10,103,10,56
2024,12,12,103,10,515
2024,12,13,103,10,183
2024,12,14,103,10,731
2024,12,17,103,10,68
2024,12,18,103,10,104
2024,12,19,103,10,81
2024,12,20,103,10,55
2024,12,21,103,10,35
2024,12,22,103,10,44
2024,12,23,103,10,16
2024,12,24,103,10,63
2024,12,25,103,10,36
2024,12,t1,103,10,3638
2024,12,01,103,20,3098
2024,12,03,103,20,93
2024,12,04,103,20,64
2024,12,05,103,20,90
2024,12,06,103,20,122
2024,12,07,103,20,41
2024,12,08,103,20,41
2024,12,09,103,20,9
2024,12,10,103,20,15
2024,12,12,103,20,396
2024,12,13,103,20,85
2024,12,14,103,20,642
2024,12,17,103,20,35
2024,12,18,103,20,73
2024,12,19,103,20,46
2024,12,20,103,20,50
2024,12,21,103,20,30
2024,12,22,103,20,74
2024,12,23,103,20,36
2024,12,24,103,20,53
2024,12,25,103,20,46
2024,12,t1,103,20,5139
2024,12,01,103,30,1136
2024,12,03,103,30,35
2024,12,04,103,30,19
2024,12,05,103,30,23
2024,12,06,103,30,46
2024,12,07,103,30,10
2024,12,08,103,30,22
2024,12,09,103,30,1
2024,12,10,103,30,8
2024,12,12,103,30,187
2024,12,13,103,30,23
2024,12,14,103,30,255
2024,12,17,103,30,47
2024,12,18,103,30,24
2024,12,19,103,30,11
2024,12,20,103,30,10
2024,12,21,103,30,36
2024,12,22,103,30,20
2024,12,23,103,30,4
2024,12,24,103,30,30
2024,12,25,103,30,10
2024,12,t1,103,30,1957
2024,12,01,103,t1,5189
2024,12,03,103,t1,255
2024,12,04,103,t1,180
2024,12,05,103,t1,286
2024,12,06,103,t1,312
2024,12,07,103,t1,123
2024,12,08,103,t1,132
2024,12,09,103,t1,24
2024,12,10,103,t1,79
2024,12,12,103,t1,1098
2024,12,13,103,t1,291
2024,12,14,103,t1,1628
2024,12,17,103,t1,150
2024,12,18,103,t1,201
2024,12,19,103,t1,138
2024,12,20,103,t1,115
2024,12,21,103,t1,101
2024,12,22,103,t1,138
2024,12,23,103,t1,56
2024,12,24,103,t1,146
2024,12,25,103,t1,92
2024,12,t1,103,t1,10734
2024,12,01,104,10,178
2024,12,03,104,10,42
2024,12,04,104,10,33
2024,12,05,104,10,41
2024,12,06,104,10,56
2024,12,07,104,10,17
2024,12,08,104,10,15
2024,12,09,104,10,3
2024,12,10,104,10,4
2024,12,12,104,10,111
2024,12,13,104,10,17
2024,12,14,104,10,163
2024,12,17,104,10,26
2024,12,18,104,10,24
2024,12,19,104,10,24
2024,12,20,104,10,19
2024,12,21,104,10,41
2024,12,22,104,10,22
2024,12,23,104,10,5
2024,12,24,104,10,11
2024,12,25,104,10,13
2024,12,t1,104,10,865
2024,12,01,104,20,150
2024,12,03,104,20,6
2024,12,04,104,20,4
2024,12,05,104,20,17
2024,12,06,104,20,82
2024,12,07,104,20,7
2024,12,08,104,20,3
2024,12,09,104,20,1
2024,12,10,104,20,1
2024,12,12,104,20,25
2024,12,13,104,20,8
2024,12,14,104,20,54
2024,12,17,104,20,14
2024,12,18,104,20,7
2024,12,19,104,20,12
2024,12,20,104,20,21
2024,12,21,104,20,14
2024,12,22,104,20,13
2024,12,23,104,20,1
2024,12,24,104,20,3
2024,12,25,104,20,9
2024,12,t1,104,20,452
2024,12,01,104,30,253
2024,12,03,104,30,16
2024,12,04,104,30,25
2024,12,05,104,30,77
2024,12,06,104,30,41
2024,12,07,104,30,6
2024,12,08,104,30,13
2024,12,09,104,30,3
2024,12,10,104,30,6
2024,12,12,104,30,76
2024,12,13,104,30,11
2024,12,14,104,30,179
2024,12,17,104,30,13
2024,12,18,104,30,20
2024,12,19,104,30,2
2024,12,20,104,30,17
2024,12,21,104,30,21
2024,12,22,104,30,5
2024,12,23,104,30,11
2024,12,24,104,30,21
2024,12,25,104,30,11
2024,12,t1,104,30,827
2024,12,01,104,t1,581
2024,12,03,104,t1,64
2024,12,04,104,t1,62
2024,12,05,104,t1,135
2024,12,06,104,t1,179
2024,12,07,104,t1,30
2024,12,08,104,t1,31
2024,12,09,104,t1,7
2024,12,10,104,t1,11
2024,12,12,104,t1,212
2024,12,13,104,t1,36
2024,12,14,104,t1,396
2024,12,17,104,t1,53
2024,12,18,104,t1,51
2024,12,19,104,t1,38
2024,12,20,104,t1,57
2024,12,21,104,t1,76
2024,12,22,104,t1,40
2024,12,23,104,t1,17
2024,12,24,104,t1,35
2024,12,25,104,t1,33
2024,12,t1,104,t1,2144
2024,12,01,105,10,433
2024,12,03,105,10,47
2024,12,04,105,10,43
2024,12,05,105,10,78
2024,12,06,105,10,59
2024,12,07,105,10,31
2024,12,08,105,10,23
2024,12,09,105,10,7
2024,12,10,105,10,26
2024,12,12,105,10,212
2024,12,13,105,10,54
2024,12,14,105,10,325
2024,12,17,105,10,36
2024,12,18,105,10,26
2024,12,19,105,10,33
2024,12,20,105,10,46
2024,12,21,105,10,33
2024,12,22,105,10,28
2024,12,23,105,10,5
2024,12,24,105,10,32
2024,12,25,105,10,30
2024,12,t1,105,10,1607
2024,12,01,105,20,1848
2024,12,03,105,20,43
2024,12,04,105,20,26
2024,12,05,105,20,78
2024,12,06,105,20,85
2024,12,07,105,20,25
2024,12,08,105,20,21
2024,12,09,105,20,3
2024,12,10,105,20,16
2024,12,12,105,20,345
2024,12,13,105,20,53
2024,12,14,105,20,312
2024,12,17,105,20,45
2024,12,18,105,20,30
2024,12,19,105,20,45
2024,12,20,105,20,30
2024,12,21,105,20,24
2024,12,22,105,20,24
2024,12,23,105,20,15
2024,12,24,105,20,36
2024,12,25,105,20,51
2024,12,t1,105,20,3155
2024,12,01,105,30,300
2024,12,03,105,30,18
2024,12,04,105,30,13
2024,12,05,105,30,28
2024,12,06,105,30,29
2024,12,07,105,30,10
2024,12,08,105,30,19
2024,12,09,105,30,5
2024,12,10,105,30,11
2024,12,12,105,30,188
2024,12,13,105,30,23
2024,12,14,105,30,176
2024,12,17,105,30,16
2024,12,18,105,30,8
2024,12,19,105,30,11
2024,12,20,105,30,24
2024,12,21,105,30,16
2024,12,22,105,30,25
2024,12,23,105,30,15
2024,12,24,105,30,52
2024,12,25,105,30,49
2024,12,t1,105,30,1036
2024,12,01,105,t1,2581
2024,12,03,105,t1,108
2024,12,04,105,t1,82
2024,12,05,105,t1,184
2024,12,06,105,t1,173
2024,12,07,105,t1,66
2024,12,08,105,t1,63
2024,12,09,105,t1,15
2024,12,10,105,t1,53
2024,12,12,105,t1,745
2024,12,13,105,t1,130
2024,12,14,105,t1,813
2024,12,17,105,t1,97
2024,12,18,105,t1,64
2024,12,19,105,t1,89
2024,12,20,105,t1,100
2024,12,21,105,t1,73
2024,12,22,105,t1,77
2024,12,23,105,t1,35
2024,12,24,105,t1,120
2024,12,25,105,t1,130
2024,12,t1,105,t1,5798
2024,12,01,106,10,20
2024,12,03,106,10,13
2024,12,04,106,10,2
2024,12,05,106,10,3
2024,12,06,106,10,3
2024,12,12,106,10,9
2024,12,13,106,10,1
2024,12,14,106,10,16
2024,12,17,106,10,4
2024,12,18,106,10,6
2024,12,19,106,10,8
2024,12,20,106,10,9
2024,12,21,106,10,13
2024,12,22,106,10,3
2024,12,23,106,10,3
2024,12,24,106,10,4
2024,12,25,106,10,3
2024,12,t1,106,10,120
2024,12,01,106,20,26
2024,12,03,106,20,4
2024,12,05,106,20,2
2024,12,06,106,20,3
2024,12,07,106,20,3
2024,12,12,106,20,2
2024,12,13,106,20,5
2024,12,14,106,20,15
2024,12,17,106,20,4
2024,12,18,106,20,1
2024,12,19,106,20,3
2024,12,20,106,20,5
2024,12,21,106,20,3
2024,12,22,106,20,2
2024,12,24,106,20,3
2024,12,25,106,20,3
2024,12,t1,106,20,84
2024,12,01,106,30,5
2024,12,03,106,30,1
2024,12,04,106,30,1
2024,12,05,106,30,1
2024,12,12,106,30,3
2024,12,13,106,30,1
2024,12,14,106,30,6
2024,12,17,106,30,2
2024,12,20,106,30,1
2024,12,21,106,30,3
2024,12,22,106,30,2
2024,12,23,106,30,5
2024,12,24,106,30,3
2024,12,t1,106,30,34
2024,12,01,106,t1,51
2024,12,03,106,t1,18
2024,12,04,106,t1,3
2024,12,05,106,t1,6
2024,12,06,106,t1,6
2024,12,07,106,t1,3
2024,12,12,106,t1,14
2024,12,13,106,t1,7
2024,12,14,106,t1,37
2024,12,17,106,t1,10
2024,12,18,106,t1,7
2024,12,19,106,t1,11
2024,12,20,106,t1,15
2024,12,21,106,t1,19
2024,12,22,106,t1,7
2024,12,23,106,t1,8
2024,12,24,106,t1,10
2024,12,25,106,t1,6
2024,12,t1,106,t1,238
2024,12,08,107,10,1
2024,12,24,107,10,1
2024,12,t1,107,10,2
2024,12,08,107,t1,1
2024,12,24,107,t1,1
2024,12,t1,107,t1,2
2024,12,12,109,10,1
2024,12,t1,109,10,1
2024,12,04,109,20,1
2024,12,t1,109,20,1
2024,12,04,109,t1,1
2024,12,12,109,t1,1
2024,12,t1,109,t1,2
2024,12,01,t1,10,2260
2024,12,03,t1,10,324
2024,12,04,t1,10,256
2024,12,05,t1,10,445
2024,12,06,t1,10,392
2024,12,07,t1,10,198
2024,12,08,t1,10,185
2024,12,09,t1,10,35
2024,12,10,t1,10,137
2024,12,12,t1,10,1382
2024,12,13,t1,10,399
2024,12,14,t1,10,1878
2024,12,17,t1,10,213
2024,12,18,t1,10,261
2024,12,19,t1,10,256
2024,12,20,t1,10,169
2024,12,21,t1,10,180
2024,12,22,t1,10,151
2024,12,23,t1,10,43
2024,12,24,t1,10,150
2024,12,25,t1,10,132
2024,12,t1,t1,10,9446
2024,12,01,t1,20,5800
2024,12,03,t1,20,181
2024,12,04,t1,20,136
2024,12,05,t1,20,296
2024,12,06,t1,20,535
2024,12,07,t1,20,97
2024,12,08,t1,20,118
2024,12,09,t1,20,32
2024,12,10,t1,20,52
2024,12,12,t1,20,1233
2024,12,13,t1,20,196
2024,12,14,t1,20,1202
2024,12,17,t1,20,173
2024,12,18,t1,20,166
2024,12,19,t1,20,132
2024,12,20,t1,20,159
2024,12,21,t1,20,82
2024,12,22,t1,20,163
2024,12,23,t1,20,70
2024,12,24,t1,20,118
2024,12,25,t1,20,168
2024,12,t1,t1,20,11109
2024,12,01,t1,30,2362
2024,12,03,t1,30,109
2024,12,04,t1,30,109
2024,12,05,t1,30,192
2024,12,06,t1,30,147
2024,12,07,t1,30,81
2024,12,08,t1,30,95
2024,12,09,t1,30,14
2024,12,10,t1,30,46
2024,12,12,t1,30,1009
2024,12,13,t1,30,88
2024,12,14,t1,30,1056
2024,12,17,t1,30,146
2024,12,18,t1,30,85
2024,12,19,t1,30,45
2024,12,20,t1,30,107
2024,12,21,t1,30,130
2024,12,22,t1,30,128
2024,12,23,t1,30,35
2024,12,24,t1,30,168
2024,12,25,t1,30,112
2024,12,t1,t1,30,6264
2024,12,01,t1,t1,10422
2024,12,03,t1,t1,614
2024,12,04,t1,t1,501
2024,12,05,t1,t1,933
2024,12,06,t1,t1,1074
2024,12,07,t1,t1,376
2024,12,08,t1,t1,398
2024,12,09,t1,t1,81
2024,12,10,t1,t1,235
2024,12,12,t1,t1,3624
2024,12,13,t1,t1,683
2024,12,14,t1,t1,4136
2024,12,17,t1,t1,532
2024,12,18,t1,t1,512
2024,12,19,t1,t1,433
2024,12,20,t1,t1,435
2024,12,21,t1,t1,392
2024,12,22,t1,t1,442
2024,12,23,t1,t1,148
2024,12,24,t1,t1,436
2024,12,25,t1,t1,412
2024,12,t1,t1,t1,26819
2024,t1,01,101,10,6660
2024,t1,03,101,10,828
2024,t1,04,101,10,798
2024,t1,05,101,10,1428
2024,t1,06,101,10,1301
2024,t1,07,101,10,677
2024,t1,08,101,10,757
2024,t1,09,101,10,100
2024,t1,10,101,10,494
2024,t1,12,101,10,4870
2024,t1,13,101,10,1328
2024,t1,14,101,10,6183
2024,t1,17,101,10,738
2024,t1,18,101,10,885
2024,t1,19,101,10,805
2024,t1,20,101,10,461
2024,t1,21,101,10,609
2024,t1,22,101,10,373
2024,t1,23,101,10,107
2024,t1,24,101,10,360
2024,t1,25,101,10,260
2024,t1,t1,101,10,30022
2024,t1,01,101,20,9410
2024,t1,03,101,20,506
2024,t1,04,101,20,214
2024,t1,05,101,20,557
2024,t1,06,101,20,1283
2024,t1,07,101,20,142
2024,t1,08,101,20,308
2024,t1,09,101,20,46
2024,t1,10,101,20,159
2024,t1,12,101,20,2844
2024,t1,13,101,20,347
2024,t1,14,101,20,1666
2024,t1,17,101,20,939
2024,t1,18,101,20,296
2024,t1,19,101,20,212
2024,t1,20,101,20,212
2024,t1,21,101,20,226
2024,t1,22,101,20,157
2024,t1,23,101,20,83
2024,t1,24,101,20,152
2024,t1,25,101,20,221
2024,t1,t1,101,20,19980
2024,t1,01,101,30,4133
2024,t1,03,101,30,249
2024,t1,04,101,30,316
2024,t1,05,101,30,356
2024,t1,06,101,30,451
2024,t1,07,101,30,210
2024,t1,08,101,30,362
2024,t1,09,101,30,38
2024,t1,10,101,30,225
2024,t1,12,101,30,4245
2024,t1,13,101,30,330
2024,t1,14,101,30,3308
2024,t1,17,101,30,367
2024,t1,18,101,30,225
2024,t1,19,101,30,205
2024,t1,20,101,30,329
2024,t1,21,101,30,352
2024,t1,22,101,30,239
2024,t1,23,101,30,83
2024,t1,24,101,30,257
2024,t1,25,101,30,167
2024,t1,t1,101,30,16447
2024,t1,01,101,t1,20203
2024,t1,03,101,t1,1583
2024,t1,04,101,t1,1328
2024,t1,05,101,t1,2341
2024,t1,06,101,t1,3035
2024,t1,07,101,t1,1029
2024,t1,08,101,t1,1427
2024,t1,09,101,t1,184
2024,t1,10,101,t1,878
2024,t1,12,101,t1,11959
2024,t1,13,101,t1,2005
2024,t1,14,101,t1,11157
2024,t1,17,101,t1,2044
2024,t1,18,101,t1,1406
2024,t1,19,101,t1,1222
2024,t1,20,101,t1,1002
2024,t1,21,101,t1,1187
2024,t1,22,101,t1,769
2024,t1,23,101,t1,273
2024,t1,24,101,t1,769
2024,t1,25,101,t1,648
2024,t1,t1,101,t1,66449
2024,t1,01,102,10,830
2024,t1,03,102,10,180
2024,t1,04,102,10,151
2024,t1,05,102,10,227
2024,t1,06,102,10,214
2024,t1,07,102,10,113
2024,t1,08,102,10,156
2024,t1,09,102,10,19
2024,t1,10,102,10,85
2024,t1,12,102,10,786
2024,t1,13,102,10,244
2024,t1,14,102,10,962
2024,t1,17,102,10,203
2024,t1,18,102,10,241
2024,t1,19,102,10,151
2024,t1,20,102,10,157
2024,t1,21,102,10,132
2024,t1,22,102,10,127
2024,t1,23,102,10,67
2024,t1,24,102,10,140
2024,t1,25,102,10,178
2024,t1,t1,102,10,5363
2024,t1,01,102,20,4089
2024,t1,03,102,20,304
2024,t1,04,102,20,224
2024,t1,05,102,20,437
2024,t1,06,102,20,769
2024,t1,07,102,20,185
2024,t1,08,102,20,244
2024,t1,09,102,20,68
2024,t1,10,102,20,105
2024,t1,12,102,20,2107
2024,t1,13,102,20,194
2024,t1,14,102,20,1007
2024,t1,17,102,20,716
2024,t1,18,102,20,209
2024,t1,19,102,20,182
2024,t1,20,102,20,247
2024,t1,21,102,20,213
2024,t1,22,102,20,324
2024,t1,23,102,20,136
2024,t1,24,102,20,189
2024,t1,25,102,20,382
2024,t1,t1,102,20,12331
2024,t1,01,102,30,569
2024,t1,03,102,30,92
2024,t1,04,102,30,56
2024,t1,05,102,30,69
2024,t1,06,102,30,175
2024,t1,07,102,30,80
2024,t1,08,102,30,87
2024,t1,09,102,30,7
2024,t1,10,102,30,46
2024,t1,12,102,30,970
2024,t1,13,102,30,54
2024,t1,14,102,30,1057
2024,t1,17,102,30,295
2024,t1,18,102,30,57
2024,t1,19,102,30,55
2024,t1,20,102,30,51
2024,t1,21,102,30,71
2024,t1,22,102,30,132
2024,t1,23,102,30,60
2024,t1,24,102,30,219
2024,t1,25,102,30,262
2024,t1,t1,102,30,4464
2024,t1,01,102,t1,5488
2024,t1,03,102,t1,576
2024,t1,04,102,t1,431
2024,t1,05,102,t1,733
2024,t1,06,102,t1,1158
2024,t1,07,102,t1,378
2024,t1,08,102,t1,487
2024,t1,09,102,t1,94
2024,t1,10,102,t1,236
2024,t1,12,102,t1,3863
2024,t1,13,102,t1,492
2024,t1,14,102,t1,3026
2024,t1,17,102,t1,1214
2024,t1,18,102,t1,507
2024,t1,19,102,t1,388
2024,t1,20,102,t1,455
2024,t1,21,102,t1,416
2024,t1,22,102,t1,583
2024,t1,23,102,t1,263
2024,t1,24,102,t1,548
2024,t1,25,102,t1,822
2024,t1,t1,102,t1,22158
2024,t1,01,103,10,7292
2024,t1,03,103,10,932
2024,t1,04,103,10,729
2024,t1,05,103,10,1220
2024,t1,06,103,10,1099
2024,t1,07,103,10,489
2024,t1,08,103,10,488
2024,t1,09,103,10,96
2024,t1,10,103,10,347
2024,t1,12,103,10,4174
2024,t1,13,103,10,1367
2024,t1,14,103,10,5705
2024,t1,17,103,10,565
2024,t1,18,103,10,773
2024,t1,19,103,10,711
2024,t1,20,103,10,426
2024,t1,21,103,10,397
2024,t1,22,103,10,404
2024,t1,23,103,10,178
2024,t1,24,103,10,591
2024,t1,25,103,10,402
2024,t1,t1,103,10,28385
2024,t1,01,103,20,29941
2024,t1,03,103,20,749
2024,t1,04,103,20,628
2024,t1,05,103,20,1010
2024,t1,06,103,20,1183
2024,t1,07,103,20,384
2024,t1,08,103,20,320
2024,t1,09,103,20,85
2024,t1,10,103,20,177
2024,t1,12,103,20,4040
2024,t1,13,103,20,855
2024,t1,14,103,20,6028
2024,t1,17,103,20,461
2024,t1,18,103,20,523
2024,t1,19,103,20,494
2024,t1,20,103,20,460
2024,t1,21,103,20,365
2024,t1,22,103,20,360
2024,t1,23,103,20,259
2024,t1,24,103,20,475
2024,t1,25,103,20,435
2024,t1,t1,103,20,49232
2024,t1,01,103,30,9499
2024,t1,03,103,30,232
2024,t1,04,103,30,228
2024,t1,05,103,30,265
2024,t1,06,103,30,583
2024,t1,07,103,30,147
2024,t1,08,103,30,267
2024,t1,09,103,30,31
2024,t1,10,103,30,149
2024,t1,12,103,30,1909
2024,t1,13,103,30,276
2024,t1,14,103,30,1923
2024,t1,17,103,30,226
2024,t1,18,103,30,201
2024,t1,19,103,30,193
2024,t1,20,103,30,231
2024,t1,21,103,30,319
2024,t1,22,103,30,169
2024,t1,23,103,30,31
2024,t1,24,103,30,216
2024,t1,25,103,30,127
2024,t1,t1,103,30,17222
2024,t1,01,103,t1,46732
2024,t1,03,103,t1,1913
2024,t1,04,103,t1,1585
2024,t1,05,103,t1,2495
2024,t1,06,103,t1,2865
2024,t1,07,103,t1,1020
2024,t1,08,103,t1,1075
2024,t1,09,103,t1,212
2024,t1,10,103,t1,673
2024,t1,12,103,t1,10123
2024,t1,13,103,t1,2498
2024,t1,14,103,t1,13656
2024,t1,17,103,t1,1252
2024,t1,18,103,t1,1497
2024,t1,19,103,t1,1398
2024,t1,20,103,t1,1117
2024,t1,21,103,t1,1081
2024,t1,22,103,t1,933
2024,t1,23,103,t1,468
2024,t1,24,103,t1,1282
2024,t1,25,103,t1,964
2024,t1,t1,103,t1,94839
2024,t1,01,104,10,2255
2024,t1,03,104,10,507
2024,t1,04,104,10,327
2024,t1,05,104,10,538
2024,t1,06,104,10,479
2024,t1,07,104,10,151
2024,t1,08,104,10,181
2024,t1,09,104,10,48
2024,t1,10,104,10,128
2024,t1,12,104,10,1251
2024,t1,13,104,10,310
2024,t1,14,104,10,1639
2024,t1,17,104,10,236
2024,t1,18,104,10,278
2024,t1,19,104,10,206
2024,t1,20,104,10,221
2024,t1,21,104,10,377
2024,t1,22,104,10,181
2024,t1,23,104,10,59
2024,t1,24,104,10,171
2024,t1,25,104,10,152
2024,t1,t1,104,10,9695
2024,t1,01,104,20,2637
2024,t1,03,104,20,228
2024,t1,04,104,20,70
2024,t1,05,104,20,166
2024,t1,06,104,20,452
2024,t1,07,104,20,64
2024,t1,08,104,20,48
2024,t1,09,104,20,18
2024,t1,10,104,20,54
2024,t1,12,104,20,729
2024,t1,13,104,20,158
2024,t1,14,104,20,1002
2024,t1,17,104,20,202
2024,t1,18,104,20,153
2024,t1,19,104,20,143
2024,t1,20,104,20,221
2024,t1,21,104,20,252
2024,t1,22,104,20,108
2024,t1,23,104,20,93
2024,t1,24,104,20,140
2024,t1,25,104,20,332
2024,t1,t1,104,20,7270
2024,t1,01,104,30,2133
2024,t1,03,104,30,234
2024,t1,04,104,30,185
2024,t1,05,104,30,662
2024,t1,06,104,30,360
2024,t1,07,104,30,111
2024,t1,08,104,30,130
2024,t1,09,104,30,32
2024,t1,10,104,30,82
2024,t1,12,104,30,731
2024,t1,13,104,30,163
2024,t1,14,104,30,2136
2024,t1,17,104,30,221
2024,t1,18,104,30,279
2024,t1,19,104,30,79
2024,t1,20,104,30,145
2024,t1,21,104,30,207
2024,t1,22,104,30,125
2024,t1,23,104,30,54
2024,t1,24,104,30,262
2024,t1,25,104,30,172
2024,t1,t1,104,30,8503
2024,t1,01,104,t1,7025
2024,t1,03,104,t1,969
2024,t1,04,104,t1,582
2024,t1,05,104,t1,1366
2024,t1,06,104,t1,1291
2024,t1,07,104,t1,326
2024,t1,08,104,t1,359
2024,t1,09,104,t1,98
2024,t1,10,104,t1,264
2024,t1,12,104,t1,2711
2024,t1,13,104,t1,631
2024,t1,14,104,t1,4777
2024,t1,17,104,t1,659
2024,t1,18,104,t1,710
2024,t1,19,104,t1,428
2024,t1,20,104,t1,587
2024,t1,21,104,t1,836
2024,t1,22,104,t1,414
2024,t1,23,104,t1,206
2024,t1,24,104,t1,573
2024,t1,25,104,t1,656
2024,t1,t1,104,t1,25468
2024,t1,01,105,10,3544
2024,t1,03,105,10,523
2024,t1,04,105,10,459
2024,t1,05,105,10,662
2024,t1,06,105,10,429
2024,t1,07,105,10,297
2024,t1,08,105,10,236
2024,t1,09,105,10,36
2024,t1,10,105,10,217
2024,t1,12,105,10,1803
2024,t1,13,105,10,525
2024,t1,14,105,10,2621
2024,t1,17,105,10,399
2024,t1,18,105,10,402
2024,t1,19,105,10,526
2024,t1,20,105,10,376
2024,t1,21,105,10,337
2024,t1,22,105,10,351
2024,t1,23,105,10,63
2024,t1,24,105,10,331
2024,t1,25,105,10,207
2024,t1,t1,105,10,14344
2024,t1,01,105,20,20294
2024,t1,03,105,20,884
2024,t1,04,105,20,307
2024,t1,05,105,20,877
2024,t1,06,105,20,894
2024,t1,07,105,20,368
2024,t1,08,105,20,269
2024,t1,09,105,20,36
2024,t1,10,105,20,142
2024,t1,12,105,20,3826
2024,t1,13,105,20,660
2024,t1,14,105,20,3310
2024,t1,17,105,20,565
2024,t1,18,105,20,490
2024,t1,19,105,20,390
2024,t1,20,105,20,415
2024,t1,21,105,20,291
2024,t1,22,105,20,262
2024,t1,23,105,20,166
2024,t1,24,105,20,309
2024,t1,25,105,20,298
2024,t1,t1,105,20,35053
2024,t1,01,105,30,4212
2024,t1,03,105,30,242
2024,t1,04,105,30,218
2024,t1,05,105,30,373
2024,t1,06,105,30,621
2024,t1,07,105,30,209
2024,t1,08,105,30,274
2024,t1,09,105,30,38
2024,t1,10,105,30,162
2024,t1,12,105,30,2215
2024,t1,13,105,30,265
2024,t1,14,105,30,2820
2024,t1,17,105,30,197
2024,t1,18,105,30,212
2024,t1,19,105,30,182
2024,t1,20,105,30,357
2024,t1,21,105,30,416
2024,t1,22,105,30,348
2024,t1,23,105,30,63
2024,t1,24,105,30,266
2024,t1,25,105,30,187
2024,t1,t1,105,30,13877
2024,t1,01,105,t1,28050
2024,t1,03,105,t1,1649
2024,t1,04,105,t1,984
2024,t1,05,105,t1,1912
2024,t1,06,105,t1,1944
2024,t1,07,105,t1,874
2024,t1,08,105,t1,779
2024,t1,09,105,t1,110
2024,t1,10,105,t1,521
2024,t1,12,105,t1,7844
2024,t1,13,105,t1,1450
2024,t1,14,105,t1,8751
2024,t1,17,105,t1,1161
2024,t1,18,105,t1,1104
2024,t1,19,105,t1,1098
2024,t1,20,105,t1,1148
2024,t1,21,105,t1,1044
2024,t1,22,105,t1,961
2024,t1,23,105,t1,292
2024,t1,24,105,t1,906
2024,t1,25,105,t1,692
2024,t1,t1,105,t1,63274
2024,t1,01,106,10,406
2024,t1,03,106,10,99
2024,t1,04,106,10,56
2024,t1,05,106,10,110
2024,t1,06,106,10,107
2024,t1,07,106,10,34
2024,t1,08,106,10,16
2024,t1,10,106,10,41
2024,t1,12,106,10,189
2024,t1,13,106,10,60
2024,t1,14,106,10,313
2024,t1,17,106,10,62
2024,t1,18,106,10,85
2024,t1,19,106,10,88
2024,t1,20,106,10,70
2024,t1,21,106,10,121
2024,t1,22,106,10,79
2024,t1,23,106,10,21
2024,t1,24,106,10,45
2024,t1,25,106,10,58
2024,t1,t1,106,10,2060
2024,t1,01,106,20,374
2024,t1,03,106,20,63
2024,t1,04,106,20,4
2024,t1,05,106,20,55
2024,t1,06,106,20,28
2024,t1,07,106,20,24
2024,t1,08,106,20,6
2024,t1,09,106,20,13
2024,t1,10,106,20,10
2024,t1,12,106,20,91
2024,t1,13,106,20,23
2024,t1,14,106,20,131
2024,t1,17,106,20,37
2024,t1,18,106,20,26
2024,t1,19,106,20,20
2024,t1,20,106,20,55
2024,t1,21,106,20,71
2024,t1,22,106,20,22
2024,t1,23,106,20,16
2024,t1,24,106,20,33
2024,t1,25,106,20,46
2024,t1,t1,106,20,1148
2024,t1,01,106,30,72
2024,t1,03,106,30,35
2024,t1,04,106,30,18
2024,t1,05,106,30,28
2024,t1,06,106,30,93
2024,t1,07,106,30,8
2024,t1,08,106,30,12
2024,t1,09,106,30,4
2024,t1,10,106,30,11
2024,t1,12,106,30,78
2024,t1,13,106,30,33
2024,t1,14,106,30,120
2024,t1,17,106,30,15
2024,t1,18,106,30,25
2024,t1,19,106,30,8
2024,t1,20,106,30,26
2024,t1,21,106,30,19
2024,t1,22,106,30,47
2024,t1,23,106,30,48
2024,t1,24,106,30,73
2024,t1,25,106,30,25
2024,t1,t1,106,30,798
2024,t1,01,106,t1,852
2024,t1,03,106,t1,197
2024,t1,04,106,t1,78
2024,t1,05,106,t1,193
2024,t1,06,106,t1,228
2024,t1,07,106,t1,66
2024,t1,08,106,t1,34
2024,t1,09,106,t1,17
2024,t1,10,106,t1,62
2024,t1,12,106,t1,358
2024,t1,13,106,t1,116
2024,t1,14,106,t1,564
2024,t1,17,106,t1,114
2024,t1,18,106,t1,136
2024,t1,19,106,t1,116
2024,t1,20,106,t1,151
2024,t1,21,106,t1,211
2024,t1,22,106,t1,148
2024,t1,23,106,t1,85
2024,t1,24,106,t1,151
2024,t1,25,106,t1,129
2024,t1,t1,106,t1,4006
2024,t1,01,107,10,5
2024,t1,05,107,10,1
2024,t1,08,107,10,1
2024,t1,09,107,10,1
2024,t1,17,107,10,2
2024,t1,19,107,10,2
2024,t1,24,107,10,2
2024,t1,t1,107,10,14
2024,t1,01,107,20,292
2024,t1,03,107,20,17
2024,t1,04,107,20,14
2024,t1,05,107,20,35
2024,t1,06,107,20,9
2024,t1,07,107,20,14
2024,t1,08,107,20,46
2024,t1,09,107,20,1
2024,t1,10,107,20,21
2024,t1,12,107,20,437
2024,t1,13,107,20,13
2024,t1,14,107,20,37
2024,t1,17,107,20,1
2024,t1,18,107,20,14
2024,t1,19,107,20,5
2024,t1,23,107,20,17
2024,t1,24,107,20,3
2024,t1,t1,107,20,976
2024,t1,01,107,30,1
2024,t1,05,107,30,1
2024,t1,06,107,30,102
2024,t1,07,107,30,11
2024,t1,22,107,30,1
2024,t1,t1,107,30,116
2024,t1,01,107,t1,298
2024,t1,03,107,t1,17
2024,t1,04,107,t1,14
2024,t1,05,107,t1,37
2024,t1,06,107,t1,111
2024,t1,07,107,t1,25
2024,t1,08,107,t1,47
2024,t1,09,107,t1,2
2024,t1,10,107,t1,21
2024,t1,12,107,t1,437
2024,t1,13,107,t1,13
2024,t1,14,107,t1,37
2024,t1,17,107,t1,3
2024,t1,18,107,t1,14
2024,t1,19,107,t1,7
2024,t1,22,107,t1,1
2024,t1,23,107,t1,17
2024,t1,24,107,t1,5
2024,t1,t1,107,t1,1106
2024,t1,01,109,10,4
2024,t1,04,109,10,1
2024,t1,06,109,10,1
2024,t1,08,109,10,1
2024,t1,12,109,10,9
2024,t1,13,109,10,1
2024,t1,14,109,10,3
2024,t1,19,109,10,1
2024,t1,20,109,10,2
2024,t1,24,109,10,2
2024,t1,t1,109,10,25
2024,t1,03,109,20,2
2024,t1,04,109,20,1
2024,t1,12,109,20,2
2024,t1,13,109,20,2
2024,t1,17,109,20,2
2024,t1,24,109,20,1
2024,t1,t1,109,20,10
2024,t1,01,109,30,1
2024,t1,14,109,30,2
2024,t1,t1,109,30,3
2024,t1,01,109,t1,5
2024,t1,03,109,t1,2
2024,t1,04,109,t1,2
2024,t1,06,109,t1,1
2024,t1,08,109,t1,1
2024,t1,12,109,t1,11
2024,t1,13,109,t1,3
2024,t1,14,109,t1,5
2024,t1,17,109,t1,2
2024,t1,19,109,t1,1
2024,t1,20,109,t1,2
2024,t1,24,109,t1,3
2024,t1,t1,109,t1,38
2024,t1,01,t1,10,20996
2024,t1,03,t1,10,3069
2024,t1,04,t1,10,2521
2024,t1,05,t1,10,4186
2024,t1,06,t1,10,3630
2024,t1,07,t1,10,1761
2024,t1,08,t1,10,1836
2024,t1,09,t1,10,300
2024,t1,10,t1,10,1312
2024,t1,12,t1,10,13082
2024,t1,13,t1,10,3835
2024,t1,14,t1,10,17426
2024,t1,17,t1,10,2205
2024,t1,18,t1,10,2664
2024,t1,19,t1,10,2490
2024,t1,20,t1,10,1713
2024,t1,21,t1,10,1973
2024,t1,22,t1,10,1515
2024,t1,23,t1,10,495
2024,t1,24,t1,10,1642
2024,t1,25,t1,10,1257
2024,t1,t1,t1,10,89908
2024,t1,01,t1,20,67037
2024,t1,03,t1,20,2753
2024,t1,04,t1,20,1462
2024,t1,05,t1,20,3137
2024,t1,06,t1,20,4618
2024,t1,07,t1,20,1181
2024,t1,08,t1,20,1241
2024,t1,09,t1,20,267
2024,t1,10,t1,20,668
2024,t1,12,t1,20,14076
2024,t1,13,t1,20,2252
2024,t1,14,t1,20,13181
2024,t1,17,t1,20,2923
2024,t1,18,t1,20,1711
2024,t1,19,t1,20,1446
2024,t1,20,t1,20,1610
2024,t1,21,t1,20,1418
2024,t1,22,t1,20,1233
2024,t1,23,t1,20,770
2024,t1,24,t1,20,1302
2024,t1,25,t1,20,1714
2024,t1,t1,t1,20,126000
2024,t1,01,t1,30,20620
2024,t1,03,t1,30,1084
2024,t1,04,t1,30,1021
2024,t1,05,t1,30,1754
2024,t1,06,t1,30,2385
2024,t1,07,t1,30,776
2024,t1,08,t1,30,1132
2024,t1,09,t1,30,150
2024,t1,10,t1,30,675
2024,t1,12,t1,30,10148
2024,t1,13,t1,30,1121
2024,t1,14,t1,30,11366
2024,t1,17,t1,30,1321
2024,t1,18,t1,30,999
2024,t1,19,t1,30,722
2024,t1,20,t1,30,1139
2024,t1,21,t1,30,1384
2024,t1,22,t1,30,1061
2024,t1,23,t1,30,339
2024,t1,24,t1,30,1293
2024,t1,25,t1,30,940
2024,t1,t1,t1,30,61430
2024,t1,01,t1,t1,108653
2024,t1,03,t1,t1,6906
2024,t1,04,t1,t1,5004
2024,t1,05,t1,t1,9077
2024,t1,06,t1,t1,10633
2024,t1,07,t1,t1,3718
2024,t1,08,t1,t1,4209
2024,t1,09,t1,t1,717
2024,t1,10,t1,t1,2655
2024,t1,12,t1,t1,37306
2024,t1,13,t1,t1,7208
2024,t1,14,t1,t1,41973
2024,t1,17,t1,t1,6449
2024,t1,18,t1,t1,5374
2024,t1,19,t1,t1,4658
2024,t1,20,t1,t1,4462
2024,t1,21,t1,t1,4775
2024,t1,22,t1,t1,3809
2024,t1,23,t1,t1,1604
2024,t1,24,t1,t1,4237
2024,t1,25,t1,t1,3911
2024,t1,t1,t1,t1,277338
2025,01,01,101,10,461
2025,01,03,101,10,63
2025,01,04,101,10,60
2025,01,05,101,10,112
2025,01,06,101,10,77
2025,01,07,101,10,42
2025,01,08,101,10,59
2025,01,09,101,10,4
2025,01,10,101,10,40
2025,01,12,101,10,377
2025,01,13,101,10,118
2025,01,14,101,10,440
2025,01,17,101,10,58
2025,01,18,101,10,74
2025,01,19,101,10,64
2025,01,20,101,10,50
2025,01,21,101,10,45
2025,01,22,101,10,26
2025,01,23,101,10,7
2025,01,24,101,10,31
2025,01,25,101,10,11
2025,01,t1,101,10,2219
2025,01,01,101,20,376
2025,01,03,101,20,59
2025,01,04,101,20,9
2025,01,05,101,20,22
2025,01,06,101,20,72
2025,01,07,101,20,5
2025,01,08,101,20,28
2025,01,10,101,20,13
2025,01,12,101,20,208
2025,01,13,101,20,21
2025,01,14,101,20,82
2025,01,17,101,20,64
2025,01,18,101,20,25
2025,01,19,101,20,16
2025,01,20,101,20,39
2025,01,21,101,20,19
2025,01,22,101,20,15
2025,01,23,101,20,3
2025,01,24,101,20,9
2025,01,25,101,20,17
2025,01,t1,101,20,1102
2025,01,01,101,30,235
2025,01,03,101,30,33
2025,01,04,101,30,31
2025,01,05,101,30,17
2025,01,06,101,30,28
2025,01,07,101,30,8
2025,01,08,101,30,27
2025,01,09,101,30,3
2025,01,10,101,30,11
2025,01,12,101,30,1108
2025,01,13,101,30,32
2025,01,14,101,30,148
2025,01,17,101,30,35
2025,01,18,101,30,11
2025,01,19,101,30,13
2025,01,20,101,30,31
2025,01,21,101,30,24
2025,01,22,101,30,25
2025,01,23,101,30,19
2025,01,24,101,30,14
2025,01,25,101,30,11
2025,01,t1,101,30,1864
2025,01,01,101,t1,1072
2025,01,03,101,t1,155
2025,01,04,101,t1,100
2025,01,05,101,t1,151
2025,01,06,101,t1,177
2025,01,07,101,t1,55
2025,01,08,101,t1,114
2025,01,09,101,t1,7
2025,01,10,101,t1,64
2025,01,12,101,t1,1693
2025,01,13,101,t1,171
2025,01,14,101,t1,670
2025,01,17,101,t1,157
2025,01,18,101,t1,110
2025,01,19,101,t1,93
2025,01,20,101,t1,120
2025,01,21,101,t1,88
2025,01,22,101,t1,66
2025,01,23,101,t1,29
2025,01,24,101,t1,54
2025,01,25,101,t1,39
2025,01,t1,101,t1,5185
2025,01,01,102,10,41
2025,01,03,102,10,8
2025,01,04,102,10,6
2025,01,05,102,10,15
2025,01,06,102,10,7
2025,01,07,102,10,5
2025,01,08,102,10,15
2025,01,09,102,10,1
2025,01,10,102,10,3
2025,01,12,102,10,56
2025,01,13,102,10,16
2025,01,14,102,10,41
2025,01,17,102,10,13
2025,01,18,102,10,17
2025,01,19,102,10,7
2025,01,20,102,10,11
2025,01,21,102,10,7
2025,01,22,102,10,6
2025,01,23,102,10,7
2025,01,24,102,10,10
2025,01,25,102,10,7
2025,01,t1,102,10,299
2025,01,01,102,20,183
2025,01,03,102,20,9
2025,01,04,102,20,9
2025,01,05,102,20,99
2025,01,06,102,20,42
2025,01,07,102,20,13
2025,01,08,102,20,13
2025,01,09,102,20,1
2025,01,10,102,20,10
2025,01,12,102,20,114
2025,01,13,102,20,8
2025,01,14,102,20,82
2025,01,17,102,20,62
2025,01,18,102,20,20
2025,01,19,102,20,5
2025,01,20,102,20,18
2025,01,21,102,20,8
2025,01,22,102,20,29
2025,01,23,102,20,8
2025,01,24,102,20,8
2025,01,25,102,20,13
2025,01,t1,102,20,754
2025,01,01,102,30,102
2025,01,04,102,30,3
2025,01,05,102,30,4
2025,01,06,102,30,12
2025,01,07,102,30,7
2025,01,08,102,30,13
2025,01,10,102,30,5
2025,01,12,102,30,53
2025,01,13,102,30,10
2025,01,14,102,30,25
2025,01,17,102,30,54
2025,01,18,102,30,4
2025,01,19,102,30,5
2025,01,20,102,30,4
2025,01,21,102,30,4
2025,01,22,102,30,3
2025,01,24,102,30,5
2025,01,25,102,30,12
2025,01,t1,102,30,325
2025,01,01,102,t1,326
2025,01,03,102,t1,17
2025,01,04,102,t1,18
2025,01,05,102,t1,118
2025,01,06,102,t1,61
2025,01,07,102,t1,25
2025,01,08,102,t1,41
2025,01,09,102,t1,2
2025,01,10,102,t1,18
2025,01,12,102,t1,223
2025,01,13,102,t1,34
2025,01,14,102,t1,148
2025,01,17,102,t1,129
2025,01,18,102,t1,41
2025,01,19,102,t1,17
2025,01,20,102,t1,33
2025,01,21,102,t1,19
2025,01,22,102,t1,38
2025,01,23,102,t1,15
2025,01,24,102,t1,23
2025,01,25,102,t1,32
2025,01,t1,102,t1,1378
2025,01,01,103,10,410
2025,01,03,103,10,53
2025,01,04,103,10,26
2025,01,05,103,10,77
2025,01,06,103,10,67
2025,01,07,103,10,24
2025,01,08,103,10,33
2025,01,09,103,10,6
2025,01,10,103,10,26
2025,01,12,103,10,234
2025,01,13,103,10,63
2025,01,14,103,10,273
2025,01,17,103,10,33
2025,01,18,103,10,33
2025,01,19,103,10,36
2025,01,20,103,10,31
2025,01,21,103,10,25
2025,01,22,103,10,28
2025,01,23,103,10,12
2025,01,24,103,10,42
2025,01,25,103,10,15
2025,01,t1,103,10,1547
2025,01,01,103,20,2014
2025,01,03,103,20,47
2025,01,04,103,20,21
2025,01,05,103,20,64
2025,01,06,103,20,90
2025,01,07,103,20,13
2025,01,08,103,20,14
2025,01,09,103,20,6
2025,01,10,103,20,9
2025,01,12,103,20,234
2025,01,13,103,20,35
2025,01,14,103,20,324
2025,01,17,103,20,16
2025,01,18,103,20,26
2025,01,19,103,20,26
2025,01,20,103,20,36
2025,01,21,103,20,20
2025,01,22,103,20,28
2025,01,23,103,20,14
2025,01,24,103,20,37
2025,01,25,103,20,15
2025,01,t1,103,20,3089
2025,01,01,103,30,618
2025,01,03,103,30,8
2025,01,04,103,30,11
2025,01,05,103,30,17
2025,01,06,103,30,43
2025,01,07,103,30,13
2025,01,08,103,30,16
2025,01,09,103,30,1
2025,01,10,103,30,6
2025,01,12,103,30,83
2025,01,13,103,30,11
2025,01,14,103,30,145
2025,01,17,103,30,20
2025,01,18,103,30,13
2025,01,19,103,30,11
2025,01,20,103,30,12
2025,01,21,103,30,16
2025,01,22,103,30,7
2025,01,24,103,30,25
2025,01,25,103,30,10
2025,01,t1,103,30,1086
2025,01,01,103,t1,3042
2025,01,03,103,t1,108
2025,01,04,103,t1,58
2025,01,05,103,t1,158
2025,01,06,103,t1,200
2025,01,07,103,t1,50
2025,01,08,103,t1,63
2025,01,09,103,t1,13
2025,01,10,103,t1,41
2025,01,12,103,t1,551
2025,01,13,103,t1,109
2025,01,14,103,t1,742
2025,01,17,103,t1,69
2025,01,18,103,t1,72
2025,01,19,103,t1,73
2025,01,20,103,t1,79
2025,01,21,103,t1,61
2025,01,22,103,t1,63
2025,01,23,103,t1,26
2025,01,24,103,t1,104
2025,01,25,103,t1,40
2025,01,t1,103,t1,5722
2025,01,01,104,10,227
2025,01,03,104,10,38
2025,01,04,104,10,17
2025,01,05,104,10,47
2025,01,06,104,10,34
2025,01,07,104,10,14
2025,01,08,104,10,14
2025,01,09,104,10,7
2025,01,10,104,10,11
2025,01,12,104,10,111
2025,01,13,104,10,29
2025,01,14,104,10,130
2025,01,17,104,10,19
2025,01,18,104,10,22
2025,01,19,104,10,17
2025,01,20,104,10,14
2025,01,21,104,10,28
2025,01,22,104,10,8
2025,01,23,104,10,6
2025,01,24,104,10,12
2025,01,25,104,10,6
2025,01,t1,104,10,811
2025,01,01,104,20,150
2025,01,03,104,20,5
2025,01,04,104,20,4
2025,01,05,104,20,6
2025,01,06,104,20,19
2025,01,07,104,20,11
2025,01,08,104,20,2
2025,01,09,104,20,1
2025,01,10,104,20,1
2025,01,12,104,20,29
2025,01,13,104,20,22
2025,01,14,104,20,42
2025,01,17,104,20,8
2025,01,18,104,20,4
2025,01,19,104,20,8
2025,01,20,104,20,7
2025,01,21,104,20,28
2025,01,22,104,20,1
2025,01,24,104,20,6
2025,01,25,104,20,18
2025,01,t1,104,20,372
2025,01,01,104,30,238
2025,01,03,104,30,20
2025,01,04,104,30,13
2025,01,05,104,30,30
2025,01,06,104,30,38
2025,01,07,104,30,6
2025,01,08,104,30,11
2025,01,09,104,30,2
2025,01,10,104,30,9
2025,01,12,104,30,77
2025,01,13,104,30,11
2025,01,14,104,30,105
2025,01,17,104,30,11
2025,01,18,104,30,14
2025,01,19,104,30,3
2025,01,20,104,30,2
2025,01,21,104,30,15
2025,01,22,104,30,13
2025,01,23,104,30,7
2025,01,24,104,30,5
2025,01,25,104,30,11
2025,01,t1,104,30,641
2025,01,01,104,t1,615
2025,01,03,104,t1,63
2025,01,04,104,t1,34
2025,01,05,104,t1,83
2025,01,06,104,t1,91
2025,01,07,104,t1,31
2025,01,08,104,t1,27
2025,01,09,104,t1,10
2025,01,10,104,t1,21
2025,01,12,104,t1,217
2025,01,13,104,t1,62
2025,01,14,104,t1,277
2025,01,17,104,t1,38
2025,01,18,104,t1,40
2025,01,19,104,t1,28
2025,01,20,104,t1,23
2025,01,21,104,t1,71
2025,01,22,104,t1,22
2025,01,23,104,t1,13
2025,01,24,104,t1,23
2025,01,25,104,t1,35
2025,01,t1,104,t1,1824
2025,01,01,105,10,276
2025,01,03,105,10,36
2025,01,04,105,10,25
2025,01,05,105,10,61
2025,01,06,105,10,34
2025,01,07,105,10,22
2025,01,08,105,10,22
2025,01,09,105,10,3
2025,01,10,105,10,11
2025,01,12,105,10,150
2025,01,13,105,10,40
2025,01,14,105,10,220
2025,01,17,105,10,32
2025,01,18,105,10,37
2025,01,19,105,10,30
2025,01,20,105,10,46
2025,01,21,105,10,30
2025,01,22,105,10,28
2025,01,23,105,10,8
2025,01,24,105,10,28
2025,01,25,105,10,19
2025,01,t1,105,10,1158
2025,01,01,105,20,1345
2025,01,03,105,20,54
2025,01,04,105,20,21
2025,01,05,105,20,67
2025,01,06,105,20,94
2025,01,07,105,20,29
2025,01,08,105,20,25
2025,01,09,105,20,3
2025,01,10,105,20,7
2025,01,12,105,20,243
2025,01,13,105,20,46
2025,01,14,105,20,219
2025,01,17,105,20,37
2025,01,18,105,20,32
2025,01,19,105,20,31
2025,01,20,105,20,37
2025,01,21,105,20,26
2025,01,22,105,20,24
2025,01,23,105,20,10
2025,01,24,105,20,38
2025,01,25,105,20,56
2025,01,t1,105,20,2444
2025,01,01,105,30,350
2025,01,03,105,30,17
2025,01,04,105,30,19
2025,01,05,105,30,32
2025,01,06,105,30,44
2025,01,07,105,30,11
2025,01,08,105,30,17
2025,01,10,105,30,17
2025,01,12,105,30,117
2025,01,13,105,30,13
2025,01,14,105,30,135
2025,01,17,105,30,11
2025,01,18,105,30,18
2025,01,19,105,30,6
2025,01,20,105,30,11
2025,01,21,105,30,17
2025,01,22,105,30,17
2025,01,23,105,30,1
2025,01,24,105,30,31
2025,01,25,105,30,27
2025,01,t1,105,30,911
2025,01,01,105,t1,1971
2025,01,03,105,t1,107
2025,01,04,105,t1,65
2025,01,05,105,t1,160
2025,01,06,105,t1,172
2025,01,07,105,t1,62
2025,01,08,105,t1,64
2025,01,09,105,t1,6
2025,01,10,105,t1,35
2025,01,12,105,t1,510
2025,01,13,105,t1,99
2025,01,14,105,t1,574
2025,01,17,105,t1,80
2025,01,18,105,t1,87
2025,01,19,105,t1,67
2025,01,20,105,t1,94
2025,01,21,105,t1,73
2025,01,22,105,t1,69
2025,01,23,105,t1,19
2025,01,24,105,t1,97
2025,01,25,105,t1,102
2025,01,t1,105,t1,4513
2025,01,01,106,10,15
2025,01,03,106,10,6
2025,01,04,106,10,4
2025,01,05,106,10,6
2025,01,07,106,10,1
2025,01,10,106,10,1
2025,01,12,106,10,7
2025,01,13,106,10,2
2025,01,14,106,10,9
2025,01,17,106,10,5
2025,01,18,106,10,7
2025,01,19,106,10,4
2025,01,20,106,10,1
2025,01,21,106,10,14
2025,01,22,106,10,2
2025,01,24,106,10,2
2025,01,25,106,10,2
2025,01,t1,106,10,88
2025,01,01,106,20,16
2025,01,03,106,20,1
2025,01,04,106,20,1
2025,01,05,106,20,2
2025,01,06,106,20,2
2025,01,10,106,20,2
2025,01,12,106,20,3
2025,01,13,106,20,3
2025,01,14,106,20,8
2025,01,17,106,20,8
2025,01,19,106,20,2
2025,01,20,106,20,2
2025,01,21,106,20,5
2025,01,22,106,20,2
2025,01,23,106,20,1
2025,01,24,106,20,1
2025,01,25,106,20,7
2025,01,t1,106,20,66
2025,01,01,106,30,31
2025,01,03,106,30,37
2025,01,05,106,30,17
2025,01,06,106,30,11
2025,01,07,106,30,3
2025,01,12,106,30,1215
2025,01,13,106,30,2
2025,01,14,106,30,69
2025,01,17,106,30,13
2025,01,18,106,30,22
2025,01,19,106,30,8
2025,01,20,106,30,14
2025,01,21,106,30,29
2025,01,22,106,30,9
2025,01,23,106,30,24
2025,01,24,106,30,14
2025,01,25,106,30,10
2025,01,t1,106,30,1528
2025,01,01,106,t1,62
2025,01,03,106,t1,44
2025,01,04,106,t1,5
2025,01,05,106,t1,25
2025,01,06,106,t1,13
2025,01,07,106,t1,4
2025,01,10,106,t1,3
2025,01,12,106,t1,1225
2025,01,13,106,t1,7
2025,01,14,106,t1,86
2025,01,17,106,t1,26
2025,01,18,106,t1,29
2025,01,19,106,t1,14
2025,01,20,106,t1,17
2025,01,21,106,t1,48
2025,01,22,106,t1,13
2025,01,23,106,t1,25
2025,01,24,106,t1,17
2025,01,25,106,t1,19
2025,01,t1,106,t1,1682
2025,01,01,109,10,1
2025,01,12,109,10,3
2025,01,t1,109,10,4
2025,01,01,109,t1,1
2025,01,12,109,t1,3
2025,01,t1,109,t1,4
2025,01,01,t1,10,1431
2025,01,03,t1,10,204
2025,01,04,t1,10,138
2025,01,05,t1,10,318
2025,01,06,t1,10,219
2025,01,07,t1,10,108
2025,01,08,t1,10,143
2025,01,09,t1,10,21
2025,01,10,t1,10,92
2025,01,12,t1,10,938
2025,01,13,t1,10,268
2025,01,14,t1,10,1113
2025,01,17,t1,10,160
2025,01,18,t1,10,190
2025,01,19,t1,10,158
2025,01,20,t1,10,153
2025,01,21,t1,10,149
2025,01,22,t1,10,98
2025,01,23,t1,10,40
2025,01,24,t1,10,125
2025,01,25,t1,10,60
2025,01,t1,t1,10,6126
2025,01,01,t1,20,4084
2025,01,03,t1,20,175
2025,01,04,t1,20,65
2025,01,05,t1,20,260
2025,01,06,t1,20,319
2025,01,07,t1,20,71
2025,01,08,t1,20,82
2025,01,09,t1,20,11
2025,01,10,t1,20,42
2025,01,12,t1,20,831
2025,01,13,t1,20,135
2025,01,14,t1,20,757
2025,01,17,t1,20,195
2025,01,18,t1,20,107
2025,01,19,t1,20,88
2025,01,20,t1,20,139
2025,01,21,t1,20,106
2025,01,22,t1,20,99
2025,01,23,t1,20,36
2025,01,24,t1,20,99
2025,01,25,t1,20,126
2025,01,t1,t1,20,7827
2025,01,01,t1,30,1574
2025,01,03,t1,30,115
2025,01,04,t1,30,77
2025,01,05,t1,30,117
2025,01,06,t1,30,176
2025,01,07,t1,30,48
2025,01,08,t1,30,84
2025,01,09,t1,30,6
2025,01,10,t1,30,48
2025,01,12,t1,30,2653
2025,01,13,t1,30,79
2025,01,14,t1,30,627
2025,01,17,t1,30,144
2025,01,18,t1,30,82
2025,01,19,t1,30,46
2025,01,20,t1,30,74
2025,01,21,t1,30,105
2025,01,22,t1,30,74
2025,01,23,t1,30,51
2025,01,24,t1,30,94
2025,01,25,t1,30,81
2025,01,t1,t1,30,6355
2025,01,01,t1,t1,7089
2025,01,03,t1,t1,494
2025,01,04,t1,t1,280
2025,01,05,t1,t1,695
2025,01,06,t1,t1,714
2025,01,07,t1,t1,227
2025,01,08,t1,t1,309
2025,01,09,t1,t1,38
2025,01,10,t1,t1,182
2025,01,12,t1,t1,4422
2025,01,13,t1,t1,482
2025,01,14,t1,t1,2497
2025,01,17,t1,t1,499
2025,01,18,t1,t1,379
2025,01,19,t1,t1,292
2025,01,20,t1,t1,366
2025,01,21,t1,t1,360
2025,01,22,t1,t1,271
2025,01,23,t1,t1,127
2025,01,24,t1,t1,318
2025,01,25,t1,t1,267
2025,01,t1,t1,t1,20308
2025,02,01,101,10,436
2025,02,03,101,10,51
2025,02,04,101,10,54
2025,02,05,101,10,92
2025,02,06,101,10,84
2025,02,07,101,10,50
2025,02,08,101,10,61
2025,02,09,101,10,6
2025,02,10,101,10,43
2025,02,12,101,10,407
2025,02,13,101,10,82
2025,02,14,101,10,480
2025,02,17,101,10,63
2025,02,18,101,10,64
2025,02,19,101,10,71
2025,02,20,101,10,39
2025,02,21,101,10,31
2025,02,22,101,10,27
2025,02,23,101,10,7
2025,02,24,101,10,20
2025,02,25,101,10,27
2025,02,t1,101,10,2195
2025,02,01,101,20,404
2025,02,03,101,20,92
2025,02,04,101,20,7
2025,02,05,101,20,25
2025,02,06,101,20,126
2025,02,07,101,20,32
2025,02,08,101,20,21
2025,02,09,101,20,1
2025,02,10,101,20,9
2025,02,12,101,20,368
2025,02,13,101,20,14
2025,02,14,101,20,101
2025,02,17,101,20,71
2025,02,18,101,20,24
2025,02,19,101,20,15
2025,02,20,101,20,26
2025,02,21,101,20,23
2025,02,22,101,20,7
2025,02,23,101,20,4
2025,02,24,101,20,13
2025,02,25,101,20,10
2025,02,t1,101,20,1393
2025,02,01,101,30,326
2025,02,03,101,30,13
2025,02,04,101,30,15
2025,02,05,101,30,30
2025,02,06,101,30,34
2025,02,07,101,30,15
2025,02,08,101,30,33
2025,02,09,101,30,3
2025,02,10,101,30,19
2025,02,12,101,30,614
2025,02,13,101,30,19
2025,02,14,101,30,166
2025,02,17,101,30,23
2025,02,18,101,30,10
2025,02,19,101,30,10
2025,02,20,101,30,12
2025,02,21,101,30,27
2025,02,22,101,30,5
2025,02,23,101,30,5
2025,02,24,101,30,16
2025,02,25,101,30,11
2025,02,t1,101,30,1406
2025,02,01,101,t1,1166
2025,02,03,101,t1,156
2025,02,04,101,t1,76
2025,02,05,101,t1,147
2025,02,06,101,t1,244
2025,02,07,101,t1,97
2025,02,08,101,t1,115
2025,02,09,101,t1,10
2025,02,10,101,t1,71
2025,02,12,101,t1,1389
2025,02,13,101,t1,115
2025,02,14,101,t1,747
2025,02,17,101,t1,157
2025,02,18,101,t1,98
2025,02,19,101,t1,96
2025,02,20,101,t1,77
2025,02,21,101,t1,81
2025,02,22,101,t1,39
2025,02,23,101,t1,16
2025,02,24,101,t1,49
2025,02,25,101,t1,48
2025,02,t1,101,t1,4994
2025,02,01,102,10,55
2025,02,03,102,10,9
2025,02,04,102,10,15
2025,02,05,102,10,17
2025,02,06,102,10,15
2025,02,07,102,10,7
2025,02,08,102,10,9
2025,02,09,102,10,4
2025,02,10,102,10,5
2025,02,12,102,10,47
2025,02,13,102,10,19
2025,02,14,102,10,73
2025,02,17,102,10,18
2025,02,18,102,10,14
2025,02,19,102,10,18
2025,02,20,102,10,9
2025,02,21,102,10,10
2025,02,22,102,10,10
2025,02,23,102,10,5
2025,02,24,102,10,5
2025,02,25,102,10,7
2025,02,t1,102,10,371
2025,02,01,102,20,248
2025,02,03,102,20,5
2025,02,04,102,20,11
2025,02,05,102,20,44
2025,02,06,102,20,51
2025,02,07,102,20,4
2025,02,08,102,20,15
2025,02,10,102,20,6
2025,02,12,102,20,191
2025,02,13,102,20,14
2025,02,14,102,20,72
2025,02,17,102,20,70
2025,02,18,102,20,12
2025,02,19,102,20,7
2025,02,20,102,20,25
2025,02,21,102,20,11
2025,02,22,102,20,46
2025,02,23,102,20,10
2025,02,24,102,20,11
2025,02,25,102,20,25
2025,02,t1,102,20,878
2025,02,01,102,30,55
2025,02,04,102,30,5
2025,02,05,102,30,12
2025,02,06,102,30,11
2025,02,07,102,30,3
2025,02,08,102,30,8
2025,02,12,102,30,39
2025,02,13,102,30,2
2025,02,14,102,30,34
2025,02,17,102,30,79
2025,02,18,102,30,2
2025,02,19,102,30,1
2025,02,20,102,30,3
2025,02,21,102,30,3
2025,02,22,102,30,5
2025,02,24,102,30,12
2025,02,25,102,30,2
2025,02,t1,102,30,276
2025,02,01,102,t1,358
2025,02,03,102,t1,14
2025,02,04,102,t1,31
2025,02,05,102,t1,73
2025,02,06,102,t1,77
2025,02,07,102,t1,14
2025,02,08,102,t1,32
2025,02,09,102,t1,4
2025,02,10,102,t1,11
2025,02,12,102,t1,277
2025,02,13,102,t1,35
2025,02,14,102,t1,179
2025,02,17,102,t1,167
2025,02,18,102,t1,28
2025,02,19,102,t1,26
2025,02,20,102,t1,37
2025,02,21,102,t1,24
2025,02,22,102,t1,61
2025,02,23,102,t1,15
2025,02,24,102,t1,28
2025,02,25,102,t1,34
2025,02,t1,102,t1,1525
2025,02,01,103,10,492
2025,02,03,103,10,82
2025,02,04,103,10,44
2025,02,05,103,10,83
2025,02,06,103,10,64
2025,02,07,103,10,35
2025,02,08,103,10,37
2025,02,09,103,10,5
2025,02,10,103,10,26
2025,02,12,103,10,264
2025,02,13,103,10,97
2025,02,14,103,10,391
2025,02,17,103,10,34
2025,02,18,103,10,55
2025,02,19,103,10,58
2025,02,20,103,10,28
2025,02,21,103,10,33
2025,02,22,103,10,36
2025,02,23,103,10,6
2025,02,24,103,10,28
2025,02,25,103,10,24
2025,02,t1,103,10,1922
2025,02,01,103,20,2340
2025,02,03,103,20,48
2025,02,04,103,20,29
2025,02,05,103,20,75
2025,02,06,103,20,83
2025,02,07,103,20,34
2025,02,08,103,20,22
2025,02,09,103,20,17
2025,02,10,103,20,14
2025,02,12,103,20,236
2025,02,13,103,20,71
2025,02,14,103,20,400
2025,02,17,103,20,30
2025,02,18,103,20,43
2025,02,19,103,20,31
2025,02,20,103,20,36
2025,02,21,103,20,17
2025,02,22,103,20,22
2025,02,23,103,20,14
2025,02,24,103,20,36
2025,02,25,103,20,24
2025,02,t1,103,20,3622
2025,02,01,103,30,795
2025,02,03,103,30,17
2025,02,04,103,30,21
2025,02,05,103,30,14
2025,02,06,103,30,47
2025,02,07,103,30,14
2025,02,08,103,30,13
2025,02,09,103,30,2
2025,02,10,103,30,11
2025,02,12,103,30,197
2025,02,13,103,30,15
2025,02,14,103,30,135
2025,02,17,103,30,16
2025,02,18,103,30,9
2025,02,19,103,30,14
2025,02,20,103,30,9
2025,02,21,103,30,12
2025,02,22,103,30,20
2025,02,23,103,30,1
2025,02,24,103,30,20
2025,02,25,103,30,2
2025,02,t1,103,30,1384
2025,02,01,103,t1,3627
2025,02,03,103,t1,147
2025,02,04,103,t1,94
2025,02,05,103,t1,172
2025,02,06,103,t1,194
2025,02,07,103,t1,83
2025,02,08,103,t1,72
2025,02,09,103,t1,24
2025,02,10,103,t1,51
2025,02,12,103,t1,697
2025,02,13,103,t1,183
2025,02,14,103,t1,926
2025,02,17,103,t1,80
2025,02,18,103,t1,107
2025,02,19,103,t1,103
2025,02,20,103,t1,73
2025,02,21,103,t1,62
2025,02,22,103,t1,78
2025,02,23,103,t1,21
2025,02,24,103,t1,84
2025,02,25,103,t1,50
2025,02,t1,103,t1,6928
2025,02,01,104,10,162
2025,02,03,104,10,28
2025,02,04,104,10,23
2025,02,05,104,10,31
2025,02,06,104,10,35
2025,02,07,104,10,6
2025,02,08,104,10,6
2025,02,09,104,10,2
2025,02,10,104,10,4
2025,02,12,104,10,84
2025,02,13,104,10,21
2025,02,14,104,10,115
2025,02,17,104,10,18
2025,02,18,104,10,24
2025,02,19,104,10,12
2025,02,20,104,10,11
2025,02,21,104,10,22
2025,02,22,104,10,10
2025,02,23,104,10,2
2025,02,24,104,10,15
2025,02,25,104,10,10
2025,02,t1,104,10,641
2025,02,01,104,20,145
2025,02,03,104,20,8
2025,02,04,104,20,5
2025,02,05,104,20,1
2025,02,06,104,20,47
2025,02,08,104,20,8
2025,02,10,104,20,2
2025,02,12,104,20,26
2025,02,13,104,20,6
2025,02,14,104,20,40
2025,02,17,104,20,10
2025,02,18,104,20,5
2025,02,20,104,20,6
2025,02,21,104,20,12
2025,02,22,104,20,4
2025,02,23,104,20,3
2025,02,24,104,20,4
2025,02,25,104,20,21
2025,02,t1,104,20,353
2025,02,01,104,30,309
2025,02,03,104,30,14
2025,02,04,104,30,6
2025,02,05,104,30,29
2025,02,06,104,30,17
2025,02,07,104,30,6
2025,02,08,104,30,20
2025,02,09,104,30,3
2025,02,10,104,30,4
2025,02,12,104,30,37
2025,02,13,104,30,6
2025,02,14,104,30,122
2025,02,17,104,30,10
2025,02,18,104,30,4
2025,02,19,104,30,2
2025,02,20,104,30,7
2025,02,21,104,30,9
2025,02,22,104,30,5
2025,02,23,104,30,3
2025,02,24,104,30,3
2025,02,25,104,30,10
2025,02,t1,104,30,626
2025,02,01,104,t1,616
2025,02,03,104,t1,50
2025,02,04,104,t1,34
2025,02,05,104,t1,61
2025,02,06,104,t1,99
2025,02,07,104,t1,12
2025,02,08,104,t1,34
2025,02,09,104,t1,5
2025,02,10,104,t1,10
2025,02,12,104,t1,147
2025,02,13,104,t1,33
2025,02,14,104,t1,277
2025,02,17,104,t1,38
2025,02,18,104,t1,33
2025,02,19,104,t1,14
2025,02,20,104,t1,24
2025,02,21,104,t1,43
2025,02,22,104,t1,19
2025,02,23,104,t1,8
2025,02,24,104,t1,22
2025,02,25,104,t1,41
2025,02,t1,104,t1,1620
2025,02,01,105,10,334
2025,02,03,105,10,38
2025,02,04,105,10,38
2025,02,05,105,10,42
2025,02,06,105,10,56
2025,02,07,105,10,34
2025,02,08,105,10,34
2025,02,09,105,10,8
2025,02,10,105,10,25
2025,02,12,105,10,156
2025,02,13,105,10,71
2025,02,14,105,10,225
2025,02,17,105,10,35
2025,02,18,105,10,35
2025,02,19,105,10,35
2025,02,20,105,10,25
2025,02,21,105,10,34
2025,02,22,105,10,34
2025,02,23,105,10,12
2025,02,24,105,10,32
2025,02,25,105,10,25
2025,02,t1,105,10,1328
2025,02,01,105,20,1566
2025,02,03,105,20,32
2025,02,04,105,20,24
2025,02,05,105,20,52
2025,02,06,105,20,141
2025,02,07,105,20,37
2025,02,08,105,20,36
2025,02,09,105,20,4
2025,02,10,105,20,13
2025,02,12,105,20,322
2025,02,13,105,20,55
2025,02,14,105,20,243
2025,02,17,105,20,52
2025,02,18,105,20,28
2025,02,19,105,20,35
2025,02,20,105,20,42
2025,02,21,105,20,28
2025,02,22,105,20,31
2025,02,23,105,20,17
2025,02,24,105,20,26
2025,02,25,105,20,52
2025,02,t1,105,20,2836
2025,02,01,105,30,377
2025,02,03,105,30,11
2025,02,04,105,30,12
2025,02,05,105,30,26
2025,02,06,105,30,49
2025,02,07,105,30,17
2025,02,08,105,30,24
2025,02,09,105,30,4
2025,02,10,105,30,17
2025,02,12,105,30,152
2025,02,13,105,30,18
2025,02,14,105,30,160
2025,02,17,105,30,6
2025,02,18,105,30,12
2025,02,19,105,30,9
2025,02,20,105,30,12
2025,02,21,105,30,23
2025,02,22,105,30,14
2025,02,23,105,30,6
2025,02,24,105,30,13
2025,02,25,105,30,7
2025,02,t1,105,30,969
2025,02,01,105,t1,2277
2025,02,03,105,t1,81
2025,02,04,105,t1,74
2025,02,05,105,t1,120
2025,02,06,105,t1,246
2025,02,07,105,t1,88
2025,02,08,105,t1,94
2025,02,09,105,t1,16
2025,02,10,105,t1,55
2025,02,12,105,t1,630
2025,02,13,105,t1,144
2025,02,14,105,t1,628
2025,02,17,105,t1,93
2025,02,18,105,t1,75
2025,02,19,105,t1,79
2025,02,20,105,t1,79
2025,02,21,105,t1,85
2025,02,22,105,t1,79
2025,02,23,105,t1,35
2025,02,24,105,t1,71
2025,02,25,105,t1,84
2025,02,t1,105,t1,5133
2025,02,20,106,10,1
2025,02,22,106,10,1
2025,02,t1,106,10,2
2025,02,14,106,20,1
2025,02,t1,106,20,1
2025,02,01,106,30,1
2025,02,22,106,30,1
2025,02,23,106,30,1
2025,02,t1,106,30,3
2025,02,01,106,t1,1
2025,02,14,106,t1,1
2025,02,20,106,t1,1
2025,02,22,106,t1,2
2025,02,23,106,t1,1
2025,02,t1,106,t1,6
2025,02,05,107,10,1
2025,02,t1,107,10,1
2025,02,05,107,t1,1
2025,02,t1,107,t1,1
2025,02,12,109,10,1
2025,02,t1,109,10,1
2025,02,04,109,20,1
2025,02,t1,109,20,1
2025,02,04,109,t1,1
2025,02,12,109,t1,1
2025,02,t1,109,t1,2
2025,02,01,t1,10,1479
2025,02,03,t1,10,208
2025,02,04,t1,10,174
2025,02,05,t1,10,266
2025,02,06,t1,10,254
2025,02,07,t1,10,132
2025,02,08,t1,10,147
2025,02,09,t1,10,25
2025,02,10,t1,10,103
2025,02,12,t1,10,959
2025,02,13,t1,10,290
2025,02,14,t1,10,1284
2025,02,17,t1,10,168
2025,02,18,t1,10,192
2025,02,19,t1,10,194
2025,02,20,t1,10,113
2025,02,21,t1,10,130
2025,02,22,t1,10,118
2025,02,23,t1,10,32
2025,02,24,t1,10,100
2025,02,25,t1,10,93
2025,02,t1,t1,10,6461
2025,02,01,t1,20,4703
2025,02,03,t1,20,185
2025,02,04,t1,20,77
2025,02,05,t1,20,197
2025,02,06,t1,20,448
2025,02,07,t1,20,107
2025,02,08,t1,20,102
2025,02,09,t1,20,22
2025,02,10,t1,20,44
2025,02,12,t1,20,1143
2025,02,13,t1,20,160
2025,02,14,t1,20,857
2025,02,17,t1,20,233
2025,02,18,t1,20,112
2025,02,19,t1,20,88
2025,02,20,t1,20,135
2025,02,21,t1,20,91
2025,02,22,t1,20,110
2025,02,23,t1,20,48
2025,02,24,t1,20,90
2025,02,25,t1,20,132
2025,02,t1,t1,20,9084
2025,02,01,t1,30,1863
2025,02,03,t1,30,55
2025,02,04,t1,30,59
2025,02,05,t1,30,111
2025,02,06,t1,30,158
2025,02,07,t1,30,55
2025,02,08,t1,30,98
2025,02,09,t1,30,12
2025,02,10,t1,30,51
2025,02,12,t1,30,1039
2025,02,13,t1,30,60
2025,02,14,t1,30,617
2025,02,17,t1,30,134
2025,02,18,t1,30,37
2025,02,19,t1,30,36
2025,02,20,t1,30,43
2025,02,21,t1,30,74
2025,02,22,t1,30,50
2025,02,23,t1,30,16
2025,02,24,t1,30,64
2025,02,25,t1,30,32
2025,02,t1,t1,30,4664
2025,02,01,t1,t1,8045
2025,02,03,t1,t1,448
2025,02,04,t1,t1,310
2025,02,05,t1,t1,574
2025,02,06,t1,t1,860
2025,02,07,t1,t1,294
2025,02,08,t1,t1,347
2025,02,09,t1,t1,59
2025,02,10,t1,t1,198
2025,02,12,t1,t1,3141
2025,02,13,t1,t1,510
2025,02,14,t1,t1,2758
2025,02,17,t1,t1,535
2025,02,18,t1,t1,341
2025,02,19,t1,t1,318
2025,02,20,t1,t1,291
2025,02,21,t1,t1,295
2025,02,22,t1,t1,278
2025,02,23,t1,t1,96
2025,02,24,t1,t1,254
2025,02,25,t1,t1,257
2025,02,t1,t1,t1,20209
2025,03,01,101,10,578
2025,03,03,101,10,68
2025,03,04,101,10,80
2025,03,05,101,10,129
2025,03,06,101,10,115
2025,03,07,101,10,59
2025,03,08,101,10,58
2025,03,09,101,10,7
2025,03,10,101,10,56
2025,03,12,101,10,453
2025,03,13,101,10,103
2025,03,14,101,10,555
2025,03,17,101,10,50
2025,03,18,101,10,81
2025,03,19,101,10,94
2025,03,20,101,10,42
2025,03,21,101,10,27
2025,03,22,101,10,30
2025,03,23,101,10,10
2025,03,24,101,10,21
2025,03,25,101,10,17
2025,03,t1,101,10,2633
2025,03,01,101,20,649
2025,03,03,101,20,56
2025,03,04,101,20,31
2025,03,05,101,20,62
2025,03,06,101,20,60
2025,03,07,101,20,9
2025,03,08,101,20,24
2025,03,09,101,20,7
2025,03,10,101,20,13
2025,03,12,101,20,279
2025,03,13,101,20,53
2025,03,14,101,20,137
2025,03,17,101,20,103
2025,03,18,101,20,31
2025,03,19,101,20,25
2025,03,20,101,20,16
2025,03,21,101,20,5
2025,03,22,101,20,16
2025,03,23,101,20,6
2025,03,24,101,20,20
2025,03,25,101,20,22
2025,03,t1,101,20,1624
2025,03,01,101,30,363
2025,03,03,101,30,5
2025,03,04,101,30,19
2025,03,05,101,30,21
2025,03,06,101,30,44
2025,03,07,101,30,17
2025,03,08,101,30,22
2025,03,09,101,30,1
2025,03,10,101,30,10
2025,03,12,101,30,854
2025,03,13,101,30,18
2025,03,14,101,30,222
2025,03,17,101,30,36
2025,03,18,101,30,14
2025,03,19,101,30,10
2025,03,20,101,30,23
2025,03,21,101,30,40
2025,03,22,101,30,15
2025,03,23,101,30,3
2025,03,24,101,30,20
2025,03,25,101,30,4
2025,03,t1,101,30,1761
2025,03,01,101,t1,1590
2025,03,03,101,t1,129
2025,03,04,101,t1,130
2025,03,05,101,t1,212
2025,03,06,101,t1,219
2025,03,07,101,t1,85
2025,03,08,101,t1,104
2025,03,09,101,t1,15
2025,03,10,101,t1,79
2025,03,12,101,t1,1586
2025,03,13,101,t1,174
2025,03,14,101,t1,914
2025,03,17,101,t1,189
2025,03,18,101,t1,126
2025,03,19,101,t1,129
2025,03,20,101,t1,81
2025,03,21,101,t1,72
2025,03,22,101,t1,61
2025,03,23,101,t1,19
2025,03,24,101,t1,61
2025,03,25,101,t1,43
2025,03,t1,101,t1,6018
2025,03,01,102,10,100
2025,03,03,102,10,20
2025,03,04,102,10,19
2025,03,05,102,10,36
2025,03,06,102,10,27
2025,03,07,102,10,22
2025,03,08,102,10,21
2025,03,09,102,10,3
2025,03,10,102,10,10
2025,03,12,102,10,99
2025,03,13,102,10,38
2025,03,14,102,10,125
2025,03,17,102,10,26
2025,03,18,102,10,27
2025,03,19,102,10,28
2025,03,20,102,10,18
2025,03,21,102,10,9
2025,03,22,102,10,14
2025,03,23,102,10,7
2025,03,24,102,10,10
2025,03,25,102,10,8
2025,03,t1,102,10,667
2025,03,01,102,20,299
2025,03,03,102,20,19
2025,03,04,102,20,8
2025,03,05,102,20,51
2025,03,06,102,20,42
2025,03,07,102,20,13
2025,03,08,102,20,12
2025,03,10,102,20,4
2025,03,12,102,20,211
2025,03,13,102,20,13
2025,03,14,102,20,76
2025,03,17,102,20,71
2025,03,18,102,20,23
2025,03,19,102,20,24
2025,03,20,102,20,45
2025,03,21,102,20,4
2025,03,22,102,20,18
2025,03,23,102,20,10
2025,03,24,102,20,12
2025,03,25,102,20,15
2025,03,t1,102,20,970
2025,03,01,102,30,73
2025,03,03,102,30,6
2025,03,04,102,30,6
2025,03,05,102,30,8
2025,03,06,102,30,12
2025,03,07,102,30,4
2025,03,08,102,30,4
2025,03,10,102,30,2
2025,03,12,102,30,112
2025,03,13,102,30,13
2025,03,14,102,30,64
2025,03,17,102,30,42
2025,03,18,102,30,2
2025,03,19,102,30,8
2025,03,20,102,30,6
2025,03,21,102,30,3
2025,03,22,102,30,2
2025,03,24,102,30,11
2025,03,25,102,30,8
2025,03,t1,102,30,386
2025,03,01,102,t1,472
2025,03,03,102,t1,45
2025,03,04,102,t1,33
2025,03,05,102,t1,95
2025,03,06,102,t1,81
2025,03,07,102,t1,39
2025,03,08,102,t1,37
2025,03,09,102,t1,3
2025,03,10,102,t1,16
2025,03,12,102,t1,422
2025,03,13,102,t1,64
2025,03,14,102,t1,265
2025,03,17,102,t1,139
2025,03,18,102,t1,52
2025,03,19,102,t1,60
2025,03,20,102,t1,69
2025,03,21,102,t1,16
2025,03,22,102,t1,34
2025,03,23,102,t1,17
2025,03,24,102,t1,33
2025,03,25,102,t1,31
2025,03,t1,102,t1,2023
2025,03,01,103,10,641
2025,03,03,103,10,86
2025,03,04,103,10,60
2025,03,05,103,10,119
2025,03,06,103,10,92
2025,03,07,103,10,53
2025,03,08,103,10,41
2025,03,09,103,10,8
2025,03,10,103,10,41
2025,03,12,103,10,402
2025,03,13,103,10,118
2025,03,14,103,10,510
2025,03,17,103,10,43
2025,03,18,103,10,56
2025,03,19,103,10,61
2025,03,20,103,10,39
2025,03,21,103,10,38
2025,03,22,103,10,31
2025,03,23,103,10,18
2025,03,24,103,10,36
2025,03,25,103,10,13
2025,03,t1,103,10,2506
2025,03,01,103,20,2981
2025,03,03,103,20,53
2025,03,04,103,20,34
2025,03,05,103,20,81
2025,03,06,103,20,117
2025,03,07,103,20,34
2025,03,08,103,20,31
2025,03,09,103,20,8
2025,03,10,103,20,17
2025,03,12,103,20,277
2025,03,13,103,20,86
2025,03,14,103,20,438
2025,03,17,103,20,35
2025,03,18,103,20,41
2025,03,19,103,20,39
2025,03,20,103,20,31
2025,03,21,103,20,37
2025,03,22,103,20,23
2025,03,23,103,20,17
2025,03,24,103,20,29
2025,03,25,103,20,29
2025,03,t1,103,20,4438
2025,03,01,103,30,897
2025,03,03,103,30,24
2025,03,04,103,30,7
2025,03,05,103,30,20
2025,03,06,103,30,34
2025,03,07,103,30,10
2025,03,08,103,30,15
2025,03,09,103,30,2
2025,03,10,103,30,4
2025,03,12,103,30,220
2025,03,13,103,30,16
2025,03,14,103,30,136
2025,03,17,103,30,12
2025,03,18,103,30,14
2025,03,19,103,30,8
2025,03,20,103,30,12
2025,03,21,103,30,19
2025,03,22,103,30,7
2025,03,23,103,30,1
2025,03,24,103,30,25
2025,03,25,103,30,8
2025,03,t1,103,30,1491
2025,03,01,103,t1,4519
2025,03,03,103,t1,163
2025,03,04,103,t1,101
2025,03,05,103,t1,220
2025,03,06,103,t1,243
2025,03,07,103,t1,97
2025,03,08,103,t1,87
2025,03,09,103,t1,18
2025,03,10,103,t1,62
2025,03,12,103,t1,899
2025,03,13,103,t1,220
2025,03,14,103,t1,1084
2025,03,17,103,t1,90
2025,03,18,103,t1,111
2025,03,19,103,t1,108
2025,03,20,103,t1,82
2025,03,21,103,t1,94
2025,03,22,103,t1,61
2025,03,23,103,t1,36
2025,03,24,103,t1,90
2025,03,25,103,t1,50
2025,03,t1,103,t1,8435
2025,03,01,104,10,202
2025,03,03,104,10,31
2025,03,04,104,10,19
2025,03,05,104,10,41
2025,03,06,104,10,38
2025,03,07,104,10,17
2025,03,08,104,10,11
2025,03,09,104,10,2
2025,03,10,104,10,15
2025,03,12,104,10,101
2025,03,13,104,10,27
2025,03,14,104,10,126
2025,03,17,104,10,21
2025,03,18,104,10,20
2025,03,19,104,10,9
2025,03,20,104,10,14
2025,03,21,104,10,33
2025,03,22,104,10,8
2025,03,23,104,10,3
2025,03,24,104,10,13
2025,03,25,104,10,5
2025,03,t1,104,10,756
2025,03,01,104,20,254
2025,03,03,104,20,8
2025,03,04,104,20,9
2025,03,05,104,20,4
2025,03,06,104,20,15
2025,03,07,104,20,1
2025,03,08,104,20,10
2025,03,10,104,20,5
2025,03,12,104,20,29
2025,03,13,104,20,5
2025,03,14,104,20,47
2025,03,17,104,20,22
2025,03,18,104,20,6
2025,03,19,104,20,1
2025,03,20,104,20,37
2025,03,21,104,20,15
2025,03,23,104,20,6
2025,03,24,104,20,5
2025,03,25,104,20,15
2025,03,t1,104,20,494
2025,03,01,104,30,400
2025,03,03,104,30,20
2025,03,04,104,30,8
2025,03,05,104,30,67
2025,03,06,104,30,27
2025,03,07,104,30,9
2025,03,08,104,30,4
2025,03,09,104,30,2
2025,03,10,104,30,25
2025,03,12,104,30,38
2025,03,13,104,30,14
2025,03,14,104,30,179
2025,03,17,104,30,21
2025,03,18,104,30,17
2025,03,19,104,30,6
2025,03,20,104,30,5
2025,03,21,104,30,13
2025,03,22,104,30,5
2025,03,24,104,30,5
2025,03,25,104,30,12
2025,03,t1,104,30,877
2025,03,01,104,t1,856
2025,03,03,104,t1,59
2025,03,04,104,t1,36
2025,03,05,104,t1,112
2025,03,06,104,t1,80
2025,03,07,104,t1,27
2025,03,08,104,t1,25
2025,03,09,104,t1,4
2025,03,10,104,t1,45
2025,03,12,104,t1,168
2025,03,13,104,t1,46
2025,03,14,104,t1,352
2025,03,17,104,t1,64
2025,03,18,104,t1,43
2025,03,19,104,t1,16
2025,03,20,104,t1,56
2025,03,21,104,t1,61
2025,03,22,104,t1,13
2025,03,23,104,t1,9
2025,03,24,104,t1,23
2025,03,25,104,t1,32
2025,03,t1,104,t1,2127
2025,03,01,105,10,388
2025,03,03,105,10,51
2025,03,04,105,10,44
2025,03,05,105,10,73
2025,03,06,105,10,82
2025,03,07,105,10,34
2025,03,08,105,10,40
2025,03,09,105,10,5
2025,03,10,105,10,31
2025,03,12,105,10,187
2025,03,13,105,10,74
2025,03,14,105,10,268
2025,03,17,105,10,40
2025,03,18,105,10,52
2025,03,19,105,10,31
2025,03,20,105,10,42
2025,03,21,105,10,38
2025,03,22,105,10,33
2025,03,23,105,10,11
2025,03,24,105,10,22
2025,03,25,105,10,26
2025,03,t1,105,10,1572
2025,03,01,105,20,1999
2025,03,03,105,20,75
2025,03,04,105,20,30
2025,03,05,105,20,66
2025,03,06,105,20,130
2025,03,07,105,20,40
2025,03,08,105,20,41
2025,03,09,105,20,5
2025,03,10,105,20,16
2025,03,12,105,20,314
2025,03,13,105,20,63
2025,03,14,105,20,264
2025,03,17,105,20,48
2025,03,18,105,20,52
2025,03,19,105,20,39
2025,03,20,105,20,29
2025,03,21,105,20,20
2025,03,22,105,20,30
2025,03,23,105,20,14
2025,03,24,105,20,25
2025,03,25,105,20,44
2025,03,t1,105,20,3344
2025,03,01,105,30,558
2025,03,03,105,30,13
2025,03,04,105,30,31
2025,03,05,105,30,37
2025,03,06,105,30,44
2025,03,07,105,30,15
2025,03,08,105,30,26
2025,03,09,105,30,4
2025,03,10,105,30,14
2025,03,12,105,30,211
2025,03,13,105,30,28
2025,03,14,105,30,300
2025,03,17,105,30,14
2025,03,18,105,30,16
2025,03,19,105,30,21
2025,03,20,105,30,20
2025,03,21,105,30,31
2025,03,22,105,30,10
2025,03,23,105,30,9
2025,03,24,105,30,13
2025,03,25,105,30,8
2025,03,t1,105,30,1423
2025,03,01,105,t1,2945
2025,03,03,105,t1,139
2025,03,04,105,t1,105
2025,03,05,105,t1,176
2025,03,06,105,t1,256
2025,03,07,105,t1,89
2025,03,08,105,t1,107
2025,03,09,105,t1,14
2025,03,10,105,t1,61
2025,03,12,105,t1,712
2025,03,13,105,t1,165
2025,03,14,105,t1,832
2025,03,17,105,t1,102
2025,03,18,105,t1,120
2025,03,19,105,t1,91
2025,03,20,105,t1,91
2025,03,21,105,t1,89
2025,03,22,105,t1,73
2025,03,23,105,t1,34
2025,03,24,105,t1,60
2025,03,25,105,t1,78
2025,03,t1,105,t1,6339
2025,03,01,106,10,2
2025,03,05,106,10,1
2025,03,18,106,10,1
2025,03,20,106,10,1
2025,03,t1,106,10,5
2025,03,01,106,20,3
2025,03,23,106,20,1
2025,03,t1,106,20,4
2025,03,04,106,30,1
2025,03,t1,106,30,1
2025,03,01,106,t1,5
2025,03,04,106,t1,1
2025,03,05,106,t1,1
2025,03,18,106,t1,1
2025,03,20,106,t1,1
2025,03,23,106,t1,1
2025,03,t1,106,t1,10
2025,03,22,107,20,1
2025,03,t1,107,20,1
2025,03,01,107,30,1
2025,03,t1,107,30,1
2025,03,01,107,t1,1
2025,03,22,107,t1,1
2025,03,t1,107,t1,2
2025,03,01,109,10,1
2025,03,08,109,10,2
2025,03,14,109,10,1
2025,03,t1,109,10,4
2025,03,12,109,20,1
2025,03,t1,109,20,1
2025,03,01,109,t1,1
2025,03,08,109,t1,2
2025,03,12,109,t1,1
2025,03,14,109,t1,1
2025,03,t1,109,t1,5
2025,03,01,t1,10,1912
2025,03,03,t1,10,256
2025,03,04,t1,10,222
2025,03,05,t1,10,399
2025,03,06,t1,10,354
2025,03,07,t1,10,185
2025,03,08,t1,10,173
2025,03,09,t1,10,25
2025,03,10,t1,10,153
2025,03,12,t1,10,1242
2025,03,13,t1,10,360
2025,03,14,t1,10,1585
2025,03,17,t1,10,180
2025,03,18,t1,10,237
2025,03,19,t1,10,223
2025,03,20,t1,10,156
2025,03,21,t1,10,145
2025,03,22,t1,10,116
2025,03,23,t1,10,49
2025,03,24,t1,10,102
2025,03,25,t1,10,69
2025,03,t1,t1,10,8143
2025,03,01,t1,20,6185
2025,03,03,t1,20,211
2025,03,04,t1,20,112
2025,03,05,t1,20,264
2025,03,06,t1,20,364
2025,03,07,t1,20,97
2025,03,08,t1,20,118
2025,03,09,t1,20,20
2025,03,10,t1,20,55
2025,03,12,t1,20,1111
2025,03,13,t1,20,220
2025,03,14,t1,20,962
2025,03,17,t1,20,279
2025,03,18,t1,20,153
2025,03,19,t1,20,128
2025,03,20,t1,20,158
2025,03,21,t1,20,81
2025,03,22,t1,20,88
2025,03,23,t1,20,54
2025,03,24,t1,20,91
2025,03,25,t1,20,125
2025,03,t1,t1,20,10876
2025,03,01,t1,30,2292
2025,03,03,t1,30,68
2025,03,04,t1,30,72
2025,03,05,t1,30,153
2025,03,06,t1,30,161
2025,03,07,t1,30,55
2025,03,08,t1,30,71
2025,03,09,t1,30,9
2025,03,10,t1,30,55
2025,03,12,t1,30,1435
2025,03,13,t1,30,89
2025,03,14,t1,30,901
2025,03,17,t1,30,125
2025,03,18,t1,30,63
2025,03,19,t1,30,53
2025,03,20,t1,30,66
2025,03,21,t1,30,106
2025,03,22,t1,30,39
2025,03,23,t1,30,13
2025,03,24,t1,30,74
2025,03,25,t1,30,40
2025,03,t1,t1,30,5940
2025,03,01,t1,t1,10389
2025,03,03,t1,t1,535
2025,03,04,t1,t1,406
2025,03,05,t1,t1,816
2025,03,06,t1,t1,879
2025,03,07,t1,t1,337
2025,03,08,t1,t1,362
2025,03,09,t1,t1,54
2025,03,10,t1,t1,263
2025,03,12,t1,t1,3788
2025,03,13,t1,t1,669
2025,03,14,t1,t1,3448
2025,03,17,t1,t1,584
2025,03,18,t1,t1,453
2025,03,19,t1,t1,404
2025,03,20,t1,t1,380
2025,03,21,t1,t1,332
2025,03,22,t1,t1,243
2025,03,23,t1,t1,116
2025,03,24,t1,t1,267
2025,03,25,t1,t1,234
2025,03,t1,t1,t1,24959
2025,04,01,101,10,591
2025,04,03,101,10,68
2025,04,04,101,10,71
2025,04,05,101,10,121
2025,04,06,101,10,83
2025,04,07,101,10,62
2025,04,08,101,10,72
2025,04,09,101,10,9
2025,04,10,101,10,29
2025,04,12,101,10,401
2025,04,13,101,10,129
2025,04,14,101,10,501
2025,04,17,101,10,78
2025,04,18,101,10,94
2025,04,19,101,10,88
2025,04,20,101,10,53
2025,04,21,101,10,37
2025,04,22,101,10,37
2025,04,23,101,10,15
2025,04,24,101,10,35
2025,04,25,101,10,28
2025,04,t1,101,10,2602
2025,04,01,101,20,896
2025,04,03,101,20,39
2025,04,04,101,20,9
2025,04,05,101,20,36
2025,04,06,101,20,126
2025,04,07,101,20,19
2025,04,08,101,20,10
2025,04,09,101,20,33
2025,04,10,101,20,6
2025,04,12,101,20,254
2025,04,13,101,20,28
2025,04,14,101,20,165
2025,04,17,101,20,100
2025,04,18,101,20,18
2025,04,19,101,20,13
2025,04,20,101,20,29
2025,04,21,101,20,14
2025,04,22,101,20,8
2025,04,23,101,20,7
2025,04,24,101,20,15
2025,04,25,101,20,25
2025,04,t1,101,20,1850
2025,04,01,101,30,143
2025,04,03,101,30,5
2025,04,04,101,30,11
2025,04,05,101,30,18
2025,04,06,101,30,31
2025,04,07,101,30,8
2025,04,08,101,30,29
2025,04,09,101,30,3
2025,04,10,101,30,11
2025,04,12,101,30,751
2025,04,13,101,30,23
2025,04,14,101,30,137
2025,04,17,101,30,23
2025,04,18,101,30,16
2025,04,19,101,30,6
2025,04,20,101,30,7
2025,04,21,101,30,3
2025,04,22,101,30,12
2025,04,24,101,30,18
2025,04,t1,101,30,1255
2025,04,01,101,t1,1630
2025,04,03,101,t1,112
2025,04,04,101,t1,91
2025,04,05,101,t1,175
2025,04,06,101,t1,240
2025,04,07,101,t1,89
2025,04,08,101,t1,111
2025,04,09,101,t1,45
2025,04,10,101,t1,46
2025,04,12,101,t1,1406
2025,04,13,101,t1,180
2025,04,14,101,t1,803
2025,04,17,101,t1,201
2025,04,18,101,t1,128
2025,04,19,101,t1,107
2025,04,20,101,t1,89
2025,04,21,101,t1,54
2025,04,22,101,t1,57
2025,04,23,101,t1,22
2025,04,24,101,t1,68
2025,04,25,101,t1,53
2025,04,t1,101,t1,5707
2025,04,01,102,10,137
2025,04,03,102,10,23
2025,04,04,102,10,30
2025,04,05,102,10,49
2025,04,06,102,10,40
2025,04,07,102,10,19
2025,04,08,102,10,26
2025,04,09,102,10,5
2025,04,10,102,10,15
2025,04,12,102,10,102
2025,04,13,102,10,35
2025,04,14,102,10,183
2025,04,17,102,10,39
2025,04,18,102,10,39
2025,04,19,102,10,22
2025,04,20,102,10,25
2025,04,21,102,10,24
2025,04,22,102,10,16
2025,04,23,102,10,6
2025,04,24,102,10,20
2025,04,25,102,10,21
2025,04,t1,102,10,876
2025,04,01,102,20,305
2025,04,03,102,20,33
2025,04,04,102,20,14
2025,04,05,102,20,48
2025,04,06,102,20,42
2025,04,07,102,20,29
2025,04,08,102,20,7
2025,04,10,102,20,4
2025,04,12,102,20,212
2025,04,13,102,20,9
2025,04,14,102,20,78
2025,04,17,102,20,42
2025,04,18,102,20,91
2025,04,19,102,20,13
2025,04,20,102,20,16
2025,04,21,102,20,28
2025,04,22,102,20,12
2025,04,23,102,20,12
2025,04,24,102,20,16
2025,04,25,102,20,15
2025,04,t1,102,20,1026
2025,04,01,102,30,45
2025,04,03,102,30,5
2025,04,04,102,30,3
2025,04,05,102,30,4
2025,04,06,102,30,21
2025,04,07,102,30,10
2025,04,08,102,30,9
2025,04,12,102,30,78
2025,04,13,102,30,6
2025,04,14,102,30,42
2025,04,17,102,30,16
2025,04,18,102,30,2
2025,04,19,102,30,3
2025,04,20,102,30,8
2025,04,21,102,30,2
2025,04,22,102,30,2
2025,04,23,102,30,1
2025,04,24,102,30,7
2025,04,25,102,30,3
2025,04,t1,102,30,267
2025,04,01,102,t1,487
2025,04,03,102,t1,61
2025,04,04,102,t1,47
2025,04,05,102,t1,101
2025,04,06,102,t1,103
2025,04,07,102,t1,58
2025,04,08,102,t1,42
2025,04,09,102,t1,5
2025,04,10,102,t1,19
2025,04,12,102,t1,392
2025,04,13,102,t1,50
2025,04,14,102,t1,303
2025,04,17,102,t1,97
2025,04,18,102,t1,132
2025,04,19,102,t1,38
2025,04,20,102,t1,49
2025,04,21,102,t1,54
2025,04,22,102,t1,30
2025,04,23,102,t1,19
2025,04,24,102,t1,43
2025,04,25,102,t1,39
2025,04,t1,102,t1,2169
2025,04,01,103,10,596
2025,04,03,103,10,90
2025,04,04,103,10,52
2025,04,05,103,10,121
2025,04,06,103,10,62
2025,04,07,103,10,33
2025,04,08,103,10,45
2025,04,09,103,10,12
2025,04,10,103,10,28
2025,04,12,103,10,335
2025,04,13,103,10,107
2025,04,14,103,10,473
2025,04,17,103,10,52
2025,04,18,103,10,59
2025,04,19,103,10,65
2025,04,20,103,10,35
2025,04,21,103,10,43
2025,04,22,103,10,36
2025,04,23,103,10,14
2025,04,24,103,10,44
2025,04,25,103,10,26
2025,04,t1,103,10,2328
2025,04,01,103,20,3005
2025,04,03,103,20,84
2025,04,04,103,20,31
2025,04,05,103,20,65
2025,04,06,103,20,141
2025,04,07,103,20,45
2025,04,08,103,20,25
2025,04,09,103,20,8
2025,04,10,103,20,14
2025,04,12,103,20,273
2025,04,13,103,20,78
2025,04,14,103,20,470
2025,04,17,103,20,34
2025,04,18,103,20,40
2025,04,19,103,20,47
2025,04,20,103,20,34
2025,04,21,103,20,32
2025,04,22,103,20,33
2025,04,23,103,20,19
2025,04,24,103,20,36
2025,04,25,103,20,59
2025,04,t1,103,20,4573
2025,04,01,103,30,1018
2025,04,03,103,30,13
2025,04,04,103,30,15
2025,04,05,103,30,29
2025,04,06,103,30,72
2025,04,07,103,30,11
2025,04,08,103,30,29
2025,04,10,103,30,17
2025,04,12,103,30,142
2025,04,13,103,30,17
2025,04,14,103,30,220
2025,04,17,103,30,16
2025,04,18,103,30,10
2025,04,19,103,30,10
2025,04,20,103,30,14
2025,04,21,103,30,18
2025,04,22,103,30,21
2025,04,23,103,30,3
2025,04,24,103,30,21
2025,04,25,103,30,9
2025,04,t1,103,30,1705
2025,04,01,103,t1,4619
2025,04,03,103,t1,187
2025,04,04,103,t1,98
2025,04,05,103,t1,215
2025,04,06,103,t1,275
2025,04,07,103,t1,89
2025,04,08,103,t1,99
2025,04,09,103,t1,20
2025,04,10,103,t1,59
2025,04,12,103,t1,750
2025,04,13,103,t1,202
2025,04,14,103,t1,1163
2025,04,17,103,t1,102
2025,04,18,103,t1,109
2025,04,19,103,t1,122
2025,04,20,103,t1,83
2025,04,21,103,t1,93
2025,04,22,103,t1,90
2025,04,23,103,t1,36
2025,04,24,103,t1,101
2025,04,25,103,t1,94
2025,04,t1,103,t1,8606
2025,04,01,104,10,155
2025,04,03,104,10,31
2025,04,04,104,10,14
2025,04,05,104,10,35
2025,04,06,104,10,36
2025,04,07,104,10,13
2025,04,08,104,10,7
2025,04,09,104,10,6
2025,04,10,104,10,9
2025,04,12,104,10,101
2025,04,13,104,10,29
2025,04,14,104,10,129
2025,04,17,104,10,21
2025,04,18,104,10,14
2025,04,19,104,10,9
2025,04,20,104,10,9
2025,04,21,104,10,18
2025,04,22,104,10,13
2025,04,24,104,10,8
2025,04,25,104,10,15
2025,04,t1,104,10,672
2025,04,01,104,20,389
2025,04,03,104,20,15
2025,04,04,104,20,10
2025,04,05,104,20,12
2025,04,06,104,20,35
2025,04,07,104,20,1
2025,04,08,104,20,3
2025,04,10,104,20,8
2025,04,12,104,20,67
2025,04,13,104,20,9
2025,04,14,104,20,55
2025,04,17,104,20,10
2025,04,18,104,20,8
2025,04,19,104,20,3
2025,04,20,104,20,18
2025,04,21,104,20,24
2025,04,22,104,20,7
2025,04,23,104,20,5
2025,04,24,104,20,14
2025,04,25,104,20,21
2025,04,t1,104,20,714
2025,04,01,104,30,154
2025,04,03,104,30,12
2025,04,04,104,30,12
2025,04,05,104,30,41
2025,04,06,104,30,21
2025,04,07,104,30,5
2025,04,09,104,30,1
2025,04,10,104,30,25
2025,04,12,104,30,23
2025,04,13,104,30,10
2025,04,14,104,30,111
2025,04,17,104,30,14
2025,04,18,104,30,12
2025,04,19,104,30,12
2025,04,20,104,30,7
2025,04,21,104,30,9
2025,04,22,104,30,4
2025,04,24,104,30,5
2025,04,25,104,30,21
2025,04,t1,104,30,499
2025,04,01,104,t1,698
2025,04,03,104,t1,58
2025,04,04,104,t1,36
2025,04,05,104,t1,88
2025,04,06,104,t1,92
2025,04,07,104,t1,19
2025,04,08,104,t1,10
2025,04,09,104,t1,7
2025,04,10,104,t1,42
2025,04,12,104,t1,191
2025,04,13,104,t1,48
2025,04,14,104,t1,295
2025,04,17,104,t1,45
2025,04,18,104,t1,34
2025,04,19,104,t1,24
2025,04,20,104,t1,34
2025,04,21,104,t1,51
2025,04,22,104,t1,24
2025,04,23,104,t1,5
2025,04,24,104,t1,27
2025,04,25,104,t1,57
2025,04,t1,104,t1,1885
2025,04,01,105,10,392
2025,04,03,105,10,47
2025,04,04,105,10,46
2025,04,05,105,10,81
2025,04,06,105,10,59
2025,04,07,105,10,45
2025,04,08,105,10,38
2025,04,09,105,10,4
2025,04,10,105,10,19
2025,04,12,105,10,213
2025,04,13,105,10,64
2025,04,14,105,10,263
2025,04,17,105,10,53
2025,04,18,105,10,51
2025,04,19,105,10,33
2025,04,20,105,10,31
2025,04,21,105,10,29
2025,04,22,105,10,23
2025,04,23,105,10,5
2025,04,24,105,10,34
2025,04,25,105,10,22
2025,04,t1,105,10,1552
2025,04,01,105,20,2467
2025,04,03,105,20,117
2025,04,04,105,20,30
2025,04,05,105,20,64
2025,04,06,105,20,144
2025,04,07,105,20,56
2025,04,08,105,20,27
2025,04,09,105,20,14
2025,04,10,105,20,11
2025,04,12,105,20,350
2025,04,13,105,20,66
2025,04,14,105,20,364
2025,04,17,105,20,66
2025,04,18,105,20,54
2025,04,19,105,20,32
2025,04,20,105,20,59
2025,04,21,105,20,23
2025,04,22,105,20,39
2025,04,23,105,20,16
2025,04,24,105,20,27
2025,04,25,105,20,38
2025,04,t1,105,20,4064
2025,04,01,105,30,508
2025,04,03,105,30,17
2025,04,04,105,30,20
2025,04,05,105,30,31
2025,04,06,105,30,52
2025,04,07,105,30,17
2025,04,08,105,30,23
2025,04,09,105,30,2
2025,04,10,105,30,10
2025,04,12,105,30,121
2025,04,13,105,30,21
2025,04,14,105,30,278
2025,04,17,105,30,26
2025,04,18,105,30,32
2025,04,19,105,30,24
2025,04,20,105,30,14
2025,04,21,105,30,17
2025,04,22,105,30,7
2025,04,23,105,30,2
2025,04,24,105,30,10
2025,04,25,105,30,1
2025,04,t1,105,30,1233
2025,04,01,105,t1,3367
2025,04,03,105,t1,181
2025,04,04,105,t1,96
2025,04,05,105,t1,176
2025,04,06,105,t1,255
2025,04,07,105,t1,118
2025,04,08,105,t1,88
2025,04,09,105,t1,20
2025,04,10,105,t1,40
2025,04,12,105,t1,684
2025,04,13,105,t1,151
2025,04,14,105,t1,905
2025,04,17,105,t1,145
2025,04,18,105,t1,137
2025,04,19,105,t1,89
2025,04,20,105,t1,104
2025,04,21,105,t1,69
2025,04,22,105,t1,69
2025,04,23,105,t1,23
2025,04,24,105,t1,71
2025,04,25,105,t1,61
2025,04,t1,105,t1,6849
2025,04,14,106,10,1
2025,04,18,106,10,1
2025,04,20,106,10,2
2025,04,24,106,10,1
2025,04,t1,106,10,5
2025,04,01,106,20,1
2025,04,06,106,20,1
2025,04,13,106,20,1
2025,04,14,106,20,1
2025,04,21,106,20,1
2025,04,t1,106,20,5
2025,04,20,106,30,1
2025,04,t1,106,30,1
2025,04,01,106,t1,1
2025,04,06,106,t1,1
2025,04,13,106,t1,1
2025,04,14,106,t1,2
2025,04,18,106,t1,1
2025,04,20,106,t1,3
2025,04,21,106,t1,1
2025,04,24,106,t1,1
2025,04,t1,106,t1,11
2025,04,14,107,10,1
2025,04,t1,107,10,1
2025,04,14,107,t1,1
2025,04,t1,107,t1,1
2025,04,03,109,10,1
2025,04,t1,109,10,1
2025,04,07,109,20,3
2025,04,t1,109,20,3
2025,04,03,109,t1,1
2025,04,07,109,t1,3
2025,04,t1,109,t1,4
2025,04,01,t1,10,1871
2025,04,03,t1,10,260
2025,04,04,t1,10,213
2025,04,05,t1,10,407
2025,04,06,t1,10,280
2025,04,07,t1,10,172
2025,04,08,t1,10,188
2025,04,09,t1,10,36
2025,04,10,t1,10,100
2025,04,12,t1,10,1152
2025,04,13,t1,10,364
2025,04,14,t1,10,1551
2025,04,17,t1,10,243
2025,04,18,t1,10,258
2025,04,19,t1,10,217
2025,04,20,t1,10,155
2025,04,21,t1,10,151
2025,04,22,t1,10,125
2025,04,23,t1,10,40
2025,04,24,t1,10,142
2025,04,25,t1,10,112
2025,04,t1,t1,10,8037
2025,04,01,t1,20,7063
2025,04,03,t1,20,288
2025,04,04,t1,20,94
2025,04,05,t1,20,225
2025,04,06,t1,20,489
2025,04,07,t1,20,153
2025,04,08,t1,20,72
2025,04,09,t1,20,55
2025,04,10,t1,20,43
2025,04,12,t1,20,1156
2025,04,13,t1,20,191
2025,04,14,t1,20,1133
2025,04,17,t1,20,252
2025,04,18,t1,20,211
2025,04,19,t1,20,108
2025,04,20,t1,20,156
2025,04,21,t1,20,122
2025,04,22,t1,20,99
2025,04,23,t1,20,59
2025,04,24,t1,20,108
2025,04,25,t1,20,158
2025,04,t1,t1,20,12235
2025,04,01,t1,30,1868
2025,04,03,t1,30,52
2025,04,04,t1,30,61
2025,04,05,t1,30,123
2025,04,06,t1,30,197
2025,04,07,t1,30,51
2025,04,08,t1,30,90
2025,04,09,t1,30,6
2025,04,10,t1,30,63
2025,04,12,t1,30,1115
2025,04,13,t1,30,77
2025,04,14,t1,30,788
2025,04,17,t1,30,95
2025,04,18,t1,30,72
2025,04,19,t1,30,55
2025,04,20,t1,30,51
2025,04,21,t1,30,49
2025,04,22,t1,30,46
2025,04,23,t1,30,6
2025,04,24,t1,30,61
2025,04,25,t1,30,34
2025,04,t1,t1,30,4960
2025,04,01,t1,t1,10802
2025,04,03,t1,t1,600
2025,04,04,t1,t1,368
2025,04,05,t1,t1,755
2025,04,06,t1,t1,966
2025,04,07,t1,t1,376
2025,04,08,t1,t1,350
2025,04,09,t1,t1,97
2025,04,10,t1,t1,206
2025,04,12,t1,t1,3423
2025,04,13,t1,t1,632
2025,04,14,t1,t1,3472
2025,04,17,t1,t1,590
2025,04,18,t1,t1,541
2025,04,19,t1,t1,380
2025,04,20,t1,t1,362
2025,04,21,t1,t1,322
2025,04,22,t1,t1,270
2025,04,23,t1,t1,105
2025,04,24,t1,t1,311
2025,04,25,t1,t1,304
2025,04,t1,t1,t1,25232
2025,05,01,101,10,613
2025,05,03,101,10,70
2025,05,04,101,10,53
2025,05,05,101,10,143
2025,05,06,101,10,110
2025,05,07,101,10,53
2025,05,08,101,10,71
2025,05,09,101,10,4
2025,05,10,101,10,41
2025,05,12,101,10,436
2025,05,13,101,10,110
2025,05,14,101,10,505
2025,05,17,101,10,83
2025,05,18,101,10,74
2025,05,19,101,10,69
2025,05,20,101,10,49
2025,05,21,101,10,55
2025,05,22,101,10,32
2025,05,23,101,10,15
2025,05,24,101,10,24
2025,05,25,101,10,22
2025,05,t1,101,10,2632
2025,05,01,101,20,1260
2025,05,03,101,20,67
2025,05,04,101,20,27
2025,05,05,101,20,57
2025,05,06,101,20,94
2025,05,07,101,20,11
2025,05,08,101,20,29
2025,05,09,101,20,8
2025,05,10,101,20,4
2025,05,12,101,20,253
2025,05,13,101,20,45
2025,05,14,101,20,164
2025,05,17,101,20,60
2025,05,18,101,20,23
2025,05,19,101,20,32
2025,05,20,101,20,25
2025,05,21,101,20,25
2025,05,22,101,20,25
2025,05,23,101,20,10
2025,05,24,101,20,29
2025,05,25,101,20,37
2025,05,t1,101,20,2285
2025,05,01,101,30,136
2025,05,03,101,30,11
2025,05,04,101,30,14
2025,05,05,101,30,23
2025,05,06,101,30,34
2025,05,07,101,30,13
2025,05,08,101,30,15
2025,05,09,101,30,2
2025,05,10,101,30,38
2025,05,12,101,30,456
2025,05,13,101,30,38
2025,05,14,101,30,167
2025,05,17,101,30,31
2025,05,18,101,30,9
2025,05,19,101,30,12
2025,05,20,101,30,15
2025,05,21,101,30,27
2025,05,22,101,30,4
2025,05,23,101,30,2
2025,05,24,101,30,8
2025,05,25,101,30,4
2025,05,t1,101,30,1059
2025,05,01,101,t1,2009
2025,05,03,101,t1,148
2025,05,04,101,t1,94
2025,05,05,101,t1,223
2025,05,06,101,t1,238
2025,05,07,101,t1,77
2025,05,08,101,t1,115
2025,05,09,101,t1,14
2025,05,10,101,t1,83
2025,05,12,101,t1,1145
2025,05,13,101,t1,193
2025,05,14,101,t1,836
2025,05,17,101,t1,174
2025,05,18,101,t1,106
2025,05,19,101,t1,113
2025,05,20,101,t1,89
2025,05,21,101,t1,107
2025,05,22,101,t1,61
2025,05,23,101,t1,27
2025,05,24,101,t1,61
2025,05,25,101,t1,63
2025,05,t1,101,t1,5976
2025,05,01,102,10,96
2025,05,03,102,10,21
2025,05,04,102,10,25
2025,05,05,102,10,24
2025,05,06,102,10,31
2025,05,07,102,10,14
2025,05,08,102,10,19
2025,05,09,102,10,8
2025,05,10,102,10,12
2025,05,12,102,10,103
2025,05,13,102,10,30
2025,05,14,102,10,135
2025,05,17,102,10,26
2025,05,18,102,10,34
2025,05,19,102,10,32
2025,05,20,102,10,16
2025,05,21,102,10,21
2025,05,22,102,10,19
2025,05,23,102,10,16
2025,05,24,102,10,14
2025,05,25,102,10,36
2025,05,t1,102,10,732
2025,05,01,102,20,286
2025,05,03,102,20,41
2025,05,04,102,20,20
2025,05,05,102,20,74
2025,05,06,102,20,57
2025,05,07,102,20,25
2025,05,08,102,20,17
2025,05,09,102,20,2
2025,05,10,102,20,5
2025,05,12,102,20,116
2025,05,13,102,20,22
2025,05,14,102,20,97
2025,05,17,102,20,96
2025,05,18,102,20,21
2025,05,19,102,20,12
2025,05,20,102,20,23
2025,05,21,102,20,33
2025,05,22,102,20,21
2025,05,23,102,20,14
2025,05,24,102,20,14
2025,05,25,102,20,13
2025,05,t1,102,20,1009
2025,05,01,102,30,52
2025,05,03,102,30,7
2025,05,04,102,30,4
2025,05,05,102,30,5
2025,05,06,102,30,16
2025,05,07,102,30,7
2025,05,08,102,30,5
2025,05,10,102,30,3
2025,05,12,102,30,69
2025,05,13,102,30,4
2025,05,14,102,30,101
2025,05,17,102,30,29
2025,05,18,102,30,3
2025,05,19,102,30,4
2025,05,20,102,30,6
2025,05,21,102,30,3
2025,05,22,102,30,6
2025,05,23,102,30,3
2025,05,24,102,30,10
2025,05,25,102,30,1
2025,05,t1,102,30,338
2025,05,01,102,t1,434
2025,05,03,102,t1,69
2025,05,04,102,t1,49
2025,05,05,102,t1,103
2025,05,06,102,t1,104
2025,05,07,102,t1,46
2025,05,08,102,t1,41
2025,05,09,102,t1,10
2025,05,10,102,t1,20
2025,05,12,102,t1,288
2025,05,13,102,t1,56
2025,05,14,102,t1,333
2025,05,17,102,t1,151
2025,05,18,102,t1,58
2025,05,19,102,t1,48
2025,05,20,102,t1,45
2025,05,21,102,t1,57
2025,05,22,102,t1,46
2025,05,23,102,t1,33
2025,05,24,102,t1,38
2025,05,25,102,t1,50
2025,05,t1,102,t1,2079
2025,05,01,103,10,659
2025,05,03,103,10,103
2025,05,04,103,10,73
2025,05,05,103,10,121
2025,05,06,103,10,115
2025,05,07,103,10,35
2025,05,08,103,10,43
2025,05,09,103,10,8
2025,05,10,103,10,40
2025,05,12,103,10,412
2025,05,13,103,10,106
2025,05,14,103,10,518
2025,05,17,103,10,61
2025,05,18,103,10,63
2025,05,19,103,10,69
2025,05,20,103,10,57
2025,05,21,103,10,54
2025,05,22,103,10,48
2025,05,23,103,10,11
2025,05,24,103,10,58
2025,05,25,103,10,23
2025,05,t1,103,10,2677
2025,05,01,103,20,2929
2025,05,03,103,20,118
2025,05,04,103,20,40
2025,05,05,103,20,75
2025,05,06,103,20,97
2025,05,07,103,20,46
2025,05,08,103,20,34
2025,05,09,103,20,12
2025,05,10,103,20,21
2025,05,12,103,20,410
2025,05,13,103,20,58
2025,05,14,103,20,507
2025,05,17,103,20,35
2025,05,18,103,20,49
2025,05,19,103,20,42
2025,05,20,103,20,47
2025,05,21,103,20,39
2025,05,22,103,20,37
2025,05,23,103,20,20
2025,05,24,103,20,36
2025,05,25,103,20,41
2025,05,t1,103,20,4693
2025,05,01,103,30,1320
2025,05,03,103,30,31
2025,05,04,103,30,21
2025,05,05,103,30,34
2025,05,06,103,30,54
2025,05,07,103,30,6
2025,05,08,103,30,38
2025,05,09,103,30,4
2025,05,10,103,30,15
2025,05,12,103,30,169
2025,05,13,103,30,40
2025,05,14,103,30,253
2025,05,17,103,30,20
2025,05,18,103,30,18
2025,05,19,103,30,22
2025,05,20,103,30,19
2025,05,21,103,30,34
2025,05,22,103,30,16
2025,05,23,103,30,1
2025,05,24,103,30,30
2025,05,25,103,30,11
2025,05,t1,103,30,2156
2025,05,01,103,t1,4908
2025,05,03,103,t1,252
2025,05,04,103,t1,134
2025,05,05,103,t1,230
2025,05,06,103,t1,266
2025,05,07,103,t1,87
2025,05,08,103,t1,115
2025,05,09,103,t1,24
2025,05,10,103,t1,76
2025,05,12,103,t1,991
2025,05,13,103,t1,204
2025,05,14,103,t1,1278
2025,05,17,103,t1,116
2025,05,18,103,t1,130
2025,05,19,103,t1,133
2025,05,20,103,t1,123
2025,05,21,103,t1,127
2025,05,22,103,t1,101
2025,05,23,103,t1,32
2025,05,24,103,t1,124
2025,05,25,103,t1,75
2025,05,t1,103,t1,9526
2025,05,01,104,10,161
2025,05,03,104,10,32
2025,05,04,104,10,26
2025,05,05,104,10,46
2025,05,06,104,10,24
2025,05,07,104,10,10
2025,05,08,104,10,17
2025,05,09,104,10,3
2025,05,10,104,10,8
2025,05,12,104,10,81
2025,05,13,104,10,22
2025,05,14,104,10,130
2025,05,17,104,10,6
2025,05,18,104,10,18
2025,05,19,104,10,10
2025,05,20,104,10,15
2025,05,21,104,10,17
2025,05,22,104,10,9
2025,05,23,104,10,3
2025,05,24,104,10,15
2025,05,25,104,10,13
2025,05,t1,104,10,666
2025,05,01,104,20,489
2025,05,03,104,20,20
2025,05,04,104,20,12
2025,05,05,104,20,9
2025,05,06,104,20,30
2025,05,07,104,20,14
2025,05,08,104,20,5
2025,05,09,104,20,12
2025,05,10,104,20,2
2025,05,12,104,20,105
2025,05,13,104,20,10
2025,05,14,104,20,67
2025,05,17,104,20,26
2025,05,18,104,20,5
2025,05,19,104,20,2
2025,05,20,104,20,13
2025,05,21,104,20,25
2025,05,22,104,20,15
2025,05,23,104,20,9
2025,05,24,104,20,6
2025,05,25,104,20,18
2025,05,t1,104,20,894
2025,05,01,104,30,233
2025,05,03,104,30,3
2025,05,04,104,30,6
2025,05,05,104,30,71
2025,05,06,104,30,28
2025,05,07,104,30,10
2025,05,08,104,30,3
2025,05,09,104,30,1
2025,05,10,104,30,7
2025,05,12,104,30,49
2025,05,13,104,30,15
2025,05,14,104,30,118
2025,05,17,104,30,36
2025,05,18,104,30,16
2025,05,19,104,30,8
2025,05,20,104,30,14
2025,05,21,104,30,8
2025,05,22,104,30,11
2025,05,23,104,30,4
2025,05,24,104,30,6
2025,05,25,104,30,2
2025,05,t1,104,30,649
2025,05,01,104,t1,883
2025,05,03,104,t1,55
2025,05,04,104,t1,44
2025,05,05,104,t1,126
2025,05,06,104,t1,82
2025,05,07,104,t1,34
2025,05,08,104,t1,25
2025,05,09,104,t1,16
2025,05,10,104,t1,17
2025,05,12,104,t1,235
2025,05,13,104,t1,47
2025,05,14,104,t1,315
2025,05,17,104,t1,68
2025,05,18,104,t1,39
2025,05,19,104,t1,20
2025,05,20,104,t1,42
2025,05,21,104,t1,50
2025,05,22,104,t1,35
2025,05,23,104,t1,16
2025,05,24,104,t1,27
2025,05,25,104,t1,33
2025,05,t1,104,t1,2209
2025,05,01,105,10,450
2025,05,03,105,10,63
2025,05,04,105,10,37
2025,05,05,105,10,79
2025,05,06,105,10,79
2025,05,07,105,10,32
2025,05,08,105,10,44
2025,05,09,105,10,3
2025,05,10,105,10,28
2025,05,12,105,10,233
2025,05,13,105,10,73
2025,05,14,105,10,306
2025,05,17,105,10,43
2025,05,18,105,10,37
2025,05,19,105,10,41
2025,05,20,105,10,52
2025,05,21,105,10,38
2025,05,22,105,10,30
2025,05,23,105,10,10
2025,05,24,105,10,28
2025,05,25,105,10,35
2025,05,t1,105,10,1741
2025,05,01,105,20,1968
2025,05,03,105,20,84
2025,05,04,105,20,30
2025,05,05,105,20,92
2025,05,06,105,20,114
2025,05,07,105,20,43
2025,05,08,105,20,37
2025,05,09,105,20,6
2025,05,10,105,20,23
2025,05,12,105,20,568
2025,05,13,105,20,86
2025,05,14,105,20,389
2025,05,17,105,20,55
2025,05,18,105,20,69
2025,05,19,105,20,33
2025,05,20,105,20,46
2025,05,21,105,20,34
2025,05,22,105,20,23
2025,05,23,105,20,13
2025,05,24,105,20,42
2025,05,25,105,20,39
2025,05,t1,105,20,3794
2025,05,01,105,30,385
2025,05,03,105,30,20
2025,05,04,105,30,29
2025,05,05,105,30,33
2025,05,06,105,30,67
2025,05,07,105,30,18
2025,05,08,105,30,41
2025,05,09,105,30,4
2025,05,10,105,30,15
2025,05,12,105,30,213
2025,05,13,105,30,27
2025,05,14,105,30,279
2025,05,17,105,30,17
2025,05,18,105,30,15
2025,05,19,105,30,13
2025,05,20,105,30,28
2025,05,21,105,30,18
2025,05,22,105,30,19
2025,05,24,105,30,26
2025,05,25,105,30,9
2025,05,t1,105,30,1276
2025,05,01,105,t1,2803
2025,05,03,105,t1,167
2025,05,04,105,t1,96
2025,05,05,105,t1,204
2025,05,06,105,t1,260
2025,05,07,105,t1,93
2025,05,08,105,t1,122
2025,05,09,105,t1,13
2025,05,10,105,t1,66
2025,05,12,105,t1,1014
2025,05,13,105,t1,186
2025,05,14,105,t1,974
2025,05,17,105,t1,115
2025,05,18,105,t1,121
2025,05,19,105,t1,87
2025,05,20,105,t1,126
2025,05,21,105,t1,90
2025,05,22,105,t1,72
2025,05,23,105,t1,23
2025,05,24,105,t1,96
2025,05,25,105,t1,83
2025,05,t1,105,t1,6811
2025,05,01,106,10,1
2025,05,14,106,10,1
2025,05,t1,106,10,2
2025,05,01,106,20,1
2025,05,t1,106,20,1
2025,05,24,106,30,1
2025,05,t1,106,30,1
2025,05,01,106,t1,2
2025,05,14,106,t1,1
2025,05,24,106,t1,1
2025,05,t1,106,t1,4
2025,05,01,109,10,1
2025,05,t1,109,10,1
2025,05,07,109,20,1
2025,05,t1,109,20,1
2025,05,01,109,t1,1
2025,05,07,109,t1,1
2025,05,t1,109,t1,2
2025,05,01,t1,10,1981
2025,05,03,t1,10,289
2025,05,04,t1,10,214
2025,05,05,t1,10,413
2025,05,06,t1,10,359
2025,05,07,t1,10,144
2025,05,08,t1,10,194
2025,05,09,t1,10,26
2025,05,10,t1,10,129
2025,05,12,t1,10,1265
2025,05,13,t1,10,341
2025,05,14,t1,10,1595
2025,05,17,t1,10,219
2025,05,18,t1,10,226
2025,05,19,t1,10,221
2025,05,20,t1,10,189
2025,05,21,t1,10,185
2025,05,22,t1,10,138
2025,05,23,t1,10,55
2025,05,24,t1,10,139
2025,05,25,t1,10,129
2025,05,t1,t1,10,8451
2025,05,01,t1,20,6933
2025,05,03,t1,20,330
2025,05,04,t1,20,129
2025,05,05,t1,20,307
2025,05,06,t1,20,392
2025,05,07,t1,20,140
2025,05,08,t1,20,122
2025,05,09,t1,20,40
2025,05,10,t1,20,55
2025,05,12,t1,20,1452
2025,05,13,t1,20,221
2025,05,14,t1,20,1224
2025,05,17,t1,20,272
2025,05,18,t1,20,167
2025,05,19,t1,20,121
2025,05,20,t1,20,154
2025,05,21,t1,20,156
2025,05,22,t1,20,121
2025,05,23,t1,20,66
2025,05,24,t1,20,127
2025,05,25,t1,20,148
2025,05,t1,t1,20,12677
2025,05,01,t1,30,2126
2025,05,03,t1,30,72
2025,05,04,t1,30,74
2025,05,05,t1,30,166
2025,05,06,t1,30,199
2025,05,07,t1,30,54
2025,05,08,t1,30,102
2025,05,09,t1,30,11
2025,05,10,t1,30,78
2025,05,12,t1,30,956
2025,05,13,t1,30,124
2025,05,14,t1,30,918
2025,05,17,t1,30,133
2025,05,18,t1,30,61
2025,05,19,t1,30,59
2025,05,20,t1,30,82
2025,05,21,t1,30,90
2025,05,22,t1,30,56
2025,05,23,t1,30,10
2025,05,24,t1,30,81
2025,05,25,t1,30,27
2025,05,t1,t1,30,5479
2025,05,01,t1,t1,11040
2025,05,03,t1,t1,691
2025,05,04,t1,t1,417
2025,05,05,t1,t1,886
2025,05,06,t1,t1,950
2025,05,07,t1,t1,338
2025,05,08,t1,t1,418
2025,05,09,t1,t1,77
2025,05,10,t1,t1,262
2025,05,12,t1,t1,3673
2025,05,13,t1,t1,686
2025,05,14,t1,t1,3737
2025,05,17,t1,t1,624
2025,05,18,t1,t1,454
2025,05,19,t1,t1,401
2025,05,20,t1,t1,425
2025,05,21,t1,t1,431
2025,05,22,t1,t1,315
2025,05,23,t1,t1,131
2025,05,24,t1,t1,347
2025,05,25,t1,t1,304
2025,05,t1,t1,t1,26607
2025,06,01,101,10,640
2025,06,03,101,10,82
2025,06,04,101,10,73
2025,06,05,101,10,142
2025,06,06,101,10,101
2025,06,07,101,10,53
2025,06,08,101,10,66
2025,06,09,101,10,8
2025,06,10,101,10,45
2025,06,12,101,10,460
2025,06,13,101,10,96
2025,06,14,101,10,576
2025,06,17,101,10,71
2025,06,18,101,10,85
2025,06,19,101,10,79
2025,06,20,101,10,61
2025,06,21,101,10,44
2025,06,22,101,10,36
2025,06,23,101,10,8
2025,06,24,101,10,44
2025,06,25,101,10,20
2025,06,t1,101,10,2790
2025,06,01,101,20,1640
2025,06,03,101,20,68
2025,06,04,101,20,39
2025,06,05,101,20,43
2025,06,06,101,20,160
2025,06,07,101,20,23
2025,06,08,101,20,14
2025,06,09,101,20,15
2025,06,10,101,20,14
2025,06,12,101,20,250
2025,06,13,101,20,40
2025,06,14,101,20,185
2025,06,17,101,20,100
2025,06,18,101,20,30
2025,06,19,101,20,32
2025,06,20,101,20,26
2025,06,21,101,20,15
2025,06,22,101,20,33
2025,06,23,101,20,5
2025,06,24,101,20,19
2025,06,25,101,20,25
2025,06,t1,101,20,2776
2025,06,01,101,30,213
2025,06,03,101,30,10
2025,06,04,101,30,26
2025,06,05,101,30,26
2025,06,06,101,30,71
2025,06,07,101,30,9
2025,06,08,101,30,26
2025,06,09,101,30,2
2025,06,10,101,30,10
2025,06,12,101,30,114
2025,06,13,101,30,19
2025,06,14,101,30,297
2025,06,17,101,30,52
2025,06,18,101,30,10
2025,06,19,101,30,7
2025,06,20,101,30,24
2025,06,21,101,30,28
2025,06,22,101,30,8
2025,06,23,101,30,3
2025,06,24,101,30,4
2025,06,25,101,30,2
2025,06,t1,101,30,961
2025,06,01,101,t1,2493
2025,06,03,101,t1,160
2025,06,04,101,t1,138
2025,06,05,101,t1,211
2025,06,06,101,t1,332
2025,06,07,101,t1,85
2025,06,08,101,t1,106
2025,06,09,101,t1,25
2025,06,10,101,t1,69
2025,06,12,101,t1,824
2025,06,13,101,t1,155
2025,06,14,101,t1,1058
2025,06,17,101,t1,223
2025,06,18,101,t1,125
2025,06,19,101,t1,118
2025,06,20,101,t1,111
2025,06,21,101,t1,87
2025,06,22,101,t1,77
2025,06,23,101,t1,16
2025,06,24,101,t1,67
2025,06,25,101,t1,47
2025,06,t1,101,t1,6527
2025,06,01,102,10,111
2025,06,03,102,10,19
2025,06,04,102,10,16
2025,06,05,102,10,41
2025,06,06,102,10,40
2025,06,07,102,10,23
2025,06,08,102,10,19
2025,06,09,102,10,7
2025,06,10,102,10,8
2025,06,12,102,10,87
2025,06,13,102,10,47
2025,06,14,102,10,162
2025,06,17,102,10,27
2025,06,18,102,10,23
2025,06,19,102,10,15
2025,06,20,102,10,19
2025,06,21,102,10,18
2025,06,22,102,10,23
2025,06,23,102,10,8
2025,06,24,102,10,17
2025,06,25,102,10,23
2025,06,t1,102,10,753
2025,06,01,102,20,298
2025,06,03,102,20,40
2025,06,04,102,20,7
2025,06,05,102,20,99
2025,06,06,102,20,56
2025,06,07,102,20,16
2025,06,08,102,20,34
2025,06,09,102,20,3
2025,06,10,102,20,11
2025,06,12,102,20,130
2025,06,13,102,20,14
2025,06,14,102,20,97
2025,06,17,102,20,80
2025,06,18,102,20,12
2025,06,19,102,20,6
2025,06,20,102,20,39
2025,06,21,102,20,20
2025,06,22,102,20,26
2025,06,23,102,20,4
2025,06,24,102,20,44
2025,06,25,102,20,30
2025,06,t1,102,20,1066
2025,06,01,102,30,41
2025,06,03,102,30,40
2025,06,04,102,30,4
2025,06,05,102,30,35
2025,06,06,102,30,9
2025,06,07,102,30,3
2025,06,08,102,30,13
2025,06,10,102,30,3
2025,06,12,102,30,77
2025,06,13,102,30,8
2025,06,14,102,30,76
2025,06,17,102,30,20
2025,06,18,102,30,2
2025,06,19,102,30,8
2025,06,20,102,30,5
2025,06,21,102,30,6
2025,06,22,102,30,5
2025,06,23,102,30,1
2025,06,24,102,30,3
2025,06,25,102,30,2
2025,06,t1,102,30,361
2025,06,01,102,t1,450
2025,06,03,102,t1,99
2025,06,04,102,t1,27
2025,06,05,102,t1,175
2025,06,06,102,t1,105
2025,06,07,102,t1,42
2025,06,08,102,t1,66
2025,06,09,102,t1,10
2025,06,10,102,t1,22
2025,06,12,102,t1,294
2025,06,13,102,t1,69
2025,06,14,102,t1,335
2025,06,17,102,t1,127
2025,06,18,102,t1,37
2025,06,19,102,t1,29
2025,06,20,102,t1,63
2025,06,21,102,t1,44
2025,06,22,102,t1,54
2025,06,23,102,t1,13
2025,06,24,102,t1,64
2025,06,25,102,t1,55
2025,06,t1,102,t1,2180
2025,06,01,103,10,714
2025,06,03,103,10,92
2025,06,04,103,10,77
2025,06,05,103,10,131
2025,06,06,103,10,124
2025,06,07,103,10,53
2025,06,08,103,10,76
2025,06,09,103,10,7
2025,06,10,103,10,45
2025,06,12,103,10,378
2025,06,13,103,10,175
2025,06,14,103,10,607
2025,06,17,103,10,58
2025,06,18,103,10,91
2025,06,19,103,10,94
2025,06,20,103,10,51
2025,06,21,103,10,51
2025,06,22,103,10,43
2025,06,23,103,10,20
2025,06,24,103,10,59
2025,06,25,103,10,47
2025,06,t1,103,10,2993
2025,06,01,103,20,2942
2025,06,03,103,20,62
2025,06,04,103,20,44
2025,06,05,103,20,114
2025,06,06,103,20,112
2025,06,07,103,20,47
2025,06,08,103,20,32
2025,06,09,103,20,7
2025,06,10,103,20,19
2025,06,12,103,20,442
2025,06,13,103,20,87
2025,06,14,103,20,627
2025,06,17,103,20,70
2025,06,18,103,20,61
2025,06,19,103,20,43
2025,06,20,103,20,42
2025,06,21,103,20,53
2025,06,22,103,20,50
2025,06,23,103,20,29
2025,06,24,103,20,42
2025,06,25,103,20,48
2025,06,t1,103,20,4973
2025,06,01,103,30,1422
2025,06,03,103,30,55
2025,06,04,103,30,42
2025,06,05,103,30,23
2025,06,06,103,30,61
2025,06,07,103,30,13
2025,06,08,103,30,52
2025,06,09,103,30,3
2025,06,10,103,30,16
2025,06,12,103,30,204
2025,06,13,103,30,24
2025,06,14,103,30,789
2025,06,17,103,30,36
2025,06,18,103,30,24
2025,06,19,103,30,12
2025,06,20,103,30,21
2025,06,21,103,30,25
2025,06,22,103,30,28
2025,06,23,103,30,3
2025,06,24,103,30,14
2025,06,25,103,30,12
2025,06,t1,103,30,2879
2025,06,01,103,t1,5078
2025,06,03,103,t1,209
2025,06,04,103,t1,163
2025,06,05,103,t1,268
2025,06,06,103,t1,297
2025,06,07,103,t1,113
2025,06,08,103,t1,160
2025,06,09,103,t1,17
2025,06,10,103,t1,80
2025,06,12,103,t1,1024
2025,06,13,103,t1,286
2025,06,14,103,t1,2023
2025,06,17,103,t1,164
2025,06,18,103,t1,176
2025,06,19,103,t1,149
2025,06,20,103,t1,114
2025,06,21,103,t1,129
2025,06,22,103,t1,121
2025,06,23,103,t1,52
2025,06,24,103,t1,115
2025,06,25,103,t1,107
2025,06,t1,103,t1,10845
2025,06,01,104,10,168
2025,06,03,104,10,21
2025,06,04,104,10,15
2025,06,05,104,10,33
2025,06,06,104,10,25
2025,06,07,104,10,11
2025,06,08,104,10,13
2025,06,09,104,10,6
2025,06,10,104,10,11
2025,06,12,104,10,104
2025,06,13,104,10,19
2025,06,14,104,10,131
2025,06,17,104,10,20
2025,06,18,104,10,10
2025,06,19,104,10,10
2025,06,20,104,10,12
2025,06,21,104,10,18
2025,06,22,104,10,7
2025,06,23,104,10,5
2025,06,24,104,10,6
2025,06,25,104,10,5
2025,06,t1,104,10,650
2025,06,01,104,20,224
2025,06,03,104,20,11
2025,06,04,104,20,3
2025,06,05,104,20,6
2025,06,06,104,20,9
2025,06,07,104,20,2
2025,06,08,104,20,4
2025,06,09,104,20,2
2025,06,10,104,20,3
2025,06,12,104,20,27
2025,06,13,104,20,5
2025,06,14,104,20,38
2025,06,17,104,20,7
2025,06,18,104,20,8
2025,06,19,104,20,3
2025,06,20,104,20,16
2025,06,21,104,20,3
2025,06,22,104,20,4
2025,06,23,104,20,6
2025,06,24,104,20,3
2025,06,25,104,20,26
2025,06,t1,104,20,410
2025,06,01,104,30,280
2025,06,03,104,30,13
2025,06,04,104,30,12
2025,06,05,104,30,93
2025,06,06,104,30,20
2025,06,07,104,30,12
2025,06,08,104,30,1
2025,06,09,104,30,1
2025,06,10,104,30,3
2025,06,12,104,30,66
2025,06,13,104,30,8
2025,06,14,104,30,142
2025,06,17,104,30,2
2025,06,18,104,30,13
2025,06,19,104,30,2
2025,06,20,104,30,16
2025,06,21,104,30,4
2025,06,22,104,30,10
2025,06,23,104,30,1
2025,06,24,104,30,8
2025,06,25,104,30,6
2025,06,t1,104,30,713
2025,06,01,104,t1,672
2025,06,03,104,t1,45
2025,06,04,104,t1,30
2025,06,05,104,t1,132
2025,06,06,104,t1,54
2025,06,07,104,t1,25
2025,06,08,104,t1,18
2025,06,09,104,t1,9
2025,06,10,104,t1,17
2025,06,12,104,t1,197
2025,06,13,104,t1,32
2025,06,14,104,t1,311
2025,06,17,104,t1,29
2025,06,18,104,t1,31
2025,06,19,104,t1,15
2025,06,20,104,t1,44
2025,06,21,104,t1,25
2025,06,22,104,t1,21
2025,06,23,104,t1,12
2025,06,24,104,t1,17
2025,06,25,104,t1,37
2025,06,t1,104,t1,1773
2025,06,01,105,10,518
2025,06,03,105,10,71
2025,06,04,105,10,39
2025,06,05,105,10,76
2025,06,06,105,10,78
2025,06,07,105,10,38
2025,06,08,105,10,47
2025,06,09,105,10,2
2025,06,10,105,10,25
2025,06,12,105,10,236
2025,06,13,105,10,74
2025,06,14,105,10,339
2025,06,17,105,10,46
2025,06,18,105,10,66
2025,06,19,105,10,56
2025,06,20,105,10,41
2025,06,21,105,10,32
2025,06,22,105,10,38
2025,06,23,105,10,12
2025,06,24,105,10,37
2025,06,25,105,10,31
2025,06,t1,105,10,1902
2025,06,01,105,20,2255
2025,06,03,105,20,106
2025,06,04,105,20,26
2025,06,05,105,20,100
2025,06,06,105,20,150
2025,06,07,105,20,42
2025,06,08,105,20,23
2025,06,09,105,20,9
2025,06,10,105,20,22
2025,06,12,105,20,416
2025,06,13,105,20,75
2025,06,14,105,20,363
2025,06,17,105,20,67
2025,06,18,105,20,49
2025,06,19,105,20,46
2025,06,20,105,20,46
2025,06,21,105,20,40
2025,06,22,105,20,41
2025,06,23,105,20,20
2025,06,24,105,20,53
2025,06,25,105,20,50
2025,06,t1,105,20,3999
2025,06,01,105,30,405
2025,06,03,105,30,30
2025,06,04,105,30,29
2025,06,05,105,30,53
2025,06,06,105,30,70
2025,06,07,105,30,25
2025,06,08,105,30,28
2025,06,09,105,30,1
2025,06,10,105,30,17
2025,06,12,105,30,223
2025,06,13,105,30,32
2025,06,14,105,30,299
2025,06,17,105,30,22
2025,06,18,105,30,20
2025,06,19,105,30,11
2025,06,20,105,30,36
2025,06,21,105,30,22
2025,06,22,105,30,29
2025,06,23,105,30,7
2025,06,24,105,30,26
2025,06,25,105,30,12
2025,06,t1,105,30,1397
2025,06,01,105,t1,3178
2025,06,03,105,t1,207
2025,06,04,105,t1,94
2025,06,05,105,t1,229
2025,06,06,105,t1,298
2025,06,07,105,t1,105
2025,06,08,105,t1,98
2025,06,09,105,t1,12
2025,06,10,105,t1,64
2025,06,12,105,t1,875
2025,06,13,105,t1,181
2025,06,14,105,t1,1001
2025,06,17,105,t1,135
2025,06,18,105,t1,135
2025,06,19,105,t1,113
2025,06,20,105,t1,123
2025,06,21,105,t1,94
2025,06,22,105,t1,108
2025,06,23,105,t1,39
2025,06,24,105,t1,116
2025,06,25,105,t1,93
2025,06,t1,105,t1,7298
2025,06,01,106,10,2
2025,06,05,106,10,1
2025,06,12,106,10,1
2025,06,24,106,10,1
2025,06,t1,106,10,5
2025,06,01,106,20,1
2025,06,14,106,20,1
2025,06,20,106,20,1
2025,06,t1,106,20,3
2025,06,14,106,30,1
2025,06,t1,106,30,1
2025,06,01,106,t1,3
2025,06,05,106,t1,1
2025,06,12,106,t1,1
2025,06,14,106,t1,2
2025,06,20,106,t1,1
2025,06,24,106,t1,1
2025,06,t1,106,t1,9
2025,06,17,107,10,1
2025,06,t1,107,10,1
2025,06,17,107,t1,1
2025,06,t1,107,t1,1
2025,06,01,109,10,2
2025,06,17,109,10,1
2025,06,18,109,10,1
2025,06,t1,109,10,4
2025,06,01,109,t1,2
2025,06,17,109,t1,1
2025,06,18,109,t1,1
2025,06,t1,109,t1,4
2025,06,01,t1,10,2155
2025,06,03,t1,10,285
2025,06,04,t1,10,220
2025,06,05,t1,10,424
2025,06,06,t1,10,368
2025,06,07,t1,10,178
2025,06,08,t1,10,221
2025,06,09,t1,10,30
2025,06,10,t1,10,134
2025,06,12,t1,10,1266
2025,06,13,t1,10,411
2025,06,14,t1,10,1815
2025,06,17,t1,10,224
2025,06,18,t1,10,276
2025,06,19,t1,10,254
2025,06,20,t1,10,184
2025,06,21,t1,10,163
2025,06,22,t1,10,147
2025,06,23,t1,10,53
2025,06,24,t1,10,164
2025,06,25,t1,10,126
2025,06,t1,t1,10,9098
2025,06,01,t1,20,7360
2025,06,03,t1,20,287
2025,06,04,t1,20,119
2025,06,05,t1,20,362
2025,06,06,t1,20,487
2025,06,07,t1,20,130
2025,06,08,t1,20,107
2025,06,09,t1,20,36
2025,06,10,t1,20,69
2025,06,12,t1,20,1265
2025,06,13,t1,20,221
2025,06,14,t1,20,1311
2025,06,17,t1,20,324
2025,06,18,t1,20,160
2025,06,19,t1,20,130
2025,06,20,t1,20,170
2025,06,21,t1,20,131
2025,06,22,t1,20,154
2025,06,23,t1,20,64
2025,06,24,t1,20,161
2025,06,25,t1,20,179
2025,06,t1,t1,20,13227
2025,06,01,t1,30,2361
2025,06,03,t1,30,148
2025,06,04,t1,30,113
2025,06,05,t1,30,230
2025,06,06,t1,30,231
2025,06,07,t1,30,62
2025,06,08,t1,30,120
2025,06,09,t1,30,7
2025,06,10,t1,30,49
2025,06,12,t1,30,684
2025,06,13,t1,30,91
2025,06,14,t1,30,1604
2025,06,17,t1,30,132
2025,06,18,t1,30,69
2025,06,19,t1,30,40
2025,06,20,t1,30,102
2025,06,21,t1,30,85
2025,06,22,t1,30,80
2025,06,23,t1,30,15
2025,06,24,t1,30,55
2025,06,25,t1,30,34
2025,06,t1,t1,30,6312
2025,06,01,t1,t1,11876
2025,06,03,t1,t1,720
2025,06,04,t1,t1,452
2025,06,05,t1,t1,1016
2025,06,06,t1,t1,1086
2025,06,07,t1,t1,370
2025,06,08,t1,t1,448
2025,06,09,t1,t1,73
2025,06,10,t1,t1,252
2025,06,12,t1,t1,3215
2025,06,13,t1,t1,723
2025,06,14,t1,t1,4730
2025,06,17,t1,t1,680
2025,06,18,t1,t1,505
2025,06,19,t1,t1,424
2025,06,20,t1,t1,456
2025,06,21,t1,t1,379
2025,06,22,t1,t1,381
2025,06,23,t1,t1,132
2025,06,24,t1,t1,380
2025,06,25,t1,t1,339
2025,06,t1,t1,t1,28637
2025,07,01,101,10,579
2025,07,03,101,10,99
2025,07,04,101,10,71
2025,07,05,101,10,117
2025,07,06,101,10,73
2025,07,07,101,10,47
2025,07,08,101,10,76
2025,07,09,101,10,11
2025,07,10,101,10,36
2025,07,12,101,10,380
2025,07,13,101,10,104
2025,07,14,101,10,437
2025,07,17,101,10,52
2025,07,18,101,10,87
2025,07,19,101,10,81
2025,07,20,101,10,50
2025,07,21,101,10,48
2025,07,22,101,10,22
2025,07,23,101,10,14
2025,07,24,101,10,36
2025,07,25,101,10,21
2025,07,t1,101,10,2441
2025,07,01,101,20,663
2025,07,03,101,20,40
2025,07,04,101,20,7
2025,07,05,101,20,28
2025,07,06,101,20,124
2025,07,07,101,20,10
2025,07,08,101,20,8
2025,07,09,101,20,1
2025,07,10,101,20,12
2025,07,12,101,20,158
2025,07,13,101,20,34
2025,07,14,101,20,67
2025,07,17,101,20,24
2025,07,18,101,20,11
2025,07,19,101,20,6
2025,07,20,101,20,13
2025,07,21,101,20,27
2025,07,22,101,20,7
2025,07,23,101,20,7
2025,07,24,101,20,10
2025,07,25,101,20,30
2025,07,t1,101,20,1287
2025,07,01,101,30,134
2025,07,03,101,30,12
2025,07,04,101,30,9
2025,07,05,101,30,30
2025,07,06,101,30,15
2025,07,07,101,30,10
2025,07,08,101,30,14
2025,07,09,101,30,1
2025,07,10,101,30,4
2025,07,12,101,30,312
2025,07,13,101,30,13
2025,07,14,101,30,209
2025,07,17,101,30,15
2025,07,18,101,30,13
2025,07,19,101,30,6
2025,07,20,101,30,5
2025,07,21,101,30,31
2025,07,22,101,30,5
2025,07,24,101,30,13
2025,07,25,101,30,7
2025,07,t1,101,30,858
2025,07,01,101,t1,1376
2025,07,03,101,t1,151
2025,07,04,101,t1,87
2025,07,05,101,t1,175
2025,07,06,101,t1,212
2025,07,07,101,t1,67
2025,07,08,101,t1,98
2025,07,09,101,t1,13
2025,07,10,101,t1,52
2025,07,12,101,t1,850
2025,07,13,101,t1,151
2025,07,14,101,t1,713
2025,07,17,101,t1,91
2025,07,18,101,t1,111
2025,07,19,101,t1,93
2025,07,20,101,t1,68
2025,07,21,101,t1,106
2025,07,22,101,t1,34
2025,07,23,101,t1,21
2025,07,24,101,t1,59
2025,07,25,101,t1,58
2025,07,t1,101,t1,4586
2025,07,01,102,10,127
2025,07,03,102,10,17
2025,07,04,102,10,19
2025,07,05,102,10,31
2025,07,06,102,10,20
2025,07,07,102,10,15
2025,07,08,102,10,21
2025,07,09,102,10,2
2025,07,10,102,10,12
2025,07,12,102,10,116
2025,07,13,102,10,35
2025,07,14,102,10,141
2025,07,17,102,10,25
2025,07,18,102,10,39
2025,07,19,102,10,16
2025,07,20,102,10,16
2025,07,21,102,10,18
2025,07,22,102,10,15
2025,07,23,102,10,15
2025,07,24,102,10,12
2025,07,25,102,10,32
2025,07,t1,102,10,744
2025,07,01,102,20,216
2025,07,03,102,20,29
2025,07,04,102,20,4
2025,07,05,102,20,35
2025,07,06,102,20,73
2025,07,07,102,20,14
2025,07,08,102,20,9
2025,07,09,102,20,3
2025,07,10,102,20,6
2025,07,12,102,20,71
2025,07,13,102,20,16
2025,07,14,102,20,53
2025,07,17,102,20,42
2025,07,18,102,20,11
2025,07,19,102,20,6
2025,07,20,102,20,15
2025,07,21,102,20,13
2025,07,22,102,20,12
2025,07,23,102,20,7
2025,07,24,102,20,9
2025,07,25,102,20,18
2025,07,t1,102,20,662
2025,07,01,102,30,41
2025,07,03,102,30,5
2025,07,04,102,30,11
2025,07,05,102,30,15
2025,07,06,102,30,2
2025,07,08,102,30,4
2025,07,10,102,30,2
2025,07,12,102,30,54
2025,07,13,102,30,2
2025,07,14,102,30,27
2025,07,17,102,30,12
2025,07,18,102,30,2
2025,07,19,102,30,1
2025,07,20,102,30,6
2025,07,21,102,30,38
2025,07,22,102,30,14
2025,07,24,102,30,2
2025,07,t1,102,30,238
2025,07,01,102,t1,384
2025,07,03,102,t1,51
2025,07,04,102,t1,34
2025,07,05,102,t1,81
2025,07,06,102,t1,95
2025,07,07,102,t1,29
2025,07,08,102,t1,34
2025,07,09,102,t1,5
2025,07,10,102,t1,20
2025,07,12,102,t1,241
2025,07,13,102,t1,53
2025,07,14,102,t1,221
2025,07,17,102,t1,79
2025,07,18,102,t1,52
2025,07,19,102,t1,23
2025,07,20,102,t1,37
2025,07,21,102,t1,69
2025,07,22,102,t1,41
2025,07,23,102,t1,22
2025,07,24,102,t1,23
2025,07,25,102,t1,50
2025,07,t1,102,t1,1644
2025,07,01,103,10,536
2025,07,03,103,10,73
2025,07,04,103,10,53
2025,07,05,103,10,93
2025,07,06,103,10,98
2025,07,07,103,10,38
2025,07,08,103,10,51
2025,07,09,103,10,11
2025,07,10,103,10,33
2025,07,12,103,10,347
2025,07,13,103,10,79
2025,07,14,103,10,389
2025,07,17,103,10,38
2025,07,18,103,10,51
2025,07,19,103,10,52
2025,07,20,103,10,32
2025,07,21,103,10,47
2025,07,22,103,10,44
2025,07,23,103,10,11
2025,07,24,103,10,43
2025,07,25,103,10,22
2025,07,t1,103,10,2141
2025,07,01,103,20,1732
2025,07,03,103,20,46
2025,07,04,103,20,35
2025,07,05,103,20,51
2025,07,06,103,20,78
2025,07,07,103,20,18
2025,07,08,103,20,16
2025,07,09,103,20,3
2025,07,10,103,20,11
2025,07,12,103,20,229
2025,07,13,103,20,25
2025,07,14,103,20,365
2025,07,17,103,20,27
2025,07,18,103,20,31
2025,07,19,103,20,32
2025,07,20,103,20,29
2025,07,21,103,20,23
2025,07,22,103,20,18
2025,07,23,103,20,24
2025,07,24,103,20,30
2025,07,25,103,20,21
2025,07,t1,103,20,2844
2025,07,01,103,30,731
2025,07,03,103,30,11
2025,07,04,103,30,10
2025,07,05,103,30,19
2025,07,06,103,30,36
2025,07,07,103,30,6
2025,07,08,103,30,17
2025,07,09,103,30,4
2025,07,10,103,30,8
2025,07,12,103,30,117
2025,07,13,103,30,14
2025,07,14,103,30,182
2025,07,17,103,30,6
2025,07,18,103,30,8
2025,07,19,103,30,13
2025,07,20,103,30,10
2025,07,21,103,30,11
2025,07,22,103,30,8
2025,07,23,103,30,3
2025,07,24,103,30,24
2025,07,25,103,30,1
2025,07,t1,103,30,1239
2025,07,01,103,t1,2999
2025,07,03,103,t1,130
2025,07,04,103,t1,98
2025,07,05,103,t1,163
2025,07,06,103,t1,212
2025,07,07,103,t1,62
2025,07,08,103,t1,84
2025,07,09,103,t1,18
2025,07,10,103,t1,52
2025,07,12,103,t1,693
2025,07,13,103,t1,118
2025,07,14,103,t1,936
2025,07,17,103,t1,71
2025,07,18,103,t1,90
2025,07,19,103,t1,97
2025,07,20,103,t1,71
2025,07,21,103,t1,81
2025,07,22,103,t1,70
2025,07,23,103,t1,38
2025,07,24,103,t1,97
2025,07,25,103,t1,44
2025,07,t1,103,t1,6224
2025,07,01,104,10,159
2025,07,03,104,10,32
2025,07,04,104,10,16
2025,07,05,104,10,34
2025,07,06,104,10,22
2025,07,07,104,10,14
2025,07,08,104,10,12
2025,07,09,104,10,2
2025,07,10,104,10,11
2025,07,12,104,10,79
2025,07,13,104,10,16
2025,07,14,104,10,113
2025,07,17,104,10,17
2025,07,18,104,10,26
2025,07,19,104,10,12
2025,07,20,104,10,8
2025,07,21,104,10,28
2025,07,22,104,10,12
2025,07,23,104,10,2
2025,07,24,104,10,12
2025,07,25,104,10,12
2025,07,t1,104,10,639
2025,07,01,104,20,90
2025,07,03,104,20,4
2025,07,04,104,20,2
2025,07,05,104,20,4
2025,07,06,104,20,12
2025,07,07,104,20,4
2025,07,08,104,20,1
2025,07,09,104,20,2
2025,07,10,104,20,2
2025,07,12,104,20,19
2025,07,13,104,20,12
2025,07,14,104,20,22
2025,07,17,104,20,2
2025,07,18,104,20,5
2025,07,19,104,20,1
2025,07,20,104,20,8
2025,07,21,104,20,1
2025,07,22,104,20,18
2025,07,24,104,20,17
2025,07,25,104,20,18
2025,07,t1,104,20,244
2025,07,01,104,30,93
2025,07,03,104,30,4
2025,07,04,104,30,13
2025,07,05,104,30,48
2025,07,06,104,30,18
2025,07,07,104,30,5
2025,07,08,104,30,2
2025,07,09,104,30,5
2025,07,10,104,30,2
2025,07,12,104,30,30
2025,07,13,104,30,11
2025,07,14,104,30,115
2025,07,17,104,30,4
2025,07,18,104,30,8
2025,07,20,104,30,13
2025,07,21,104,30,14
2025,07,23,104,30,5
2025,07,24,104,30,13
2025,07,25,104,30,2
2025,07,t1,104,30,405
2025,07,01,104,t1,342
2025,07,03,104,t1,40
2025,07,04,104,t1,31
2025,07,05,104,t1,86
2025,07,06,104,t1,52
2025,07,07,104,t1,23
2025,07,08,104,t1,15
2025,07,09,104,t1,9
2025,07,10,104,t1,15
2025,07,12,104,t1,128
2025,07,13,104,t1,39
2025,07,14,104,t1,250
2025,07,17,104,t1,23
2025,07,18,104,t1,39
2025,07,19,104,t1,13
2025,07,20,104,t1,29
2025,07,21,104,t1,43
2025,07,22,104,t1,30
2025,07,23,104,t1,7
2025,07,24,104,t1,42
2025,07,25,104,t1,32
2025,07,t1,104,t1,1288
2025,07,01,105,10,414
2025,07,03,105,10,46
2025,07,04,105,10,56
2025,07,05,105,10,70
2025,07,06,105,10,62
2025,07,07,105,10,24
2025,07,08,105,10,26
2025,07,09,105,10,4
2025,07,10,105,10,25
2025,07,12,105,10,205
2025,07,13,105,10,59
2025,07,14,105,10,261
2025,07,17,105,10,48
2025,07,18,105,10,44
2025,07,19,105,10,38
2025,07,20,105,10,46
2025,07,21,105,10,32
2025,07,22,105,10,30
2025,07,23,105,10,7
2025,07,24,105,10,37
2025,07,25,105,10,23
2025,07,t1,105,10,1557
2025,07,01,105,20,1206
2025,07,03,105,20,57
2025,07,04,105,20,29
2025,07,05,105,20,53
2025,07,06,105,20,96
2025,07,07,105,20,15
2025,07,08,105,20,11
2025,07,09,105,20,7
2025,07,10,105,20,9
2025,07,12,105,20,338
2025,07,13,105,20,55
2025,07,14,105,20,214
2025,07,17,105,20,28
2025,07,18,105,20,27
2025,07,19,105,20,27
2025,07,20,105,20,30
2025,07,21,105,20,34
2025,07,22,105,20,34
2025,07,23,105,20,11
2025,07,24,105,20,41
2025,07,25,105,20,36
2025,07,t1,105,20,2358
2025,07,01,105,30,285
2025,07,03,105,30,16
2025,07,04,105,30,11
2025,07,05,105,30,25
2025,07,06,105,30,26
2025,07,07,105,30,8
2025,07,08,105,30,16
2025,07,09,105,30,3
2025,07,10,105,30,4
2025,07,12,105,30,168
2025,07,13,105,30,13
2025,07,14,105,30,280
2025,07,17,105,30,12
2025,07,18,105,30,11
2025,07,19,105,30,8
2025,07,20,105,30,15
2025,07,21,105,30,16
2025,07,22,105,30,7
2025,07,23,105,30,2
2025,07,24,105,30,21
2025,07,25,105,30,3
2025,07,t1,105,30,950
2025,07,01,105,t1,1905
2025,07,03,105,t1,119
2025,07,04,105,t1,96
2025,07,05,105,t1,148
2025,07,06,105,t1,184
2025,07,07,105,t1,47
2025,07,08,105,t1,53
2025,07,09,105,t1,14
2025,07,10,105,t1,38
2025,07,12,105,t1,711
2025,07,13,105,t1,127
2025,07,14,105,t1,755
2025,07,17,105,t1,88
2025,07,18,105,t1,82
2025,07,19,105,t1,73
2025,07,20,105,t1,91
2025,07,21,105,t1,82
2025,07,22,105,t1,71
2025,07,23,105,t1,20
2025,07,24,105,t1,99
2025,07,25,105,t1,62
2025,07,t1,105,t1,4865
2025,07,13,106,10,1
2025,07,14,106,10,1
2025,07,t1,106,10,2
2025,07,01,106,20,1
2025,07,t1,106,20,1
2025,07,14,106,30,1
2025,07,24,106,30,1
2025,07,t1,106,30,2
2025,07,01,106,t1,1
2025,07,13,106,t1,1
2025,07,14,106,t1,2
2025,07,24,106,t1,1
2025,07,t1,106,t1,5
2025,07,12,107,10,2
2025,07,t1,107,10,2
2025,07,25,107,20,1
2025,07,t1,107,20,1
2025,07,12,107,t1,2
2025,07,25,107,t1,1
2025,07,t1,107,t1,3
2025,07,01,109,10,1
2025,07,18,109,10,1
2025,07,t1,109,10,2
2025,07,01,109,t1,1
2025,07,18,109,t1,1
2025,07,t1,109,t1,2
2025,07,01,t1,10,1816
2025,07,03,t1,10,267
2025,07,04,t1,10,215
2025,07,05,t1,10,345
2025,07,06,t1,10,275
2025,07,07,t1,10,138
2025,07,08,t1,10,186
2025,07,09,t1,10,30
2025,07,10,t1,10,117
2025,07,12,t1,10,1129
2025,07,13,t1,10,294
2025,07,14,t1,10,1342
2025,07,17,t1,10,180
2025,07,18,t1,10,248
2025,07,19,t1,10,199
2025,07,20,t1,10,152
2025,07,21,t1,10,173
2025,07,22,t1,10,123
2025,07,23,t1,10,49
2025,07,24,t1,10,140
2025,07,25,t1,10,110
2025,07,t1,t1,10,7528
2025,07,01,t1,20,3908
2025,07,03,t1,20,176
2025,07,04,t1,20,77
2025,07,05,t1,20,171
2025,07,06,t1,20,383
2025,07,07,t1,20,61
2025,07,08,t1,20,45
2025,07,09,t1,20,16
2025,07,10,t1,20,40
2025,07,12,t1,20,815
2025,07,13,t1,20,142
2025,07,14,t1,20,721
2025,07,17,t1,20,123
2025,07,18,t1,20,85
2025,07,19,t1,20,72
2025,07,20,t1,20,95
2025,07,21,t1,20,98
2025,07,22,t1,20,89
2025,07,23,t1,20,49
2025,07,24,t1,20,107
2025,07,25,t1,20,124
2025,07,t1,t1,20,7397
2025,07,01,t1,30,1284
2025,07,03,t1,30,48
2025,07,04,t1,30,54
2025,07,05,t1,30,137
2025,07,06,t1,30,97
2025,07,07,t1,30,29
2025,07,08,t1,30,53
2025,07,09,t1,30,13
2025,07,10,t1,30,20
2025,07,12,t1,30,681
2025,07,13,t1,30,53
2025,07,14,t1,30,814
2025,07,17,t1,30,49
2025,07,18,t1,30,42
2025,07,19,t1,30,28
2025,07,20,t1,30,49
2025,07,21,t1,30,110
2025,07,22,t1,30,34
2025,07,23,t1,30,10
2025,07,24,t1,30,74
2025,07,25,t1,30,13
2025,07,t1,t1,30,3692
2025,07,01,t1,t1,7008
2025,07,03,t1,t1,491
2025,07,04,t1,t1,346
2025,07,05,t1,t1,653
2025,07,06,t1,t1,755
2025,07,07,t1,t1,228
2025,07,08,t1,t1,284
2025,07,09,t1,t1,59
2025,07,10,t1,t1,177
2025,07,12,t1,t1,2625
2025,07,13,t1,t1,489
2025,07,14,t1,t1,2877
2025,07,17,t1,t1,352
2025,07,18,t1,t1,375
2025,07,19,t1,t1,299
2025,07,20,t1,t1,296
2025,07,21,t1,t1,381
2025,07,22,t1,t1,246
2025,07,23,t1,t1,108
2025,07,24,t1,t1,321
2025,07,25,t1,t1,247
2025,07,t1,t1,t1,18617
2025,08,01,101,10,520
2025,08,03,101,10,67
2025,08,04,101,10,85
2025,08,05,101,10,127
2025,08,06,101,10,106
2025,08,07,101,10,53
2025,08,08,101,10,58
2025,08,09,101,10,5
2025,08,10,101,10,46
2025,08,12,101,10,399
2025,08,13,101,10,121
2025,08,14,101,10,466
2025,08,17,101,10,65
2025,08,18,101,10,88
2025,08,19,101,10,60
2025,08,20,101,10,50
2025,08,21,101,10,55
2025,08,22,101,10,27
2025,08,23,101,10,10
2025,08,24,101,10,28
2025,08,25,101,10,22
2025,08,t1,101,10,2458
2025,08,01,101,20,599
2025,08,03,101,20,41
2025,08,04,101,20,18
2025,08,05,101,20,32
2025,08,06,101,20,102
2025,08,07,101,20,3
2025,08,08,101,20,11
2025,08,09,101,20,2
2025,08,10,101,20,7
2025,08,12,101,20,122
2025,08,13,101,20,16
2025,08,14,101,20,67
2025,08,17,101,20,63
2025,08,18,101,20,23
2025,08,19,101,20,34
2025,08,20,101,20,10
2025,08,21,101,20,15
2025,08,22,101,20,21
2025,08,23,101,20,2
2025,08,24,101,20,17
2025,08,25,101,20,30
2025,08,t1,101,20,1235
2025,08,01,101,30,182
2025,08,03,101,30,13
2025,08,04,101,30,18
2025,08,05,101,30,39
2025,08,06,101,30,43
2025,08,07,101,30,11
2025,08,08,101,30,19
2025,08,09,101,30,1
2025,08,10,101,30,9
2025,08,12,101,30,407
2025,08,13,101,30,16
2025,08,14,101,30,224
2025,08,17,101,30,12
2025,08,18,101,30,12
2025,08,19,101,30,15
2025,08,20,101,30,14
2025,08,21,101,30,19
2025,08,22,101,30,12
2025,08,23,101,30,2
2025,08,24,101,30,9
2025,08,25,101,30,4
2025,08,t1,101,30,1081
2025,08,01,101,t1,1301
2025,08,03,101,t1,121
2025,08,04,101,t1,121
2025,08,05,101,t1,198
2025,08,06,101,t1,251
2025,08,07,101,t1,67
2025,08,08,101,t1,88
2025,08,09,101,t1,8
2025,08,10,101,t1,62
2025,08,12,101,t1,928
2025,08,13,101,t1,153
2025,08,14,101,t1,757
2025,08,17,101,t1,140
2025,08,18,101,t1,123
2025,08,19,101,t1,109
2025,08,20,101,t1,74
2025,08,21,101,t1,89
2025,08,22,101,t1,60
2025,08,23,101,t1,14
2025,08,24,101,t1,54
2025,08,25,101,t1,56
2025,08,t1,101,t1,4774
2025,08,01,102,10,116
2025,08,03,102,10,20
2025,08,04,102,10,25
2025,08,05,102,10,22
2025,08,06,102,10,21
2025,08,07,102,10,14
2025,08,08,102,10,14
2025,08,09,102,10,1
2025,08,10,102,10,3
2025,08,12,102,10,68
2025,08,13,102,10,29
2025,08,14,102,10,102
2025,08,17,102,10,19
2025,08,18,102,10,23
2025,08,19,102,10,21
2025,08,20,102,10,36
2025,08,21,102,10,12
2025,08,22,102,10,10
2025,08,23,102,10,15
2025,08,24,102,10,16
2025,08,25,102,10,18
2025,08,t1,102,10,605
2025,08,01,102,20,349
2025,08,03,102,20,23
2025,08,04,102,20,15
2025,08,05,102,20,27
2025,08,06,102,20,104
2025,08,07,102,20,8
2025,08,08,102,20,18
2025,08,09,102,20,21
2025,08,10,102,20,22
2025,08,12,102,20,103
2025,08,13,102,20,15
2025,08,14,102,20,70
2025,08,17,102,20,42
2025,08,18,102,20,18
2025,08,19,102,20,10
2025,08,20,102,20,24
2025,08,21,102,20,12
2025,08,22,102,20,31
2025,08,23,102,20,22
2025,08,24,102,20,8
2025,08,25,102,20,23
2025,08,t1,102,20,965
2025,08,01,102,30,50
2025,08,03,102,30,4
2025,08,04,102,30,3
2025,08,05,102,30,17
2025,08,06,102,30,2
2025,08,07,102,30,4
2025,08,08,102,30,1
2025,08,10,102,30,2
2025,08,12,102,30,53
2025,08,13,102,30,2
2025,08,14,102,30,38
2025,08,17,102,30,4
2025,08,18,102,30,1
2025,08,19,102,30,3
2025,08,20,102,30,11
2025,08,21,102,30,51
2025,08,22,102,30,1
2025,08,24,102,30,5
2025,08,25,102,30,2
2025,08,t1,102,30,254
2025,08,01,102,t1,515
2025,08,03,102,t1,47
2025,08,04,102,t1,43
2025,08,05,102,t1,66
2025,08,06,102,t1,127
2025,08,07,102,t1,26
2025,08,08,102,t1,33
2025,08,09,102,t1,22
2025,08,10,102,t1,27
2025,08,12,102,t1,224
2025,08,13,102,t1,46
2025,08,14,102,t1,210
2025,08,17,102,t1,65
2025,08,18,102,t1,42
2025,08,19,102,t1,34
2025,08,20,102,t1,71
2025,08,21,102,t1,75
2025,08,22,102,t1,42
2025,08,23,102,t1,37
2025,08,24,102,t1,29
2025,08,25,102,t1,43
2025,08,t1,102,t1,1824
2025,08,01,103,10,547
2025,08,03,103,10,67
2025,08,04,103,10,66
2025,08,05,103,10,102
2025,08,06,103,10,115
2025,08,07,103,10,37
2025,08,08,103,10,37
2025,08,09,103,10,9
2025,08,10,103,10,27
2025,08,12,103,10,297
2025,08,13,103,10,106
2025,08,14,103,10,466
2025,08,17,103,10,48
2025,08,18,103,10,51
2025,08,19,103,10,47
2025,08,20,103,10,38
2025,08,21,103,10,38
2025,08,22,103,10,40
2025,08,23,103,10,15
2025,08,24,103,10,30
2025,08,25,103,10,22
2025,08,t1,103,10,2205
2025,08,01,103,20,2104
2025,08,03,103,20,75
2025,08,04,103,20,36
2025,08,05,103,20,47
2025,08,06,103,20,95
2025,08,07,103,20,62
2025,08,08,103,20,17
2025,08,09,103,20,3
2025,08,10,103,20,16
2025,08,12,103,20,256
2025,08,13,103,20,52
2025,08,14,103,20,344
2025,08,17,103,20,34
2025,08,18,103,20,32
2025,08,19,103,20,49
2025,08,20,103,20,30
2025,08,21,103,20,42
2025,08,22,103,20,31
2025,08,23,103,20,11
2025,08,24,103,20,35
2025,08,25,103,20,37
2025,08,t1,103,20,3408
2025,08,01,103,30,607
2025,08,03,103,30,10
2025,08,04,103,30,17
2025,08,05,103,30,17
2025,08,06,103,30,37
2025,08,07,103,30,15
2025,08,08,103,30,17
2025,08,09,103,30,3
2025,08,10,103,30,7
2025,08,12,103,30,176
2025,08,13,103,30,22
2025,08,14,103,30,146
2025,08,17,103,30,13
2025,08,18,103,30,7
2025,08,19,103,30,15
2025,08,20,103,30,15
2025,08,21,103,30,11
2025,08,22,103,30,4
2025,08,23,103,30,4
2025,08,24,103,30,22
2025,08,25,103,30,12
2025,08,t1,103,30,1177
2025,08,01,103,t1,3258
2025,08,03,103,t1,152
2025,08,04,103,t1,119
2025,08,05,103,t1,166
2025,08,06,103,t1,247
2025,08,07,103,t1,114
2025,08,08,103,t1,71
2025,08,09,103,t1,15
2025,08,10,103,t1,50
2025,08,12,103,t1,729
2025,08,13,103,t1,180
2025,08,14,103,t1,956
2025,08,17,103,t1,95
2025,08,18,103,t1,90
2025,08,19,103,t1,111
2025,08,20,103,t1,83
2025,08,21,103,t1,91
2025,08,22,103,t1,75
2025,08,23,103,t1,30
2025,08,24,103,t1,87
2025,08,25,103,t1,71
2025,08,t1,103,t1,6790
2025,08,01,104,10,212
2025,08,03,104,10,43
2025,08,04,104,10,37
2025,08,05,104,10,49
2025,08,06,104,10,50
2025,08,07,104,10,18
2025,08,08,104,10,12
2025,08,09,104,10,5
2025,08,10,104,10,22
2025,08,12,104,10,132
2025,08,13,104,10,34
2025,08,14,104,10,162
2025,08,17,104,10,28
2025,08,18,104,10,26
2025,08,19,104,10,14
2025,08,20,104,10,16
2025,08,21,104,10,29
2025,08,22,104,10,22
2025,08,23,104,10,2
2025,08,24,104,10,14
2025,08,25,104,10,7
2025,08,t1,104,10,934
2025,08,01,104,20,225
2025,08,03,104,20,13
2025,08,04,104,20,6
2025,08,05,104,20,12
2025,08,06,104,20,20
2025,08,07,104,20,3
2025,08,08,104,20,32
2025,08,09,104,20,3
2025,08,10,104,20,10
2025,08,12,104,20,52
2025,08,13,104,20,13
2025,08,14,104,20,67
2025,08,17,104,20,10
2025,08,18,104,20,7
2025,08,19,104,20,31
2025,08,20,104,20,7
2025,08,21,104,20,13
2025,08,22,104,20,9
2025,08,24,104,20,13
2025,08,25,104,20,15
2025,08,t1,104,20,561
2025,08,01,104,30,85
2025,08,03,104,30,11
2025,08,04,104,30,10
2025,08,05,104,30,102
2025,08,06,104,30,40
2025,08,07,104,30,13
2025,08,08,104,30,13
2025,08,09,104,30,4
2025,08,10,104,30,34
2025,08,12,104,30,60
2025,08,13,104,30,20
2025,08,14,104,30,247
2025,08,17,104,30,19
2025,08,18,104,30,24
2025,08,19,104,30,3
2025,08,20,104,30,16
2025,08,21,104,30,27
2025,08,22,104,30,12
2025,08,23,104,30,1
2025,08,24,104,30,7
2025,08,25,104,30,17
2025,08,t1,104,30,765
2025,08,01,104,t1,522
2025,08,03,104,t1,67
2025,08,04,104,t1,53
2025,08,05,104,t1,163
2025,08,06,104,t1,110
2025,08,07,104,t1,34
2025,08,08,104,t1,57
2025,08,09,104,t1,12
2025,08,10,104,t1,66
2025,08,12,104,t1,244
2025,08,13,104,t1,67
2025,08,14,104,t1,476
2025,08,17,104,t1,57
2025,08,18,104,t1,57
2025,08,19,104,t1,48
2025,08,20,104,t1,39
2025,08,21,104,t1,69
2025,08,22,104,t1,43
2025,08,23,104,t1,3
2025,08,24,104,t1,34
2025,08,25,104,t1,39
2025,08,t1,104,t1,2260
2025,08,01,105,10,398
2025,08,03,105,10,65
2025,08,04,105,10,57
2025,08,05,105,10,81
2025,08,06,105,10,59
2025,08,07,105,10,22
2025,08,08,105,10,29
2025,08,09,105,10,6
2025,08,10,105,10,29
2025,08,12,105,10,205
2025,08,13,105,10,44
2025,08,14,105,10,259
2025,08,17,105,10,51
2025,08,18,105,10,51
2025,08,19,105,10,61
2025,08,20,105,10,49
2025,08,21,105,10,25
2025,08,22,105,10,44
2025,08,23,105,10,9
2025,08,24,105,10,35
2025,08,25,105,10,24
2025,08,t1,105,10,1603
2025,08,01,105,20,1128
2025,08,03,105,20,72
2025,08,04,105,20,21
2025,08,05,105,20,62
2025,08,06,105,20,112
2025,08,07,105,20,27
2025,08,08,105,20,24
2025,08,09,105,20,5
2025,08,10,105,20,13
2025,08,12,105,20,370
2025,08,13,105,20,41
2025,08,14,105,20,234
2025,08,17,105,20,43
2025,08,18,105,20,29
2025,08,19,105,20,32
2025,08,20,105,20,23
2025,08,21,105,20,118
2025,08,22,105,20,32
2025,08,23,105,20,13
2025,08,24,105,20,31
2025,08,25,105,20,24
2025,08,t1,105,20,2454
2025,08,01,105,30,411
2025,08,03,105,30,19
2025,08,04,105,30,21
2025,08,05,105,30,33
2025,08,06,105,30,35
2025,08,07,105,30,22
2025,08,08,105,30,18
2025,08,09,105,30,3
2025,08,10,105,30,10
2025,08,12,105,30,112
2025,08,13,105,30,38
2025,08,14,105,30,237
2025,08,17,105,30,17
2025,08,18,105,30,12
2025,08,19,105,30,12
2025,08,20,105,30,22
2025,08,21,105,30,29
2025,08,22,105,30,17
2025,08,23,105,30,2
2025,08,24,105,30,24
2025,08,25,105,30,8
2025,08,t1,105,30,1102
2025,08,01,105,t1,1937
2025,08,03,105,t1,156
2025,08,04,105,t1,99
2025,08,05,105,t1,176
2025,08,06,105,t1,206
2025,08,07,105,t1,71
2025,08,08,105,t1,71
2025,08,09,105,t1,14
2025,08,10,105,t1,52
2025,08,12,105,t1,687
2025,08,13,105,t1,123
2025,08,14,105,t1,730
2025,08,17,105,t1,111
2025,08,18,105,t1,92
2025,08,19,105,t1,105
2025,08,20,105,t1,94
2025,08,21,105,t1,172
2025,08,22,105,t1,93
2025,08,23,105,t1,24
2025,08,24,105,t1,90
2025,08,25,105,t1,56
2025,08,t1,105,t1,5159
2025,08,14,106,10,1
2025,08,18,106,10,1
2025,08,20,106,10,1
2025,08,t1,106,10,3
2025,08,18,106,20,1
2025,08,t1,106,20,1
2025,08,12,106,30,1
2025,08,t1,106,30,1
2025,08,12,106,t1,1
2025,08,14,106,t1,1
2025,08,18,106,t1,2
2025,08,20,106,t1,1
2025,08,t1,106,t1,5
2025,08,01,107,10,1
2025,08,t1,107,10,1
2025,08,01,107,t1,1
2025,08,t1,107,t1,1
2025,08,05,109,10,1
2025,08,t1,109,10,1
2025,08,05,109,t1,1
2025,08,t1,109,t1,1
2025,08,01,t1,10,1794
2025,08,03,t1,10,262
2025,08,04,t1,10,270
2025,08,05,t1,10,382
2025,08,06,t1,10,351
2025,08,07,t1,10,144
2025,08,08,t1,10,150
2025,08,09,t1,10,26
2025,08,10,t1,10,127
2025,08,12,t1,10,1101
2025,08,13,t1,10,334
2025,08,14,t1,10,1456
2025,08,17,t1,10,211
2025,08,18,t1,10,240
2025,08,19,t1,10,203
2025,08,20,t1,10,190
2025,08,21,t1,10,159
2025,08,22,t1,10,143
2025,08,23,t1,10,51
2025,08,24,t1,10,123
2025,08,25,t1,10,93
2025,08,t1,t1,10,7810
2025,08,01,t1,20,4405
2025,08,03,t1,20,224
2025,08,04,t1,20,96
2025,08,05,t1,20,180
2025,08,06,t1,20,433
2025,08,07,t1,20,103
2025,08,08,t1,20,102
2025,08,09,t1,20,34
2025,08,10,t1,20,68
2025,08,12,t1,20,903
2025,08,13,t1,20,137
2025,08,14,t1,20,782
2025,08,17,t1,20,192
2025,08,18,t1,20,110
2025,08,19,t1,20,156
2025,08,20,t1,20,94
2025,08,21,t1,20,200
2025,08,22,t1,20,124
2025,08,23,t1,20,48
2025,08,24,t1,20,104
2025,08,25,t1,20,129
2025,08,t1,t1,20,8624
2025,08,01,t1,30,1335
2025,08,03,t1,30,57
2025,08,04,t1,30,69
2025,08,05,t1,30,208
2025,08,06,t1,30,157
2025,08,07,t1,30,65
2025,08,08,t1,30,68
2025,08,09,t1,30,11
2025,08,10,t1,30,62
2025,08,12,t1,30,809
2025,08,13,t1,30,98
2025,08,14,t1,30,892
2025,08,17,t1,30,65
2025,08,18,t1,30,56
2025,08,19,t1,30,48
2025,08,20,t1,30,78
2025,08,21,t1,30,137
2025,08,22,t1,30,46
2025,08,23,t1,30,9
2025,08,24,t1,30,67
2025,08,25,t1,30,43
2025,08,t1,t1,30,4380
2025,08,01,t1,t1,7534
2025,08,03,t1,t1,543
2025,08,04,t1,t1,435
2025,08,05,t1,t1,770
2025,08,06,t1,t1,941
2025,08,07,t1,t1,312
2025,08,08,t1,t1,320
2025,08,09,t1,t1,71
2025,08,10,t1,t1,257
2025,08,12,t1,t1,2813
2025,08,13,t1,t1,569
2025,08,14,t1,t1,3130
2025,08,17,t1,t1,468
2025,08,18,t1,t1,406
2025,08,19,t1,t1,407
2025,08,20,t1,t1,362
2025,08,21,t1,t1,496
2025,08,22,t1,t1,313
2025,08,23,t1,t1,108
2025,08,24,t1,t1,294
2025,08,25,t1,t1,265
2025,08,t1,t1,t1,20814
2025,09,01,101,10,545
2025,09,03,101,10,97
2025,09,04,101,10,98
2025,09,05,101,10,111
2025,09,06,101,10,85
2025,09,07,101,10,59
2025,09,08,101,10,81
2025,09,09,101,10,7
2025,09,10,101,10,38
2025,09,12,101,10,385
2025,09,13,101,10,106
2025,09,14,101,10,485
2025,09,17,101,10,69
2025,09,18,101,10,73
2025,09,19,101,10,75
2025,09,20,101,10,44
2025,09,21,101,10,56
2025,09,22,101,10,36
2025,09,23,101,10,21
2025,09,24,101,10,44
2025,09,25,101,10,21
2025,09,t1,101,10,2536
2025,09,01,101,20,470
2025,09,03,101,20,53
2025,09,04,101,20,9
2025,09,05,101,20,82
2025,09,06,101,20,110
2025,09,07,101,20,23
2025,09,08,101,20,17
2025,09,09,101,20,2
2025,09,10,101,20,10
2025,09,12,101,20,210
2025,09,13,101,20,21
2025,09,14,101,20,106
2025,09,17,101,20,83
2025,09,18,101,20,26
2025,09,19,101,20,10
2025,09,20,101,20,8
2025,09,21,101,20,12
2025,09,22,101,20,9
2025,09,23,101,20,16
2025,09,24,101,20,13
2025,09,25,101,20,46
2025,09,t1,101,20,1336
2025,09,01,101,30,112
2025,09,03,101,30,30
2025,09,04,101,30,20
2025,09,05,101,30,59
2025,09,06,101,30,38
2025,09,07,101,30,10
2025,09,08,101,30,25
2025,09,09,101,30,1
2025,09,10,101,30,17
2025,09,12,101,30,618
2025,09,13,101,30,31
2025,09,14,101,30,190
2025,09,17,101,30,50
2025,09,18,101,30,16
2025,09,19,101,30,18
2025,09,20,101,30,40
2025,09,21,101,30,17
2025,09,22,101,30,8
2025,09,23,101,30,3
2025,09,24,101,30,28
2025,09,25,101,30,5
2025,09,t1,101,30,1336
2025,09,01,101,t1,1127
2025,09,03,101,t1,180
2025,09,04,101,t1,127
2025,09,05,101,t1,252
2025,09,06,101,t1,233
2025,09,07,101,t1,92
2025,09,08,101,t1,123
2025,09,09,101,t1,10
2025,09,10,101,t1,65
2025,09,12,101,t1,1213
2025,09,13,101,t1,158
2025,09,14,101,t1,781
2025,09,17,101,t1,202
2025,09,18,101,t1,115
2025,09,19,101,t1,103
2025,09,20,101,t1,92
2025,09,21,101,t1,85
2025,09,22,101,t1,53
2025,09,23,101,t1,40
2025,09,24,101,t1,85
2025,09,25,101,t1,72
2025,09,t1,101,t1,5208
2025,09,01,102,10,96
2025,09,03,102,10,15
2025,09,04,102,10,20
2025,09,05,102,10,22
2025,09,06,102,10,25
2025,09,07,102,10,12
2025,09,08,102,10,12
2025,09,09,102,10,5
2025,09,10,102,10,12
2025,09,12,102,10,89
2025,09,13,102,10,27
2025,09,14,102,10,101
2025,09,17,102,10,23
2025,09,18,102,10,18
2025,09,19,102,10,16
2025,09,20,102,10,19
2025,09,21,102,10,18
2025,09,22,102,10,6
2025,09,23,102,10,5
2025,09,24,102,10,13
2025,09,25,102,10,21
2025,09,t1,102,10,575
2025,09,01,102,20,267
2025,09,03,102,20,21
2025,09,04,102,20,6
2025,09,05,102,20,24
2025,09,06,102,20,74
2025,09,07,102,20,11
2025,09,08,102,20,13
2025,09,09,102,20,1
2025,09,10,102,20,6
2025,09,12,102,20,77
2025,09,13,102,20,14
2025,09,14,102,20,72
2025,09,17,102,20,45
2025,09,18,102,20,14
2025,09,19,102,20,14
2025,09,20,102,20,57
2025,09,21,102,20,28
2025,09,22,102,20,14
2025,09,23,102,20,8
2025,09,24,102,20,15
2025,09,25,102,20,38
2025,09,t1,102,20,819
2025,09,01,102,30,63
2025,09,03,102,30,5
2025,09,04,102,30,3
2025,09,05,102,30,7
2025,09,06,102,30,4
2025,09,07,102,30,1
2025,09,08,102,30,9
2025,09,09,102,30,1
2025,09,10,102,30,3
2025,09,12,102,30,44
2025,09,13,102,30,2
2025,09,14,102,30,39
2025,09,17,102,30,9
2025,09,18,102,30,3
2025,09,19,102,30,3
2025,09,20,102,30,5
2025,09,21,102,30,11
2025,09,24,102,30,13
2025,09,25,102,30,1
2025,09,t1,102,30,226
2025,09,01,102,t1,426
2025,09,03,102,t1,41
2025,09,04,102,t1,29
2025,09,05,102,t1,53
2025,09,06,102,t1,103
2025,09,07,102,t1,24
2025,09,08,102,t1,34
2025,09,09,102,t1,7
2025,09,10,102,t1,21
2025,09,12,102,t1,210
2025,09,13,102,t1,43
2025,09,14,102,t1,212
2025,09,17,102,t1,77
2025,09,18,102,t1,35
2025,09,19,102,t1,33
2025,09,20,102,t1,81
2025,09,21,102,t1,57
2025,09,22,102,t1,20
2025,09,23,102,t1,13
2025,09,24,102,t1,41
2025,09,25,102,t1,60
2025,09,t1,102,t1,1620
2025,09,01,103,10,875
2025,09,03,103,10,116
2025,09,04,103,10,89
2025,09,05,103,10,157
2025,09,06,103,10,150
2025,09,07,103,10,76
2025,09,08,103,10,98
2025,09,09,103,10,20
2025,09,10,103,10,35
2025,09,12,103,10,487
2025,09,13,103,10,181
2025,09,14,103,10,769
2025,09,17,103,10,67
2025,09,18,103,10,100
2025,09,19,103,10,68
2025,09,20,103,10,60
2025,09,21,103,10,45
2025,09,22,103,10,55
2025,09,23,103,10,17
2025,09,24,103,10,79
2025,09,25,103,10,43
2025,09,t1,103,10,3587
2025,09,01,103,20,2539
2025,09,03,103,20,69
2025,09,04,103,20,48
2025,09,05,103,20,100
2025,09,06,103,20,107
2025,09,07,103,20,27
2025,09,08,103,20,29
2025,09,09,103,20,10
2025,09,10,103,20,31
2025,09,12,103,20,339
2025,09,13,103,20,95
2025,09,14,103,20,566
2025,09,17,103,20,38
2025,09,18,103,20,43
2025,09,19,103,20,62
2025,09,20,103,20,46
2025,09,21,103,20,36
2025,09,22,103,20,39
2025,09,23,103,20,12
2025,09,24,103,20,26
2025,09,25,103,20,35
2025,09,t1,103,20,4297
2025,09,01,103,30,672
2025,09,03,103,30,38
2025,09,04,103,30,29
2025,09,05,103,30,25
2025,09,06,103,30,101
2025,09,07,103,30,11
2025,09,08,103,30,41
2025,09,09,103,30,3
2025,09,10,103,30,20
2025,09,12,103,30,180
2025,09,13,103,30,21
2025,09,14,103,30,400
2025,09,17,103,30,19
2025,09,18,103,30,40
2025,09,19,103,30,20
2025,09,20,103,30,21
2025,09,21,103,30,21
2025,09,22,103,30,70
2025,09,23,103,30,3
2025,09,24,103,30,30
2025,09,25,103,30,9
2025,09,t1,103,30,1774
2025,09,01,103,t1,4086
2025,09,03,103,t1,223
2025,09,04,103,t1,166
2025,09,05,103,t1,282
2025,09,06,103,t1,358
2025,09,07,103,t1,114
2025,09,08,103,t1,168
2025,09,09,103,t1,33
2025,09,10,103,t1,86
2025,09,12,103,t1,1006
2025,09,13,103,t1,297
2025,09,14,103,t1,1735
2025,09,17,103,t1,124
2025,09,18,103,t1,183
2025,09,19,103,t1,150
2025,09,20,103,t1,127
2025,09,21,103,t1,102
2025,09,22,103,t1,164
2025,09,23,103,t1,32
2025,09,24,103,t1,135
2025,09,25,103,t1,87
2025,09,t1,103,t1,9658
2025,09,01,104,10,221
2025,09,03,104,10,46
2025,09,04,104,10,25
2025,09,05,104,10,41
2025,09,06,104,10,39
2025,09,07,104,10,15
2025,09,08,104,10,15
2025,09,09,104,10,4
2025,09,10,104,10,10
2025,09,12,104,10,123
2025,09,13,104,10,32
2025,09,14,104,10,164
2025,09,17,104,10,20
2025,09,18,104,10,28
2025,09,19,104,10,17
2025,09,20,104,10,12
2025,09,21,104,10,32
2025,09,22,104,10,19
2025,09,23,104,10,2
2025,09,24,104,10,12
2025,09,25,104,10,10
2025,09,t1,104,10,887
2025,09,01,104,20,217
2025,09,03,104,20,21
2025,09,04,104,20,5
2025,09,05,104,20,18
2025,09,06,104,20,15
2025,09,07,104,20,2
2025,09,08,104,20,4
2025,09,09,104,20,2
2025,09,10,104,20,5
2025,09,12,104,20,85
2025,09,13,104,20,10
2025,09,14,104,20,67
2025,09,17,104,20,7
2025,09,18,104,20,7
2025,09,19,104,20,12
2025,09,20,104,20,5
2025,09,21,104,20,13
2025,09,22,104,20,4
2025,09,23,104,20,3
2025,09,24,104,20,16
2025,09,25,104,20,37
2025,09,t1,104,20,555
2025,09,01,104,30,57
2025,09,03,104,30,16
2025,09,04,104,30,9
2025,09,05,104,30,127
2025,09,06,104,30,33
2025,09,07,104,30,9
2025,09,08,104,30,14
2025,09,09,104,30,4
2025,09,10,104,30,14
2025,09,12,104,30,38
2025,09,13,104,30,19
2025,09,14,104,30,113
2025,09,17,104,30,21
2025,09,18,104,30,17
2025,09,19,104,30,1
2025,09,20,104,30,7
2025,09,21,104,30,21
2025,09,22,104,30,5
2025,09,23,104,30,4
2025,09,24,104,30,16
2025,09,25,104,30,15
2025,09,t1,104,30,560
2025,09,01,104,t1,495
2025,09,03,104,t1,83
2025,09,04,104,t1,39
2025,09,05,104,t1,186
2025,09,06,104,t1,87
2025,09,07,104,t1,26
2025,09,08,104,t1,33
2025,09,09,104,t1,10
2025,09,10,104,t1,29
2025,09,12,104,t1,246
2025,09,13,104,t1,61
2025,09,14,104,t1,344
2025,09,17,104,t1,48
2025,09,18,104,t1,52
2025,09,19,104,t1,30
2025,09,20,104,t1,24
2025,09,21,104,t1,66
2025,09,22,104,t1,28
2025,09,23,104,t1,9
2025,09,24,104,t1,44
2025,09,25,104,t1,62
2025,09,t1,104,t1,2002
2025,09,01,105,10,547
2025,09,03,105,10,92
2025,09,04,105,10,78
2025,09,05,105,10,118
2025,09,06,105,10,91
2025,09,07,105,10,37
2025,09,08,105,10,45
2025,09,09,105,10,8
2025,09,10,105,10,38
2025,09,12,105,10,298
2025,09,13,105,10,98
2025,09,14,105,10,391
2025,09,17,105,10,84
2025,09,18,105,10,90
2025,09,19,105,10,76
2025,09,20,105,10,52
2025,09,21,105,10,59
2025,09,22,105,10,46
2025,09,23,105,10,14
2025,09,24,105,10,51
2025,09,25,105,10,38
2025,09,t1,105,10,2351
2025,09,01,105,20,1803
2025,09,03,105,20,106
2025,09,04,105,20,34
2025,09,05,105,20,120
2025,09,06,105,20,145
2025,09,07,105,20,35
2025,09,08,105,20,37
2025,09,09,105,20,3
2025,09,10,105,20,13
2025,09,12,105,20,533
2025,09,13,105,20,75
2025,09,14,105,20,322
2025,09,17,105,20,83
2025,09,18,105,20,71
2025,09,19,105,20,50
2025,09,20,105,20,56
2025,09,21,105,20,71
2025,09,22,105,20,30
2025,09,23,105,20,20
2025,09,24,105,20,46
2025,09,25,105,20,34
2025,09,t1,105,20,3687
2025,09,01,105,30,562
2025,09,03,105,30,37
2025,09,04,105,30,44
2025,09,05,105,30,50
2025,09,06,105,30,70
2025,09,07,105,30,20
2025,09,08,105,30,41
2025,09,09,105,30,4
2025,09,10,105,30,37
2025,09,12,105,30,202
2025,09,13,105,30,29
2025,09,14,105,30,320
2025,09,17,105,30,22
2025,09,18,105,30,26
2025,09,19,105,30,23
2025,09,20,105,30,36
2025,09,21,105,30,31
2025,09,22,105,30,29
2025,09,23,105,30,3
2025,09,24,105,30,19
2025,09,25,105,30,24
2025,09,t1,105,30,1629
2025,09,01,105,t1,2912
2025,09,03,105,t1,235
2025,09,04,105,t1,156
2025,09,05,105,t1,288
2025,09,06,105,t1,306
2025,09,07,105,t1,92
2025,09,08,105,t1,123
2025,09,09,105,t1,15
2025,09,10,105,t1,88
2025,09,12,105,t1,1033
2025,09,13,105,t1,202
2025,09,14,105,t1,1033
2025,09,17,105,t1,189
2025,09,18,105,t1,187
2025,09,19,105,t1,149
2025,09,20,105,t1,144
2025,09,21,105,t1,161
2025,09,22,105,t1,105
2025,09,23,105,t1,37
2025,09,24,105,t1,116
2025,09,25,105,t1,96
2025,09,t1,105,t1,7667
2025,09,18,106,10,1
2025,09,t1,106,10,1
2025,09,01,106,20,1
2025,09,t1,106,20,1
2025,09,01,106,30,3
2025,09,t1,106,30,3
2025,09,01,106,t1,4
2025,09,18,106,t1,1
2025,09,t1,106,t1,5
2025,09,12,109,10,2
2025,09,25,109,10,1
2025,09,t1,109,10,3
2025,09,12,109,t1,2
2025,09,25,109,t1,1
2025,09,t1,109,t1,3
2025,09,01,t1,10,2284
2025,09,03,t1,10,366
2025,09,04,t1,10,310
2025,09,05,t1,10,449
2025,09,06,t1,10,390
2025,09,07,t1,10,199
2025,09,08,t1,10,251
2025,09,09,t1,10,44
2025,09,10,t1,10,133
2025,09,12,t1,10,1384
2025,09,13,t1,10,444
2025,09,14,t1,10,1910
2025,09,17,t1,10,263
2025,09,18,t1,10,310
2025,09,19,t1,10,252
2025,09,20,t1,10,187
2025,09,21,t1,10,210
2025,09,22,t1,10,162
2025,09,23,t1,10,59
2025,09,24,t1,10,199
2025,09,25,t1,10,134
2025,09,t1,t1,10,9940
2025,09,01,t1,20,5297
2025,09,03,t1,20,270
2025,09,04,t1,20,102
2025,09,05,t1,20,344
2025,09,06,t1,20,451
2025,09,07,t1,20,98
2025,09,08,t1,20,100
2025,09,09,t1,20,18
2025,09,10,t1,20,65
2025,09,12,t1,20,1244
2025,09,13,t1,20,215
2025,09,14,t1,20,1133
2025,09,17,t1,20,256
2025,09,18,t1,20,161
2025,09,19,t1,20,148
2025,09,20,t1,20,172
2025,09,21,t1,20,160
2025,09,22,t1,20,96
2025,09,23,t1,20,59
2025,09,24,t1,20,116
2025,09,25,t1,20,190
2025,09,t1,t1,20,10695
2025,09,01,t1,30,1469
2025,09,03,t1,30,126
2025,09,04,t1,30,105
2025,09,05,t1,30,268
2025,09,06,t1,30,246
2025,09,07,t1,30,51
2025,09,08,t1,30,130
2025,09,09,t1,30,13
2025,09,10,t1,30,91
2025,09,12,t1,30,1082
2025,09,13,t1,30,102
2025,09,14,t1,30,1062
2025,09,17,t1,30,121
2025,09,18,t1,30,102
2025,09,19,t1,30,65
2025,09,20,t1,30,109
2025,09,21,t1,30,101
2025,09,22,t1,30,112
2025,09,23,t1,30,13
2025,09,24,t1,30,106
2025,09,25,t1,30,54
2025,09,t1,t1,30,5528
2025,09,01,t1,t1,9050
2025,09,03,t1,t1,762
2025,09,04,t1,t1,517
2025,09,05,t1,t1,1061
2025,09,06,t1,t1,1087
2025,09,07,t1,t1,348
2025,09,08,t1,t1,481
2025,09,09,t1,t1,75
2025,09,10,t1,t1,289
2025,09,12,t1,t1,3710
2025,09,13,t1,t1,761
2025,09,14,t1,t1,4105
2025,09,17,t1,t1,640
2025,09,18,t1,t1,573
2025,09,19,t1,t1,465
2025,09,20,t1,t1,468
2025,09,21,t1,t1,471
2025,09,22,t1,t1,370
2025,09,23,t1,t1,131
2025,09,24,t1,t1,421
2025,09,25,t1,t1,378
2025,09,t1,t1,t1,26163
2025,10,01,101,10,626
2025,10,03,101,10,84
2025,10,04,101,10,87
2025,10,05,101,10,107
2025,10,06,101,10,109
2025,10,07,101,10,64
2025,10,08,101,10,85
2025,10,09,101,10,9
2025,10,10,101,10,49
2025,10,12,101,10,404
2025,10,13,101,10,107
2025,10,14,101,10,526
2025,10,17,101,10,58
2025,10,18,101,10,84
2025,10,19,101,10,105
2025,10,20,101,10,48
2025,10,21,101,10,46
2025,10,22,101,10,43
2025,10,23,101,10,7
2025,10,24,101,10,32
2025,10,25,101,10,16
2025,10,t1,101,10,2696
2025,10,01,101,20,561
2025,10,03,101,20,25
2025,10,04,101,20,21
2025,10,05,101,20,26
2025,10,06,101,20,111
2025,10,07,101,20,16
2025,10,08,101,20,12
2025,10,09,101,20,1
2025,10,10,101,20,6
2025,10,12,101,20,193
2025,10,13,101,20,26
2025,10,14,101,20,77
2025,10,17,101,20,66
2025,10,18,101,20,21
2025,10,19,101,20,21
2025,10,20,101,20,11
2025,10,21,101,20,8
2025,10,22,101,20,21
2025,10,23,101,20,2
2025,10,24,101,20,7
2025,10,25,101,20,41
2025,10,t1,101,20,1273
2025,10,01,101,30,140
2025,10,03,101,30,24
2025,10,04,101,30,20
2025,10,05,101,30,46
2025,10,06,101,30,55
2025,10,07,101,30,19
2025,10,08,101,30,10
2025,10,09,101,30,1
2025,10,10,101,30,11
2025,10,12,101,30,480
2025,10,13,101,30,15
2025,10,14,101,30,171
2025,10,17,101,30,52
2025,10,18,101,30,5
2025,10,19,101,30,24
2025,10,20,101,30,24
2025,10,21,101,30,18
2025,10,22,101,30,8
2025,10,24,101,30,27
2025,10,25,101,30,6
2025,10,t1,101,30,1156
2025,10,01,101,t1,1327
2025,10,03,101,t1,133
2025,10,04,101,t1,128
2025,10,05,101,t1,179
2025,10,06,101,t1,275
2025,10,07,101,t1,99
2025,10,08,101,t1,107
2025,10,09,101,t1,11
2025,10,10,101,t1,66
2025,10,12,101,t1,1077
2025,10,13,101,t1,148
2025,10,14,101,t1,774
2025,10,17,101,t1,176
2025,10,18,101,t1,110
2025,10,19,101,t1,150
2025,10,20,101,t1,83
2025,10,21,101,t1,72
2025,10,22,101,t1,72
2025,10,23,101,t1,9
2025,10,24,101,t1,66
2025,10,25,101,t1,63
2025,10,t1,101,t1,5125
2025,10,01,102,10,110
2025,10,03,102,10,18
2025,10,04,102,10,19
2025,10,05,102,10,27
2025,10,06,102,10,25
2025,10,07,102,10,18
2025,10,08,102,10,24
2025,10,09,102,10,5
2025,10,10,102,10,12
2025,10,12,102,10,110
2025,10,13,102,10,33
2025,10,14,102,10,110
2025,10,17,102,10,25
2025,10,18,102,10,31
2025,10,19,102,10,16
2025,10,20,102,10,20
2025,10,21,102,10,18
2025,10,22,102,10,17
2025,10,23,102,10,13
2025,10,24,102,10,11
2025,10,25,102,10,28
2025,10,t1,102,10,690
2025,10,01,102,20,393
2025,10,03,102,20,18
2025,10,04,102,20,20
2025,10,05,102,20,29
2025,10,06,102,20,42
2025,10,07,102,20,18
2025,10,08,102,20,18
2025,10,10,102,20,18
2025,10,12,102,20,116
2025,10,13,102,20,11
2025,10,14,102,20,131
2025,10,17,102,20,79
2025,10,18,102,20,13
2025,10,19,102,20,13
2025,10,20,102,20,19
2025,10,21,102,20,13
2025,10,22,102,20,21
2025,10,23,102,20,8
2025,10,24,102,20,17
2025,10,25,102,20,20
2025,10,t1,102,20,1017
2025,10,01,102,30,48
2025,10,03,102,30,6
2025,10,04,102,30,5
2025,10,05,102,30,12
2025,10,06,102,30,10
2025,10,08,102,30,4
2025,10,12,102,30,45
2025,10,13,102,30,4
2025,10,14,102,30,22
2025,10,17,102,30,12
2025,10,18,102,30,1
2025,10,19,102,30,4
2025,10,20,102,30,4
2025,10,21,102,30,6
2025,10,22,102,30,9
2025,10,24,102,30,9
2025,10,25,102,30,2
2025,10,t1,102,30,203
2025,10,01,102,t1,551
2025,10,03,102,t1,42
2025,10,04,102,t1,44
2025,10,05,102,t1,68
2025,10,06,102,t1,77
2025,10,07,102,t1,36
2025,10,08,102,t1,46
2025,10,09,102,t1,5
2025,10,10,102,t1,30
2025,10,12,102,t1,271
2025,10,13,102,t1,48
2025,10,14,102,t1,263
2025,10,17,102,t1,116
2025,10,18,102,t1,45
2025,10,19,102,t1,33
2025,10,20,102,t1,43
2025,10,21,102,t1,37
2025,10,22,102,t1,47
2025,10,23,102,t1,21
2025,10,24,102,t1,37
2025,10,25,102,t1,50
2025,10,t1,102,t1,1910
2025,10,01,103,10,776
2025,10,03,103,10,113
2025,10,04,103,10,90
2025,10,05,103,10,130
2025,10,06,103,10,117
2025,10,07,103,10,61
2025,10,08,103,10,75
2025,10,09,103,10,10
2025,10,10,103,10,45
2025,10,12,103,10,415
2025,10,13,103,10,153
2025,10,14,103,10,660
2025,10,17,103,10,54
2025,10,18,103,10,77
2025,10,19,103,10,89
2025,10,20,103,10,58
2025,10,21,103,10,60
2025,10,22,103,10,87
2025,10,23,103,10,27
2025,10,24,103,10,49
2025,10,25,103,10,40
2025,10,t1,103,10,3186
2025,10,01,103,20,2464
2025,10,03,103,20,80
2025,10,04,103,20,58
2025,10,05,103,20,72
2025,10,06,103,20,101
2025,10,07,103,20,39
2025,10,08,103,20,42
2025,10,09,103,20,7
2025,10,10,103,20,8
2025,10,12,103,20,324
2025,10,13,103,20,71
2025,10,14,103,20,444
2025,10,17,103,20,30
2025,10,18,103,20,49
2025,10,19,103,20,96
2025,10,20,103,20,41
2025,10,21,103,20,37
2025,10,22,103,20,58
2025,10,23,103,20,18
2025,10,24,103,20,32
2025,10,25,103,20,24
2025,10,t1,103,20,4095
2025,10,01,103,30,700
2025,10,03,103,30,24
2025,10,04,103,30,22
2025,10,05,103,30,32
2025,10,06,103,30,78
2025,10,07,103,30,20
2025,10,08,103,30,30
2025,10,09,103,30,5
2025,10,10,103,30,18
2025,10,12,103,30,166
2025,10,13,103,30,23
2025,10,14,103,30,217
2025,10,17,103,30,16
2025,10,18,103,30,19
2025,10,19,103,30,15
2025,10,20,103,30,36
2025,10,21,103,30,24
2025,10,22,103,30,14
2025,10,23,103,30,3
2025,10,24,103,30,22
2025,10,25,103,30,7
2025,10,t1,103,30,1491
2025,10,01,103,t1,3940
2025,10,03,103,t1,217
2025,10,04,103,t1,170
2025,10,05,103,t1,234
2025,10,06,103,t1,296
2025,10,07,103,t1,120
2025,10,08,103,t1,147
2025,10,09,103,t1,22
2025,10,10,103,t1,71
2025,10,12,103,t1,905
2025,10,13,103,t1,247
2025,10,14,103,t1,1321
2025,10,17,103,t1,100
2025,10,18,103,t1,145
2025,10,19,103,t1,200
2025,10,20,103,t1,135
2025,10,21,103,t1,121
2025,10,22,103,t1,159
2025,10,23,103,t1,48
2025,10,24,103,t1,103
2025,10,25,103,t1,71
2025,10,t1,103,t1,8772
2025,10,01,104,10,259
2025,10,03,104,10,59
2025,10,04,104,10,31
2025,10,05,104,10,65
2025,10,06,104,10,39
2025,10,07,104,10,23
2025,10,08,104,10,21
2025,10,09,104,10,4
2025,10,10,104,10,15
2025,10,12,104,10,146
2025,10,13,104,10,45
2025,10,14,104,10,203
2025,10,17,104,10,29
2025,10,18,104,10,39
2025,10,19,104,10,8
2025,10,20,104,10,21
2025,10,21,104,10,39
2025,10,22,104,10,23
2025,10,23,104,10,7
2025,10,24,104,10,22
2025,10,25,104,10,18
2025,10,t1,104,10,1116
2025,10,01,104,20,272
2025,10,03,104,20,21
2025,10,04,104,20,12
2025,10,05,104,20,18
2025,10,06,104,20,21
2025,10,07,104,20,8
2025,10,08,104,20,5
2025,10,09,104,20,2
2025,10,10,104,20,1
2025,10,12,104,20,73
2025,10,13,104,20,11
2025,10,14,104,20,74
2025,10,17,104,20,7
2025,10,18,104,20,11
2025,10,19,104,20,8
2025,10,20,104,20,7
2025,10,21,104,20,13
2025,10,22,104,20,4
2025,10,24,104,20,16
2025,10,25,104,20,18
2025,10,t1,104,20,602
2025,10,01,104,30,66
2025,10,03,104,30,12
2025,10,04,104,30,8
2025,10,05,104,30,52
2025,10,06,104,30,22
2025,10,07,104,30,9
2025,10,08,104,30,5
2025,10,10,104,30,8
2025,10,12,104,30,25
2025,10,13,104,30,9
2025,10,14,104,30,154
2025,10,17,104,30,16
2025,10,18,104,30,22
2025,10,19,104,30,12
2025,10,20,104,30,6
2025,10,21,104,30,8
2025,10,22,104,30,4
2025,10,24,104,30,25
2025,10,25,104,30,3
2025,10,t1,104,30,466
2025,10,01,104,t1,597
2025,10,03,104,t1,92
2025,10,04,104,t1,51
2025,10,05,104,t1,135
2025,10,06,104,t1,82
2025,10,07,104,t1,40
2025,10,08,104,t1,31
2025,10,09,104,t1,6
2025,10,10,104,t1,24
2025,10,12,104,t1,244
2025,10,13,104,t1,65
2025,10,14,104,t1,431
2025,10,17,104,t1,52
2025,10,18,104,t1,72
2025,10,19,104,t1,28
2025,10,20,104,t1,34
2025,10,21,104,t1,60
2025,10,22,104,t1,31
2025,10,23,104,t1,7
2025,10,24,104,t1,63
2025,10,25,104,t1,39
2025,10,t1,104,t1,2184
2025,10,01,105,10,504
2025,10,03,105,10,71
2025,10,04,105,10,74
2025,10,05,105,10,90
2025,10,06,105,10,72
2025,10,07,105,10,44
2025,10,08,105,10,42
2025,10,09,105,10,3
2025,10,10,105,10,25
2025,10,12,105,10,262
2025,10,13,105,10,84
2025,10,14,105,10,390
2025,10,17,105,10,64
2025,10,18,105,10,66
2025,10,19,105,10,57
2025,10,20,105,10,52
2025,10,21,105,10,60
2025,10,22,105,10,61
2025,10,23,105,10,12
2025,10,24,105,10,39
2025,10,25,105,10,52
2025,10,t1,105,10,2124
2025,10,01,105,20,1970
2025,10,03,105,20,79
2025,10,04,105,20,34
2025,10,05,105,20,87
2025,10,06,105,20,137
2025,10,07,105,20,35
2025,10,08,105,20,51
2025,10,09,105,20,4
2025,10,10,105,20,25
2025,10,12,105,20,485
2025,10,13,105,20,74
2025,10,14,105,20,339
2025,10,17,105,20,87
2025,10,18,105,20,64
2025,10,19,105,20,31
2025,10,20,105,20,50
2025,10,21,105,20,49
2025,10,22,105,20,40
2025,10,23,105,20,19
2025,10,24,105,20,40
2025,10,25,105,20,66
2025,10,t1,105,20,3766
2025,10,01,105,30,393
2025,10,03,105,30,24
2025,10,04,105,30,14
2025,10,05,105,30,22
2025,10,06,105,30,45
2025,10,07,105,30,10
2025,10,08,105,30,21
2025,10,09,105,30,4
2025,10,10,105,30,15
2025,10,12,105,30,170
2025,10,13,105,30,22
2025,10,14,105,30,279
2025,10,17,105,30,30
2025,10,18,105,30,39
2025,10,19,105,30,15
2025,10,20,105,30,30
2025,10,21,105,30,40
2025,10,22,105,30,42
2025,10,23,105,30,20
2025,10,24,105,30,30
2025,10,25,105,30,11
2025,10,t1,105,30,1276
2025,10,01,105,t1,2867
2025,10,03,105,t1,174
2025,10,04,105,t1,122
2025,10,05,105,t1,199
2025,10,06,105,t1,254
2025,10,07,105,t1,89
2025,10,08,105,t1,114
2025,10,09,105,t1,11
2025,10,10,105,t1,65
2025,10,12,105,t1,917
2025,10,13,105,t1,180
2025,10,14,105,t1,1008
2025,10,17,105,t1,181
2025,10,18,105,t1,169
2025,10,19,105,t1,103
2025,10,20,105,t1,132
2025,10,21,105,t1,149
2025,10,22,105,t1,143
2025,10,23,105,t1,51
2025,10,24,105,t1,109
2025,10,25,105,t1,129
2025,10,t1,105,t1,7166
2025,10,01,106,10,2
2025,10,03,106,10,2
2025,10,05,106,10,1
2025,10,12,106,10,2
2025,10,14,106,10,1
2025,10,17,106,10,1
2025,10,19,106,10,1
2025,10,20,106,10,1
2025,10,21,106,10,1
2025,10,22,106,10,3
2025,10,24,106,10,1
2025,10,25,106,10,1
2025,10,t1,106,10,17
2025,10,01,106,20,2
2025,10,14,106,20,1
2025,10,17,106,20,2
2025,10,22,106,20,2
2025,10,t1,106,20,7
2025,10,01,106,30,2
2025,10,05,106,30,2
2025,10,07,106,30,1
2025,10,12,106,30,1
2025,10,14,106,30,1
2025,10,21,106,30,2
2025,10,t1,106,30,9
2025,10,01,106,t1,6
2025,10,03,106,t1,2
2025,10,05,106,t1,3
2025,10,07,106,t1,1
2025,10,12,106,t1,3
2025,10,14,106,t1,3
2025,10,17,106,t1,3
2025,10,19,106,t1,1
2025,10,20,106,t1,1
2025,10,21,106,t1,3
2025,10,22,106,t1,5
2025,10,24,106,t1,1
2025,10,25,106,t1,1
2025,10,t1,106,t1,33
2025,10,14,107,10,1
2025,10,t1,107,10,1
2025,10,14,107,t1,1
2025,10,t1,107,t1,1
2025,10,12,109,10,1
2025,10,17,109,10,1
2025,10,t1,109,10,2
2025,10,20,109,20,1
2025,10,t1,109,20,1
2025,10,12,109,t1,1
2025,10,17,109,t1,1
2025,10,20,109,t1,1
2025,10,t1,109,t1,3
2025,10,01,t1,10,2277
2025,10,03,t1,10,347
2025,10,04,t1,10,301
2025,10,05,t1,10,420
2025,10,06,t1,10,362
2025,10,07,t1,10,210
2025,10,08,t1,10,247
2025,10,09,t1,10,31
2025,10,10,t1,10,146
2025,10,12,t1,10,1340
2025,10,13,t1,10,422
2025,10,14,t1,10,1891
2025,10,17,t1,10,232
2025,10,18,t1,10,297
2025,10,19,t1,10,276
2025,10,20,t1,10,200
2025,10,21,t1,10,224
2025,10,22,t1,10,234
2025,10,23,t1,10,66
2025,10,24,t1,10,154
2025,10,25,t1,10,155
2025,10,t1,t1,10,9832
2025,10,01,t1,20,5662
2025,10,03,t1,20,223
2025,10,04,t1,20,145
2025,10,05,t1,20,232
2025,10,06,t1,20,412
2025,10,07,t1,20,116
2025,10,08,t1,20,128
2025,10,09,t1,20,14
2025,10,10,t1,20,58
2025,10,12,t1,20,1191
2025,10,13,t1,20,193
2025,10,14,t1,20,1066
2025,10,17,t1,20,271
2025,10,18,t1,20,158
2025,10,19,t1,20,169
2025,10,20,t1,20,129
2025,10,21,t1,20,120
2025,10,22,t1,20,146
2025,10,23,t1,20,47
2025,10,24,t1,20,112
2025,10,25,t1,20,169
2025,10,t1,t1,20,10761
2025,10,01,t1,30,1349
2025,10,03,t1,30,90
2025,10,04,t1,30,69
2025,10,05,t1,30,166
2025,10,06,t1,30,210
2025,10,07,t1,30,59
2025,10,08,t1,30,70
2025,10,09,t1,30,10
2025,10,10,t1,30,52
2025,10,12,t1,30,887
2025,10,13,t1,30,73
2025,10,14,t1,30,844
2025,10,17,t1,30,126
2025,10,18,t1,30,86
2025,10,19,t1,30,70
2025,10,20,t1,30,100
2025,10,21,t1,30,98
2025,10,22,t1,30,77
2025,10,23,t1,30,23
2025,10,24,t1,30,113
2025,10,25,t1,30,29
2025,10,t1,t1,30,4601
2025,10,01,t1,t1,9288
2025,10,03,t1,t1,660
2025,10,04,t1,t1,515
2025,10,05,t1,t1,818
2025,10,06,t1,t1,984
2025,10,07,t1,t1,385
2025,10,08,t1,t1,445
2025,10,09,t1,t1,55
2025,10,10,t1,t1,256
2025,10,12,t1,t1,3418
2025,10,13,t1,t1,688
2025,10,14,t1,t1,3801
2025,10,17,t1,t1,629
2025,10,18,t1,t1,541
2025,10,19,t1,t1,515
2025,10,20,t1,t1,429
2025,10,21,t1,t1,442
2025,10,22,t1,t1,457
2025,10,23,t1,t1,136
2025,10,24,t1,t1,379
2025,10,25,t1,t1,353
2025,10,t1,t1,t1,25194
2025,11,01,101,10,544
2025,11,03,101,10,63
2025,11,04,101,10,79
2025,11,05,101,10,101
2025,11,06,101,10,93
2025,11,07,101,10,63
2025,11,08,101,10,72
2025,11,09,101,10,9
2025,11,10,101,10,33
2025,11,12,101,10,398
2025,11,13,101,10,93
2025,11,14,101,10,469
2025,11,17,101,10,65
2025,11,18,101,10,72
2025,11,19,101,10,69
2025,11,20,101,10,48
2025,11,21,101,10,45
2025,11,22,101,10,33
2025,11,23,101,10,16
2025,11,24,101,10,26
2025,11,25,101,10,18
2025,11,t1,101,10,2409
2025,11,01,101,20,355
2025,11,03,101,20,20
2025,11,04,101,20,19
2025,11,05,101,20,23
2025,11,06,101,20,135
2025,11,07,101,20,6
2025,11,08,101,20,24
2025,11,10,101,20,5
2025,11,12,101,20,159
2025,11,13,101,20,14
2025,11,14,101,20,96
2025,11,17,101,20,119
2025,11,18,101,20,17
2025,11,19,101,20,18
2025,11,20,101,20,11
2025,11,21,101,20,7
2025,11,22,101,20,17
2025,11,23,101,20,1
2025,11,24,101,20,15
2025,11,25,101,20,23
2025,11,t1,101,20,1084
2025,11,01,101,30,88
2025,11,03,101,30,17
2025,11,04,101,30,14
2025,11,05,101,30,21
2025,11,06,101,30,35
2025,11,07,101,30,21
2025,11,08,101,30,24
2025,11,09,101,30,1
2025,11,10,101,30,13
2025,11,12,101,30,357
2025,11,13,101,30,20
2025,11,14,101,30,150
2025,11,17,101,30,35
2025,11,18,101,30,16
2025,11,19,101,30,13
2025,11,20,101,30,17
2025,11,21,101,30,30
2025,11,22,101,30,4
2025,11,23,101,30,2
2025,11,24,101,30,12
2025,11,25,101,30,6
2025,11,t1,101,30,896
2025,11,01,101,t1,987
2025,11,03,101,t1,100
2025,11,04,101,t1,112
2025,11,05,101,t1,145
2025,11,06,101,t1,263
2025,11,07,101,t1,90
2025,11,08,101,t1,120
2025,11,09,101,t1,10
2025,11,10,101,t1,51
2025,11,12,101,t1,914
2025,11,13,101,t1,127
2025,11,14,101,t1,715
2025,11,17,101,t1,219
2025,11,18,101,t1,105
2025,11,19,101,t1,100
2025,11,20,101,t1,76
2025,11,21,101,t1,82
2025,11,22,101,t1,54
2025,11,23,101,t1,19
2025,11,24,101,t1,53
2025,11,25,101,t1,47
2025,11,t1,101,t1,4389
2025,11,01,102,10,97
2025,11,03,102,10,16
2025,11,04,102,10,15
2025,11,05,102,10,21
2025,11,06,102,10,23
2025,11,07,102,10,14
2025,11,08,102,10,19
2025,11,09,102,10,4
2025,11,10,102,10,12
2025,11,12,102,10,85
2025,11,13,102,10,24
2025,11,14,102,10,87
2025,11,17,102,10,17
2025,11,18,102,10,17
2025,11,19,102,10,6
2025,11,20,102,10,13
2025,11,21,102,10,16
2025,11,22,102,10,14
2025,11,23,102,10,6
2025,11,24,102,10,14
2025,11,25,102,10,16
2025,11,t1,102,10,536
2025,11,01,102,20,309
2025,11,03,102,20,30
2025,11,04,102,20,18
2025,11,05,102,20,27
2025,11,06,102,20,34
2025,11,07,102,20,14
2025,11,08,102,20,13
2025,11,09,102,20,10
2025,11,10,102,20,23
2025,11,12,102,20,85
2025,11,13,102,20,25
2025,11,14,102,20,57
2025,11,17,102,20,60
2025,11,18,102,20,24
2025,11,19,102,20,19
2025,11,20,102,20,24
2025,11,21,102,20,19
2025,11,22,102,20,32
2025,11,23,102,20,5
2025,11,24,102,20,9
2025,11,25,102,20,19
2025,11,t1,102,20,856
2025,11,01,102,30,43
2025,11,03,102,30,2
2025,11,04,102,30,4
2025,11,05,102,30,13
2025,11,06,102,30,4
2025,11,08,102,30,2
2025,11,12,102,30,46
2025,11,13,102,30,4
2025,11,14,102,30,27
2025,11,17,102,30,14
2025,11,18,102,30,2
2025,11,19,102,30,4
2025,11,21,102,30,3
2025,11,22,102,30,1
2025,11,24,102,30,3
2025,11,25,102,30,1
2025,11,t1,102,30,173
2025,11,01,102,t1,449
2025,11,03,102,t1,48
2025,11,04,102,t1,37
2025,11,05,102,t1,61
2025,11,06,102,t1,61
2025,11,07,102,t1,28
2025,11,08,102,t1,34
2025,11,09,102,t1,14
2025,11,10,102,t1,35
2025,11,12,102,t1,216
2025,11,13,102,t1,53
2025,11,14,102,t1,171
2025,11,17,102,t1,91
2025,11,18,102,t1,43
2025,11,19,102,t1,29
2025,11,20,102,t1,37
2025,11,21,102,t1,38
2025,11,22,102,t1,47
2025,11,23,102,t1,11
2025,11,24,102,t1,26
2025,11,25,102,t1,36
2025,11,t1,102,t1,1565
2025,11,01,103,10,761
2025,11,03,103,10,126
2025,11,04,103,10,100
2025,11,05,103,10,124
2025,11,06,103,10,136
2025,11,07,103,10,43
2025,11,08,103,10,73
2025,11,09,103,10,6
2025,11,10,103,10,51
2025,11,12,103,10,427
2025,11,13,103,10,136
2025,11,14,103,10,652
2025,11,17,103,10,65
2025,11,18,103,10,83
2025,11,19,103,10,69
2025,11,20,103,10,58
2025,11,21,103,10,49
2025,11,22,103,10,45
2025,11,23,103,10,17
2025,11,24,103,10,70
2025,11,25,103,10,40
2025,11,t1,103,10,3131
2025,11,01,103,20,2499
2025,11,03,103,20,74
2025,11,04,103,20,41
2025,11,05,103,20,82
2025,11,06,103,20,54
2025,11,07,103,20,27
2025,11,08,103,20,16
2025,11,09,103,20,9
2025,11,10,103,20,15
2025,11,12,103,20,334
2025,11,13,103,20,57
2025,11,14,103,20,459
2025,11,17,103,20,42
2025,11,18,103,20,44
2025,11,19,103,20,53
2025,11,20,103,20,45
2025,11,21,103,20,38
2025,11,22,103,20,43
2025,11,23,103,20,17
2025,11,24,103,20,41
2025,11,25,103,20,33
2025,11,t1,103,20,4023
2025,11,01,103,30,634
2025,11,03,103,30,39
2025,11,04,103,30,26
2025,11,05,103,30,17
2025,11,06,103,30,52
2025,11,07,103,30,22
2025,11,08,103,30,25
2025,11,10,103,30,11
2025,11,12,103,30,134
2025,11,13,103,30,31
2025,11,14,103,30,220
2025,11,17,103,30,12
2025,11,18,103,30,20
2025,11,19,103,30,26
2025,11,20,103,30,19
2025,11,21,103,30,27
2025,11,22,103,30,24
2025,11,23,103,30,9
2025,11,24,103,30,30
2025,11,25,103,30,7
2025,11,t1,103,30,1385
2025,11,01,103,t1,3894
2025,11,03,103,t1,239
2025,11,04,103,t1,167
2025,11,05,103,t1,223
2025,11,06,103,t1,242
2025,11,07,103,t1,92
2025,11,08,103,t1,114
2025,11,09,103,t1,15
2025,11,10,103,t1,77
2025,11,12,103,t1,895
2025,11,13,103,t1,224
2025,11,14,103,t1,1331
2025,11,17,103,t1,119
2025,11,18,103,t1,147
2025,11,19,103,t1,148
2025,11,20,103,t1,122
2025,11,21,103,t1,114
2025,11,22,103,t1,112
2025,11,23,103,t1,43
2025,11,24,103,t1,141
2025,11,25,103,t1,80
2025,11,t1,103,t1,8539
2025,11,01,104,10,207
2025,11,03,104,10,56
2025,11,04,104,10,21
2025,11,05,104,10,49
2025,11,06,104,10,47
2025,11,07,104,10,18
2025,11,08,104,10,16
2025,11,09,104,10,5
2025,11,10,104,10,18
2025,11,12,104,10,119
2025,11,13,104,10,31
2025,11,14,104,10,215
2025,11,17,104,10,29
2025,11,18,104,10,26
2025,11,19,104,10,18
2025,11,20,104,10,24
2025,11,21,104,10,36
2025,11,22,104,10,26
2025,11,23,104,10,5
2025,11,24,104,10,22
2025,11,25,104,10,12
2025,11,t1,104,10,1000
2025,11,01,104,20,189
2025,11,03,104,20,28
2025,11,04,104,20,1
2025,11,05,104,20,12
2025,11,06,104,20,33
2025,11,07,104,20,16
2025,11,08,104,20,8
2025,11,09,104,20,1
2025,11,12,104,20,40
2025,11,13,104,20,7
2025,11,14,104,20,42
2025,11,17,104,20,8
2025,11,18,104,20,12
2025,11,19,104,20,17
2025,11,20,104,20,9
2025,11,21,104,20,16
2025,11,22,104,20,2
2025,11,23,104,20,3
2025,11,24,104,20,9
2025,11,25,104,20,23
2025,11,t1,104,20,476
2025,11,01,104,30,63
2025,11,03,104,30,43
2025,11,04,104,30,10
2025,11,05,104,30,50
2025,11,06,104,30,20
2025,11,07,104,30,10
2025,11,08,104,30,14
2025,11,09,104,30,4
2025,11,10,104,30,7
2025,11,12,104,30,34
2025,11,13,104,30,12
2025,11,14,104,30,187
2025,11,17,104,30,15
2025,11,18,104,30,20
2025,11,19,104,30,13
2025,11,20,104,30,9
2025,11,21,104,30,13
2025,11,22,104,30,4
2025,11,23,104,30,4
2025,11,24,104,30,19
2025,11,25,104,30,20
2025,11,t1,104,30,571
2025,11,01,104,t1,459
2025,11,03,104,t1,127
2025,11,04,104,t1,32
2025,11,05,104,t1,111
2025,11,06,104,t1,100
2025,11,07,104,t1,44
2025,11,08,104,t1,38
2025,11,09,104,t1,10
2025,11,10,104,t1,25
2025,11,12,104,t1,193
2025,11,13,104,t1,50
2025,11,14,104,t1,444
2025,11,17,104,t1,52
2025,11,18,104,t1,58
2025,11,19,104,t1,48
2025,11,20,104,t1,42
2025,11,21,104,t1,65
2025,11,22,104,t1,32
2025,11,23,104,t1,12
2025,11,24,104,t1,50
2025,11,25,104,t1,55
2025,11,t1,104,t1,2047
2025,11,01,105,10,395
2025,11,03,105,10,54
2025,11,04,105,10,53
2025,11,05,105,10,74
2025,11,06,105,10,75
2025,11,07,105,10,34
2025,11,08,105,10,39
2025,11,09,105,10,4
2025,11,10,105,10,29
2025,11,12,105,10,197
2025,11,13,105,10,58
2025,11,14,105,10,278
2025,11,17,105,10,44
2025,11,18,105,10,44
2025,11,19,105,10,57
2025,11,20,105,10,40
2025,11,21,105,10,23
2025,11,22,105,10,31
2025,11,23,105,10,7
2025,11,24,105,10,35
2025,11,25,105,10,24
2025,11,t1,105,10,1595
2025,11,01,105,20,1380
2025,11,03,105,20,47
2025,11,04,105,20,29
2025,11,05,105,20,61
2025,11,06,105,20,121
2025,11,07,105,20,24
2025,11,08,105,20,26
2025,11,09,105,20,1
2025,11,10,105,20,12
2025,11,12,105,20,402
2025,11,13,105,20,59
2025,11,14,105,20,231
2025,11,17,105,20,39
2025,11,18,105,20,53
2025,11,19,105,20,28
2025,11,20,105,20,26
2025,11,21,105,20,35
2025,11,22,105,20,19
2025,11,23,105,20,9
2025,11,24,105,20,27
2025,11,25,105,20,47
2025,11,t1,105,20,2676
2025,11,01,105,30,265
2025,11,03,105,30,17
2025,11,04,105,30,15
2025,11,05,105,30,36
2025,11,06,105,30,37
2025,11,07,105,30,19
2025,11,08,105,30,27
2025,11,09,105,30,2
2025,11,10,105,30,9
2025,11,12,105,30,177
2025,11,13,105,30,15
2025,11,14,105,30,241
2025,11,17,105,30,20
2025,11,18,105,30,15
2025,11,19,105,30,15
2025,11,20,105,30,15
2025,11,21,105,30,16
2025,11,22,105,30,25
2025,11,23,105,30,6
2025,11,24,105,30,42
2025,11,25,105,30,14
2025,11,t1,105,30,1028
2025,11,01,105,t1,2040
2025,11,03,105,t1,118
2025,11,04,105,t1,97
2025,11,05,105,t1,171
2025,11,06,105,t1,233
2025,11,07,105,t1,77
2025,11,08,105,t1,92
2025,11,09,105,t1,7
2025,11,10,105,t1,50
2025,11,12,105,t1,776
2025,11,13,105,t1,132
2025,11,14,105,t1,750
2025,11,17,105,t1,103
2025,11,18,105,t1,112
2025,11,19,105,t1,100
2025,11,20,105,t1,81
2025,11,21,105,t1,74
2025,11,22,105,t1,75
2025,11,23,105,t1,22
2025,11,24,105,t1,104
2025,11,25,105,t1,85
2025,11,t1,105,t1,5299
2025,11,01,106,10,10
2025,11,03,106,10,2
2025,11,04,106,10,1
2025,11,05,106,10,1
2025,11,07,106,10,1
2025,11,10,106,10,1
2025,11,12,106,10,3
2025,11,13,106,10,1
2025,11,14,106,10,2
2025,11,17,106,10,2
2025,11,18,106,10,2
2025,11,19,106,10,1
2025,11,21,106,10,5
2025,11,t1,106,10,32
2025,11,01,106,20,5
2025,11,12,106,20,1
2025,11,14,106,20,1
2025,11,17,106,20,7
2025,11,20,106,20,1
2025,11,21,106,20,1
2025,11,23,106,20,1
2025,11,24,106,20,1
2025,11,t1,106,20,18
2025,11,01,106,30,3
2025,11,04,106,30,1
2025,11,05,106,30,1
2025,11,09,106,30,1
2025,11,12,106,30,4
2025,11,13,106,30,1
2025,11,14,106,30,2
2025,11,20,106,30,1
2025,11,21,106,30,1
2025,11,22,106,30,3
2025,11,23,106,30,2
2025,11,24,106,30,1
2025,11,25,106,30,2
2025,11,t1,106,30,23
2025,11,01,106,t1,18
2025,11,03,106,t1,2
2025,11,04,106,t1,2
2025,11,05,106,t1,2
2025,11,07,106,t1,1
2025,11,09,106,t1,1
2025,11,10,106,t1,1
2025,11,12,106,t1,8
2025,11,13,106,t1,2
2025,11,14,106,t1,5
2025,11,17,106,t1,9
2025,11,18,106,t1,2
2025,11,19,106,t1,1
2025,11,20,106,t1,2
2025,11,21,106,t1,7
2025,11,22,106,t1,3
2025,11,23,106,t1,3
2025,11,24,106,t1,2
2025,11,25,106,t1,2
2025,11,t1,106,t1,73
2025,11,08,107,10,1
2025,11,t1,107,10,1
2025,11,08,107,t1,1
2025,11,t1,107,t1,1
2025,11,04,109,10,1
2025,11,25,109,10,1
2025,11,t1,109,10,2
2025,11,04,109,t1,1
2025,11,25,109,t1,1
2025,11,t1,109,t1,2
2025,11,01,t1,10,2014
2025,11,03,t1,10,317
2025,11,04,t1,10,270
2025,11,05,t1,10,370
2025,11,06,t1,10,374
2025,11,07,t1,10,173
2025,11,08,t1,10,220
2025,11,09,t1,10,28
2025,11,10,t1,10,144
2025,11,12,t1,10,1229
2025,11,13,t1,10,343
2025,11,14,t1,10,1703
2025,11,17,t1,10,222
2025,11,18,t1,10,244
2025,11,19,t1,10,220
2025,11,20,t1,10,183
2025,11,21,t1,10,174
2025,11,22,t1,10,149
2025,11,23,t1,10,51
2025,11,24,t1,10,167
2025,11,25,t1,10,111
2025,11,t1,t1,10,8706
2025,11,01,t1,20,4737
2025,11,03,t1,20,199
2025,11,04,t1,20,108
2025,11,05,t1,20,205
2025,11,06,t1,20,377
2025,11,07,t1,20,87
2025,11,08,t1,20,87
2025,11,09,t1,20,21
2025,11,10,t1,20,55
2025,11,12,t1,20,1021
2025,11,13,t1,20,162
2025,11,14,t1,20,886
2025,11,17,t1,20,275
2025,11,18,t1,20,150
2025,11,19,t1,20,135
2025,11,20,t1,20,116
2025,11,21,t1,20,116
2025,11,22,t1,20,113
2025,11,23,t1,20,36
2025,11,24,t1,20,102
2025,11,25,t1,20,145
2025,11,t1,t1,20,9133
2025,11,01,t1,30,1096
2025,11,03,t1,30,118
2025,11,04,t1,30,70
2025,11,05,t1,30,138
2025,11,06,t1,30,148
2025,11,07,t1,30,72
2025,11,08,t1,30,92
2025,11,09,t1,30,8
2025,11,10,t1,30,40
2025,11,12,t1,30,752
2025,11,13,t1,30,83
2025,11,14,t1,30,827
2025,11,17,t1,30,96
2025,11,18,t1,30,73
2025,11,19,t1,30,71
2025,11,20,t1,30,61
2025,11,21,t1,30,90
2025,11,22,t1,30,61
2025,11,23,t1,30,23
2025,11,24,t1,30,107
2025,11,25,t1,30,50
2025,11,t1,t1,30,4076
2025,11,01,t1,t1,7847
2025,11,03,t1,t1,634
2025,11,04,t1,t1,448
2025,11,05,t1,t1,713
2025,11,06,t1,t1,899
2025,11,07,t1,t1,332
2025,11,08,t1,t1,399
2025,11,09,t1,t1,57
2025,11,10,t1,t1,239
2025,11,12,t1,t1,3002
2025,11,13,t1,t1,588
2025,11,14,t1,t1,3416
2025,11,17,t1,t1,593
2025,11,18,t1,t1,467
2025,11,19,t1,t1,426
2025,11,20,t1,t1,360
2025,11,21,t1,t1,380
2025,11,22,t1,t1,323
2025,11,23,t1,t1,110
2025,11,24,t1,t1,376
2025,11,25,t1,t1,306
2025,11,t1,t1,t1,21915
2025,12,01,101,10,532
2025,12,03,101,10,47
2025,12,04,101,10,55
2025,12,05,101,10,82
2025,12,06,101,10,74
2025,12,07,101,10,36
2025,12,08,101,10,66
2025,12,09,101,10,6
2025,12,10,101,10,30
2025,12,12,101,10,342
2025,12,13,101,10,105
2025,12,14,101,10,447
2025,12,17,101,10,77
2025,12,18,101,10,54
2025,12,19,101,10,50
2025,12,20,101,10,38
2025,12,21,101,10,57
2025,12,22,101,10,42
2025,12,23,101,10,8
2025,12,24,101,10,30
2025,12,25,101,10,21
2025,12,t1,101,10,2199
2025,12,01,101,20,371
2025,12,03,101,20,93
2025,12,04,101,20,12
2025,12,05,101,20,31
2025,12,06,101,20,73
2025,12,07,101,20,7
2025,12,08,101,20,20
2025,12,09,101,20,1
2025,12,10,101,20,13
2025,12,12,101,20,139
2025,12,13,101,20,28
2025,12,14,101,20,80
2025,12,17,101,20,35
2025,12,18,101,20,16
2025,12,19,101,20,19
2025,12,20,101,20,9
2025,12,21,101,20,5
2025,12,22,101,20,10
2025,12,23,101,20,4
2025,12,24,101,20,14
2025,12,25,101,20,53
2025,12,t1,101,20,1033
2025,12,01,101,30,108
2025,12,03,101,30,48
2025,12,04,101,30,12
2025,12,05,101,30,34
2025,12,06,101,30,19
2025,12,07,101,30,9
2025,12,08,101,30,22
2025,12,09,101,30,1
2025,12,10,101,30,6
2025,12,12,101,30,288
2025,12,13,101,30,14
2025,12,14,101,30,238
2025,12,17,101,30,28
2025,12,18,101,30,10
2025,12,19,101,30,10
2025,12,20,101,30,14
2025,12,21,101,30,40
2025,12,22,101,30,51
2025,12,23,101,30,8
2025,12,24,101,30,17
2025,12,25,101,30,12
2025,12,t1,101,30,989
2025,12,01,101,t1,1011
2025,12,03,101,t1,188
2025,12,04,101,t1,79
2025,12,05,101,t1,147
2025,12,06,101,t1,166
2025,12,07,101,t1,52
2025,12,08,101,t1,108
2025,12,09,101,t1,8
2025,12,10,101,t1,49
2025,12,12,101,t1,769
2025,12,13,101,t1,147
2025,12,14,101,t1,765
2025,12,17,101,t1,140
2025,12,18,101,t1,80
2025,12,19,101,t1,79
2025,12,20,101,t1,61
2025,12,21,101,t1,102
2025,12,22,101,t1,103
2025,12,23,101,t1,20
2025,12,24,101,t1,61
2025,12,25,101,t1,86
2025,12,t1,101,t1,4221
2025,12,01,102,10,62
2025,12,03,102,10,14
2025,12,04,102,10,10
2025,12,05,102,10,19
2025,12,06,102,10,19
2025,12,07,102,10,6
2025,12,08,102,10,13
2025,12,09,102,10,1
2025,12,10,102,10,8
2025,12,12,102,10,72
2025,12,13,102,10,17
2025,12,14,102,10,59
2025,12,17,102,10,11
2025,12,18,102,10,13
2025,12,19,102,10,10
2025,12,20,102,10,5
2025,12,21,102,10,8
2025,12,22,102,10,6
2025,12,23,102,10,10
2025,12,24,102,10,7
2025,12,25,102,10,14
2025,12,t1,102,10,384
2025,12,01,102,20,270
2025,12,03,102,20,28
2025,12,04,102,20,9
2025,12,05,102,20,30
2025,12,06,102,20,49
2025,12,07,102,20,16
2025,12,08,102,20,40
2025,12,10,102,20,15
2025,12,12,102,20,134
2025,12,13,102,20,11
2025,12,14,102,20,45
2025,12,17,102,20,38
2025,12,18,102,20,17
2025,12,19,102,20,14
2025,12,20,102,20,16
2025,12,21,102,20,8
2025,12,22,102,20,26
2025,12,23,102,20,9
2025,12,24,102,20,19
2025,12,25,102,20,38
2025,12,t1,102,20,832
2025,12,01,102,30,37
2025,12,03,102,30,2
2025,12,04,102,30,1
2025,12,05,102,30,10
2025,12,06,102,30,10
2025,12,07,102,30,3
2025,12,08,102,30,5
2025,12,09,102,30,1
2025,12,10,102,30,3
2025,12,12,102,30,79
2025,12,13,102,30,5
2025,12,14,102,30,30
2025,12,17,102,30,15
2025,12,18,102,30,2
2025,12,19,102,30,2
2025,12,20,102,30,5
2025,12,21,102,30,52
2025,12,22,102,30,4
2025,12,24,102,30,2
2025,12,25,102,30,1
2025,12,t1,102,30,269
2025,12,01,102,t1,369
2025,12,03,102,t1,44
2025,12,04,102,t1,20
2025,12,05,102,t1,59
2025,12,06,102,t1,78
2025,12,07,102,t1,25
2025,12,08,102,t1,58
2025,12,09,102,t1,2
2025,12,10,102,t1,26
2025,12,12,102,t1,285
2025,12,13,102,t1,33
2025,12,14,102,t1,134
2025,12,17,102,t1,64
2025,12,18,102,t1,32
2025,12,19,102,t1,26
2025,12,20,102,t1,26
2025,12,21,102,t1,68
2025,12,22,102,t1,36
2025,12,23,102,t1,19
2025,12,24,102,t1,28
2025,12,25,102,t1,53
2025,12,t1,102,t1,1485
2025,12,01,103,10,945
2025,12,03,103,10,124
2025,12,04,103,10,85
2025,12,05,103,10,181
2025,12,06,103,10,136
2025,12,07,103,10,84
2025,12,08,103,10,70
2025,12,09,103,10,18
2025,12,10,103,10,51
2025,12,12,103,10,528
2025,12,13,103,10,192
2025,12,14,103,10,908
2025,12,17,103,10,68
2025,12,18,103,10,106
2025,12,19,103,10,97
2025,12,20,103,10,71
2025,12,21,103,10,75
2025,12,22,103,10,60
2025,12,23,103,10,19
2025,12,24,103,10,72
2025,12,25,103,10,48
2025,12,t1,103,10,3938
2025,12,01,103,20,2782
2025,12,03,103,20,72
2025,12,04,103,20,40
2025,12,05,103,20,113
2025,12,06,103,20,115
2025,12,07,103,20,33
2025,12,08,103,20,37
2025,12,09,103,20,18
2025,12,10,103,20,35
2025,12,12,103,20,334
2025,12,13,103,20,75
2025,12,14,103,20,466
2025,12,17,103,20,48
2025,12,18,103,20,43
2025,12,19,103,20,49
2025,12,20,103,20,45
2025,12,21,103,20,44
2025,12,22,103,20,35
2025,12,23,103,20,30
2025,12,24,103,20,33
2025,12,25,103,20,54
2025,12,t1,103,20,4501
2025,12,01,103,30,997
2025,12,03,103,30,21
2025,12,04,103,30,22
2025,12,05,103,30,23
2025,12,06,103,30,65
2025,12,07,103,30,14
2025,12,08,103,30,34
2025,12,09,103,30,2
2025,12,10,103,30,12
2025,12,12,103,30,206
2025,12,13,103,30,26
2025,12,14,103,30,237
2025,12,17,103,30,17
2025,12,18,103,30,32
2025,12,19,103,30,32
2025,12,20,103,30,17
2025,12,21,103,30,32
2025,12,22,103,30,26
2025,12,23,103,30,9
2025,12,24,103,30,48
2025,12,25,103,30,9
2025,12,t1,103,30,1881
2025,12,01,103,t1,4724
2025,12,03,103,t1,217
2025,12,04,103,t1,147
2025,12,05,103,t1,317
2025,12,06,103,t1,316
2025,12,07,103,t1,131
2025,12,08,103,t1,141
2025,12,09,103,t1,38
2025,12,10,103,t1,98
2025,12,12,103,t1,1068
2025,12,13,103,t1,293
2025,12,14,103,t1,1611
2025,12,17,103,t1,133
2025,12,18,103,t1,181
2025,12,19,103,t1,178
2025,12,20,103,t1,133
2025,12,21,103,t1,151
2025,12,22,103,t1,121
2025,12,23,103,t1,58
2025,12,24,103,t1,153
2025,12,25,103,t1,111
2025,12,t1,103,t1,10320
2025,12,01,104,10,214
2025,12,03,104,10,74
2025,12,04,104,10,44
2025,12,05,104,10,54
2025,12,06,104,10,57
2025,12,07,104,10,19
2025,12,08,104,10,27
2025,12,09,104,10,1
2025,12,10,104,10,16
2025,12,12,104,10,134
2025,12,13,104,10,30
2025,12,14,104,10,185
2025,12,17,104,10,33
2025,12,18,104,10,48
2025,12,19,104,10,20
2025,12,20,104,10,24
2025,12,21,104,10,27
2025,12,22,104,10,28
2025,12,23,104,10,4
2025,12,24,104,10,38
2025,12,25,104,10,13
2025,12,t1,104,10,1090
2025,12,01,104,20,253
2025,12,03,104,20,23
2025,12,04,104,20,1
2025,12,05,104,20,5
2025,12,06,104,20,11
2025,12,07,104,20,4
2025,12,08,104,20,7
2025,12,09,104,20,2
2025,12,10,104,20,3
2025,12,12,104,20,37
2025,12,13,104,20,13
2025,12,14,104,20,54
2025,12,17,104,20,34
2025,12,18,104,20,8
2025,12,19,104,20,20
2025,12,20,104,20,10
2025,12,21,104,20,12
2025,12,22,104,20,1
2025,12,23,104,20,4
2025,12,24,104,20,10
2025,12,25,104,20,20
2025,12,t1,104,20,532
2025,12,01,104,30,97
2025,12,03,104,30,24
2025,12,04,104,30,13
2025,12,05,104,30,37
2025,12,06,104,30,77
2025,12,07,104,30,10
2025,12,08,104,30,19
2025,12,09,104,30,2
2025,12,10,104,30,7
2025,12,12,104,30,53
2025,12,13,104,30,29
2025,12,14,104,30,259
2025,12,17,104,30,21
2025,12,18,104,30,32
2025,12,19,104,30,2
2025,12,20,104,30,8
2025,12,21,104,30,12
2025,12,22,104,30,19
2025,12,23,104,30,1
2025,12,24,104,30,30
2025,12,25,104,30,11
2025,12,t1,104,30,763
2025,12,01,104,t1,564
2025,12,03,104,t1,121
2025,12,04,104,t1,58
2025,12,05,104,t1,96
2025,12,06,104,t1,145
2025,12,07,104,t1,33
2025,12,08,104,t1,53
2025,12,09,104,t1,5
2025,12,10,104,t1,26
2025,12,12,104,t1,224
2025,12,13,104,t1,72
2025,12,14,104,t1,498
2025,12,17,104,t1,88
2025,12,18,104,t1,88
2025,12,19,104,t1,42
2025,12,20,104,t1,42
2025,12,21,104,t1,51
2025,12,22,104,t1,48
2025,12,23,104,t1,9
2025,12,24,104,t1,78
2025,12,25,104,t1,44
2025,12,t1,104,t1,2385
2025,12,01,105,10,437
2025,12,03,105,10,60
2025,12,04,105,10,55
2025,12,05,105,10,82
2025,12,06,105,10,65
2025,12,07,105,10,27
2025,12,08,105,10,30
2025,12,09,105,10,8
2025,12,10,105,10,23
2025,12,12,105,10,236
2025,12,13,105,10,68
2025,12,14,105,10,339
2025,12,17,105,10,60
2025,12,18,105,10,57
2025,12,19,105,10,54
2025,12,20,105,10,41
2025,12,21,105,10,47
2025,12,22,105,10,13
2025,12,23,105,10,10
2025,12,24,105,10,28
2025,12,25,105,10,42
2025,12,t1,105,10,1782
2025,12,01,105,20,1296
2025,12,03,105,20,52
2025,12,04,105,20,30
2025,12,05,105,20,51
2025,12,06,105,20,84
2025,12,07,105,20,34
2025,12,08,105,20,30
2025,12,09,105,20,2
2025,12,10,105,20,11
2025,12,12,105,20,569
2025,12,13,105,20,45
2025,12,14,105,20,281
2025,12,17,105,20,43
2025,12,18,105,20,32
2025,12,19,105,20,35
2025,12,20,105,20,49
2025,12,21,105,20,16
2025,12,22,105,20,25
2025,12,23,105,20,12
2025,12,24,105,20,44
2025,12,25,105,20,36
2025,12,t1,105,20,2777
2025,12,01,105,30,385
2025,12,03,105,30,16
2025,12,04,105,30,47
2025,12,05,105,30,36
2025,12,06,105,30,51
2025,12,07,105,30,38
2025,12,08,105,30,15
2025,12,09,105,30,2
2025,12,10,105,30,7
2025,12,12,105,30,343
2025,12,13,105,30,28
2025,12,14,105,30,318
2025,12,17,105,30,6
2025,12,18,105,30,23
2025,12,19,105,30,38
2025,12,20,105,30,58
2025,12,21,105,30,24
2025,12,22,105,30,19
2025,12,23,105,30,34
2025,12,24,105,30,37
2025,12,25,105,30,40
2025,12,t1,105,30,1565
2025,12,01,105,t1,2118
2025,12,03,105,t1,128
2025,12,04,105,t1,132
2025,12,05,105,t1,169
2025,12,06,105,t1,200
2025,12,07,105,t1,99
2025,12,08,105,t1,75
2025,12,09,105,t1,12
2025,12,10,105,t1,41
2025,12,12,105,t1,1148
2025,12,13,105,t1,141
2025,12,14,105,t1,938
2025,12,17,105,t1,109
2025,12,18,105,t1,112
2025,12,19,105,t1,127
2025,12,20,105,t1,148
2025,12,21,105,t1,87
2025,12,22,105,t1,57
2025,12,23,105,t1,56
2025,12,24,105,t1,109
2025,12,25,105,t1,118
2025,12,t1,105,t1,6124
2025,12,01,106,10,7
2025,12,03,106,10,1
2025,12,04,106,10,2
2025,12,05,106,10,1
2025,12,08,106,10,1
2025,12,12,106,10,3
2025,12,13,106,10,3
2025,12,14,106,10,3
2025,12,17,106,10,4
2025,12,18,106,10,3
2025,12,19,106,10,3
2025,12,20,106,10,3
2025,12,21,106,10,4
2025,12,22,106,10,2
2025,12,25,106,10,4
2025,12,t1,106,10,44
2025,12,01,106,20,3
2025,12,05,106,20,1
2025,12,12,106,20,2
2025,12,14,106,20,1
2025,12,17,106,20,1
2025,12,18,106,20,1
2025,12,19,106,20,2
2025,12,20,106,20,1
2025,12,22,106,20,4
2025,12,24,106,20,1
2025,12,t1,106,20,17
2025,12,01,106,30,1
2025,12,03,106,30,1
2025,12,05,106,30,1
2025,12,12,106,30,3
2025,12,13,106,30,1
2025,12,14,106,30,5
2025,12,17,106,30,3
2025,12,18,106,30,2
2025,12,22,106,30,2
2025,12,23,106,30,1
2025,12,24,106,30,2
2025,12,t1,106,30,22
2025,12,01,106,t1,11
2025,12,03,106,t1,2
2025,12,04,106,t1,2
2025,12,05,106,t1,3
2025,12,08,106,t1,1
2025,12,12,106,t1,8
2025,12,13,106,t1,4
2025,12,14,106,t1,9
2025,12,17,106,t1,8
2025,12,18,106,t1,6
2025,12,19,106,t1,5
2025,12,20,106,t1,4
2025,12,21,106,t1,4
2025,12,22,106,t1,8
2025,12,23,106,t1,1
2025,12,24,106,t1,3
2025,12,25,106,t1,4
2025,12,t1,106,t1,83
2025,12,12,107,10,1
2025,12,14,107,10,1
2025,12,t1,107,10,2
2025,12,12,107,t1,1
2025,12,14,107,t1,1
2025,12,t1,107,t1,2
2025,12,14,109,10,1
2025,12,t1,109,10,1
2025,12,14,109,t1,1
2025,12,t1,109,t1,1
2025,12,01,t1,10,2197
2025,12,03,t1,10,320
2025,12,04,t1,10,251
2025,12,05,t1,10,419
2025,12,06,t1,10,351
2025,12,07,t1,10,172
2025,12,08,t1,10,207
2025,12,09,t1,10,34
2025,12,10,t1,10,128
2025,12,12,t1,10,1316
2025,12,13,t1,10,415
2025,12,14,t1,10,1943
2025,12,17,t1,10,253
2025,12,18,t1,10,281
2025,12,19,t1,10,234
2025,12,20,t1,10,182
2025,12,21,t1,10,218
2025,12,22,t1,10,151
2025,12,23,t1,10,51
2025,12,24,t1,10,175
2025,12,25,t1,10,142
2025,12,t1,t1,10,9440
2025,12,01,t1,20,4975
2025,12,03,t1,20,268
2025,12,04,t1,20,92
2025,12,05,t1,20,231
2025,12,06,t1,20,332
2025,12,07,t1,20,94
2025,12,08,t1,20,134
2025,12,09,t1,20,23
2025,12,10,t1,20,77
2025,12,12,t1,20,1215
2025,12,13,t1,20,172
2025,12,14,t1,20,927
2025,12,17,t1,20,199
2025,12,18,t1,20,117
2025,12,19,t1,20,139
2025,12,20,t1,20,130
2025,12,21,t1,20,85
2025,12,22,t1,20,101
2025,12,23,t1,20,59
2025,12,24,t1,20,121
2025,12,25,t1,20,201
2025,12,t1,t1,20,9692
2025,12,01,t1,30,1625
2025,12,03,t1,30,112
2025,12,04,t1,30,95
2025,12,05,t1,30,141
2025,12,06,t1,30,222
2025,12,07,t1,30,74
2025,12,08,t1,30,95
2025,12,09,t1,30,8
2025,12,10,t1,30,35
2025,12,12,t1,30,972
2025,12,13,t1,30,103
2025,12,14,t1,30,1087
2025,12,17,t1,30,90
2025,12,18,t1,30,101
2025,12,19,t1,30,84
2025,12,20,t1,30,102
2025,12,21,t1,30,160
2025,12,22,t1,30,121
2025,12,23,t1,30,53
2025,12,24,t1,30,136
2025,12,25,t1,30,73
2025,12,t1,t1,30,5489
2025,12,01,t1,t1,8797
2025,12,03,t1,t1,700
2025,12,04,t1,t1,438
2025,12,05,t1,t1,791
2025,12,06,t1,t1,905
2025,12,07,t1,t1,340
2025,12,08,t1,t1,436
2025,12,09,t1,t1,65
2025,12,10,t1,t1,240
2025,12,12,t1,t1,3503
2025,12,13,t1,t1,690
2025,12,14,t1,t1,3957
2025,12,17,t1,t1,542
2025,12,18,t1,t1,499
2025,12,19,t1,t1,457
2025,12,20,t1,t1,414
2025,12,21,t1,t1,463
2025,12,22,t1,t1,373
2025,12,23,t1,t1,163
2025,12,24,t1,t1,432
2025,12,25,t1,t1,416
2025,12,t1,t1,t1,24621
2025,t1,01,101,10,6664
2025,t1,03,101,10,859
2025,t1,04,101,10,866
2025,t1,05,101,10,1384
2025,t1,06,101,10,1110
2025,t1,07,101,10,641
2025,t1,08,101,10,825
2025,t1,09,101,10,85
2025,t1,10,101,10,486
2025,t1,12,101,10,4842
2025,t1,13,101,10,1274
2025,t1,14,101,10,5887
2025,t1,17,101,10,789
2025,t1,18,101,10,930
2025,t1,19,101,10,905
2025,t1,20,101,10,572
2025,t1,21,101,10,546
2025,t1,22,101,10,391
2025,t1,23,101,10,138
2025,t1,24,101,10,371
2025,t1,25,101,10,244
2025,t1,t1,101,10,29809
2025,t1,01,101,20,8242
2025,t1,03,101,20,653
2025,t1,04,101,20,208
2025,t1,05,101,20,467
2025,t1,06,101,20,1293
2025,t1,07,101,20,164
2025,t1,08,101,20,218
2025,t1,09,101,20,71
2025,t1,10,101,20,112
2025,t1,12,101,20,2593
2025,t1,13,101,20,340
2025,t1,14,101,20,1327
2025,t1,17,101,20,888
2025,t1,18,101,20,265
2025,t1,19,101,20,241
2025,t1,20,101,20,223
2025,t1,21,101,20,175
2025,t1,22,101,20,189
2025,t1,23,101,20,67
2025,t1,24,101,20,181
2025,t1,25,101,20,359
2025,t1,t1,101,20,18276
2025,t1,01,101,30,2183
2025,t1,03,101,30,223
2025,t1,04,101,30,209
2025,t1,05,101,30,364
2025,t1,06,101,30,447
2025,t1,07,101,30,150
2025,t1,08,101,30,266
2025,t1,09,101,30,20
2025,t1,10,101,30,159
2025,t1,12,101,30,6359
2025,t1,13,101,30,258
2025,t1,14,101,30,2317
2025,t1,17,101,30,392
2025,t1,18,101,30,142
2025,t1,19,101,30,144
2025,t1,20,101,30,226
2025,t1,21,101,30,304
2025,t1,22,101,30,157
2025,t1,23,101,30,47
2025,t1,24,101,30,186
2025,t1,25,101,30,72
2025,t1,t1,101,30,14625
2025,t1,01,101,t1,17089
2025,t1,03,101,t1,1735
2025,t1,04,101,t1,1283
2025,t1,05,101,t1,2215
2025,t1,06,101,t1,2850
2025,t1,07,101,t1,955
2025,t1,08,101,t1,1309
2025,t1,09,101,t1,176
2025,t1,10,101,t1,757
2025,t1,12,101,t1,13794
2025,t1,13,101,t1,1872
2025,t1,14,101,t1,9531
2025,t1,17,101,t1,2069
2025,t1,18,101,t1,1337
2025,t1,19,101,t1,1290
2025,t1,20,101,t1,1021
2025,t1,21,101,t1,1025
2025,t1,22,101,t1,737
2025,t1,23,101,t1,252
2025,t1,24,101,t1,738
2025,t1,25,101,t1,675
2025,t1,t1,101,t1,62710
2025,t1,01,102,10,1148
2025,t1,03,102,10,200
2025,t1,04,102,10,219
2025,t1,05,102,10,324
2025,t1,06,102,10,293
2025,t1,07,102,10,169
2025,t1,08,102,10,212
2025,t1,09,102,10,46
2025,t1,10,102,10,112
2025,t1,12,102,10,1034
2025,t1,13,102,10,350
2025,t1,14,102,10,1319
2025,t1,17,102,10,269
2025,t1,18,102,10,295
2025,t1,19,102,10,207
2025,t1,20,102,10,207
2025,t1,21,102,10,179
2025,t1,22,102,10,156
2025,t1,23,102,10,113
2025,t1,24,102,10,149
2025,t1,25,102,10,231
2025,t1,t1,102,10,7232
2025,t1,01,102,20,3423
2025,t1,03,102,20,296
2025,t1,04,102,20,141
2025,t1,05,102,20,587
2025,t1,06,102,20,666
2025,t1,07,102,20,181
2025,t1,08,102,20,209
2025,t1,09,102,20,41
2025,t1,10,102,20,130
2025,t1,12,102,20,1560
2025,t1,13,102,20,172
2025,t1,14,102,20,930
2025,t1,17,102,20,727
2025,t1,18,102,20,276
2025,t1,19,102,20,143
2025,t1,20,102,20,321
2025,t1,21,102,20,197
2025,t1,22,102,20,288
2025,t1,23,102,20,117
2025,t1,24,102,20,182
2025,t1,25,102,20,267
2025,t1,t1,102,20,10854
2025,t1,01,102,30,650
2025,t1,03,102,30,82
2025,t1,04,102,30,52
2025,t1,05,102,30,142
2025,t1,06,102,30,113
2025,t1,07,102,30,42
2025,t1,08,102,30,77
2025,t1,09,102,30,2
2025,t1,10,102,30,23
2025,t1,12,102,30,749
2025,t1,13,102,30,62
2025,t1,14,102,30,525
2025,t1,17,102,30,306
2025,t1,18,102,30,26
2025,t1,19,102,30,46
2025,t1,20,102,30,63
2025,t1,21,102,30,182
2025,t1,22,102,30,52
2025,t1,23,102,30,5
2025,t1,24,102,30,82
2025,t1,25,102,30,35
2025,t1,t1,102,30,3316
2025,t1,01,102,t1,5221
2025,t1,03,102,t1,578
2025,t1,04,102,t1,412
2025,t1,05,102,t1,1053
2025,t1,06,102,t1,1072
2025,t1,07,102,t1,392
2025,t1,08,102,t1,498
2025,t1,09,102,t1,89
2025,t1,10,102,t1,265
2025,t1,12,102,t1,3343
2025,t1,13,102,t1,584
2025,t1,14,102,t1,2774
2025,t1,17,102,t1,1302
2025,t1,18,102,t1,597
2025,t1,19,102,t1,396
2025,t1,20,102,t1,591
2025,t1,21,102,t1,558
2025,t1,22,102,t1,496
2025,t1,23,102,t1,235
2025,t1,24,102,t1,413
2025,t1,25,102,t1,533
2025,t1,t1,102,t1,21402
2025,t1,01,103,10,7952
2025,t1,03,103,10,1125
2025,t1,04,103,10,815
2025,t1,05,103,10,1439
2025,t1,06,103,10,1276
2025,t1,07,103,10,572
2025,t1,08,103,10,679
2025,t1,09,103,10,120
2025,t1,10,103,10,448
2025,t1,12,103,10,4526
2025,t1,13,103,10,1513
2025,t1,14,103,10,6616
2025,t1,17,103,10,621
2025,t1,18,103,10,825
2025,t1,19,103,10,805
2025,t1,20,103,10,558
2025,t1,21,103,10,558
2025,t1,22,103,10,553
2025,t1,23,103,10,187
2025,t1,24,103,10,610
2025,t1,25,103,10,363
2025,t1,t1,103,10,32161
2025,t1,01,103,20,30327
2025,t1,03,103,20,827
2025,t1,04,103,20,457
2025,t1,05,103,20,939
2025,t1,06,103,20,1189
2025,t1,07,103,20,425
2025,t1,08,103,20,315
2025,t1,09,103,20,108
2025,t1,10,103,20,210
2025,t1,12,103,20,3687
2025,t1,13,103,20,790
2025,t1,14,103,20,5412
2025,t1,17,103,20,439
2025,t1,18,103,20,503
2025,t1,19,103,20,569
2025,t1,20,103,20,462
2025,t1,21,103,20,418
2025,t1,22,103,20,417
2025,t1,23,103,20,225
2025,t1,24,103,20,413
2025,t1,25,103,20,420
2025,t1,t1,103,20,48552
2025,t1,01,103,30,10413
2025,t1,03,103,30,291
2025,t1,04,103,30,243
2025,t1,05,103,30,270
2025,t1,06,103,30,680
2025,t1,07,103,30,155
2025,t1,08,103,30,327
2025,t1,09,103,30,29
2025,t1,10,103,30,145
2025,t1,12,103,30,1995
2025,t1,13,103,30,260
2025,t1,14,103,30,3080
2025,t1,17,103,30,203
2025,t1,18,103,30,213
2025,t1,19,103,30,199
2025,t1,20,103,30,205
2025,t1,21,103,30,251
2025,t1,22,103,30,245
2025,t1,23,103,30,40
2025,t1,24,103,30,311
2025,t1,25,103,30,97
2025,t1,t1,103,30,19652
2025,t1,01,103,t1,48692
2025,t1,03,103,t1,2243
2025,t1,04,103,t1,1515
2025,t1,05,103,t1,2648
2025,t1,06,103,t1,3145
2025,t1,07,103,t1,1152
2025,t1,08,103,t1,1321
2025,t1,09,103,t1,257
2025,t1,10,103,t1,803
2025,t1,12,103,t1,10208
2025,t1,13,103,t1,2563
2025,t1,14,103,t1,15108
2025,t1,17,103,t1,1263
2025,t1,18,103,t1,1541
2025,t1,19,103,t1,1573
2025,t1,20,103,t1,1225
2025,t1,21,103,t1,1227
2025,t1,22,103,t1,1215
2025,t1,23,103,t1,452
2025,t1,24,103,t1,1334
2025,t1,25,103,t1,880
2025,t1,t1,103,t1,100365
2025,t1,01,104,10,2347
2025,t1,03,104,10,491
2025,t1,04,104,10,288
2025,t1,05,104,10,525
2025,t1,06,104,10,446
2025,t1,07,104,10,178
2025,t1,08,104,10,171
2025,t1,09,104,10,47
2025,t1,10,104,10,150
2025,t1,12,104,10,1315
2025,t1,13,104,10,335
2025,t1,14,104,10,1803
2025,t1,17,104,10,261
2025,t1,18,104,10,301
2025,t1,19,104,10,156
2025,t1,20,104,10,180
2025,t1,21,104,10,327
2025,t1,22,104,10,185
2025,t1,23,104,10,41
2025,t1,24,104,10,189
2025,t1,25,104,10,126
2025,t1,t1,104,10,9862
2025,t1,01,104,20,2896
2025,t1,03,104,20,177
2025,t1,04,104,20,70
2025,t1,05,104,20,107
2025,t1,06,104,20,267
2025,t1,07,104,20,66
2025,t1,08,104,20,89
2025,t1,09,104,20,27
2025,t1,10,104,20,42
2025,t1,12,104,20,589
2025,t1,13,104,20,123
2025,t1,14,104,20,615
2025,t1,17,104,20,151
2025,t1,18,104,20,86
2025,t1,19,104,20,106
2025,t1,20,104,20,143
2025,t1,21,104,20,175
2025,t1,22,104,20,69
2025,t1,23,104,20,39
2025,t1,24,104,20,119
2025,t1,25,104,20,250
2025,t1,t1,104,20,6206
2025,t1,01,104,30,2076
2025,t1,03,104,30,192
2025,t1,04,104,30,120
2025,t1,05,104,30,747
2025,t1,06,104,30,361
2025,t1,07,104,30,104
2025,t1,08,104,30,106
2025,t1,09,104,30,29
2025,t1,10,104,30,145
2025,t1,12,104,30,530
2025,t1,13,104,30,164
2025,t1,14,104,30,1852
2025,t1,17,104,30,190
2025,t1,18,104,30,199
2025,t1,19,104,30,64
2025,t1,20,104,30,110
2025,t1,21,104,30,153
2025,t1,22,104,30,92
2025,t1,23,104,30,30
2025,t1,24,104,30,142
2025,t1,25,104,30,130
2025,t1,t1,104,30,7536
2025,t1,01,104,t1,7319
2025,t1,03,104,t1,860
2025,t1,04,104,t1,478
2025,t1,05,104,t1,1379
2025,t1,06,104,t1,1074
2025,t1,07,104,t1,348
2025,t1,08,104,t1,366
2025,t1,09,104,t1,103
2025,t1,10,104,t1,337
2025,t1,12,104,t1,2434
2025,t1,13,104,t1,622
2025,t1,14,104,t1,4270
2025,t1,17,104,t1,602
2025,t1,18,104,t1,586
2025,t1,19,104,t1,326
2025,t1,20,104,t1,433
2025,t1,21,104,t1,655
2025,t1,22,104,t1,346
2025,t1,23,104,t1,110
2025,t1,24,104,t1,450
2025,t1,25,104,t1,506
2025,t1,t1,104,t1,23604
2025,t1,01,105,10,5053
2025,t1,03,105,10,694
2025,t1,04,105,10,602
2025,t1,05,105,10,926
2025,t1,06,105,10,812
2025,t1,07,105,10,393
2025,t1,08,105,10,436
2025,t1,09,105,10,58
2025,t1,10,105,10,308
2025,t1,12,105,10,2578
2025,t1,13,105,10,807
2025,t1,14,105,10,3539
2025,t1,17,105,10,600
2025,t1,18,105,10,630
2025,t1,19,105,10,569
2025,t1,20,105,10,517
2025,t1,21,105,10,448
2025,t1,22,105,10,411
2025,t1,23,105,10,117
2025,t1,24,105,10,406
2025,t1,25,105,10,361
2025,t1,t1,105,10,20265
2025,t1,01,105,20,20382
2025,t1,03,105,20,881
2025,t1,04,105,20,338
2025,t1,05,105,20,877
2025,t1,06,105,20,1468
2025,t1,07,105,20,417
2025,t1,08,105,20,367
2025,t1,09,105,20,63
2025,t1,10,105,20,175
2025,t1,12,105,20,4910
2025,t1,13,105,20,740
2025,t1,14,105,20,3463
2025,t1,17,105,20,647
2025,t1,18,105,20,560
2025,t1,19,105,20,419
2025,t1,20,105,20,493
2025,t1,21,105,20,494
2025,t1,22,105,20,368
2025,t1,23,105,20,174
2025,t1,24,105,20,440
2025,t1,25,105,20,522
2025,t1,t1,105,20,38198
2025,t1,01,105,30,4884
2025,t1,03,105,30,237
2025,t1,04,105,30,292
2025,t1,05,105,30,414
2025,t1,06,105,30,590
2025,t1,07,105,30,220
2025,t1,08,105,30,297
2025,t1,09,105,30,33
2025,t1,10,105,30,172
2025,t1,12,105,30,2209
2025,t1,13,105,30,284
2025,t1,14,105,30,3126
2025,t1,17,105,30,203
2025,t1,18,105,30,240
2025,t1,19,105,30,195
2025,t1,20,105,30,297
2025,t1,21,105,30,284
2025,t1,22,105,30,235
2025,t1,23,105,30,92
2025,t1,24,105,30,292
2025,t1,25,105,30,164
2025,t1,t1,105,30,14760
2025,t1,01,105,t1,30319
2025,t1,03,105,t1,1812
2025,t1,04,105,t1,1232
2025,t1,05,105,t1,2217
2025,t1,06,105,t1,2870
2025,t1,07,105,t1,1030
2025,t1,08,105,t1,1100
2025,t1,09,105,t1,154
2025,t1,10,105,t1,655
2025,t1,12,105,t1,9697
2025,t1,13,105,t1,1831
2025,t1,14,105,t1,10128
2025,t1,17,105,t1,1450
2025,t1,18,105,t1,1430
2025,t1,19,105,t1,1183
2025,t1,20,105,t1,1307
2025,t1,21,105,t1,1226
2025,t1,22,105,t1,1014
2025,t1,23,105,t1,383
2025,t1,24,105,t1,1138
2025,t1,25,105,t1,1047
2025,t1,t1,105,t1,73223
2025,t1,01,106,10,39
2025,t1,03,106,10,11
2025,t1,04,106,10,7
2025,t1,05,106,10,11
2025,t1,07,106,10,2
2025,t1,08,106,10,1
2025,t1,10,106,10,2
2025,t1,12,106,10,16
2025,t1,13,106,10,7
2025,t1,14,106,10,19
2025,t1,17,106,10,12
2025,t1,18,106,10,16
2025,t1,19,106,10,9
2025,t1,20,106,10,10
2025,t1,21,106,10,24
2025,t1,22,106,10,8
2025,t1,24,106,10,5
2025,t1,25,106,10,7
2025,t1,t1,106,10,206
2025,t1,01,106,20,34
2025,t1,03,106,20,1
2025,t1,04,106,20,1
2025,t1,05,106,20,3
2025,t1,06,106,20,3
2025,t1,10,106,20,2
2025,t1,12,106,20,6
2025,t1,13,106,20,4
2025,t1,14,106,20,14
2025,t1,17,106,20,18
2025,t1,18,106,20,2
2025,t1,19,106,20,4
2025,t1,20,106,20,5
2025,t1,21,106,20,7
2025,t1,22,106,20,8
2025,t1,23,106,20,3
2025,t1,24,106,20,3
2025,t1,25,106,20,7
2025,t1,t1,106,20,125
2025,t1,01,106,30,41
2025,t1,03,106,30,38
2025,t1,04,106,30,2
2025,t1,05,106,30,21
2025,t1,06,106,30,11
2025,t1,07,106,30,4
2025,t1,09,106,30,1
2025,t1,12,106,30,1224
2025,t1,13,106,30,4
2025,t1,14,106,30,79
2025,t1,17,106,30,16
2025,t1,18,106,30,24
2025,t1,19,106,30,8
2025,t1,20,106,30,16
2025,t1,21,106,30,32
2025,t1,22,106,30,15
2025,t1,23,106,30,28
2025,t1,24,106,30,19
2025,t1,25,106,30,12
2025,t1,t1,106,30,1595
2025,t1,01,106,t1,114
2025,t1,03,106,t1,50
2025,t1,04,106,t1,10
2025,t1,05,106,t1,35
2025,t1,06,106,t1,14
2025,t1,07,106,t1,6
2025,t1,08,106,t1,1
2025,t1,09,106,t1,1
2025,t1,10,106,t1,4
2025,t1,12,106,t1,1246
2025,t1,13,106,t1,15
2025,t1,14,106,t1,112
2025,t1,17,106,t1,46
2025,t1,18,106,t1,42
2025,t1,19,106,t1,21
2025,t1,20,106,t1,31
2025,t1,21,106,t1,63
2025,t1,22,106,t1,31
2025,t1,23,106,t1,31
2025,t1,24,106,t1,27
2025,t1,25,106,t1,26
2025,t1,t1,106,t1,1926
2025,t1,01,107,10,1
2025,t1,05,107,10,1
2025,t1,08,107,10,1
2025,t1,12,107,10,3
2025,t1,14,107,10,3
2025,t1,17,107,10,1
2025,t1,t1,107,10,10
2025,t1,22,107,20,1
2025,t1,25,107,20,1
2025,t1,t1,107,20,2
2025,t1,01,107,30,1
2025,t1,t1,107,30,1
2025,t1,01,107,t1,2
2025,t1,05,107,t1,1
2025,t1,08,107,t1,1
2025,t1,12,107,t1,3
2025,t1,14,107,t1,3
2025,t1,17,107,t1,1
2025,t1,22,107,t1,1
2025,t1,25,107,t1,1
2025,t1,t1,107,t1,13
2025,t1,01,109,10,6
2025,t1,03,109,10,1
2025,t1,04,109,10,1
2025,t1,05,109,10,1
2025,t1,08,109,10,2
2025,t1,12,109,10,7
2025,t1,14,109,10,2
2025,t1,17,109,10,2
2025,t1,18,109,10,2
2025,t1,25,109,10,2
2025,t1,t1,109,10,26
2025,t1,04,109,20,1
2025,t1,07,109,20,4
2025,t1,12,109,20,1
2025,t1,20,109,20,1
2025,t1,t1,109,20,7
2025,t1,01,109,t1,6
2025,t1,03,109,t1,1
2025,t1,04,109,t1,2
2025,t1,05,109,t1,1
2025,t1,07,109,t1,4
2025,t1,08,109,t1,2
2025,t1,12,109,t1,8
2025,t1,14,109,t1,2
2025,t1,17,109,t1,2
2025,t1,18,109,t1,2
2025,t1,20,109,t1,1
2025,t1,25,109,t1,2
2025,t1,t1,109,t1,33
2025,t1,01,t1,10,23210
2025,t1,03,t1,10,3381
2025,t1,04,t1,10,2798
2025,t1,05,t1,10,4611
2025,t1,06,t1,10,3937
2025,t1,07,t1,10,1955
2025,t1,08,t1,10,2327
2025,t1,09,t1,10,356
2025,t1,10,t1,10,1506
2025,t1,12,t1,10,14321
2025,t1,13,t1,10,4286
2025,t1,14,t1,10,19188
2025,t1,17,t1,10,2555
2025,t1,18,t1,10,2999
2025,t1,19,t1,10,2651
2025,t1,20,t1,10,2044
2025,t1,21,t1,10,2082
2025,t1,22,t1,10,1704
2025,t1,23,t1,10,596
2025,t1,24,t1,10,1730
2025,t1,25,t1,10,1334
2025,t1,t1,t1,10,99571
2025,t1,01,t1,20,65304
2025,t1,03,t1,20,2835
2025,t1,04,t1,20,1216
2025,t1,05,t1,20,2980
2025,t1,06,t1,20,4886
2025,t1,07,t1,20,1257
2025,t1,08,t1,20,1198
2025,t1,09,t1,20,310
2025,t1,10,t1,20,671
2025,t1,12,t1,20,13346
2025,t1,13,t1,20,2169
2025,t1,14,t1,20,11761
2025,t1,17,t1,20,2870
2025,t1,18,t1,20,1692
2025,t1,19,t1,20,1482
2025,t1,20,t1,20,1648
2025,t1,21,t1,20,1466
2025,t1,22,t1,20,1340
2025,t1,23,t1,20,625
2025,t1,24,t1,20,1338
2025,t1,25,t1,20,1826
2025,t1,t1,t1,20,122220
2025,t1,01,t1,30,20248
2025,t1,03,t1,30,1063
2025,t1,04,t1,30,918
2025,t1,05,t1,30,1958
2025,t1,06,t1,30,2202
2025,t1,07,t1,30,675
2025,t1,08,t1,30,1073
2025,t1,09,t1,30,114
2025,t1,10,t1,30,644
2025,t1,12,t1,30,13066
2025,t1,13,t1,30,1032
2025,t1,14,t1,30,10979
2025,t1,17,t1,30,1310
2025,t1,18,t1,30,844
2025,t1,19,t1,30,656
2025,t1,20,t1,30,917
2025,t1,21,t1,30,1206
2025,t1,22,t1,30,796
2025,t1,23,t1,30,242
2025,t1,24,t1,30,1032
2025,t1,25,t1,30,510
2025,t1,t1,t1,30,61485
2025,t1,01,t1,t1,108762
2025,t1,03,t1,t1,7279
2025,t1,04,t1,t1,4932
2025,t1,05,t1,t1,9549
2025,t1,06,t1,t1,11025
2025,t1,07,t1,t1,3887
2025,t1,08,t1,t1,4598
2025,t1,09,t1,t1,780
2025,t1,10,t1,t1,2821
2025,t1,12,t1,t1,40733
2025,t1,13,t1,t1,7487
2025,t1,14,t1,t1,41928
2025,t1,17,t1,t1,6735
2025,t1,18,t1,t1,5535
2025,t1,19,t1,t1,4789
2025,t1,20,t1,t1,4609
2025,t1,21,t1,t1,4754
2025,t1,22,t1,t1,3840
2025,t1,23,t1,t1,1463
2025,t1,24,t1,t1,4100
2025,t1,25,t1,t1,3670
2025,t1,t1,t1,t1,283276
2026,01,01,101,10,320
2026,01,03,101,10,45
2026,01,04,101,10,48
2026,01,05,101,10,90
2026,01,06,101,10,64
2026,01,07,101,10,28
2026,01,08,101,10,38
2026,01,09,101,10,4
2026,01,10,101,10,22
2026,01,12,101,10,267
2026,01,13,101,10,75
2026,01,14,101,10,274
2026,01,17,101,10,49
2026,01,18,101,10,39
2026,01,19,101,10,36
2026,01,20,101,10,31
2026,01,21,101,10,26
2026,01,22,101,10,24
2026,01,23,101,10,9
2026,01,24,101,10,15
2026,01,25,101,10,17
2026,01,t1,101,10,1521
2026,01,01,101,20,425
2026,01,03,101,20,7
2026,01,04,101,20,5
2026,01,05,101,20,21
2026,01,06,101,20,49
2026,01,07,101,20,18
2026,01,08,101,20,7
2026,01,09,101,20,3
2026,01,10,101,20,7
2026,01,12,101,20,223
2026,01,13,101,20,21
2026,01,14,101,20,86
2026,01,17,101,20,25
2026,01,18,101,20,8
2026,01,19,101,20,7
2026,01,20,101,20,11
2026,01,21,101,20,10
2026,01,22,101,20,11
2026,01,23,101,20,2
2026,01,24,101,20,10
2026,01,25,101,20,23
2026,01,t1,101,20,979
2026,01,01,101,30,113
2026,01,03,101,30,12
2026,01,04,101,30,10
2026,01,05,101,30,21
2026,01,06,101,30,46
2026,01,07,101,30,16
2026,01,08,101,30,20
2026,01,09,101,30,2
2026,01,10,101,30,17
2026,01,12,101,30,345
2026,01,13,101,30,13
2026,01,14,101,30,159
2026,01,17,101,30,42
2026,01,18,101,30,7
2026,01,19,101,30,12
2026,01,20,101,30,20
2026,01,21,101,30,20
2026,01,22,101,30,11
2026,01,23,101,30,2
2026,01,24,101,30,26
2026,01,25,101,30,20
2026,01,t1,101,30,934
2026,01,01,101,t1,858
2026,01,03,101,t1,64
2026,01,04,101,t1,63
2026,01,05,101,t1,132
2026,01,06,101,t1,159
2026,01,07,101,t1,62
2026,01,08,101,t1,65
2026,01,09,101,t1,9
2026,01,10,101,t1,46
2026,01,12,101,t1,835
2026,01,13,101,t1,109
2026,01,14,101,t1,519
2026,01,17,101,t1,116
2026,01,18,101,t1,54
2026,01,19,101,t1,55
2026,01,20,101,t1,62
2026,01,21,101,t1,56
2026,01,22,101,t1,46
2026,01,23,101,t1,13
2026,01,24,101,t1,51
2026,01,25,101,t1,60
2026,01,t1,101,t1,3434
2026,01,01,102,10,51
2026,01,03,102,10,6
2026,01,04,102,10,6
2026,01,05,102,10,11
2026,01,06,102,10,6
2026,01,07,102,10,15
2026,01,08,102,10,9
2026,01,09,102,10,4
2026,01,10,102,10,5
2026,01,12,102,10,60
2026,01,13,102,10,18
2026,01,14,102,10,53
2026,01,17,102,10,15
2026,01,18,102,10,15
2026,01,19,102,10,12
2026,01,20,102,10,6
2026,01,21,102,10,8
2026,01,22,102,10,6
2026,01,23,102,10,3
2026,01,24,102,10,4
2026,01,25,102,10,10
2026,01,t1,102,10,323
2026,01,01,102,20,198
2026,01,03,102,20,14
2026,01,04,102,20,4
2026,01,05,102,20,15
2026,01,06,102,20,30
2026,01,07,102,20,2
2026,01,08,102,20,27
2026,01,09,102,20,1
2026,01,10,102,20,12
2026,01,12,102,20,112
2026,01,13,102,20,17
2026,01,14,102,20,52
2026,01,17,102,20,60
2026,01,18,102,20,11
2026,01,19,102,20,10
2026,01,20,102,20,12
2026,01,21,102,20,24
2026,01,22,102,20,15
2026,01,23,102,20,5
2026,01,24,102,20,14
2026,01,25,102,20,22
2026,01,t1,102,20,657
2026,01,01,102,30,11
2026,01,03,102,30,3
2026,01,04,102,30,2
2026,01,05,102,30,18
2026,01,06,102,30,10
2026,01,08,102,30,2
2026,01,10,102,30,1
2026,01,12,102,30,57
2026,01,13,102,30,6
2026,01,14,102,30,34
2026,01,17,102,30,13
2026,01,18,102,30,2
2026,01,19,102,30,1
2026,01,20,102,30,2
2026,01,21,102,30,1
2026,01,22,102,30,5
2026,01,24,102,30,5
2026,01,t1,102,30,173
2026,01,01,102,t1,260
2026,01,03,102,t1,23
2026,01,04,102,t1,12
2026,01,05,102,t1,44
2026,01,06,102,t1,46
2026,01,07,102,t1,17
2026,01,08,102,t1,38
2026,01,09,102,t1,5
2026,01,10,102,t1,18
2026,01,12,102,t1,229
2026,01,13,102,t1,41
2026,01,14,102,t1,139
2026,01,17,102,t1,88
2026,01,18,102,t1,28
2026,01,19,102,t1,23
2026,01,20,102,t1,20
2026,01,21,102,t1,33
2026,01,22,102,t1,26
2026,01,23,102,t1,8
2026,01,24,102,t1,23
2026,01,25,102,t1,32
2026,01,t1,102,t1,1153
2026,01,01,103,10,567
2026,01,03,103,10,88
2026,01,04,103,10,76
2026,01,05,103,10,101
2026,01,06,103,10,86
2026,01,07,103,10,45
2026,01,08,103,10,37
2026,01,09,103,10,8
2026,01,10,103,10,23
2026,01,12,103,10,383
2026,01,13,103,10,129
2026,01,14,103,10,606
2026,01,17,103,10,50
2026,01,18,103,10,70
2026,01,19,103,10,64
2026,01,20,103,10,48
2026,01,21,103,10,38
2026,01,22,103,10,36
2026,01,23,103,10,13
2026,01,24,103,10,38
2026,01,25,103,10,26
2026,01,t1,103,10,2532
2026,01,01,103,20,2012
2026,01,03,103,20,55
2026,01,04,103,20,45
2026,01,05,103,20,50
2026,01,06,103,20,82
2026,01,07,103,20,33
2026,01,08,103,20,23
2026,01,09,103,20,6
2026,01,10,103,20,14
2026,01,12,103,20,225
2026,01,13,103,20,60
2026,01,14,103,20,390
2026,01,17,103,20,30
2026,01,18,103,20,23
2026,01,19,103,20,45
2026,01,20,103,20,28
2026,01,21,103,20,33
2026,01,22,103,20,22
2026,01,23,103,20,28
2026,01,24,103,20,22
2026,01,25,103,20,21
2026,01,t1,103,20,3247
2026,01,01,103,30,382
2026,01,03,103,30,18
2026,01,04,103,30,15
2026,01,05,103,30,22
2026,01,06,103,30,26
2026,01,07,103,30,11
2026,01,08,103,30,17
2026,01,09,103,30,1
2026,01,10,103,30,10
2026,01,12,103,30,99
2026,01,13,103,30,29
2026,01,14,103,30,188
2026,01,17,103,30,15
2026,01,18,103,30,15
2026,01,19,103,30,18
2026,01,20,103,30,19
2026,01,21,103,30,31
2026,01,22,103,30,13
2026,01,23,103,30,7
2026,01,24,103,30,24
2026,01,25,103,30,11
2026,01,t1,103,30,971
2026,01,01,103,t1,2961
2026,01,03,103,t1,161
2026,01,04,103,t1,136
2026,01,05,103,t1,173
2026,01,06,103,t1,194
2026,01,07,103,t1,89
2026,01,08,103,t1,77
2026,01,09,103,t1,15
2026,01,10,103,t1,47
2026,01,12,103,t1,707
2026,01,13,103,t1,218
2026,01,14,103,t1,1184
2026,01,17,103,t1,95
2026,01,18,103,t1,108
2026,01,19,103,t1,127
2026,01,20,103,t1,95
2026,01,21,103,t1,102
2026,01,22,103,t1,71
2026,01,23,103,t1,48
2026,01,24,103,t1,84
2026,01,25,103,t1,58
2026,01,t1,103,t1,6750
2026,01,01,104,10,216
2026,01,03,104,10,30
2026,01,04,104,10,21
2026,01,05,104,10,44
2026,01,06,104,10,27
2026,01,07,104,10,13
2026,01,08,104,10,15
2026,01,09,104,10,1
2026,01,10,104,10,15
2026,01,12,104,10,104
2026,01,13,104,10,40
2026,01,14,104,10,157
2026,01,17,104,10,23
2026,01,18,104,10,21
2026,01,19,104,10,14
2026,01,20,104,10,8
2026,01,21,104,10,18
2026,01,22,104,10,17
2026,01,23,104,10,6
2026,01,24,104,10,13
2026,01,25,104,10,15
2026,01,t1,104,10,818
2026,01,01,104,20,142
2026,01,03,104,20,13
2026,01,04,104,20,4
2026,01,05,104,20,12
2026,01,06,104,20,16
2026,01,07,104,20,5
2026,01,08,104,20,4
2026,01,09,104,20,1
2026,01,10,104,20,1
2026,01,12,104,20,22
2026,01,13,104,20,11
2026,01,14,104,20,57
2026,01,17,104,20,5
2026,01,18,104,20,5
2026,01,19,104,20,4
2026,01,20,104,20,3
2026,01,21,104,20,4
2026,01,24,104,20,6
2026,01,25,104,20,13
2026,01,t1,104,20,328
2026,01,01,104,30,156
2026,01,03,104,30,22
2026,01,04,104,30,15
2026,01,05,104,30,26
2026,01,06,104,30,20
2026,01,07,104,30,3
2026,01,08,104,30,7
2026,01,09,104,30,1
2026,01,10,104,30,4
2026,01,12,104,30,50
2026,01,13,104,30,16
2026,01,14,104,30,75
2026,01,17,104,30,7
2026,01,18,104,30,6
2026,01,19,104,30,5
2026,01,20,104,30,12
2026,01,21,104,30,16
2026,01,22,104,30,5
2026,01,23,104,30,2
2026,01,24,104,30,7
2026,01,25,104,30,8
2026,01,t1,104,30,463
2026,01,01,104,t1,514
2026,01,03,104,t1,65
2026,01,04,104,t1,40
2026,01,05,104,t1,82
2026,01,06,104,t1,63
2026,01,07,104,t1,21
2026,01,08,104,t1,26
2026,01,09,104,t1,3
2026,01,10,104,t1,20
2026,01,12,104,t1,176
2026,01,13,104,t1,67
2026,01,14,104,t1,289
2026,01,17,104,t1,35
2026,01,18,104,t1,32
2026,01,19,104,t1,23
2026,01,20,104,t1,23
2026,01,21,104,t1,38
2026,01,22,104,t1,22
2026,01,23,104,t1,8
2026,01,24,104,t1,26
2026,01,25,104,t1,36
2026,01,t1,104,t1,1609
2026,01,01,105,10,331
2026,01,03,105,10,37
2026,01,04,105,10,40
2026,01,05,105,10,50
2026,01,06,105,10,44
2026,01,07,105,10,31
2026,01,08,105,10,19
2026,01,09,105,10,6
2026,01,10,105,10,17
2026,01,12,105,10,134
2026,01,13,105,10,43
2026,01,14,105,10,168
2026,01,17,105,10,27
2026,01,18,105,10,26
2026,01,19,105,10,33
2026,01,20,105,10,26
2026,01,21,105,10,12
2026,01,22,105,10,9
2026,01,23,105,10,7
2026,01,24,105,10,20
2026,01,25,105,10,13
2026,01,t1,105,10,1093
2026,01,01,105,20,1005
2026,01,03,105,20,21
2026,01,04,105,20,20
2026,01,05,105,20,66
2026,01,06,105,20,88
2026,01,07,105,20,22
2026,01,08,105,20,16
2026,01,09,105,20,4
2026,01,10,105,20,11
2026,01,12,105,20,137
2026,01,13,105,20,35
2026,01,14,105,20,196
2026,01,17,105,20,29
2026,01,18,105,20,23
2026,01,19,105,20,29
2026,01,20,105,20,25
2026,01,21,105,20,20
2026,01,22,105,20,25
2026,01,23,105,20,7
2026,01,24,105,20,27
2026,01,25,105,20,18
2026,01,t1,105,20,1824
2026,01,01,105,30,165
2026,01,03,105,30,19
2026,01,04,105,30,17
2026,01,05,105,30,34
2026,01,06,105,30,30
2026,01,07,105,30,18
2026,01,08,105,30,12
2026,01,09,105,30,1
2026,01,10,105,30,10
2026,01,12,105,30,95
2026,01,13,105,30,27
2026,01,14,105,30,159
2026,01,17,105,30,15
2026,01,18,105,30,17
2026,01,19,105,30,10
2026,01,20,105,30,34
2026,01,21,105,30,13
2026,01,22,105,30,8
2026,01,23,105,30,4
2026,01,24,105,30,17
2026,01,25,105,30,8
2026,01,t1,105,30,713
2026,01,01,105,t1,1501
2026,01,03,105,t1,77
2026,01,04,105,t1,77
2026,01,05,105,t1,150
2026,01,06,105,t1,162
2026,01,07,105,t1,71
2026,01,08,105,t1,47
2026,01,09,105,t1,11
2026,01,10,105,t1,38
2026,01,12,105,t1,366
2026,01,13,105,t1,105
2026,01,14,105,t1,523
2026,01,17,105,t1,71
2026,01,18,105,t1,66
2026,01,19,105,t1,72
2026,01,20,105,t1,85
2026,01,21,105,t1,45
2026,01,22,105,t1,42
2026,01,23,105,t1,18
2026,01,24,105,t1,64
2026,01,25,105,t1,39
2026,01,t1,105,t1,3630
2026,01,01,106,10,7
2026,01,03,106,10,2
2026,01,04,106,10,2
2026,01,05,106,10,2
2026,01,06,106,10,3
2026,01,12,106,10,2
2026,01,14,106,10,5
2026,01,17,106,10,3
2026,01,18,106,10,1
2026,01,19,106,10,1
2026,01,20,106,10,2
2026,01,21,106,10,2
2026,01,24,106,10,1
2026,01,25,106,10,2
2026,01,t1,106,10,35
2026,01,01,106,20,2
2026,01,05,106,20,1
2026,01,12,106,20,1
2026,01,13,106,20,1
2026,01,14,106,20,2
2026,01,17,106,20,1
2026,01,20,106,20,2
2026,01,21,106,20,1
2026,01,22,106,20,6
2026,01,23,106,20,1
2026,01,25,106,20,5
2026,01,t1,106,20,23
2026,01,01,106,30,1
2026,01,03,106,30,7
2026,01,05,106,30,3
2026,01,06,106,30,3
2026,01,07,106,30,1
2026,01,12,106,30,3
2026,01,14,106,30,1
2026,01,18,106,30,3
2026,01,20,106,30,3
2026,01,21,106,30,3
2026,01,22,106,30,2
2026,01,t1,106,30,30
2026,01,01,106,t1,10
2026,01,03,106,t1,9
2026,01,04,106,t1,2
2026,01,05,106,t1,6
2026,01,06,106,t1,6
2026,01,07,106,t1,1
2026,01,12,106,t1,6
2026,01,13,106,t1,1
2026,01,14,106,t1,8
2026,01,17,106,t1,4
2026,01,18,106,t1,4
2026,01,19,106,t1,1
2026,01,20,106,t1,7
2026,01,21,106,t1,6
2026,01,22,106,t1,8
2026,01,23,106,t1,1
2026,01,24,106,t1,1
2026,01,25,106,t1,7
2026,01,t1,106,t1,88
2026,01,03,107,10,1
2026,01,04,107,10,1
2026,01,t1,107,10,2
2026,01,03,107,t1,1
2026,01,04,107,t1,1
2026,01,t1,107,t1,2
2026,01,14,109,10,1
2026,01,t1,109,10,1
2026,01,14,109,t1,1
2026,01,t1,109,t1,1
2026,01,01,t1,10,1492
2026,01,03,t1,10,209
2026,01,04,t1,10,194
2026,01,05,t1,10,298
2026,01,06,t1,10,230
2026,01,07,t1,10,132
2026,01,08,t1,10,118
2026,01,09,t1,10,23
2026,01,10,t1,10,82
2026,01,12,t1,10,950
2026,01,13,t1,10,305
2026,01,14,t1,10,1264
2026,01,17,t1,10,167
2026,01,18,t1,10,172
2026,01,19,t1,10,160
2026,01,20,t1,10,121
2026,01,21,t1,10,104
2026,01,22,t1,10,92
2026,01,23,t1,10,38
2026,01,24,t1,10,91
2026,01,25,t1,10,83
2026,01,t1,t1,10,6325
2026,01,01,t1,20,3784
2026,01,03,t1,20,110
2026,01,04,t1,20,78
2026,01,05,t1,20,165
2026,01,06,t1,20,265
2026,01,07,t1,20,80
2026,01,08,t1,20,77
2026,01,09,t1,20,15
2026,01,10,t1,20,45
2026,01,12,t1,20,720
2026,01,13,t1,20,145
2026,01,14,t1,20,783
2026,01,17,t1,20,150
2026,01,18,t1,20,70
2026,01,19,t1,20,95
2026,01,20,t1,20,81
2026,01,21,t1,20,92
2026,01,22,t1,20,79
2026,01,23,t1,20,43
2026,01,24,t1,20,79
2026,01,25,t1,20,102
2026,01,t1,t1,20,7058
2026,01,01,t1,30,828
2026,01,03,t1,30,81
2026,01,04,t1,30,59
2026,01,05,t1,30,124
2026,01,06,t1,30,135
2026,01,07,t1,30,49
2026,01,08,t1,30,58
2026,01,09,t1,30,5
2026,01,10,t1,30,42
2026,01,12,t1,30,649
2026,01,13,t1,30,91
2026,01,14,t1,30,616
2026,01,17,t1,30,92
2026,01,18,t1,30,50
2026,01,19,t1,30,46
2026,01,20,t1,30,90
2026,01,21,t1,30,84
2026,01,22,t1,30,44
2026,01,23,t1,30,15
2026,01,24,t1,30,79
2026,01,25,t1,30,47
2026,01,t1,t1,30,3284
2026,01,01,t1,t1,6104
2026,01,03,t1,t1,400
2026,01,04,t1,t1,331
2026,01,05,t1,t1,587
2026,01,06,t1,t1,630
2026,01,07,t1,t1,261
2026,01,08,t1,t1,253
2026,01,09,t1,t1,43
2026,01,10,t1,t1,169
2026,01,12,t1,t1,2319
2026,01,13,t1,t1,541
2026,01,14,t1,t1,2663
2026,01,17,t1,t1,409
2026,01,18,t1,t1,292
2026,01,19,t1,t1,301
2026,01,20,t1,t1,292
2026,01,21,t1,t1,280
2026,01,22,t1,t1,215
2026,01,23,t1,t1,96
2026,01,24,t1,t1,249
2026,01,25,t1,t1,232
2026,01,t1,t1,t1,16667
2026,02,01,101,10,406
2026,02,03,101,10,38
2026,02,04,101,10,37
2026,02,05,101,10,84
2026,02,06,101,10,55
2026,02,07,101,10,52
2026,02,08,101,10,41
2026,02,09,101,10,6
2026,02,10,101,10,26
2026,02,12,101,10,315
2026,02,13,101,10,74
2026,02,14,101,10,364
2026,02,17,101,10,44
2026,02,18,101,10,61
2026,02,19,101,10,39
2026,02,20,101,10,27
2026,02,21,101,10,31
2026,02,22,101,10,26
2026,02,23,101,10,6
2026,02,24,101,10,16
2026,02,25,101,10,19
2026,02,t1,101,10,1767
2026,02,01,101,20,522
2026,02,03,101,20,16
2026,02,04,101,20,15
2026,02,05,101,20,21
2026,02,06,101,20,82
2026,02,07,101,20,11
2026,02,08,101,20,15
2026,02,09,101,20,2
2026,02,10,101,20,16
2026,02,12,101,20,208
2026,02,13,101,20,19
2026,02,14,101,20,90
2026,02,17,101,20,39
2026,02,18,101,20,14
2026,02,19,101,20,8
2026,02,20,101,20,4
2026,02,21,101,20,9
2026,02,22,101,20,10
2026,02,23,101,20,6
2026,02,24,101,20,25
2026,02,25,101,20,33
2026,02,t1,101,20,1165
2026,02,01,101,30,119
2026,02,03,101,30,18
2026,02,04,101,30,16
2026,02,05,101,30,23
2026,02,06,101,30,27
2026,02,07,101,30,28
2026,02,08,101,30,27
2026,02,10,101,30,13
2026,02,12,101,30,534
2026,02,13,101,30,12
2026,02,14,101,30,211
2026,02,17,101,30,35
2026,02,18,101,30,11
2026,02,19,101,30,17
2026,02,20,101,30,19
2026,02,21,101,30,17
2026,02,22,101,30,10
2026,02,23,101,30,11
2026,02,24,101,30,26
2026,02,25,101,30,20
2026,02,t1,101,30,1194
2026,02,01,101,t1,1047
2026,02,03,101,t1,72
2026,02,04,101,t1,68
2026,02,05,101,t1,128
2026,02,06,101,t1,164
2026,02,07,101,t1,91
2026,02,08,101,t1,83
2026,02,09,101,t1,8
2026,02,10,101,t1,55
2026,02,12,101,t1,1057
2026,02,13,101,t1,105
2026,02,14,101,t1,665
2026,02,17,101,t1,118
2026,02,18,101,t1,86
2026,02,19,101,t1,64
2026,02,20,101,t1,50
2026,02,21,101,t1,57
2026,02,22,101,t1,46
2026,02,23,101,t1,23
2026,02,24,101,t1,67
2026,02,25,101,t1,72
2026,02,t1,101,t1,4126
2026,02,01,102,10,69
2026,02,03,102,10,14
2026,02,04,102,10,20
2026,02,05,102,10,23
2026,02,06,102,10,20
2026,02,07,102,10,13
2026,02,08,102,10,19
2026,02,09,102,10,4
2026,02,10,102,10,6
2026,02,12,102,10,81
2026,02,13,102,10,25
2026,02,14,102,10,72
2026,02,17,102,10,14
2026,02,18,102,10,21
2026,02,19,102,10,13
2026,02,20,102,10,5
2026,02,21,102,10,6
2026,02,22,102,10,9
2026,02,23,102,10,8
2026,02,24,102,10,8
2026,02,25,102,10,12
2026,02,t1,102,10,462
2026,02,01,102,20,318
2026,02,03,102,20,26
2026,02,04,102,20,8
2026,02,05,102,20,29
2026,02,06,102,20,78
2026,02,07,102,20,8
2026,02,08,102,20,21
2026,02,09,102,20,2
2026,02,10,102,20,20
2026,02,12,102,20,90
2026,02,13,102,20,9
2026,02,14,102,20,84
2026,02,17,102,20,37
2026,02,18,102,20,23
2026,02,19,102,20,17
2026,02,20,102,20,31
2026,02,21,102,20,11
2026,02,22,102,20,30
2026,02,23,102,20,4
2026,02,24,102,20,15
2026,02,25,102,20,24
2026,02,t1,102,20,885
2026,02,01,102,30,17
2026,02,03,102,30,4
2026,02,04,102,30,5
2026,02,05,102,30,17
2026,02,06,102,30,4
2026,02,07,102,30,34
2026,02,08,102,30,7
2026,02,10,102,30,2
2026,02,12,102,30,35
2026,02,13,102,30,11
2026,02,14,102,30,62
2026,02,17,102,30,16
2026,02,19,102,30,1
2026,02,20,102,30,4
2026,02,21,102,30,2
2026,02,22,102,30,2
2026,02,24,102,30,5
2026,02,25,102,30,1
2026,02,t1,102,30,229
2026,02,01,102,t1,404
2026,02,03,102,t1,44
2026,02,04,102,t1,33
2026,02,05,102,t1,69
2026,02,06,102,t1,102
2026,02,07,102,t1,55
2026,02,08,102,t1,47
2026,02,09,102,t1,6
2026,02,10,102,t1,28
2026,02,12,102,t1,206
2026,02,13,102,t1,45
2026,02,14,102,t1,218
2026,02,17,102,t1,67
2026,02,18,102,t1,44
2026,02,19,102,t1,31
2026,02,20,102,t1,40
2026,02,21,102,t1,19
2026,02,22,102,t1,41
2026,02,23,102,t1,12
2026,02,24,102,t1,28
2026,02,25,102,t1,37
2026,02,t1,102,t1,1576
2026,02,01,103,10,582
2026,02,03,103,10,93
2026,02,04,103,10,65
2026,02,05,103,10,108
2026,02,06,103,10,81
2026,02,07,103,10,49
2026,02,08,103,10,51
2026,02,09,103,10,11
2026,02,10,103,10,34
2026,02,12,103,10,417
2026,02,13,103,10,120
2026,02,14,103,10,589
2026,02,17,103,10,52
2026,02,18,103,10,75
2026,02,19,103,10,63
2026,02,20,103,10,47
2026,02,21,103,10,43
2026,02,22,103,10,48
2026,02,23,103,10,19
2026,02,24,103,10,54
2026,02,25,103,10,36
2026,02,t1,103,10,2637
2026,02,01,103,20,2085
2026,02,03,103,20,72
2026,02,04,103,20,30
2026,02,05,103,20,79
2026,02,06,103,20,71
2026,02,07,103,20,35
2026,02,08,103,20,28
2026,02,09,103,20,3
2026,02,10,103,20,15
2026,02,12,103,20,255
2026,02,13,103,20,71
2026,02,14,103,20,388
2026,02,17,103,20,30
2026,02,18,103,20,55
2026,02,19,103,20,35
2026,02,20,103,20,20
2026,02,21,103,20,25
2026,02,22,103,20,30
2026,02,23,103,20,25
2026,02,24,103,20,36
2026,02,25,103,20,25
2026,02,t1,103,20,3413
2026,02,01,103,30,1053
2026,02,03,103,30,17
2026,02,04,103,30,11
2026,02,05,103,30,19
2026,02,06,103,30,27
2026,02,07,103,30,6
2026,02,08,103,30,12
2026,02,09,103,30,4
2026,02,10,103,30,4
2026,02,12,103,30,131
2026,02,13,103,30,20
2026,02,14,103,30,189
2026,02,17,103,30,18
2026,02,18,103,30,16
2026,02,19,103,30,7
2026,02,20,103,30,20
2026,02,21,103,30,30
2026,02,22,103,30,14
2026,02,23,103,30,6
2026,02,24,103,30,17
2026,02,25,103,30,15
2026,02,t1,103,30,1636
2026,02,01,103,t1,3720
2026,02,03,103,t1,182
2026,02,04,103,t1,106
2026,02,05,103,t1,206
2026,02,06,103,t1,179
2026,02,07,103,t1,90
2026,02,08,103,t1,91
2026,02,09,103,t1,18
2026,02,10,103,t1,53
2026,02,12,103,t1,803
2026,02,13,103,t1,211
2026,02,14,103,t1,1166
2026,02,17,103,t1,100
2026,02,18,103,t1,146
2026,02,19,103,t1,105
2026,02,20,103,t1,87
2026,02,21,103,t1,98
2026,02,22,103,t1,92
2026,02,23,103,t1,50
2026,02,24,103,t1,107
2026,02,25,103,t1,76
2026,02,t1,103,t1,7686
2026,02,01,104,10,166
2026,02,03,104,10,32
2026,02,04,104,10,21
2026,02,05,104,10,51
2026,02,06,104,10,31
2026,02,07,104,10,15
2026,02,08,104,10,10
2026,02,09,104,10,4
2026,02,10,104,10,6
2026,02,12,104,10,113
2026,02,13,104,10,23
2026,02,14,104,10,148
2026,02,17,104,10,14
2026,02,18,104,10,28
2026,02,19,104,10,14
2026,02,20,104,10,6
2026,02,21,104,10,21
2026,02,22,104,10,15
2026,02,23,104,10,6
2026,02,24,104,10,15
2026,02,25,104,10,9
2026,02,t1,104,10,748
2026,02,01,104,20,179
2026,02,03,104,20,23
2026,02,04,104,20,3
2026,02,05,104,20,14
2026,02,06,104,20,17
2026,02,07,104,20,1
2026,02,08,104,20,2
2026,02,09,104,20,1
2026,02,10,104,20,2
2026,02,12,104,20,40
2026,02,13,104,20,16
2026,02,14,104,20,48
2026,02,17,104,20,28
2026,02,18,104,20,3
2026,02,19,104,20,15
2026,02,20,104,20,3
2026,02,21,104,20,5
2026,02,22,104,20,2
2026,02,23,104,20,2
2026,02,24,104,20,4
2026,02,25,104,20,21
2026,02,t1,104,20,429
2026,02,01,104,30,54
2026,02,03,104,30,15
2026,02,04,104,30,10
2026,02,05,104,30,22
2026,02,06,104,30,27
2026,02,07,104,30,4
2026,02,08,104,30,2
2026,02,09,104,30,3
2026,02,10,104,30,4
2026,02,12,104,30,46
2026,02,13,104,30,8
2026,02,14,104,30,128
2026,02,17,104,30,14
2026,02,18,104,30,6
2026,02,19,104,30,3
2026,02,20,104,30,2
2026,02,21,104,30,8
2026,02,22,104,30,9
2026,02,23,104,30,12
2026,02,24,104,30,7
2026,02,25,104,30,7
2026,02,t1,104,30,391
2026,02,01,104,t1,399
2026,02,03,104,t1,70
2026,02,04,104,t1,34
2026,02,05,104,t1,87
2026,02,06,104,t1,75
2026,02,07,104,t1,20
2026,02,08,104,t1,14
2026,02,09,104,t1,8
2026,02,10,104,t1,12
2026,02,12,104,t1,199
2026,02,13,104,t1,47
2026,02,14,104,t1,324
2026,02,17,104,t1,56
2026,02,18,104,t1,37
2026,02,19,104,t1,32
2026,02,20,104,t1,11
2026,02,21,104,t1,34
2026,02,22,104,t1,26
2026,02,23,104,t1,20
2026,02,24,104,t1,26
2026,02,25,104,t1,37
2026,02,t1,104,t1,1568
2026,02,01,105,10,366
2026,02,03,105,10,41
2026,02,04,105,10,44
2026,02,05,105,10,77
2026,02,06,105,10,60
2026,02,07,105,10,24
2026,02,08,105,10,33
2026,02,09,105,10,6
2026,02,10,105,10,20
2026,02,12,105,10,200
2026,02,13,105,10,46
2026,02,14,105,10,233
2026,02,17,105,10,30
2026,02,18,105,10,43
2026,02,19,105,10,29
2026,02,20,105,10,34
2026,02,21,105,10,34
2026,02,22,105,10,22
2026,02,23,105,10,9
2026,02,24,105,10,24
2026,02,25,105,10,13
2026,02,t1,105,10,1388
2026,02,01,105,20,1478
2026,02,03,105,20,64
2026,02,04,105,20,18
2026,02,05,105,20,72
2026,02,06,105,20,87
2026,02,07,105,20,26
2026,02,08,105,20,15
2026,02,09,105,20,2
2026,02,10,105,20,13
2026,02,12,105,20,274
2026,02,13,105,20,51
2026,02,14,105,20,250
2026,02,17,105,20,35
2026,02,18,105,20,88
2026,02,19,105,20,30
2026,02,20,105,20,43
2026,02,21,105,20,26
2026,02,22,105,20,26
2026,02,23,105,20,12
2026,02,24,105,20,22
2026,02,25,105,20,39
2026,02,t1,105,20,2671
2026,02,01,105,30,233
2026,02,03,105,30,18
2026,02,04,105,30,15
2026,02,05,105,30,20
2026,02,06,105,30,29
2026,02,07,105,30,11
2026,02,08,105,30,21
2026,02,09,105,30,4
2026,02,10,105,30,12
2026,02,12,105,30,91
2026,02,13,105,30,29
2026,02,14,105,30,271
2026,02,17,105,30,32
2026,02,18,105,30,14
2026,02,19,105,30,5
2026,02,20,105,30,26
2026,02,21,105,30,23
2026,02,22,105,30,15
2026,02,23,105,30,4
2026,02,24,105,30,14
2026,02,25,105,30,2
2026,02,t1,105,30,889
2026,02,01,105,t1,2077
2026,02,03,105,t1,123
2026,02,04,105,t1,77
2026,02,05,105,t1,169
2026,02,06,105,t1,176
2026,02,07,105,t1,61
2026,02,08,105,t1,69
2026,02,09,105,t1,12
2026,02,10,105,t1,45
2026,02,12,105,t1,565
2026,02,13,105,t1,126
2026,02,14,105,t1,754
2026,02,17,105,t1,97
2026,02,18,105,t1,145
2026,02,19,105,t1,64
2026,02,20,105,t1,103
2026,02,21,105,t1,83
2026,02,22,105,t1,63
2026,02,23,105,t1,25
2026,02,24,105,t1,60
2026,02,25,105,t1,54
2026,02,t1,105,t1,4948
2026,02,01,106,10,16
2026,02,03,106,10,5
2026,02,04,106,10,2
2026,02,05,106,10,7
2026,02,07,106,10,1
2026,02,08,106,10,1
2026,02,12,106,10,6
2026,02,13,106,10,1
2026,02,14,106,10,12
2026,02,17,106,10,2
2026,02,18,106,10,1
2026,02,20,106,10,2
2026,02,21,106,10,4
2026,02,22,106,10,4
2026,02,23,106,10,2
2026,02,24,106,10,2
2026,02,25,106,10,3
2026,02,t1,106,10,71
2026,02,01,106,20,2
2026,02,05,106,20,1
2026,02,07,106,20,1
2026,02,12,106,20,2
2026,02,14,106,20,3
2026,02,20,106,20,1
2026,02,21,106,20,2
2026,02,22,106,20,3
2026,02,24,106,20,1
2026,02,25,106,20,2
2026,02,t1,106,20,18
2026,02,01,106,30,2
2026,02,05,106,30,2
2026,02,12,106,30,3
2026,02,14,106,30,3
2026,02,21,106,30,1
2026,02,24,106,30,1
2026,02,t1,106,30,12
2026,02,01,106,t1,20
2026,02,03,106,t1,5
2026,02,04,106,t1,2
2026,02,05,106,t1,10
2026,02,07,106,t1,2
2026,02,08,106,t1,1
2026,02,12,106,t1,11
2026,02,13,106,t1,1
2026,02,14,106,t1,18
2026,02,17,106,t1,2
2026,02,18,106,t1,1
2026,02,20,106,t1,3
2026,02,21,106,t1,7
2026,02,22,106,t1,7
2026,02,23,106,t1,2
2026,02,24,106,t1,4
2026,02,25,106,t1,5
2026,02,t1,106,t1,101
2026,02,01,t1,10,1605
2026,02,03,t1,10,223
2026,02,04,t1,10,189
2026,02,05,t1,10,350
2026,02,06,t1,10,247
2026,02,07,t1,10,154
2026,02,08,t1,10,155
2026,02,09,t1,10,31
2026,02,10,t1,10,92
2026,02,12,t1,10,1132
2026,02,13,t1,10,289
2026,02,14,t1,10,1418
2026,02,17,t1,10,156
2026,02,18,t1,10,229
2026,02,19,t1,10,158
2026,02,20,t1,10,121
2026,02,21,t1,10,139
2026,02,22,t1,10,124
2026,02,23,t1,10,50
2026,02,24,t1,10,119
2026,02,25,t1,10,92
2026,02,t1,t1,10,7073
2026,02,01,t1,20,4584
2026,02,03,t1,20,201
2026,02,04,t1,20,74
2026,02,05,t1,20,216
2026,02,06,t1,20,335
2026,02,07,t1,20,82
2026,02,08,t1,20,81
2026,02,09,t1,20,10
2026,02,10,t1,20,66
2026,02,12,t1,20,869
2026,02,13,t1,20,166
2026,02,14,t1,20,863
2026,02,17,t1,20,169
2026,02,18,t1,20,183
2026,02,19,t1,20,105
2026,02,20,t1,20,102
2026,02,21,t1,20,78
2026,02,22,t1,20,101
2026,02,23,t1,20,49
2026,02,24,t1,20,103
2026,02,25,t1,20,144
2026,02,t1,t1,20,8581
2026,02,01,t1,30,1478
2026,02,03,t1,30,72
2026,02,04,t1,30,57
2026,02,05,t1,30,103
2026,02,06,t1,30,114
2026,02,07,t1,30,83
2026,02,08,t1,30,69
2026,02,09,t1,30,11
2026,02,10,t1,30,35
2026,02,12,t1,30,840
2026,02,13,t1,30,80
2026,02,14,t1,30,864
2026,02,17,t1,30,115
2026,02,18,t1,30,47
2026,02,19,t1,30,33
2026,02,20,t1,30,71
2026,02,21,t1,30,81
2026,02,22,t1,30,50
2026,02,23,t1,30,33
2026,02,24,t1,30,70
2026,02,25,t1,30,45
2026,02,t1,t1,30,4351
2026,02,01,t1,t1,7667
2026,02,03,t1,t1,496
2026,02,04,t1,t1,320
2026,02,05,t1,t1,669
2026,02,06,t1,t1,696
2026,02,07,t1,t1,319
2026,02,08,t1,t1,305
2026,02,09,t1,t1,52
2026,02,10,t1,t1,193
2026,02,12,t1,t1,2841
2026,02,13,t1,t1,535
2026,02,14,t1,t1,3145
2026,02,17,t1,t1,440
2026,02,18,t1,t1,459
2026,02,19,t1,t1,296
2026,02,20,t1,t1,294
2026,02,21,t1,t1,298
2026,02,22,t1,t1,275
2026,02,23,t1,t1,132
2026,02,24,t1,t1,292
2026,02,25,t1,t1,281
2026,02,t1,t1,t1,20005
2026,03,01,101,10,608
2026,03,03,101,10,70
2026,03,04,101,10,88
2026,03,05,101,10,108
2026,03,06,101,10,106
2026,03,07,101,10,52
2026,03,08,101,10,67
2026,03,09,101,10,9
2026,03,10,101,10,50
2026,03,12,101,10,452
2026,03,13,101,10,108
2026,03,14,101,10,470
2026,03,17,101,10,62
2026,03,18,101,10,100
2026,03,19,101,10,59
2026,03,20,101,10,52
2026,03,21,101,10,49
2026,03,22,101,10,26
2026,03,23,101,10,17
2026,03,24,101,10,29
2026,03,25,101,10,28
2026,03,t1,101,10,2610
2026,03,01,101,20,1028
2026,03,03,101,20,25
2026,03,04,101,20,12
2026,03,05,101,20,36
2026,03,06,101,20,103
2026,03,07,101,20,24
2026,03,08,101,20,27
2026,03,10,101,20,6
2026,03,12,101,20,315
2026,03,13,101,20,16
2026,03,14,101,20,126
2026,03,17,101,20,116
2026,03,18,101,20,37
2026,03,19,101,20,24
2026,03,20,101,20,7
2026,03,21,101,20,24
2026,03,22,101,20,11
2026,03,23,101,20,4
2026,03,24,101,20,17
2026,03,25,101,20,21
2026,03,t1,101,20,1979
2026,03,01,101,30,149
2026,03,03,101,30,11
2026,03,04,101,30,29
2026,03,05,101,30,37
2026,03,06,101,30,29
2026,03,07,101,30,11
2026,03,08,101,30,47
2026,03,09,101,30,5
2026,03,10,101,30,14
2026,03,12,101,30,613
2026,03,13,101,30,23
2026,03,14,101,30,192
2026,03,17,101,30,26
2026,03,18,101,30,11
2026,03,19,101,30,15
2026,03,20,101,30,19
2026,03,21,101,30,23
2026,03,22,101,30,11
2026,03,23,101,30,2
2026,03,24,101,30,28
2026,03,25,101,30,9
2026,03,t1,101,30,1304
2026,03,01,101,t1,1785
2026,03,03,101,t1,106
2026,03,04,101,t1,129
2026,03,05,101,t1,181
2026,03,06,101,t1,238
2026,03,07,101,t1,87
2026,03,08,101,t1,141
2026,03,09,101,t1,14
2026,03,10,101,t1,70
2026,03,12,101,t1,1380
2026,03,13,101,t1,147
2026,03,14,101,t1,788
2026,03,17,101,t1,204
2026,03,18,101,t1,148
2026,03,19,101,t1,98
2026,03,20,101,t1,78
2026,03,21,101,t1,96
2026,03,22,101,t1,48
2026,03,23,101,t1,23
2026,03,24,101,t1,74
2026,03,25,101,t1,58
2026,03,t1,101,t1,5893
2026,03,01,102,10,109
2026,03,03,102,10,21
2026,03,04,102,10,23
2026,03,05,102,10,33
2026,03,06,102,10,36
2026,03,07,102,10,24
2026,03,08,102,10,38
2026,03,09,102,10,4
2026,03,10,102,10,13
2026,03,12,102,10,118
2026,03,13,102,10,47
2026,03,14,102,10,184
2026,03,17,102,10,25
2026,03,18,102,10,33
2026,03,19,102,10,27
2026,03,20,102,10,19
2026,03,21,102,10,19
2026,03,22,102,10,12
2026,03,23,102,10,3
2026,03,24,102,10,18
2026,03,25,102,10,17
2026,03,t1,102,10,823
2026,03,01,102,20,239
2026,03,03,102,20,36
2026,03,04,102,20,9
2026,03,05,102,20,36
2026,03,06,102,20,32
2026,03,07,102,20,11
2026,03,08,102,20,31
2026,03,09,102,20,2
2026,03,10,102,20,18
2026,03,12,102,20,121
2026,03,13,102,20,41
2026,03,14,102,20,86
2026,03,17,102,20,40
2026,03,18,102,20,11
2026,03,19,102,20,21
2026,03,20,102,20,19
2026,03,21,102,20,15
2026,03,22,102,20,38
2026,03,23,102,20,12
2026,03,24,102,20,15
2026,03,25,102,20,21
2026,03,t1,102,20,854
2026,03,01,102,30,42
2026,03,03,102,30,6
2026,03,04,102,30,5
2026,03,05,102,30,21
2026,03,06,102,30,6
2026,03,07,102,30,1
2026,03,08,102,30,10
2026,03,12,102,30,102
2026,03,13,102,30,8
2026,03,14,102,30,113
2026,03,17,102,30,21
2026,03,18,102,30,3
2026,03,19,102,30,3
2026,03,20,102,30,7
2026,03,21,102,30,3
2026,03,22,102,30,2
2026,03,23,102,30,1
2026,03,24,102,30,7
2026,03,25,102,30,1
2026,03,t1,102,30,362
2026,03,01,102,t1,390
2026,03,03,102,t1,63
2026,03,04,102,t1,37
2026,03,05,102,t1,90
2026,03,06,102,t1,74
2026,03,07,102,t1,36
2026,03,08,102,t1,79
2026,03,09,102,t1,6
2026,03,10,102,t1,31
2026,03,12,102,t1,341
2026,03,13,102,t1,96
2026,03,14,102,t1,383
2026,03,17,102,t1,86
2026,03,18,102,t1,47
2026,03,19,102,t1,51
2026,03,20,102,t1,45
2026,03,21,102,t1,37
2026,03,22,102,t1,52
2026,03,23,102,t1,16
2026,03,24,102,t1,40
2026,03,25,102,t1,39
2026,03,t1,102,t1,2039
2026,03,01,103,10,884
2026,03,03,103,10,134
2026,03,04,103,10,100
2026,03,05,103,10,162
2026,03,06,103,10,166
2026,03,07,103,10,71
2026,03,08,103,10,78
2026,03,09,103,10,14
2026,03,10,103,10,72
2026,03,12,103,10,594
2026,03,13,103,10,187
2026,03,14,103,10,888
2026,03,17,103,10,82
2026,03,18,103,10,107
2026,03,19,103,10,87
2026,03,20,103,10,75
2026,03,21,103,10,61
2026,03,22,103,10,65
2026,03,23,103,10,18
2026,03,24,103,10,77
2026,03,25,103,10,44
2026,03,t1,103,10,3966
2026,03,01,103,20,3263
2026,03,03,103,20,81
2026,03,04,103,20,82
2026,03,05,103,20,140
2026,03,06,103,20,174
2026,03,07,103,20,43
2026,03,08,103,20,33
2026,03,09,103,20,12
2026,03,10,103,20,16
2026,03,12,103,20,415
2026,03,13,103,20,95
2026,03,14,103,20,638
2026,03,17,103,20,46
2026,03,18,103,20,109
2026,03,19,103,20,71
2026,03,20,103,20,46
2026,03,21,103,20,39
2026,03,22,103,20,45
2026,03,23,103,20,32
2026,03,24,103,20,55
2026,03,25,103,20,31
2026,03,t1,103,20,5466
2026,03,01,103,30,470
2026,03,03,103,30,33
2026,03,04,103,30,23
2026,03,05,103,30,31
2026,03,06,103,30,46
2026,03,07,103,30,18
2026,03,08,103,30,27
2026,03,09,103,30,2
2026,03,10,103,30,15
2026,03,12,103,30,237
2026,03,13,103,30,25
2026,03,14,103,30,367
2026,03,17,103,30,23
2026,03,18,103,30,19
2026,03,19,103,30,14
2026,03,20,103,30,28
2026,03,21,103,30,41
2026,03,22,103,30,24
2026,03,23,103,30,2
2026,03,24,103,30,40
2026,03,25,103,30,9
2026,03,t1,103,30,1494
2026,03,01,103,t1,4617
2026,03,03,103,t1,248
2026,03,04,103,t1,205
2026,03,05,103,t1,333
2026,03,06,103,t1,386
2026,03,07,103,t1,132
2026,03,08,103,t1,138
2026,03,09,103,t1,28
2026,03,10,103,t1,103
2026,03,12,103,t1,1246
2026,03,13,103,t1,307
2026,03,14,103,t1,1893
2026,03,17,103,t1,151
2026,03,18,103,t1,235
2026,03,19,103,t1,172
2026,03,20,103,t1,149
2026,03,21,103,t1,141
2026,03,22,103,t1,134
2026,03,23,103,t1,52
2026,03,24,103,t1,172
2026,03,25,103,t1,84
2026,03,t1,103,t1,10926
2026,03,01,104,10,221
2026,03,03,104,10,34
2026,03,04,104,10,26
2026,03,05,104,10,51
2026,03,06,104,10,45
2026,03,07,104,10,9
2026,03,08,104,10,11
2026,03,09,104,10,4
2026,03,10,104,10,13
2026,03,12,104,10,116
2026,03,13,104,10,36
2026,03,14,104,10,158
2026,03,17,104,10,15
2026,03,18,104,10,21
2026,03,19,104,10,9
2026,03,20,104,10,14
2026,03,21,104,10,27
2026,03,22,104,10,14
2026,03,23,104,10,5
2026,03,24,104,10,13
2026,03,25,104,10,10
2026,03,t1,104,10,852
2026,03,01,104,20,358
2026,03,03,104,20,26
2026,03,04,104,20,7
2026,03,05,104,20,18
2026,03,06,104,20,19
2026,03,07,104,20,8
2026,03,08,104,20,2
2026,03,09,104,20,2
2026,03,10,104,20,1
2026,03,12,104,20,72
2026,03,13,104,20,35
2026,03,14,104,20,43
2026,03,17,104,20,14
2026,03,18,104,20,5
2026,03,19,104,20,32
2026,03,20,104,20,9
2026,03,21,104,20,7
2026,03,22,104,20,3
2026,03,23,104,20,8
2026,03,24,104,20,4
2026,03,25,104,20,8
2026,03,t1,104,20,681
2026,03,01,104,30,100
2026,03,03,104,30,18
2026,03,04,104,30,13
2026,03,05,104,30,128
2026,03,06,104,30,26
2026,03,07,104,30,2
2026,03,08,104,30,9
2026,03,09,104,30,2
2026,03,10,104,30,24
2026,03,12,104,30,29
2026,03,13,104,30,10
2026,03,14,104,30,95
2026,03,17,104,30,10
2026,03,18,104,30,3
2026,03,19,104,30,1
2026,03,20,104,30,3
2026,03,21,104,30,10
2026,03,22,104,30,1
2026,03,23,104,30,6
2026,03,24,104,30,7
2026,03,25,104,30,2
2026,03,t1,104,30,499
2026,03,01,104,t1,679
2026,03,03,104,t1,78
2026,03,04,104,t1,46
2026,03,05,104,t1,197
2026,03,06,104,t1,90
2026,03,07,104,t1,19
2026,03,08,104,t1,22
2026,03,09,104,t1,8
2026,03,10,104,t1,38
2026,03,12,104,t1,217
2026,03,13,104,t1,81
2026,03,14,104,t1,296
2026,03,17,104,t1,39
2026,03,18,104,t1,29
2026,03,19,104,t1,42
2026,03,20,104,t1,26
2026,03,21,104,t1,44
2026,03,22,104,t1,18
2026,03,23,104,t1,19
2026,03,24,104,t1,24
2026,03,25,104,t1,20
2026,03,t1,104,t1,2032
2026,03,01,105,10,546
2026,03,03,105,10,65
2026,03,04,105,10,69
2026,03,05,105,10,113
2026,03,06,105,10,74
2026,03,07,105,10,35
2026,03,08,105,10,37
2026,03,09,105,10,7
2026,03,10,105,10,22
2026,03,12,105,10,301
2026,03,13,105,10,93
2026,03,14,105,10,364
2026,03,17,105,10,57
2026,03,18,105,10,54
2026,03,19,105,10,61
2026,03,20,105,10,50
2026,03,21,105,10,33
2026,03,22,105,10,40
2026,03,23,105,10,12
2026,03,24,105,10,47
2026,03,25,105,10,34
2026,03,t1,105,10,2114
2026,03,01,105,20,1901
2026,03,03,105,20,59
2026,03,04,105,20,40
2026,03,05,105,20,86
2026,03,06,105,20,104
2026,03,07,105,20,40
2026,03,08,105,20,43
2026,03,09,105,20,7
2026,03,10,105,20,15
2026,03,12,105,20,279
2026,03,13,105,20,61
2026,03,14,105,20,254
2026,03,17,105,20,45
2026,03,18,105,20,144
2026,03,19,105,20,37
2026,03,20,105,20,60
2026,03,21,105,20,30
2026,03,22,105,20,26
2026,03,23,105,20,19
2026,03,24,105,20,28
2026,03,25,105,20,45
2026,03,t1,105,20,3323
2026,03,01,105,30,257
2026,03,03,105,30,22
2026,03,04,105,30,17
2026,03,05,105,30,37
2026,03,06,105,30,58
2026,03,07,105,30,8
2026,03,08,105,30,29
2026,03,10,105,30,16
2026,03,12,105,30,179
2026,03,13,105,30,24
2026,03,14,105,30,297
2026,03,17,105,30,13
2026,03,18,105,30,18
2026,03,19,105,30,18
2026,03,20,105,30,37
2026,03,21,105,30,24
2026,03,22,105,30,25
2026,03,23,105,30,1
2026,03,24,105,30,19
2026,03,25,105,30,9
2026,03,t1,105,30,1108
2026,03,01,105,t1,2704
2026,03,03,105,t1,146
2026,03,04,105,t1,126
2026,03,05,105,t1,236
2026,03,06,105,t1,236
2026,03,07,105,t1,83
2026,03,08,105,t1,109
2026,03,09,105,t1,14
2026,03,10,105,t1,53
2026,03,12,105,t1,759
2026,03,13,105,t1,178
2026,03,14,105,t1,915
2026,03,17,105,t1,115
2026,03,18,105,t1,216
2026,03,19,105,t1,116
2026,03,20,105,t1,147
2026,03,21,105,t1,87
2026,03,22,105,t1,91
2026,03,23,105,t1,32
2026,03,24,105,t1,94
2026,03,25,105,t1,88
2026,03,t1,105,t1,6545
2026,03,01,106,10,13
2026,03,03,106,10,6
2026,03,04,106,10,4
2026,03,05,106,10,3
2026,03,06,106,10,2
2026,03,07,106,10,2
2026,03,08,106,10,1
2026,03,10,106,10,1
2026,03,12,106,10,12
2026,03,13,106,10,1
2026,03,14,106,10,12
2026,03,17,106,10,1
2026,03,18,106,10,2
2026,03,19,106,10,1
2026,03,20,106,10,6
2026,03,21,106,10,4
2026,03,22,106,10,2
2026,03,23,106,10,2
2026,03,24,106,10,1
2026,03,25,106,10,2
2026,03,t1,106,10,78
2026,03,01,106,20,15
2026,03,03,106,20,2
2026,03,04,106,20,1
2026,03,05,106,20,3
2026,03,06,106,20,1
2026,03,12,106,20,3
2026,03,13,106,20,1
2026,03,14,106,20,10
2026,03,17,106,20,2
2026,03,19,106,20,1
2026,03,20,106,20,4
2026,03,21,106,20,3
2026,03,22,106,20,1
2026,03,23,106,20,1
2026,03,24,106,20,1
2026,03,25,106,20,5
2026,03,t1,106,20,54
2026,03,12,106,30,4
2026,03,19,106,30,1
2026,03,22,106,30,2
2026,03,23,106,30,1
2026,03,24,106,30,2
2026,03,t1,106,30,10
2026,03,01,106,t1,28
2026,03,03,106,t1,8
2026,03,04,106,t1,5
2026,03,05,106,t1,6
2026,03,06,106,t1,3
2026,03,07,106,t1,2
2026,03,08,106,t1,1
2026,03,10,106,t1,1
2026,03,12,106,t1,19
2026,03,13,106,t1,2
2026,03,14,106,t1,22
2026,03,17,106,t1,3
2026,03,18,106,t1,2
2026,03,19,106,t1,3
2026,03,20,106,t1,10
2026,03,21,106,t1,7
2026,03,22,106,t1,5
2026,03,23,106,t1,4
2026,03,24,106,t1,4
2026,03,25,106,t1,7
2026,03,t1,106,t1,142
2026,03,01,107,10,1
2026,03,t1,107,10,1
2026,03,01,107,t1,1
2026,03,t1,107,t1,1
2026,03,08,109,10,1
2026,03,t1,109,10,1
2026,03,08,109,t1,1
2026,03,t1,109,t1,1
2026,03,01,t1,10,2382
2026,03,03,t1,10,330
2026,03,04,t1,10,310
2026,03,05,t1,10,470
2026,03,06,t1,10,429
2026,03,07,t1,10,193
2026,03,08,t1,10,233
2026,03,09,t1,10,38
2026,03,10,t1,10,171
2026,03,12,t1,10,1593
2026,03,13,t1,10,472
2026,03,14,t1,10,2076
2026,03,17,t1,10,242
2026,03,18,t1,10,317
2026,03,19,t1,10,244
2026,03,20,t1,10,216
2026,03,21,t1,10,193
2026,03,22,t1,10,159
2026,03,23,t1,10,57
2026,03,24,t1,10,185
2026,03,25,t1,10,135
2026,03,t1,t1,10,10445
2026,03,01,t1,20,6804
2026,03,03,t1,20,229
2026,03,04,t1,20,151
2026,03,05,t1,20,319
2026,03,06,t1,20,433
2026,03,07,t1,20,126
2026,03,08,t1,20,136
2026,03,09,t1,20,23
2026,03,10,t1,20,56
2026,03,12,t1,20,1205
2026,03,13,t1,20,249
2026,03,14,t1,20,1157
2026,03,17,t1,20,263
2026,03,18,t1,20,306
2026,03,19,t1,20,186
2026,03,20,t1,20,145
2026,03,21,t1,20,118
2026,03,22,t1,20,124
2026,03,23,t1,20,76
2026,03,24,t1,20,120
2026,03,25,t1,20,131
2026,03,t1,t1,20,12357
2026,03,01,t1,30,1018
2026,03,03,t1,30,90
2026,03,04,t1,30,87
2026,03,05,t1,30,254
2026,03,06,t1,30,165
2026,03,07,t1,30,40
2026,03,08,t1,30,122
2026,03,09,t1,30,9
2026,03,10,t1,30,69
2026,03,12,t1,30,1164
2026,03,13,t1,30,90
2026,03,14,t1,30,1064
2026,03,17,t1,30,93
2026,03,18,t1,30,54
2026,03,19,t1,30,52
2026,03,20,t1,30,94
2026,03,21,t1,30,101
2026,03,22,t1,30,65
2026,03,23,t1,30,13
2026,03,24,t1,30,103
2026,03,25,t1,30,30
2026,03,t1,t1,30,4777
2026,03,01,t1,t1,10204
2026,03,03,t1,t1,649
2026,03,04,t1,t1,548
2026,03,05,t1,t1,1043
2026,03,06,t1,t1,1027
2026,03,07,t1,t1,359
2026,03,08,t1,t1,491
2026,03,09,t1,t1,70
2026,03,10,t1,t1,296
2026,03,12,t1,t1,3962
2026,03,13,t1,t1,811
2026,03,14,t1,t1,4297
2026,03,17,t1,t1,598
2026,03,18,t1,t1,677
2026,03,19,t1,t1,482
2026,03,20,t1,t1,455
2026,03,21,t1,t1,412
2026,03,22,t1,t1,348
2026,03,23,t1,t1,146
2026,03,24,t1,t1,408
2026,03,25,t1,t1,296
2026,03,t1,t1,t1,27579
2026,04,01,101,10,464
2026,04,03,101,10,56
2026,04,04,101,10,66
2026,04,05,101,10,96
2026,04,06,101,10,106
2026,04,07,101,10,42
2026,04,08,101,10,44
2026,04,09,101,10,12
2026,04,10,101,10,31
2026,04,12,101,10,322
2026,04,13,101,10,84
2026,04,14,101,10,402
2026,04,17,101,10,51
2026,04,18,101,10,63
2026,04,19,101,10,74
2026,04,20,101,10,39
2026,04,21,101,10,40
2026,04,22,101,10,24
2026,04,23,101,10,9
2026,04,24,101,10,19
2026,04,25,101,10,17
2026,04,t1,101,10,2061
2026,04,01,101,20,897
2026,04,03,101,20,27
2026,04,04,101,20,6
2026,04,05,101,20,53
2026,04,06,101,20,65
2026,04,07,101,20,15
2026,04,08,101,20,24
2026,04,09,101,20,5
2026,04,10,101,20,4
2026,04,12,101,20,379
2026,04,13,101,20,22
2026,04,14,101,20,172
2026,04,17,101,20,38
2026,04,18,101,20,71
2026,04,19,101,20,18
2026,04,20,101,20,13
2026,04,21,101,20,23
2026,04,22,101,20,17
2026,04,23,101,20,8
2026,04,24,101,20,11
2026,04,25,101,20,11
2026,04,t1,101,20,1879
2026,04,01,101,30,129
2026,04,03,101,30,24
2026,04,04,101,30,15
2026,04,05,101,30,26
2026,04,06,101,30,28
2026,04,07,101,30,9
2026,04,08,101,30,13
2026,04,10,101,30,8
2026,04,12,101,30,372
2026,04,13,101,30,15
2026,04,14,101,30,173
2026,04,17,101,30,48
2026,04,18,101,30,12
2026,04,19,101,30,8
2026,04,20,101,30,11
2026,04,21,101,30,8
2026,04,22,101,30,18
2026,04,23,101,30,4
2026,04,24,101,30,5
2026,04,25,101,30,7
2026,04,t1,101,30,933
2026,04,01,101,t1,1490
2026,04,03,101,t1,107
2026,04,04,101,t1,87
2026,04,05,101,t1,175
2026,04,06,101,t1,199
2026,04,07,101,t1,66
2026,04,08,101,t1,81
2026,04,09,101,t1,17
2026,04,10,101,t1,43
2026,04,12,101,t1,1073
2026,04,13,101,t1,121
2026,04,14,101,t1,747
2026,04,17,101,t1,137
2026,04,18,101,t1,146
2026,04,19,101,t1,100
2026,04,20,101,t1,63
2026,04,21,101,t1,71
2026,04,22,101,t1,59
2026,04,23,101,t1,21
2026,04,24,101,t1,35
2026,04,25,101,t1,35
2026,04,t1,101,t1,4873
2026,04,01,102,10,152
2026,04,03,102,10,30
2026,04,04,102,10,37
2026,04,05,102,10,44
2026,04,06,102,10,53
2026,04,07,102,10,20
2026,04,08,102,10,37
2026,04,09,102,10,3
2026,04,10,102,10,21
2026,04,12,102,10,132
2026,04,13,102,10,35
2026,04,14,102,10,199
2026,04,17,102,10,38
2026,04,18,102,10,33
2026,04,19,102,10,33
2026,04,20,102,10,35
2026,04,21,102,10,28
2026,04,22,102,10,19
2026,04,23,102,10,13
2026,04,24,102,10,23
2026,04,25,102,10,30
2026,04,t1,102,10,1015
2026,04,01,102,20,314
2026,04,03,102,20,46
2026,04,04,102,20,10
2026,04,05,102,20,14
2026,04,06,102,20,54
2026,04,07,102,20,44
2026,04,08,102,20,23
2026,04,09,102,20,2
2026,04,10,102,20,18
2026,04,12,102,20,157
2026,04,13,102,20,18
2026,04,14,102,20,103
2026,04,17,102,20,37
2026,04,18,102,20,12
2026,04,19,102,20,14
2026,04,20,102,20,28
2026,04,21,102,20,29
2026,04,22,102,20,19
2026,04,23,102,20,8
2026,04,24,102,20,18
2026,04,25,102,20,19
2026,04,t1,102,20,987
2026,04,01,102,30,11
2026,04,03,102,30,3
2026,04,04,102,30,2
2026,04,05,102,30,21
2026,04,06,102,30,12
2026,04,07,102,30,1
2026,04,10,102,30,1
2026,04,12,102,30,31
2026,04,13,102,30,3
2026,04,14,102,30,51
2026,04,17,102,30,23
2026,04,18,102,30,1
2026,04,19,102,30,2
2026,04,20,102,30,2
2026,04,21,102,30,1
2026,04,22,102,30,3
2026,04,24,102,30,2
2026,04,t1,102,30,170
2026,04,01,102,t1,477
2026,04,03,102,t1,79
2026,04,04,102,t1,49
2026,04,05,102,t1,79
2026,04,06,102,t1,119
2026,04,07,102,t1,65
2026,04,08,102,t1,60
2026,04,09,102,t1,5
2026,04,10,102,t1,40
2026,04,12,102,t1,320
2026,04,13,102,t1,56
2026,04,14,102,t1,353
2026,04,17,102,t1,98
2026,04,18,102,t1,46
2026,04,19,102,t1,49
2026,04,20,102,t1,65
2026,04,21,102,t1,58
2026,04,22,102,t1,41
2026,04,23,102,t1,21
2026,04,24,102,t1,43
2026,04,25,102,t1,49
2026,04,t1,102,t1,2172
2026,04,01,103,10,764
2026,04,03,103,10,100
2026,04,04,103,10,95
2026,04,05,103,10,145
2026,04,06,103,10,105
2026,04,07,103,10,60
2026,04,08,103,10,76
2026,04,09,103,10,14
2026,04,10,103,10,49
2026,04,12,103,10,425
2026,04,13,103,10,154
2026,04,14,103,10,748
2026,04,17,103,10,76
2026,04,18,103,10,89
2026,04,19,103,10,90
2026,04,20,103,10,53
2026,04,21,103,10,71
2026,04,22,103,10,67
2026,04,23,103,10,17
2026,04,24,103,10,77
2026,04,25,103,10,52
2026,04,t1,103,10,3327
2026,04,01,103,20,2805
2026,04,03,103,20,80
2026,04,04,103,20,62
2026,04,05,103,20,102
2026,04,06,103,20,168
2026,04,07,103,20,49
2026,04,08,103,20,32
2026,04,09,103,20,7
2026,04,10,103,20,21
2026,04,12,103,20,355
2026,04,13,103,20,89
2026,04,14,103,20,533
2026,04,17,103,20,47
2026,04,18,103,20,152
2026,04,19,103,20,51
2026,04,20,103,20,41
2026,04,21,103,20,63
2026,04,22,103,20,25
2026,04,23,103,20,23
2026,04,24,103,20,52
2026,04,25,103,20,30
2026,04,t1,103,20,4787
2026,04,01,103,30,918
2026,04,03,103,30,18
2026,04,04,103,30,18
2026,04,05,103,30,35
2026,04,06,103,30,45
2026,04,07,103,30,17
2026,04,08,103,30,14
2026,04,09,103,30,2
2026,04,10,103,30,28
2026,04,12,103,30,189
2026,04,13,103,30,35
2026,04,14,103,30,274
2026,04,17,103,30,26
2026,04,18,103,30,24
2026,04,19,103,30,18
2026,04,20,103,30,22
2026,04,21,103,30,36
2026,04,22,103,30,16
2026,04,23,103,30,3
2026,04,24,103,30,24
2026,04,25,103,30,10
2026,04,t1,103,30,1772
2026,04,01,103,t1,4487
2026,04,03,103,t1,198
2026,04,04,103,t1,175
2026,04,05,103,t1,282
2026,04,06,103,t1,318
2026,04,07,103,t1,126
2026,04,08,103,t1,122
2026,04,09,103,t1,23
2026,04,10,103,t1,98
2026,04,12,103,t1,969
2026,04,13,103,t1,278
2026,04,14,103,t1,1555
2026,04,17,103,t1,149
2026,04,18,103,t1,265
2026,04,19,103,t1,159
2026,04,20,103,t1,116
2026,04,21,103,t1,170
2026,04,22,103,t1,108
2026,04,23,103,t1,43
2026,04,24,103,t1,153
2026,04,25,103,t1,92
2026,04,t1,103,t1,9886
2026,04,01,104,10,187
2026,04,03,104,10,31
2026,04,04,104,10,20
2026,04,05,104,10,66
2026,04,06,104,10,48
2026,04,07,104,10,18
2026,04,08,104,10,12
2026,04,09,104,10,3
2026,04,10,104,10,14
2026,04,12,104,10,128
2026,04,13,104,10,41
2026,04,14,104,10,185
2026,04,17,104,10,25
2026,04,18,104,10,17
2026,04,19,104,10,14
2026,04,20,104,10,16
2026,04,21,104,10,18
2026,04,22,104,10,17
2026,04,23,104,10,5
2026,04,24,104,10,9
2026,04,25,104,10,5
2026,04,t1,104,10,879
2026,04,01,104,20,529
2026,04,03,104,20,9
2026,04,04,104,20,6
2026,04,05,104,20,5
2026,04,06,104,20,16
2026,04,07,104,20,2
2026,04,08,104,20,3
2026,04,09,104,20,1
2026,04,10,104,20,3
2026,04,12,104,20,103
2026,04,13,104,20,20
2026,04,14,104,20,54
2026,04,17,104,20,6
2026,04,18,104,20,3
2026,04,19,104,20,26
2026,04,20,104,20,14
2026,04,21,104,20,11
2026,04,22,104,20,7
2026,04,23,104,20,6
2026,04,24,104,20,4
2026,04,25,104,20,7
2026,04,t1,104,20,835
2026,04,01,104,30,169
2026,04,03,104,30,16
2026,04,04,104,30,11
2026,04,05,104,30,50
2026,04,06,104,30,37
2026,04,07,104,30,10
2026,04,08,104,30,12
2026,04,09,104,30,4
2026,04,10,104,30,9
2026,04,12,104,30,35
2026,04,13,104,30,11
2026,04,14,104,30,81
2026,04,17,104,30,23
2026,04,18,104,30,7
2026,04,19,104,30,9
2026,04,20,104,30,12
2026,04,21,104,30,11
2026,04,22,104,30,4
2026,04,23,104,30,5
2026,04,24,104,30,14
2026,04,25,104,30,13
2026,04,t1,104,30,543
2026,04,01,104,t1,885
2026,04,03,104,t1,56
2026,04,04,104,t1,37
2026,04,05,104,t1,121
2026,04,06,104,t1,101
2026,04,07,104,t1,30
2026,04,08,104,t1,27
2026,04,09,104,t1,8
2026,04,10,104,t1,26
2026,04,12,104,t1,266
2026,04,13,104,t1,72
2026,04,14,104,t1,320
2026,04,17,104,t1,54
2026,04,18,104,t1,27
2026,04,19,104,t1,49
2026,04,20,104,t1,42
2026,04,21,104,t1,40
2026,04,22,104,t1,28
2026,04,23,104,t1,16
2026,04,24,104,t1,27
2026,04,25,104,t1,25
2026,04,t1,104,t1,2257
2026,04,01,105,10,436
2026,04,03,105,10,47
2026,04,04,105,10,54
2026,04,05,105,10,77
2026,04,06,105,10,58
2026,04,07,105,10,37
2026,04,08,105,10,35
2026,04,09,105,10,5
2026,04,10,105,10,33
2026,04,12,105,10,171
2026,04,13,105,10,85
2026,04,14,105,10,289
2026,04,17,105,10,38
2026,04,18,105,10,46
2026,04,19,105,10,41
2026,04,20,105,10,44
2026,04,21,105,10,31
2026,04,22,105,10,34
2026,04,23,105,10,7
2026,04,24,105,10,27
2026,04,25,105,10,28
2026,04,t1,105,10,1623
2026,04,01,105,20,1712
2026,04,03,105,20,49
2026,04,04,105,20,21
2026,04,05,105,20,73
2026,04,06,105,20,131
2026,04,07,105,20,23
2026,04,08,105,20,23
2026,04,09,105,20,3
2026,04,10,105,20,14
2026,04,12,105,20,387
2026,04,13,105,20,42
2026,04,14,105,20,209
2026,04,17,105,20,90
2026,04,18,105,20,191
2026,04,19,105,20,32
2026,04,20,105,20,34
2026,04,21,105,20,22
2026,04,22,105,20,29
2026,04,23,105,20,9
2026,04,24,105,20,17
2026,04,25,105,20,33
2026,04,t1,105,20,3144
2026,04,01,105,30,362
2026,04,03,105,30,15
2026,04,04,105,30,9
2026,04,05,105,30,46
2026,04,06,105,30,43
2026,04,07,105,30,7
2026,04,08,105,30,10
2026,04,09,105,30,1
2026,04,10,105,30,13
2026,04,12,105,30,201
2026,04,13,105,30,29
2026,04,14,105,30,190
2026,04,17,105,30,7
2026,04,18,105,30,26
2026,04,19,105,30,24
2026,04,20,105,30,45
2026,04,21,105,30,17
2026,04,22,105,30,10
2026,04,23,105,30,2
2026,04,24,105,30,15
2026,04,25,105,30,4
2026,04,t1,105,30,1076
2026,04,01,105,t1,2510
2026,04,03,105,t1,111
2026,04,04,105,t1,84
2026,04,05,105,t1,196
2026,04,06,105,t1,232
2026,04,07,105,t1,67
2026,04,08,105,t1,68
2026,04,09,105,t1,9
2026,04,10,105,t1,60
2026,04,12,105,t1,759
2026,04,13,105,t1,156
2026,04,14,105,t1,688
2026,04,17,105,t1,135
2026,04,18,105,t1,263
2026,04,19,105,t1,97
2026,04,20,105,t1,123
2026,04,21,105,t1,70
2026,04,22,105,t1,73
2026,04,23,105,t1,18
2026,04,24,105,t1,59
2026,04,25,105,t1,65
2026,04,t1,105,t1,5843
2026,04,01,106,10,11
2026,04,03,106,10,8
2026,04,04,106,10,2
2026,04,05,106,10,7
2026,04,06,106,10,2
2026,04,12,106,10,9
2026,04,13,106,10,3
2026,04,14,106,10,8
2026,04,17,106,10,3
2026,04,18,106,10,1
2026,04,19,106,10,1
2026,04,20,106,10,6
2026,04,21,106,10,3
2026,04,22,106,10,3
2026,04,23,106,10,2
2026,04,25,106,10,3
2026,04,t1,106,10,72
2026,04,01,106,20,17
2026,04,04,106,20,1
2026,04,06,106,20,1
2026,04,07,106,20,1
2026,04,08,106,20,1
2026,04,12,106,20,3
2026,04,13,106,20,2
2026,04,14,106,20,4
2026,04,17,106,20,1
2026,04,18,106,20,1
2026,04,19,106,20,3
2026,04,20,106,20,3
2026,04,21,106,20,2
2026,04,24,106,20,1
2026,04,25,106,20,3
2026,04,t1,106,20,44
2026,04,01,106,30,1
2026,04,04,106,30,2
2026,04,05,106,30,1
2026,04,12,106,30,2
2026,04,13,106,30,1
2026,04,14,106,30,2
2026,04,17,106,30,1
2026,04,18,106,30,2
2026,04,19,106,30,1
2026,04,25,106,30,2
2026,04,t1,106,30,15
2026,04,01,106,t1,29
2026,04,03,106,t1,8
2026,04,04,106,t1,5
2026,04,05,106,t1,8
2026,04,06,106,t1,3
2026,04,07,106,t1,1
2026,04,08,106,t1,1
2026,04,12,106,t1,14
2026,04,13,106,t1,6
2026,04,14,106,t1,14
2026,04,17,106,t1,5
2026,04,18,106,t1,4
2026,04,19,106,t1,5
2026,04,20,106,t1,9
2026,04,21,106,t1,5
2026,04,22,106,t1,3
2026,04,23,106,t1,2
2026,04,24,106,t1,1
2026,04,25,106,t1,8
2026,04,t1,106,t1,131
2026,04,08,107,10,1
2026,04,t1,107,10,1
2026,04,08,107,t1,1
2026,04,t1,107,t1,1
2026,04,18,109,10,1
2026,04,22,109,10,1
2026,04,24,109,10,2
2026,04,t1,109,10,4
2026,04,14,109,20,1
2026,04,24,109,20,1
2026,04,t1,109,20,2
2026,04,14,109,t1,1
2026,04,18,109,t1,1
2026,04,22,109,t1,1
2026,04,24,109,t1,3
2026,04,t1,109,t1,6
2026,04,01,t1,10,2014
2026,04,03,t1,10,272
2026,04,04,t1,10,274
2026,04,05,t1,10,435
2026,04,06,t1,10,372
2026,04,07,t1,10,177
2026,04,08,t1,10,205
2026,04,09,t1,10,37
2026,04,10,t1,10,148
2026,04,12,t1,10,1187
2026,04,13,t1,10,402
2026,04,14,t1,10,1831
2026,04,17,t1,10,231
2026,04,18,t1,10,250
2026,04,19,t1,10,253
2026,04,20,t1,10,193
2026,04,21,t1,10,191
2026,04,22,t1,10,165
2026,04,23,t1,10,53
2026,04,24,t1,10,157
2026,04,25,t1,10,135
2026,04,t1,t1,10,8982
2026,04,01,t1,20,6274
2026,04,03,t1,20,211
2026,04,04,t1,20,106
2026,04,05,t1,20,247
2026,04,06,t1,20,435
2026,04,07,t1,20,134
2026,04,08,t1,20,106
2026,04,09,t1,20,18
2026,04,10,t1,20,60
2026,04,12,t1,20,1384
2026,04,13,t1,20,193
2026,04,14,t1,20,1076
2026,04,17,t1,20,219
2026,04,18,t1,20,430
2026,04,19,t1,20,144
2026,04,20,t1,20,133
2026,04,21,t1,20,150
2026,04,22,t1,20,97
2026,04,23,t1,20,54
2026,04,24,t1,20,104
2026,04,25,t1,20,103
2026,04,t1,t1,20,11678
2026,04,01,t1,30,1590
2026,04,03,t1,30,76
2026,04,04,t1,30,57
2026,04,05,t1,30,179
2026,04,06,t1,30,165
2026,04,07,t1,30,44
2026,04,08,t1,30,49
2026,04,09,t1,30,7
2026,04,10,t1,30,59
2026,04,12,t1,30,830
2026,04,13,t1,30,94
2026,04,14,t1,30,771
2026,04,17,t1,30,128
2026,04,18,t1,30,72
2026,04,19,t1,30,62
2026,04,20,t1,30,92
2026,04,21,t1,30,73
2026,04,22,t1,30,51
2026,04,23,t1,30,14
2026,04,24,t1,30,60
2026,04,25,t1,30,36
2026,04,t1,t1,30,4509
2026,04,01,t1,t1,9878
2026,04,03,t1,t1,559
2026,04,04,t1,t1,437
2026,04,05,t1,t1,861
2026,04,06,t1,t1,972
2026,04,07,t1,t1,355
2026,04,08,t1,t1,360
2026,04,09,t1,t1,62
2026,04,10,t1,t1,267
2026,04,12,t1,t1,3401
2026,04,13,t1,t1,689
2026,04,14,t1,t1,3678
2026,04,17,t1,t1,578
2026,04,18,t1,t1,752
2026,04,19,t1,t1,459
2026,04,20,t1,t1,418
2026,04,21,t1,t1,414
2026,04,22,t1,t1,313
2026,04,23,t1,t1,121
2026,04,24,t1,t1,321
2026,04,25,t1,t1,274
2026,04,t1,t1,t1,25169
2026,05,01,101,10,496
2026,05,03,101,10,44
2026,05,04,101,10,61
2026,05,05,101,10,87
2026,05,06,101,10,74
2026,05,07,101,10,50
2026,05,08,101,10,62
2026,05,09,101,10,14
2026,05,10,101,10,32
2026,05,12,101,10,342
2026,05,13,101,10,94
2026,05,14,101,10,429
2026,05,17,101,10,45
2026,05,18,101,10,70
2026,05,19,101,10,51
2026,05,20,101,10,51
2026,05,21,101,10,42
2026,05,22,101,10,32
2026,05,23,101,10,13
2026,05,24,101,10,22
2026,05,25,101,10,15
2026,05,t1,101,10,2126
2026,05,01,101,20,1346
2026,05,03,101,20,29
2026,05,04,101,20,16
2026,05,05,101,20,49
2026,05,06,101,20,52
2026,05,07,101,20,13
2026,05,08,101,20,31
2026,05,09,101,20,20
2026,05,10,101,20,12
2026,05,12,101,20,277
2026,05,13,101,20,17
2026,05,14,101,20,181
2026,05,17,101,20,74
2026,05,18,101,20,87
2026,05,19,101,20,89
2026,05,20,101,20,12
2026,05,21,101,20,12
2026,05,22,101,20,17
2026,05,23,101,20,11
2026,05,24,101,20,10
2026,05,25,101,20,20
2026,05,t1,101,20,2375
2026,05,01,101,30,125
2026,05,03,101,30,12
2026,05,04,101,30,13
2026,05,05,101,30,45
2026,05,06,101,30,26
2026,05,07,101,30,17
2026,05,08,101,30,23
2026,05,09,101,30,1
2026,05,10,101,30,9
2026,05,12,101,30,395
2026,05,13,101,30,21
2026,05,14,101,30,152
2026,05,17,101,30,17
2026,05,18,101,30,14
2026,05,19,101,30,10
2026,05,20,101,30,8
2026,05,21,101,30,12
2026,05,22,101,30,6
2026,05,23,101,30,1
2026,05,24,101,30,7
2026,05,25,101,30,3
2026,05,t1,101,30,917
2026,05,01,101,t1,1967
2026,05,03,101,t1,85
2026,05,04,101,t1,90
2026,05,05,101,t1,181
2026,05,06,101,t1,152
2026,05,07,101,t1,80
2026,05,08,101,t1,116
2026,05,09,101,t1,35
2026,05,10,101,t1,53
2026,05,12,101,t1,1014
2026,05,13,101,t1,132
2026,05,14,101,t1,762
2026,05,17,101,t1,136
2026,05,18,101,t1,171
2026,05,19,101,t1,150
2026,05,20,101,t1,71
2026,05,21,101,t1,66
2026,05,22,101,t1,55
2026,05,23,101,t1,25
2026,05,24,101,t1,39
2026,05,25,101,t1,38
2026,05,t1,101,t1,5418
2026,05,01,102,10,127
2026,05,03,102,10,33
2026,05,04,102,10,38
2026,05,05,102,10,56
2026,05,06,102,10,28
2026,05,07,102,10,11
2026,05,08,102,10,35
2026,05,09,102,10,6
2026,05,10,102,10,13
2026,05,12,102,10,120
2026,05,13,102,10,50
2026,05,14,102,10,180
2026,05,17,102,10,30
2026,05,18,102,10,33
2026,05,19,102,10,30
2026,05,20,102,10,32
2026,05,21,102,10,20
2026,05,22,102,10,11
2026,05,23,102,10,8
2026,05,24,102,10,26
2026,05,25,102,10,37
2026,05,t1,102,10,924
2026,05,01,102,20,301
2026,05,03,102,20,47
2026,05,04,102,20,13
2026,05,05,102,20,12
2026,05,06,102,20,53
2026,05,07,102,20,10
2026,05,08,102,20,14
2026,05,09,102,20,6
2026,05,10,102,20,16
2026,05,12,102,20,94
2026,05,13,102,20,23
2026,05,14,102,20,104
2026,05,17,102,20,13
2026,05,18,102,20,34
2026,05,19,102,20,31
2026,05,20,102,20,23
2026,05,21,102,20,17
2026,05,22,102,20,14
2026,05,23,102,20,9
2026,05,24,102,20,14
2026,05,25,102,20,26
2026,05,t1,102,20,874
2026,05,01,102,30,4
2026,05,03,102,30,5
2026,05,05,102,30,25
2026,05,06,102,30,23
2026,05,10,102,30,13
2026,05,12,102,30,72
2026,05,13,102,30,5
2026,05,14,102,30,81
2026,05,17,102,30,9
2026,05,18,102,30,2
2026,05,19,102,30,2
2026,05,20,102,30,3
2026,05,21,102,30,2
2026,05,22,102,30,4
2026,05,23,102,30,1
2026,05,24,102,30,6
2026,05,25,102,30,2
2026,05,t1,102,30,259
2026,05,01,102,t1,432
2026,05,03,102,t1,85
2026,05,04,102,t1,51
2026,05,05,102,t1,93
2026,05,06,102,t1,104
2026,05,07,102,t1,21
2026,05,08,102,t1,49
2026,05,09,102,t1,12
2026,05,10,102,t1,42
2026,05,12,102,t1,286
2026,05,13,102,t1,78
2026,05,14,102,t1,365
2026,05,17,102,t1,52
2026,05,18,102,t1,69
2026,05,19,102,t1,63
2026,05,20,102,t1,58
2026,05,21,102,t1,39
2026,05,22,102,t1,29
2026,05,23,102,t1,18
2026,05,24,102,t1,46
2026,05,25,102,t1,65
2026,05,t1,102,t1,2057
2026,05,01,103,10,903
2026,05,03,103,10,131
2026,05,04,103,10,127
2026,05,05,103,10,158
2026,05,06,103,10,111
2026,05,07,103,10,56
2026,05,08,103,10,65
2026,05,09,103,10,15
2026,05,10,103,10,57
2026,05,12,103,10,513
2026,05,13,103,10,199
2026,05,14,103,10,800
2026,05,17,103,10,76
2026,05,18,103,10,99
2026,05,19,103,10,87
2026,05,20,103,10,66
2026,05,21,103,10,71
2026,05,22,103,10,64
2026,05,23,103,10,31
2026,05,24,103,10,92
2026,05,25,103,10,57
2026,05,t1,103,10,3778
2026,05,01,103,20,2979
2026,05,03,103,20,102
2026,05,04,103,20,65
2026,05,05,103,20,145
2026,05,06,103,20,152
2026,05,07,103,20,44
2026,05,08,103,20,34
2026,05,09,103,20,8
2026,05,10,103,20,17
2026,05,12,103,20,384
2026,05,13,103,20,83
2026,05,14,103,20,560
2026,05,17,103,20,50
2026,05,18,103,20,166
2026,05,19,103,20,61
2026,05,20,103,20,39
2026,05,21,103,20,45
2026,05,22,103,20,30
2026,05,23,103,20,19
2026,05,24,103,20,54
2026,05,25,103,20,36
2026,05,t1,103,20,5073
2026,05,01,103,30,955
2026,05,03,103,30,35
2026,05,04,103,30,20
2026,05,05,103,30,46
2026,05,06,103,30,61
2026,05,07,103,30,25
2026,05,08,103,30,30
2026,05,09,103,30,7
2026,05,10,103,30,15
2026,05,12,103,30,158
2026,05,13,103,30,40
2026,05,14,103,30,335
2026,05,17,103,30,21
2026,05,18,103,30,17
2026,05,19,103,30,21
2026,05,20,103,30,16
2026,05,21,103,30,35
2026,05,22,103,30,28
2026,05,23,103,30,4
2026,05,24,103,30,36
2026,05,25,103,30,14
2026,05,t1,103,30,1919
2026,05,01,103,t1,4837
2026,05,03,103,t1,268
2026,05,04,103,t1,212
2026,05,05,103,t1,349
2026,05,06,103,t1,324
2026,05,07,103,t1,125
2026,05,08,103,t1,129
2026,05,09,103,t1,30
2026,05,10,103,t1,89
2026,05,12,103,t1,1055
2026,05,13,103,t1,322
2026,05,14,103,t1,1695
2026,05,17,103,t1,147
2026,05,18,103,t1,282
2026,05,19,103,t1,169
2026,05,20,103,t1,121
2026,05,21,103,t1,151
2026,05,22,103,t1,122
2026,05,23,103,t1,54
2026,05,24,103,t1,182
2026,05,25,103,t1,107
2026,05,t1,103,t1,10770
2026,05,01,104,10,157
2026,05,03,104,10,36
2026,05,04,104,10,22
2026,05,05,104,10,50
2026,05,06,104,10,35
2026,05,07,104,10,12
2026,05,08,104,10,16
2026,05,09,104,10,6
2026,05,10,104,10,13
2026,05,12,104,10,110
2026,05,13,104,10,27
2026,05,14,104,10,152
2026,05,17,104,10,18
2026,05,18,104,10,28
2026,05,19,104,10,14
2026,05,20,104,10,10
2026,05,21,104,10,18
2026,05,22,104,10,8
2026,05,23,104,10,4
2026,05,24,104,10,12
2026,05,25,104,10,7
2026,05,t1,104,10,755
2026,05,01,104,20,312
2026,05,03,104,20,12
2026,05,04,104,20,6
2026,05,05,104,20,19
2026,05,06,104,20,11
2026,05,07,104,20,15
2026,05,08,104,20,2
2026,05,09,104,20,10
2026,05,12,104,20,38
2026,05,13,104,20,8
2026,05,14,104,20,56
2026,05,17,104,20,4
2026,05,18,104,20,5
2026,05,19,104,20,226
2026,05,20,104,20,15
2026,05,21,104,20,13
2026,05,22,104,20,12
2026,05,23,104,20,1
2026,05,24,104,20,4
2026,05,25,104,20,17
2026,05,t1,104,20,786
2026,05,01,104,30,115
2026,05,03,104,30,12
2026,05,04,104,30,11
2026,05,05,104,30,28
2026,05,06,104,30,34
2026,05,07,104,30,3
2026,05,08,104,30,11
2026,05,10,104,30,6
2026,05,12,104,30,21
2026,05,13,104,30,6
2026,05,14,104,30,140
2026,05,17,104,30,4
2026,05,18,104,30,10
2026,05,19,104,30,5
2026,05,20,104,30,4
2026,05,21,104,30,7
2026,05,22,104,30,13
2026,05,23,104,30,3
2026,05,24,104,30,11
2026,05,25,104,30,16
2026,05,t1,104,30,460
2026,05,01,104,t1,584
2026,05,03,104,t1,60
2026,05,04,104,t1,39
2026,05,05,104,t1,97
2026,05,06,104,t1,80
2026,05,07,104,t1,30
2026,05,08,104,t1,29
2026,05,09,104,t1,16
2026,05,10,104,t1,19
2026,05,12,104,t1,169
2026,05,13,104,t1,41
2026,05,14,104,t1,348
2026,05,17,104,t1,26
2026,05,18,104,t1,43
2026,05,19,104,t1,245
2026,05,20,104,t1,29
2026,05,21,104,t1,38
2026,05,22,104,t1,33
2026,05,23,104,t1,8
2026,05,24,104,t1,27
2026,05,25,104,t1,40
2026,05,t1,104,t1,2001
2026,05,01,105,10,504
2026,05,03,105,10,61
2026,05,04,105,10,48
2026,05,05,105,10,72
2026,05,06,105,10,71
2026,05,07,105,10,30
2026,05,08,105,10,26
2026,05,09,105,10,5
2026,05,10,105,10,19
2026,05,12,105,10,205
2026,05,13,105,10,68
2026,05,14,105,10,286
2026,05,17,105,10,49
2026,05,18,105,10,47
2026,05,19,105,10,43
2026,05,20,105,10,50
2026,05,21,105,10,35
2026,05,22,105,10,25
2026,05,23,105,10,10
2026,05,24,105,10,30
2026,05,25,105,10,27
2026,05,t1,105,10,1711
2026,05,01,105,20,2317
2026,05,03,105,20,55
2026,05,04,105,20,20
2026,05,05,105,20,49
2026,05,06,105,20,106
2026,05,07,105,20,19
2026,05,08,105,20,17
2026,05,09,105,20,8
2026,05,10,105,20,9
2026,05,12,105,20,188
2026,05,13,105,20,46
2026,05,14,105,20,246
2026,05,17,105,20,82
2026,05,18,105,20,288
2026,05,19,105,20,68
2026,05,20,105,20,41
2026,05,21,105,20,20
2026,05,22,105,20,14
2026,05,23,105,20,16
2026,05,24,105,20,24
2026,05,25,105,20,32
2026,05,t1,105,20,3665
2026,05,01,105,30,419
2026,05,03,105,30,27
2026,05,04,105,30,20
2026,05,05,105,30,25
2026,05,06,105,30,41
2026,05,07,105,30,7
2026,05,08,105,30,29
2026,05,09,105,30,3
2026,05,10,105,30,12
2026,05,12,105,30,189
2026,05,13,105,30,24
2026,05,14,105,30,297
2026,05,17,105,30,23
2026,05,18,105,30,24
2026,05,19,105,30,20
2026,05,20,105,30,43
2026,05,21,105,30,38
2026,05,22,105,30,21
2026,05,24,105,30,30
2026,05,25,105,30,12
2026,05,t1,105,30,1304
2026,05,01,105,t1,3240
2026,05,03,105,t1,143
2026,05,04,105,t1,88
2026,05,05,105,t1,146
2026,05,06,105,t1,218
2026,05,07,105,t1,56
2026,05,08,105,t1,72
2026,05,09,105,t1,16
2026,05,10,105,t1,40
2026,05,12,105,t1,582
2026,05,13,105,t1,138
2026,05,14,105,t1,829
2026,05,17,105,t1,154
2026,05,18,105,t1,359
2026,05,19,105,t1,131
2026,05,20,105,t1,134
2026,05,21,105,t1,93
2026,05,22,105,t1,60
2026,05,23,105,t1,26
2026,05,24,105,t1,84
2026,05,25,105,t1,71
2026,05,t1,105,t1,6680
2026,05,01,106,10,7
2026,05,03,106,10,1
2026,05,04,106,10,2
2026,05,05,106,10,3
2026,05,06,106,10,3
2026,05,12,106,10,1
2026,05,14,106,10,6
2026,05,17,106,10,2
2026,05,18,106,10,1
2026,05,19,106,10,2
2026,05,20,106,10,2
2026,05,21,106,10,5
2026,05,22,106,10,1
2026,05,25,106,10,3
2026,05,t1,106,10,39
2026,05,01,106,20,4
2026,05,05,106,20,1
2026,05,07,106,20,2
2026,05,12,106,20,4
2026,05,14,106,20,2
2026,05,20,106,20,2
2026,05,23,106,20,2
2026,05,24,106,20,2
2026,05,25,106,20,1
2026,05,t1,106,20,20
2026,05,01,106,30,1
2026,05,03,106,30,2
2026,05,12,106,30,1
2026,05,14,106,30,3
2026,05,19,106,30,4
2026,05,20,106,30,1
2026,05,21,106,30,2
2026,05,22,106,30,3
2026,05,23,106,30,1
2026,05,t1,106,30,18
2026,05,01,106,t1,12
2026,05,03,106,t1,3
2026,05,04,106,t1,2
2026,05,05,106,t1,4
2026,05,06,106,t1,3
2026,05,07,106,t1,2
2026,05,12,106,t1,6
2026,05,14,106,t1,11
2026,05,17,106,t1,2
2026,05,18,106,t1,1
2026,05,19,106,t1,6
2026,05,20,106,t1,5
2026,05,21,106,t1,7
2026,05,22,106,t1,4
2026,05,23,106,t1,3
2026,05,24,106,t1,2
2026,05,25,106,t1,4
2026,05,t1,106,t1,77
2026,05,01,107,10,1
2026,05,t1,107,10,1
2026,05,01,107,t1,1
2026,05,t1,107,t1,1
2026,05,08,109,10,1
2026,05,14,109,10,1
2026,05,17,109,10,1
2026,05,t1,109,10,3
2026,05,08,109,t1,1
2026,05,14,109,t1,1
2026,05,17,109,t1,1
2026,05,t1,109,t1,3
2026,05,01,t1,10,2195
2026,05,03,t1,10,306
2026,05,04,t1,10,298
2026,05,05,t1,10,426
2026,05,06,t1,10,322
2026,05,07,t1,10,159
2026,05,08,t1,10,205
2026,05,09,t1,10,46
2026,05,10,t1,10,134
2026,05,12,t1,10,1291
2026,05,13,t1,10,438
2026,05,14,t1,10,1854
2026,05,17,t1,10,221
2026,05,18,t1,10,278
2026,05,19,t1,10,227
2026,05,20,t1,10,211
2026,05,21,t1,10,191
2026,05,22,t1,10,141
2026,05,23,t1,10,66
2026,05,24,t1,10,182
2026,05,25,t1,10,146
2026,05,t1,t1,10,9337
2026,05,01,t1,20,7259
2026,05,03,t1,20,245
2026,05,04,t1,20,120
2026,05,05,t1,20,275
2026,05,06,t1,20,374
2026,05,07,t1,20,103
2026,05,08,t1,20,98
2026,05,09,t1,20,52
2026,05,10,t1,20,54
2026,05,12,t1,20,985
2026,05,13,t1,20,177
2026,05,14,t1,20,1149
2026,05,17,t1,20,223
2026,05,18,t1,20,580
2026,05,19,t1,20,475
2026,05,20,t1,20,132
2026,05,21,t1,20,107
2026,05,22,t1,20,87
2026,05,23,t1,20,58
2026,05,24,t1,20,108
2026,05,25,t1,20,132
2026,05,t1,t1,20,12793
2026,05,01,t1,30,1619
2026,05,03,t1,30,93
2026,05,04,t1,30,64
2026,05,05,t1,30,169
2026,05,06,t1,30,185
2026,05,07,t1,30,52
2026,05,08,t1,30,93
2026,05,09,t1,30,11
2026,05,10,t1,30,55
2026,05,12,t1,30,836
2026,05,13,t1,30,96
2026,05,14,t1,30,1008
2026,05,17,t1,30,74
2026,05,18,t1,30,67
2026,05,19,t1,30,62
2026,05,20,t1,30,75
2026,05,21,t1,30,96
2026,05,22,t1,30,75
2026,05,23,t1,30,10
2026,05,24,t1,30,90
2026,05,25,t1,30,47
2026,05,t1,t1,30,4877
2026,05,01,t1,t1,11073
2026,05,03,t1,t1,644
2026,05,04,t1,t1,482
2026,05,05,t1,t1,870
2026,05,06,t1,t1,881
2026,05,07,t1,t1,314
2026,05,08,t1,t1,396
2026,05,09,t1,t1,109
2026,05,10,t1,t1,243
2026,05,12,t1,t1,3112
2026,05,13,t1,t1,711
2026,05,14,t1,t1,4011
2026,05,17,t1,t1,518
2026,05,18,t1,t1,925
2026,05,19,t1,t1,764
2026,05,20,t1,t1,418
2026,05,21,t1,t1,394
2026,05,22,t1,t1,303
2026,05,23,t1,t1,134
2026,05,24,t1,t1,380
2026,05,25,t1,t1,325
2026,05,t1,t1,t1,27007
2026,06,01,101,10,659
2026,06,03,101,10,71
2026,06,04,101,10,74
2026,06,05,101,10,106
2026,06,06,101,10,113
2026,06,07,101,10,50
2026,06,08,101,10,64
2026,06,09,101,10,6
2026,06,10,101,10,35
2026,06,12,101,10,448
2026,06,13,101,10,84
2026,06,14,101,10,551
2026,06,17,101,10,77
2026,06,18,101,10,64
2026,06,19,101,10,76
2026,06,20,101,10,70
2026,06,21,101,10,59
2026,06,22,101,10,39
2026,06,23,101,10,14
2026,06,24,101,10,31
2026,06,25,101,10,30
2026,06,t1,101,10,2721
2026,06,01,101,20,1507
2026,06,03,101,20,38
2026,06,04,101,20,30
2026,06,05,101,20,40
2026,06,06,101,20,22
2026,06,07,101,20,17
2026,06,08,101,20,14
2026,06,09,101,20,2
2026,06,10,101,20,18
2026,06,12,101,20,234
2026,06,13,101,20,30
2026,06,14,101,20,219
2026,06,17,101,20,61
2026,06,18,101,20,73
2026,06,19,101,20,41
2026,06,20,101,20,13
2026,06,21,101,20,17
2026,06,22,101,20,29
2026,06,23,101,20,9
2026,06,24,101,20,22
2026,06,25,101,20,17
2026,06,t1,101,20,2453
2026,06,01,101,30,158
2026,06,03,101,30,12
2026,06,04,101,30,19
2026,06,05,101,30,62
2026,06,06,101,30,25
2026,06,07,101,30,20
2026,06,08,101,30,17
2026,06,09,101,30,3
2026,06,10,101,30,19
2026,06,12,101,30,344
2026,06,13,101,30,23
2026,06,14,101,30,157
2026,06,17,101,30,39
2026,06,18,101,30,10
2026,06,19,101,30,17
2026,06,20,101,30,22
2026,06,21,101,30,14
2026,06,22,101,30,7
2026,06,23,101,30,2
2026,06,24,101,30,23
2026,06,25,101,30,4
2026,06,t1,101,30,997
2026,06,01,101,t1,2324
2026,06,03,101,t1,121
2026,06,04,101,t1,123
2026,06,05,101,t1,208
2026,06,06,101,t1,160
2026,06,07,101,t1,87
2026,06,08,101,t1,95
2026,06,09,101,t1,11
2026,06,10,101,t1,72
2026,06,12,101,t1,1026
2026,06,13,101,t1,137
2026,06,14,101,t1,927
2026,06,17,101,t1,177
2026,06,18,101,t1,147
2026,06,19,101,t1,134
2026,06,20,101,t1,105
2026,06,21,101,t1,90
2026,06,22,101,t1,75
2026,06,23,101,t1,25
2026,06,24,101,t1,76
2026,06,25,101,t1,51
2026,06,t1,101,t1,6171
2026,06,01,102,10,152
2026,06,03,102,10,47
2026,06,04,102,10,35
2026,06,05,102,10,40
2026,06,06,102,10,34
2026,06,07,102,10,17
2026,06,08,102,10,37
2026,06,09,102,10,2
2026,06,10,102,10,18
2026,06,12,102,10,109
2026,06,13,102,10,52
2026,06,14,102,10,197
2026,06,17,102,10,41
2026,06,18,102,10,48
2026,06,19,102,10,34
2026,06,20,102,10,35
2026,06,21,102,10,23
2026,06,22,102,10,20
2026,06,23,102,10,12
2026,06,24,102,10,25
2026,06,25,102,10,47
2026,06,t1,102,10,1025
2026,06,01,102,20,426
2026,06,03,102,20,52
2026,06,04,102,20,14
2026,06,05,102,20,24
2026,06,06,102,20,34
2026,06,07,102,20,16
2026,06,08,102,20,37
2026,06,09,102,20,2
2026,06,10,102,20,17
2026,06,12,102,20,101
2026,06,13,102,20,19
2026,06,14,102,20,89
2026,06,17,102,20,25
2026,06,18,102,20,80
2026,06,19,102,20,9
2026,06,20,102,20,63
2026,06,21,102,20,9
2026,06,22,102,20,38
2026,06,23,102,20,9
2026,06,24,102,20,22
2026,06,25,102,20,36
2026,06,t1,102,20,1122
2026,06,01,102,30,19
2026,06,03,102,30,2
2026,06,04,102,30,3
2026,06,05,102,30,30
2026,06,06,102,30,8
2026,06,07,102,30,9
2026,06,08,102,30,4
2026,06,10,102,30,4
2026,06,12,102,30,36
2026,06,13,102,30,9
2026,06,14,102,30,37
2026,06,17,102,30,6
2026,06,18,102,30,5
2026,06,19,102,30,3
2026,06,20,102,30,8
2026,06,21,102,30,5
2026,06,22,102,30,4
2026,06,23,102,30,1
2026,06,24,102,30,5
2026,06,25,102,30,5
2026,06,t1,102,30,203
2026,06,01,102,t1,597
2026,06,03,102,t1,101
2026,06,04,102,t1,52
2026,06,05,102,t1,94
2026,06,06,102,t1,76
2026,06,07,102,t1,42
2026,06,08,102,t1,78
2026,06,09,102,t1,4
2026,06,10,102,t1,39
2026,06,12,102,t1,246
2026,06,13,102,t1,80
2026,06,14,102,t1,323
2026,06,17,102,t1,72
2026,06,18,102,t1,133
2026,06,19,102,t1,46
2026,06,20,102,t1,106
2026,06,21,102,t1,37
2026,06,22,102,t1,62
2026,06,23,102,t1,22
2026,06,24,102,t1,52
2026,06,25,102,t1,88
2026,06,t1,102,t1,2350
2026,06,01,103,10,1070
2026,06,03,103,10,175
2026,06,04,103,10,136
2026,06,05,103,10,184
2026,06,06,103,10,189
2026,06,07,103,10,76
2026,06,08,103,10,90
2026,06,09,103,10,15
2026,06,10,103,10,47
2026,06,12,103,10,602
2026,06,13,103,10,219
2026,06,14,103,10,873
2026,06,17,103,10,97
2026,06,18,103,10,127
2026,06,19,103,10,101
2026,06,20,103,10,95
2026,06,21,103,10,88
2026,06,22,103,10,83
2026,06,23,103,10,33
2026,06,24,103,10,100
2026,06,25,103,10,72
2026,06,t1,103,10,4472
2026,06,01,103,20,3246
2026,06,03,103,20,119
2026,06,04,103,20,56
2026,06,05,103,20,134
2026,06,06,103,20,321
2026,06,07,103,20,62
2026,06,08,103,20,53
2026,06,09,103,20,13
2026,06,10,103,20,22
2026,06,12,103,20,444
2026,06,13,103,20,88
2026,06,14,103,20,740
2026,06,17,103,20,73
2026,06,18,103,20,147
2026,06,19,103,20,84
2026,06,20,103,20,56
2026,06,21,103,20,60
2026,06,22,103,20,48
2026,06,23,103,20,35
2026,06,24,103,20,73
2026,06,25,103,20,54
2026,06,t1,103,20,5928
2026,06,01,103,30,985
2026,06,03,103,30,55
2026,06,04,103,30,38
2026,06,05,103,30,82
2026,06,06,103,30,72
2026,06,07,103,30,46
2026,06,08,103,30,48
2026,06,09,103,30,7
2026,06,10,103,30,33
2026,06,12,103,30,239
2026,06,13,103,30,56
2026,06,14,103,30,683
2026,06,17,103,30,32
2026,06,18,103,30,34
2026,06,19,103,30,36
2026,06,20,103,30,41
2026,06,21,103,30,46
2026,06,22,103,30,41
2026,06,23,103,30,10
2026,06,24,103,30,57
2026,06,25,103,30,21
2026,06,t1,103,30,2662
2026,06,01,103,t1,5301
2026,06,03,103,t1,349
2026,06,04,103,t1,230
2026,06,05,103,t1,400
2026,06,06,103,t1,582
2026,06,07,103,t1,184
2026,06,08,103,t1,191
2026,06,09,103,t1,35
2026,06,10,103,t1,102
2026,06,12,103,t1,1285
2026,06,13,103,t1,363
2026,06,14,103,t1,2296
2026,06,17,103,t1,202
2026,06,18,103,t1,308
2026,06,19,103,t1,221
2026,06,20,103,t1,192
2026,06,21,103,t1,194
2026,06,22,103,t1,172
2026,06,23,103,t1,78
2026,06,24,103,t1,230
2026,06,25,103,t1,147
2026,06,t1,103,t1,13062
2026,06,01,104,10,197
2026,06,03,104,10,37
2026,06,04,104,10,25
2026,06,05,104,10,45
2026,06,06,104,10,36
2026,06,07,104,10,14
2026,06,08,104,10,15
2026,06,09,104,10,1
2026,06,10,104,10,14
2026,06,12,104,10,115
2026,06,13,104,10,35
2026,06,14,104,10,185
2026,06,17,104,10,19
2026,06,18,104,10,17
2026,06,19,104,10,22
2026,06,20,104,10,14
2026,06,21,104,10,22
2026,06,22,104,10,10
2026,06,23,104,10,2
2026,06,24,104,10,4
2026,06,25,104,10,13
2026,06,t1,104,10,842
2026,06,01,104,20,199
2026,06,03,104,20,7
2026,06,04,104,20,1
2026,06,05,104,20,10
2026,06,06,104,20,9
2026,06,07,104,20,10
2026,06,08,104,20,1
2026,06,12,104,20,36
2026,06,13,104,20,12
2026,06,14,104,20,41
2026,06,17,104,20,4
2026,06,18,104,20,4
2026,06,19,104,20,52
2026,06,20,104,20,7
2026,06,21,104,20,22
2026,06,22,104,20,6
2026,06,23,104,20,6
2026,06,24,104,20,24
2026,06,25,104,20,2
2026,06,t1,104,20,453
2026,06,01,104,30,150
2026,06,03,104,30,16
2026,06,04,104,30,13
2026,06,05,104,30,27
2026,06,06,104,30,46
2026,06,07,104,30,14
2026,06,08,104,30,12
2026,06,09,104,30,1
2026,06,10,104,30,6
2026,06,12,104,30,27
2026,06,13,104,30,4
2026,06,14,104,30,145
2026,06,17,104,30,9
2026,06,18,104,30,12
2026,06,19,104,30,8
2026,06,20,104,30,5
2026,06,21,104,30,6
2026,06,22,104,30,5
2026,06,23,104,30,2
2026,06,24,104,30,21
2026,06,25,104,30,13
2026,06,t1,104,30,542
2026,06,01,104,t1,546
2026,06,03,104,t1,60
2026,06,04,104,t1,39
2026,06,05,104,t1,82
2026,06,06,104,t1,91
2026,06,07,104,t1,38
2026,06,08,104,t1,28
2026,06,09,104,t1,2
2026,06,10,104,t1,20
2026,06,12,104,t1,178
2026,06,13,104,t1,51
2026,06,14,104,t1,371
2026,06,17,104,t1,32
2026,06,18,104,t1,33
2026,06,19,104,t1,82
2026,06,20,104,t1,26
2026,06,21,104,t1,50
2026,06,22,104,t1,21
2026,06,23,104,t1,10
2026,06,24,104,t1,49
2026,06,25,104,t1,28
2026,06,t1,104,t1,1837
2026,06,01,105,10,589
2026,06,03,105,10,77
2026,06,04,105,10,46
2026,06,05,105,10,93
2026,06,06,105,10,88
2026,06,07,105,10,36
2026,06,08,105,10,38
2026,06,09,105,10,4
2026,06,10,105,10,17
2026,06,12,105,10,260
2026,06,13,105,10,57
2026,06,14,105,10,382
2026,06,17,105,10,51
2026,06,18,105,10,69
2026,06,19,105,10,53
2026,06,20,105,10,50
2026,06,21,105,10,47
2026,06,22,105,10,34
2026,06,23,105,10,19
2026,06,24,105,10,41
2026,06,25,105,10,41
2026,06,t1,105,10,2092
2026,06,01,105,20,2333
2026,06,03,105,20,58
2026,06,04,105,20,21
2026,06,05,105,20,60
2026,06,06,105,20,89
2026,06,07,105,20,29
2026,06,08,105,20,37
2026,06,09,105,20,12
2026,06,10,105,20,17
2026,06,12,105,20,199
2026,06,13,105,20,64
2026,06,14,105,20,269
2026,06,17,105,20,77
2026,06,18,105,20,282
2026,06,19,105,20,26
2026,06,20,105,20,52
2026,06,21,105,20,48
2026,06,22,105,20,56
2026,06,23,105,20,32
2026,06,24,105,20,25
2026,06,25,105,20,46
2026,06,t1,105,20,3832
2026,06,01,105,30,572
2026,06,03,105,30,51
2026,06,04,105,30,19
2026,06,05,105,30,33
2026,06,06,105,30,26
2026,06,07,105,30,12
2026,06,08,105,30,23
2026,06,09,105,30,2
2026,06,10,105,30,14
2026,06,12,105,30,224
2026,06,13,105,30,20
2026,06,14,105,30,361
2026,06,17,105,30,44
2026,06,18,105,30,23
2026,06,19,105,30,24
2026,06,20,105,30,54
2026,06,21,105,30,74
2026,06,22,105,30,44
2026,06,23,105,30,5
2026,06,24,105,30,23
2026,06,25,105,30,8
2026,06,t1,105,30,1656
2026,06,01,105,t1,3494
2026,06,03,105,t1,186
2026,06,04,105,t1,86
2026,06,05,105,t1,186
2026,06,06,105,t1,203
2026,06,07,105,t1,77
2026,06,08,105,t1,98
2026,06,09,105,t1,18
2026,06,10,105,t1,48
2026,06,12,105,t1,683
2026,06,13,105,t1,141
2026,06,14,105,t1,1012
2026,06,17,105,t1,172
2026,06,18,105,t1,374
2026,06,19,105,t1,103
2026,06,20,105,t1,156
2026,06,21,105,t1,169
2026,06,22,105,t1,134
2026,06,23,105,t1,56
2026,06,24,105,t1,89
2026,06,25,105,t1,95
2026,06,t1,105,t1,7580
2026,06,01,106,10,7
2026,06,03,106,10,2
2026,06,04,106,10,2
2026,06,06,106,10,2
2026,06,07,106,10,2
2026,06,10,106,10,2
2026,06,12,106,10,2
2026,06,13,106,10,1
2026,06,14,106,10,2
2026,06,17,106,10,1
2026,06,18,106,10,5
2026,06,19,106,10,1
2026,06,20,106,10,2
2026,06,21,106,10,3
2026,06,22,106,10,2
2026,06,23,106,10,1
2026,06,24,106,10,4
2026,06,t1,106,10,41
2026,06,01,106,20,5
2026,06,12,106,20,3
2026,06,14,106,20,3
2026,06,17,106,20,2
2026,06,18,106,20,1
2026,06,20,106,20,2
2026,06,21,106,20,4
2026,06,22,106,20,1
2026,06,24,106,20,1
2026,06,t1,106,20,22
2026,06,05,106,30,1
2026,06,06,106,30,1
2026,06,12,106,30,4
2026,06,14,106,30,3
2026,06,19,106,30,3
2026,06,21,106,30,2
2026,06,t1,106,30,14
2026,06,01,106,t1,12
2026,06,03,106,t1,2
2026,06,04,106,t1,2
2026,06,05,106,t1,1
2026,06,06,106,t1,3
2026,06,07,106,t1,2
2026,06,10,106,t1,2
2026,06,12,106,t1,9
2026,06,13,106,t1,1
2026,06,14,106,t1,8
2026,06,17,106,t1,3
2026,06,18,106,t1,6
2026,06,19,106,t1,4
2026,06,20,106,t1,4
2026,06,21,106,t1,9
2026,06,22,106,t1,3
2026,06,23,106,t1,1
2026,06,24,106,t1,5
2026,06,t1,106,t1,77
2026,06,21,107,10,1
2026,06,t1,107,10,1
2026,06,21,107,t1,1
2026,06,t1,107,t1,1
2026,06,01,109,10,1
2026,06,20,109,10,1
2026,06,t1,109,10,2
2026,06,14,109,20,2
2026,06,24,109,20,1
2026,06,t1,109,20,3
2026,06,01,109,t1,1
2026,06,14,109,t1,2
2026,06,20,109,t1,1
2026,06,24,109,t1,1
2026,06,t1,109,t1,5
2026,06,01,t1,10,2675
2026,06,03,t1,10,409
2026,06,04,t1,10,318
2026,06,05,t1,10,468
2026,06,06,t1,10,462
2026,06,07,t1,10,195
2026,06,08,t1,10,244
2026,06,09,t1,10,28
2026,06,10,t1,10,133
2026,06,12,t1,10,1536
2026,06,13,t1,10,448
2026,06,14,t1,10,2190
2026,06,17,t1,10,286
2026,06,18,t1,10,330
2026,06,19,t1,10,287
2026,06,20,t1,10,267
2026,06,21,t1,10,243
2026,06,22,t1,10,188
2026,06,23,t1,10,81
2026,06,24,t1,10,205
2026,06,25,t1,10,203
2026,06,t1,t1,10,11196
2026,06,01,t1,20,7716
2026,06,03,t1,20,274
2026,06,04,t1,20,122
2026,06,05,t1,20,268
2026,06,06,t1,20,475
2026,06,07,t1,20,134
2026,06,08,t1,20,142
2026,06,09,t1,20,29
2026,06,10,t1,20,74
2026,06,12,t1,20,1017
2026,06,13,t1,20,213
2026,06,14,t1,20,1363
2026,06,17,t1,20,242
2026,06,18,t1,20,587
2026,06,19,t1,20,212
2026,06,20,t1,20,193
2026,06,21,t1,20,160
2026,06,22,t1,20,178
2026,06,23,t1,20,91
2026,06,24,t1,20,168
2026,06,25,t1,20,155
2026,06,t1,t1,20,13813
2026,06,01,t1,30,1884
2026,06,03,t1,30,136
2026,06,04,t1,30,92
2026,06,05,t1,30,235
2026,06,06,t1,30,178
2026,06,07,t1,30,101
2026,06,08,t1,30,104
2026,06,09,t1,30,13
2026,06,10,t1,30,76
2026,06,12,t1,30,874
2026,06,13,t1,30,112
2026,06,14,t1,30,1386
2026,06,17,t1,30,130
2026,06,18,t1,30,84
2026,06,19,t1,30,91
2026,06,20,t1,30,130
2026,06,21,t1,30,147
2026,06,22,t1,30,101
2026,06,23,t1,30,20
2026,06,24,t1,30,129
2026,06,25,t1,30,51
2026,06,t1,t1,30,6074
2026,06,01,t1,t1,12275
2026,06,03,t1,t1,819
2026,06,04,t1,t1,532
2026,06,05,t1,t1,971
2026,06,06,t1,t1,1115
2026,06,07,t1,t1,430
2026,06,08,t1,t1,490
2026,06,09,t1,t1,70
2026,06,10,t1,t1,283
2026,06,12,t1,t1,3427
2026,06,13,t1,t1,773
2026,06,14,t1,t1,4939
2026,06,17,t1,t1,658
2026,06,18,t1,t1,1001
2026,06,19,t1,t1,590
2026,06,20,t1,t1,590
2026,06,21,t1,t1,550
2026,06,22,t1,t1,467
2026,06,23,t1,t1,192
2026,06,24,t1,t1,502
2026,06,25,t1,t1,409
2026,06,t1,t1,t1,31083
2026,07,01,101,10,542
2026,07,03,101,10,56
2026,07,04,101,10,59
2026,07,05,101,10,96
2026,07,06,101,10,86
2026,07,07,101,10,33
2026,07,08,101,10,40
2026,07,09,101,10,10
2026,07,10,101,10,26
2026,07,12,101,10,330
2026,07,13,101,10,90
2026,07,14,101,10,364
2026,07,17,101,10,69
2026,07,18,101,10,67
2026,07,19,101,10,52
2026,07,20,101,10,42
2026,07,21,101,10,56
2026,07,22,101,10,28
2026,07,23,101,10,5
2026,07,24,101,10,24
2026,07,25,101,10,20
2026,07,t1,101,10,2095
2026,07,01,101,20,652
2026,07,03,101,20,21
2026,07,04,101,20,10
2026,07,05,101,20,18
2026,07,06,101,20,32
2026,07,07,101,20,8
2026,07,08,101,20,9
2026,07,09,101,20,4
2026,07,10,101,20,5
2026,07,12,101,20,129
2026,07,13,101,20,42
2026,07,14,101,20,46
2026,07,17,101,20,29
2026,07,18,101,20,34
2026,07,19,101,20,33
2026,07,20,101,20,10
2026,07,21,101,20,12
2026,07,22,101,20,14
2026,07,23,101,20,8
2026,07,24,101,20,7
2026,07,25,101,20,21
2026,07,t1,101,20,1144
2026,07,01,101,30,60
2026,07,03,101,30,6
2026,07,04,101,30,7
2026,07,05,101,30,12
2026,07,06,101,30,11
2026,07,07,101,30,9
2026,07,08,101,30,15
2026,07,09,101,30,1
2026,07,10,101,30,3
2026,07,12,101,30,284
2026,07,13,101,30,10
2026,07,14,101,30,125
2026,07,17,101,30,20
2026,07,18,101,30,5
2026,07,19,101,30,7
2026,07,20,101,30,25
2026,07,21,101,30,18
2026,07,22,101,30,4
2026,07,23,101,30,1
2026,07,24,101,30,4
2026,07,25,101,30,2
2026,07,t1,101,30,629
2026,07,01,101,t1,1254
2026,07,03,101,t1,83
2026,07,04,101,t1,76
2026,07,05,101,t1,126
2026,07,06,101,t1,129
2026,07,07,101,t1,50
2026,07,08,101,t1,64
2026,07,09,101,t1,15
2026,07,10,101,t1,34
2026,07,12,101,t1,743
2026,07,13,101,t1,142
2026,07,14,101,t1,535
2026,07,17,101,t1,118
2026,07,18,101,t1,106
2026,07,19,101,t1,92
2026,07,20,101,t1,77
2026,07,21,101,t1,86
2026,07,22,101,t1,46
2026,07,23,101,t1,14
2026,07,24,101,t1,35
2026,07,25,101,t1,43
2026,07,t1,101,t1,3868
2026,07,01,102,10,107
2026,07,03,102,10,33
2026,07,04,102,10,25
2026,07,05,102,10,34
2026,07,06,102,10,36
2026,07,07,102,10,23
2026,07,08,102,10,22
2026,07,09,102,10,5
2026,07,10,102,10,16
2026,07,12,102,10,130
2026,07,13,102,10,53
2026,07,14,102,10,153
2026,07,17,102,10,17
2026,07,18,102,10,32
2026,07,19,102,10,31
2026,07,20,102,10,31
2026,07,21,102,10,27
2026,07,22,102,10,29
2026,07,23,102,10,14
2026,07,24,102,10,30
2026,07,25,102,10,33
2026,07,t1,102,10,881
2026,07,01,102,20,134
2026,07,03,102,20,33
2026,07,04,102,20,30
2026,07,05,102,20,11
2026,07,06,102,20,19
2026,07,07,102,20,9
2026,07,08,102,20,11
2026,07,09,102,20,2
2026,07,10,102,20,10
2026,07,12,102,20,81
2026,07,13,102,20,17
2026,07,14,102,20,88
2026,07,17,102,20,43
2026,07,18,102,20,76
2026,07,19,102,20,12
2026,07,20,102,20,33
2026,07,21,102,20,24
2026,07,22,102,20,9
2026,07,23,102,20,9
2026,07,24,102,20,17
2026,07,25,102,20,20
2026,07,t1,102,20,688
2026,07,01,102,30,28
2026,07,03,102,30,7
2026,07,04,102,30,1
2026,07,05,102,30,5
2026,07,06,102,30,5
2026,07,08,102,30,2
2026,07,10,102,30,1
2026,07,12,102,30,71
2026,07,13,102,30,6
2026,07,14,102,30,30
2026,07,17,102,30,4
2026,07,18,102,30,2
2026,07,19,102,30,2
2026,07,20,102,30,4
2026,07,22,102,30,2
2026,07,24,102,30,1
2026,07,25,102,30,2
2026,07,t1,102,30,173
2026,07,01,102,t1,269
2026,07,03,102,t1,73
2026,07,04,102,t1,56
2026,07,05,102,t1,50
2026,07,06,102,t1,60
2026,07,07,102,t1,32
2026,07,08,102,t1,35
2026,07,09,102,t1,7
2026,07,10,102,t1,27
2026,07,12,102,t1,282
2026,07,13,102,t1,76
2026,07,14,102,t1,271
2026,07,17,102,t1,64
2026,07,18,102,t1,110
2026,07,19,102,t1,45
2026,07,20,102,t1,68
2026,07,21,102,t1,51
2026,07,22,102,t1,40
2026,07,23,102,t1,23
2026,07,24,102,t1,48
2026,07,25,102,t1,55
2026,07,t1,102,t1,1742
2026,07,01,103,10,647
2026,07,03,103,10,106
2026,07,04,103,10,78
2026,07,05,103,10,152
2026,07,06,103,10,136
2026,07,07,103,10,44
2026,07,08,103,10,73
2026,07,09,103,10,17
2026,07,10,103,10,45
2026,07,12,103,10,450
2026,07,13,103,10,181
2026,07,14,103,10,609
2026,07,17,103,10,76
2026,07,18,103,10,101
2026,07,19,103,10,79
2026,07,20,103,10,83
2026,07,21,103,10,64
2026,07,22,103,10,51
2026,07,23,103,10,33
2026,07,24,103,10,85
2026,07,25,103,10,52
2026,07,t1,103,10,3162
2026,07,01,103,20,2000
2026,07,03,103,20,79
2026,07,04,103,20,33
2026,07,05,103,20,76
2026,07,06,103,20,103
2026,07,07,103,20,50
2026,07,08,103,20,32
2026,07,09,103,20,4
2026,07,10,103,20,18
2026,07,12,103,20,300
2026,07,13,103,20,90
2026,07,14,103,20,362
2026,07,17,103,20,46
2026,07,18,103,20,89
2026,07,19,103,20,34
2026,07,20,103,20,49
2026,07,21,103,20,43
2026,07,22,103,20,29
2026,07,23,103,20,22
2026,07,24,103,20,55
2026,07,25,103,20,39
2026,07,t1,103,20,3553
2026,07,01,103,30,409
2026,07,03,103,30,38
2026,07,04,103,30,18
2026,07,05,103,30,24
2026,07,06,103,30,37
2026,07,07,103,30,11
2026,07,08,103,30,25
2026,07,09,103,30,3
2026,07,10,103,30,8
2026,07,12,103,30,119
2026,07,13,103,30,38
2026,07,14,103,30,342
2026,07,17,103,30,25
2026,07,18,103,30,26
2026,07,19,103,30,24
2026,07,20,103,30,41
2026,07,21,103,30,31
2026,07,22,103,30,22
2026,07,23,103,30,5
2026,07,24,103,30,28
2026,07,25,103,30,15
2026,07,t1,103,30,1289
2026,07,01,103,t1,3056
2026,07,03,103,t1,223
2026,07,04,103,t1,129
2026,07,05,103,t1,252
2026,07,06,103,t1,276
2026,07,07,103,t1,105
2026,07,08,103,t1,130
2026,07,09,103,t1,24
2026,07,10,103,t1,71
2026,07,12,103,t1,869
2026,07,13,103,t1,309
2026,07,14,103,t1,1313
2026,07,17,103,t1,147
2026,07,18,103,t1,216
2026,07,19,103,t1,137
2026,07,20,103,t1,173
2026,07,21,103,t1,138
2026,07,22,103,t1,102
2026,07,23,103,t1,60
2026,07,24,103,t1,168
2026,07,25,103,t1,106
2026,07,t1,103,t1,8004
2026,07,01,104,10,184
2026,07,03,104,10,30
2026,07,04,104,10,13
2026,07,05,104,10,43
2026,07,06,104,10,37
2026,07,07,104,10,15
2026,07,08,104,10,18
2026,07,09,104,10,2
2026,07,10,104,10,8
2026,07,12,104,10,129
2026,07,13,104,10,38
2026,07,14,104,10,208
2026,07,17,104,10,21
2026,07,18,104,10,26
2026,07,19,104,10,8
2026,07,20,104,10,17
2026,07,21,104,10,25
2026,07,22,104,10,5
2026,07,23,104,10,3
2026,07,24,104,10,9
2026,07,25,104,10,6
2026,07,t1,104,10,845
2026,07,01,104,20,68
2026,07,03,104,20,1
2026,07,04,104,20,5
2026,07,05,104,20,10
2026,07,06,104,20,4
2026,07,07,104,20,2
2026,07,08,104,20,5
2026,07,09,104,20,7
2026,07,10,104,20,2
2026,07,12,104,20,42
2026,07,13,104,20,5
2026,07,14,104,20,23
2026,07,17,104,20,2
2026,07,18,104,20,9
2026,07,19,104,20,3
2026,07,20,104,20,4
2026,07,21,104,20,4
2026,07,22,104,20,5
2026,07,23,104,20,4
2026,07,24,104,20,2
2026,07,25,104,20,12
2026,07,t1,104,20,219
2026,07,01,104,30,133
2026,07,03,104,30,12
2026,07,04,104,30,6
2026,07,05,104,30,25
2026,07,06,104,30,21
2026,07,07,104,30,5
2026,07,08,104,30,7
2026,07,09,104,30,1
2026,07,10,104,30,6
2026,07,12,104,30,55
2026,07,13,104,30,8
2026,07,14,104,30,115
2026,07,17,104,30,14
2026,07,18,104,30,21
2026,07,19,104,30,3
2026,07,20,104,30,11
2026,07,21,104,30,7
2026,07,22,104,30,1
2026,07,23,104,30,2
2026,07,24,104,30,4
2026,07,t1,104,30,457
2026,07,01,104,t1,385
2026,07,03,104,t1,43
2026,07,04,104,t1,24
2026,07,05,104,t1,78
2026,07,06,104,t1,62
2026,07,07,104,t1,22
2026,07,08,104,t1,30
2026,07,09,104,t1,10
2026,07,10,104,t1,16
2026,07,12,104,t1,226
2026,07,13,104,t1,51
2026,07,14,104,t1,346
2026,07,17,104,t1,37
2026,07,18,104,t1,56
2026,07,19,104,t1,14
2026,07,20,104,t1,32
2026,07,21,104,t1,36
2026,07,22,104,t1,11
2026,07,23,104,t1,9
2026,07,24,104,t1,15
2026,07,25,104,t1,18
2026,07,t1,104,t1,1521
2026,07,01,105,10,468
2026,07,03,105,10,62
2026,07,04,105,10,49
2026,07,05,105,10,62
2026,07,06,105,10,62
2026,07,07,105,10,22
2026,07,08,105,10,46
2026,07,09,105,10,8
2026,07,10,105,10,31
2026,07,12,105,10,204
2026,07,13,105,10,72
2026,07,14,105,10,262
2026,07,17,105,10,51
2026,07,18,105,10,48
2026,07,19,105,10,31
2026,07,20,105,10,43
2026,07,21,105,10,45
2026,07,22,105,10,36
2026,07,23,105,10,14
2026,07,24,105,10,33
2026,07,25,105,10,38
2026,07,t1,105,10,1687
2026,07,01,105,20,1085
2026,07,03,105,20,28
2026,07,04,105,20,11
2026,07,05,105,20,44
2026,07,06,105,20,47
2026,07,07,105,20,29
2026,07,08,105,20,18
2026,07,09,105,20,6
2026,07,10,105,20,18
2026,07,12,105,20,240
2026,07,13,105,20,33
2026,07,14,105,20,160
2026,07,17,105,20,32
2026,07,18,105,20,96
2026,07,19,105,20,12
2026,07,20,105,20,19
2026,07,21,105,20,42
2026,07,22,105,20,30
2026,07,23,105,20,9
2026,07,24,105,20,29
2026,07,25,105,20,53
2026,07,t1,105,20,2041
2026,07,01,105,30,264
2026,07,03,105,30,26
2026,07,04,105,30,8
2026,07,05,105,30,29
2026,07,06,105,30,24
2026,07,07,105,30,14
2026,07,08,105,30,9
2026,07,09,105,30,1
2026,07,10,105,30,6
2026,07,12,105,30,71
2026,07,13,105,30,12
2026,07,14,105,30,182
2026,07,17,105,30,22
2026,07,18,105,30,6
2026,07,19,105,30,13
2026,07,20,105,30,16
2026,07,21,105,30,13
2026,07,22,105,30,20
2026,07,23,105,30,3
2026,07,24,105,30,18
2026,07,25,105,30,4
2026,07,t1,105,30,761
2026,07,01,105,t1,1817
2026,07,03,105,t1,116
2026,07,04,105,t1,68
2026,07,05,105,t1,135
2026,07,06,105,t1,133
2026,07,07,105,t1,65
2026,07,08,105,t1,73
2026,07,09,105,t1,15
2026,07,10,105,t1,55
2026,07,12,105,t1,515
2026,07,13,105,t1,117
2026,07,14,105,t1,604
2026,07,17,105,t1,105
2026,07,18,105,t1,150
2026,07,19,105,t1,56
2026,07,20,105,t1,78
2026,07,21,105,t1,100
2026,07,22,105,t1,86
2026,07,23,105,t1,26
2026,07,24,105,t1,80
2026,07,25,105,t1,95
2026,07,t1,105,t1,4489
2026,07,01,106,10,8
2026,07,03,106,10,2
2026,07,04,106,10,1
2026,07,06,106,10,1
2026,07,08,106,10,1
2026,07,10,106,10,1
2026,07,12,106,10,3
2026,07,14,106,10,3
2026,07,17,106,10,1
2026,07,18,106,10,1
2026,07,19,106,10,1
2026,07,20,106,10,1
2026,07,22,106,10,3
2026,07,23,106,10,1
2026,07,24,106,10,1
2026,07,25,106,10,5
2026,07,t1,106,10,34
2026,07,01,106,20,10
2026,07,03,106,20,1
2026,07,05,106,20,1
2026,07,06,106,20,1
2026,07,08,106,20,1
2026,07,12,106,20,2
2026,07,14,106,20,2
2026,07,25,106,20,1
2026,07,t1,106,20,19
2026,07,24,106,30,1
2026,07,25,106,30,1
2026,07,t1,106,30,2
2026,07,01,106,t1,18
2026,07,03,106,t1,3
2026,07,04,106,t1,1
2026,07,05,106,t1,1
2026,07,06,106,t1,2
2026,07,08,106,t1,2
2026,07,10,106,t1,1
2026,07,12,106,t1,5
2026,07,14,106,t1,5
2026,07,17,106,t1,1
2026,07,18,106,t1,1
2026,07,19,106,t1,1
2026,07,20,106,t1,1
2026,07,22,106,t1,3
2026,07,23,106,t1,1
2026,07,24,106,t1,2
2026,07,25,106,t1,7
2026,07,t1,106,t1,55
2026,07,03,107,10,1
2026,07,12,107,10,1
2026,07,t1,107,10,2
2026,07,03,107,t1,1
2026,07,12,107,t1,1
2026,07,t1,107,t1,2
2026,07,23,109,10,2
2026,07,t1,109,10,2
2026,07,14,109,20,4
2026,07,t1,109,20,4
2026,07,14,109,t1,4
2026,07,23,109,t1,2
2026,07,t1,109,t1,6
2026,07,01,t1,10,1956
2026,07,03,t1,10,290
2026,07,04,t1,10,225
2026,07,05,t1,10,387
2026,07,06,t1,10,358
2026,07,07,t1,10,137
2026,07,08,t1,10,200
2026,07,09,t1,10,42
2026,07,10,t1,10,127
2026,07,12,t1,10,1247
2026,07,13,t1,10,434
2026,07,14,t1,10,1599
2026,07,17,t1,10,235
2026,07,18,t1,10,275
2026,07,19,t1,10,202
2026,07,20,t1,10,217
2026,07,21,t1,10,217
2026,07,22,t1,10,152
2026,07,23,t1,10,72
2026,07,24,t1,10,182
2026,07,25,t1,10,154
2026,07,t1,t1,10,8708
2026,07,01,t1,20,3949
2026,07,03,t1,20,163
2026,07,04,t1,20,89
2026,07,05,t1,20,160
2026,07,06,t1,20,206
2026,07,07,t1,20,98
2026,07,08,t1,20,76
2026,07,09,t1,20,23
2026,07,10,t1,20,53
2026,07,12,t1,20,794
2026,07,13,t1,20,187
2026,07,14,t1,20,685
2026,07,17,t1,20,152
2026,07,18,t1,20,304
2026,07,19,t1,20,94
2026,07,20,t1,20,115
2026,07,21,t1,20,125
2026,07,22,t1,20,87
2026,07,23,t1,20,52
2026,07,24,t1,20,110
2026,07,25,t1,20,146
2026,07,t1,t1,20,7668
2026,07,01,t1,30,894
2026,07,03,t1,30,89
2026,07,04,t1,30,40
2026,07,05,t1,30,95
2026,07,06,t1,30,98
2026,07,07,t1,30,39
2026,07,08,t1,30,58
2026,07,09,t1,30,6
2026,07,10,t1,30,24
2026,07,12,t1,30,600
2026,07,13,t1,30,74
2026,07,14,t1,30,794
2026,07,17,t1,30,85
2026,07,18,t1,30,60
2026,07,19,t1,30,49
2026,07,20,t1,30,97
2026,07,21,t1,30,69
2026,07,22,t1,30,49
2026,07,23,t1,30,11
2026,07,24,t1,30,56
2026,07,25,t1,30,24
2026,07,t1,t1,30,3311
2026,07,01,t1,t1,6799
2026,07,03,t1,t1,542
2026,07,04,t1,t1,354
2026,07,05,t1,t1,642
2026,07,06,t1,t1,662
2026,07,07,t1,t1,274
2026,07,08,t1,t1,334
2026,07,09,t1,t1,71
2026,07,10,t1,t1,204
2026,07,12,t1,t1,2641
2026,07,13,t1,t1,695
2026,07,14,t1,t1,3078
2026,07,17,t1,t1,472
2026,07,18,t1,t1,639
2026,07,19,t1,t1,345
2026,07,20,t1,t1,429
2026,07,21,t1,t1,411
2026,07,22,t1,t1,288
2026,07,23,t1,t1,135
2026,07,24,t1,t1,348
2026,07,25,t1,t1,324
2026,07,t1,t1,t1,19687
2026,08,01,101,10,633
2026,08,03,101,10,58
2026,08,04,101,10,56
2026,08,05,101,10,102
2026,08,06,101,10,86
2026,08,07,101,10,42
2026,08,08,101,10,67
2026,08,09,101,10,3
2026,08,10,101,10,29
2026,08,12,101,10,351
2026,08,13,101,10,74
2026,08,14,101,10,457
2026,08,17,101,10,57
2026,08,18,101,10,76
2026,08,19,101,10,57
2026,08,20,101,10,41
2026,08,21,101,10,51
2026,08,22,101,10,42
2026,08,23,101,10,12
2026,08,24,101,10,19
2026,08,25,101,10,16
2026,08,t1,101,10,2329
2026,08,01,101,20,878
2026,08,03,101,20,12
2026,08,04,101,20,14
2026,08,05,101,20,23
2026,08,06,101,20,55
2026,08,07,101,20,10
2026,08,08,101,20,16
2026,08,09,101,20,3
2026,08,10,101,20,5
2026,08,12,101,20,169
2026,08,13,101,20,22
2026,08,14,101,20,102
2026,08,17,101,20,42
2026,08,18,101,20,27
2026,08,19,101,20,67
2026,08,20,101,20,19
2026,08,21,101,20,14
2026,08,22,101,20,13
2026,08,23,101,20,2
2026,08,24,101,20,17
2026,08,25,101,20,9
2026,08,t1,101,20,1519
2026,08,01,101,30,165
2026,08,03,101,30,11
2026,08,04,101,30,10
2026,08,05,101,30,9
2026,08,06,101,30,22
2026,08,07,101,30,10
2026,08,08,101,30,14
2026,08,10,101,30,21
2026,08,12,101,30,190
2026,08,13,101,30,23
2026,08,14,101,30,174
2026,08,17,101,30,28
2026,08,18,101,30,13
2026,08,19,101,30,8
2026,08,20,101,30,22
2026,08,21,101,30,14
2026,08,22,101,30,10
2026,08,23,101,30,1
2026,08,24,101,30,15
2026,08,25,101,30,5
2026,08,t1,101,30,765
2026,08,01,101,t1,1676
2026,08,03,101,t1,81
2026,08,04,101,t1,80
2026,08,05,101,t1,134
2026,08,06,101,t1,163
2026,08,07,101,t1,62
2026,08,08,101,t1,97
2026,08,09,101,t1,6
2026,08,10,101,t1,55
2026,08,12,101,t1,710
2026,08,13,101,t1,119
2026,08,14,101,t1,733
2026,08,17,101,t1,127
2026,08,18,101,t1,116
2026,08,19,101,t1,132
2026,08,20,101,t1,82
2026,08,21,101,t1,79
2026,08,22,101,t1,65
2026,08,23,101,t1,15
2026,08,24,101,t1,51
2026,08,25,101,t1,30
2026,08,t1,101,t1,4613
2026,08,01,102,10,77
2026,08,03,102,10,28
2026,08,04,102,10,22
2026,08,05,102,10,34
2026,08,06,102,10,23
2026,08,07,102,10,11
2026,08,08,102,10,19
2026,08,09,102,10,5
2026,08,10,102,10,8
2026,08,12,102,10,82
2026,08,13,102,10,37
2026,08,14,102,10,132
2026,08,17,102,10,20
2026,08,18,102,10,30
2026,08,19,102,10,10
2026,08,20,102,10,17
2026,08,21,102,10,24
2026,08,22,102,10,15
2026,08,23,102,10,8
2026,08,24,102,10,21
2026,08,25,102,10,25
2026,08,t1,102,10,648
2026,08,01,102,20,223
2026,08,03,102,20,19
2026,08,04,102,20,10
2026,08,05,102,20,18
2026,08,06,102,20,18
2026,08,07,102,20,16
2026,08,08,102,20,14
2026,08,09,102,20,4
2026,08,10,102,20,17
2026,08,12,102,20,84
2026,08,13,102,20,17
2026,08,14,102,20,72
2026,08,17,102,20,42
2026,08,18,102,20,16
2026,08,19,102,20,6
2026,08,20,102,20,10
2026,08,21,102,20,17
2026,08,22,102,20,58
2026,08,23,102,20,6
2026,08,24,102,20,15
2026,08,25,102,20,23
2026,08,t1,102,20,705
2026,08,01,102,30,3
2026,08,03,102,30,1
2026,08,04,102,30,1
2026,08,05,102,30,2
2026,08,06,102,30,7
2026,08,07,102,30,2
2026,08,08,102,30,2
2026,08,12,102,30,29
2026,08,13,102,30,4
2026,08,14,102,30,15
2026,08,17,102,30,2
2026,08,18,102,30,2
2026,08,19,102,30,3
2026,08,20,102,30,2
2026,08,21,102,30,5
2026,08,24,102,30,1
2026,08,t1,102,30,81
2026,08,01,102,t1,303
2026,08,03,102,t1,48
2026,08,04,102,t1,33
2026,08,05,102,t1,54
2026,08,06,102,t1,48
2026,08,07,102,t1,29
2026,08,08,102,t1,35
2026,08,09,102,t1,9
2026,08,10,102,t1,25
2026,08,12,102,t1,195
2026,08,13,102,t1,58
2026,08,14,102,t1,219
2026,08,17,102,t1,64
2026,08,18,102,t1,48
2026,08,19,102,t1,19
2026,08,20,102,t1,29
2026,08,21,102,t1,46
2026,08,22,102,t1,73
2026,08,23,102,t1,14
2026,08,24,102,t1,37
2026,08,25,102,t1,48
2026,08,t1,102,t1,1434
2026,08,01,103,10,797
2026,08,03,103,10,141
2026,08,04,103,10,100
2026,08,05,103,10,187
2026,08,06,103,10,144
2026,08,07,103,10,67
2026,08,08,103,10,76
2026,08,09,103,10,10
2026,08,10,103,10,42
2026,08,12,103,10,510
2026,08,13,103,10,172
2026,08,14,103,10,779
2026,08,17,103,10,92
2026,08,18,103,10,92
2026,08,19,103,10,94
2026,08,20,103,10,90
2026,08,21,103,10,61
2026,08,22,103,10,91
2026,08,23,103,10,38
2026,08,24,103,10,89
2026,08,25,103,10,51
2026,08,t1,103,10,3723
2026,08,01,103,20,2805
2026,08,03,103,20,132
2026,08,04,103,20,40
2026,08,05,103,20,91
2026,08,06,103,20,140
2026,08,07,103,20,65
2026,08,08,103,20,28
2026,08,09,103,20,9
2026,08,10,103,20,19
2026,08,12,103,20,378
2026,08,13,103,20,93
2026,08,14,103,20,518
2026,08,17,103,20,62
2026,08,18,103,20,65
2026,08,19,103,20,49
2026,08,20,103,20,53
2026,08,21,103,20,52
2026,08,22,103,20,68
2026,08,23,103,20,44
2026,08,24,103,20,63
2026,08,25,103,20,46
2026,08,t1,103,20,4820
2026,08,01,103,30,592
2026,08,03,103,30,41
2026,08,04,103,30,18
2026,08,05,103,30,38
2026,08,06,103,30,63
2026,08,07,103,30,29
2026,08,08,103,30,24
2026,08,09,103,30,5
2026,08,10,103,30,8
2026,08,12,103,30,150
2026,08,13,103,30,45
2026,08,14,103,30,294
2026,08,17,103,30,30
2026,08,18,103,30,31
2026,08,19,103,30,16
2026,08,20,103,30,39
2026,08,21,103,30,57
2026,08,22,103,30,24
2026,08,23,103,30,7
2026,08,24,103,30,49
2026,08,25,103,30,15
2026,08,t1,103,30,1575
2026,08,01,103,t1,4194
2026,08,03,103,t1,314
2026,08,04,103,t1,158
2026,08,05,103,t1,316
2026,08,06,103,t1,347
2026,08,07,103,t1,161
2026,08,08,103,t1,128
2026,08,09,103,t1,24
2026,08,10,103,t1,69
2026,08,12,103,t1,1038
2026,08,13,103,t1,310
2026,08,14,103,t1,1591
2026,08,17,103,t1,184
2026,08,18,103,t1,188
2026,08,19,103,t1,159
2026,08,20,103,t1,182
2026,08,21,103,t1,170
2026,08,22,103,t1,183
2026,08,23,103,t1,89
2026,08,24,103,t1,201
2026,08,25,103,t1,112
2026,08,t1,103,t1,10118
2026,08,01,104,10,205
2026,08,03,104,10,41
2026,08,04,104,10,22
2026,08,05,104,10,56
2026,08,06,104,10,52
2026,08,07,104,10,18
2026,08,08,104,10,6
2026,08,09,104,10,4
2026,08,10,104,10,11
2026,08,12,104,10,132
2026,08,13,104,10,38
2026,08,14,104,10,192
2026,08,17,104,10,33
2026,08,18,104,10,22
2026,08,19,104,10,9
2026,08,20,104,10,22
2026,08,21,104,10,40
2026,08,22,104,10,14
2026,08,23,104,10,5
2026,08,24,104,10,15
2026,08,25,104,10,7
2026,08,t1,104,10,944
2026,08,01,104,20,305
2026,08,03,104,20,4
2026,08,04,104,20,4
2026,08,05,104,20,25
2026,08,06,104,20,21
2026,08,07,104,20,18
2026,08,08,104,20,12
2026,08,10,104,20,1
2026,08,12,104,20,29
2026,08,13,104,20,20
2026,08,14,104,20,64
2026,08,17,104,20,6
2026,08,18,104,20,12
2026,08,19,104,20,38
2026,08,20,104,20,7
2026,08,21,104,20,23
2026,08,22,104,20,6
2026,08,23,104,20,6
2026,08,24,104,20,6
2026,08,25,104,20,15
2026,08,t1,104,20,622
2026,08,01,104,30,96
2026,08,03,104,30,32
2026,08,04,104,30,19
2026,08,05,104,30,29
2026,08,06,104,30,42
2026,08,07,104,30,13
2026,08,08,104,30,9
2026,08,09,104,30,1
2026,08,10,104,30,12
2026,08,12,104,30,71
2026,08,13,104,30,9
2026,08,14,104,30,134
2026,08,17,104,30,16
2026,08,18,104,30,12
2026,08,19,104,30,1
2026,08,20,104,30,12
2026,08,21,104,30,24
2026,08,22,104,30,9
2026,08,23,104,30,6
2026,08,24,104,30,11
2026,08,25,104,30,8
2026,08,t1,104,30,566
2026,08,01,104,t1,606
2026,08,03,104,t1,77
2026,08,04,104,t1,45
2026,08,05,104,t1,110
2026,08,06,104,t1,115
2026,08,07,104,t1,49
2026,08,08,104,t1,27
2026,08,09,104,t1,5
2026,08,10,104,t1,24
2026,08,12,104,t1,232
2026,08,13,104,t1,67
2026,08,14,104,t1,390
2026,08,17,104,t1,55
2026,08,18,104,t1,46
2026,08,19,104,t1,48
2026,08,20,104,t1,41
2026,08,21,104,t1,87
2026,08,22,104,t1,29
2026,08,23,104,t1,17
2026,08,24,104,t1,32
2026,08,25,104,t1,30
2026,08,t1,104,t1,2132
2026,08,01,105,10,505
2026,08,03,105,10,62
2026,08,04,105,10,50
2026,08,05,105,10,96
2026,08,06,105,10,63
2026,08,07,105,10,29
2026,08,08,105,10,35
2026,08,09,105,10,6
2026,08,10,105,10,30
2026,08,12,105,10,229
2026,08,13,105,10,72
2026,08,14,105,10,291
2026,08,17,105,10,49
2026,08,18,105,10,49
2026,08,19,105,10,44
2026,08,20,105,10,28
2026,08,21,105,10,67
2026,08,22,105,10,43
2026,08,23,105,10,14
2026,08,24,105,10,35
2026,08,25,105,10,36
2026,08,t1,105,10,1833
2026,08,01,105,20,1245
2026,08,03,105,20,54
2026,08,04,105,20,15
2026,08,05,105,20,74
2026,08,06,105,20,93
2026,08,07,105,20,27
2026,08,08,105,20,20
2026,08,09,105,20,3
2026,08,10,105,20,15
2026,08,12,105,20,179
2026,08,13,105,20,50
2026,08,14,105,20,197
2026,08,17,105,20,51
2026,08,18,105,20,69
2026,08,19,105,20,27
2026,08,20,105,20,49
2026,08,21,105,20,31
2026,08,22,105,20,23
2026,08,23,105,20,18
2026,08,24,105,20,18
2026,08,25,105,20,37
2026,08,t1,105,20,2295
2026,08,01,105,30,232
2026,08,03,105,30,25
2026,08,04,105,30,19
2026,08,05,105,30,27
2026,08,06,105,30,28
2026,08,07,105,30,17
2026,08,08,105,30,21
2026,08,09,105,30,3
2026,08,10,105,30,5
2026,08,12,105,30,151
2026,08,13,105,30,17
2026,08,14,105,30,228
2026,08,17,105,30,25
2026,08,18,105,30,21
2026,08,19,105,30,12
2026,08,20,105,30,16
2026,08,21,105,30,23
2026,08,22,105,30,10
2026,08,23,105,30,2
2026,08,24,105,30,15
2026,08,25,105,30,12
2026,08,t1,105,30,909
2026,08,01,105,t1,1982
2026,08,03,105,t1,141
2026,08,04,105,t1,84
2026,08,05,105,t1,197
2026,08,06,105,t1,184
2026,08,07,105,t1,73
2026,08,08,105,t1,76
2026,08,09,105,t1,12
2026,08,10,105,t1,50
2026,08,12,105,t1,559
2026,08,13,105,t1,139
2026,08,14,105,t1,716
2026,08,17,105,t1,125
2026,08,18,105,t1,139
2026,08,19,105,t1,83
2026,08,20,105,t1,93
2026,08,21,105,t1,121
2026,08,22,105,t1,76
2026,08,23,105,t1,34
2026,08,24,105,t1,68
2026,08,25,105,t1,85
2026,08,t1,105,t1,5037
2026,08,01,106,10,5
2026,08,03,106,10,3
2026,08,05,106,10,4
2026,08,12,106,10,4
2026,08,14,106,10,3
2026,08,17,106,10,2
2026,08,20,106,10,2
2026,08,21,106,10,2
2026,08,23,106,10,2
2026,08,24,106,10,2
2026,08,25,106,10,2
2026,08,t1,106,10,31
2026,08,01,106,20,7
2026,08,03,106,20,2
2026,08,06,106,20,1
2026,08,14,106,20,3
2026,08,20,106,20,1
2026,08,21,106,20,1
2026,08,22,106,20,1
2026,08,23,106,20,1
2026,08,25,106,20,6
2026,08,t1,106,20,23
2026,08,04,106,30,1
2026,08,06,106,30,1
2026,08,14,106,30,2
2026,08,17,106,30,1
2026,08,18,106,30,1
2026,08,20,106,30,3
2026,08,t1,106,30,9
2026,08,01,106,t1,12
2026,08,03,106,t1,5
2026,08,04,106,t1,1
2026,08,05,106,t1,4
2026,08,06,106,t1,2
2026,08,12,106,t1,4
2026,08,14,106,t1,8
2026,08,17,106,t1,3
2026,08,18,106,t1,1
2026,08,20,106,t1,6
2026,08,21,106,t1,3
2026,08,22,106,t1,1
2026,08,23,106,t1,3
2026,08,24,106,t1,2
2026,08,25,106,t1,8
2026,08,t1,106,t1,63
2026,08,01,107,10,1
2026,08,14,107,10,1
2026,08,t1,107,10,2
2026,08,01,107,t1,1
2026,08,14,107,t1,1
2026,08,t1,107,t1,2
2026,08,05,109,10,1
2026,08,t1,109,10,1
2026,08,14,109,20,2
2026,08,t1,109,20,2
2026,08,05,109,t1,1
2026,08,14,109,t1,2
2026,08,t1,109,t1,3
2026,08,01,t1,10,2223
2026,08,03,t1,10,333
2026,08,04,t1,10,250
2026,08,05,t1,10,480
2026,08,06,t1,10,368
2026,08,07,t1,10,167
2026,08,08,t1,10,203
2026,08,09,t1,10,28
2026,08,10,t1,10,120
2026,08,12,t1,10,1308
2026,08,13,t1,10,393
2026,08,14,t1,10,1855
2026,08,17,t1,10,253
2026,08,18,t1,10,269
2026,08,19,t1,10,214
2026,08,20,t1,10,200
2026,08,21,t1,10,245
2026,08,22,t1,10,205
2026,08,23,t1,10,79
2026,08,24,t1,10,181
2026,08,25,t1,10,137
2026,08,t1,t1,10,9511
2026,08,01,t1,20,5463
2026,08,03,t1,20,223
2026,08,04,t1,20,83
2026,08,05,t1,20,231
2026,08,06,t1,20,328
2026,08,07,t1,20,136
2026,08,08,t1,20,90
2026,08,09,t1,20,19
2026,08,10,t1,20,57
2026,08,12,t1,20,839
2026,08,13,t1,20,202
2026,08,14,t1,20,958
2026,08,17,t1,20,203
2026,08,18,t1,20,189
2026,08,19,t1,20,187
2026,08,20,t1,20,139
2026,08,21,t1,20,138
2026,08,22,t1,20,169
2026,08,23,t1,20,77
2026,08,24,t1,20,119
2026,08,25,t1,20,136
2026,08,t1,t1,20,9986
2026,08,01,t1,30,1088
2026,08,03,t1,30,110
2026,08,04,t1,30,68
2026,08,05,t1,30,105
2026,08,06,t1,30,163
2026,08,07,t1,30,71
2026,08,08,t1,30,70
2026,08,09,t1,30,9
2026,08,10,t1,30,46
2026,08,12,t1,30,591
2026,08,13,t1,30,98
2026,08,14,t1,30,847
2026,08,17,t1,30,102
2026,08,18,t1,30,80
2026,08,19,t1,30,40
2026,08,20,t1,30,94
2026,08,21,t1,30,123
2026,08,22,t1,30,53
2026,08,23,t1,30,16
2026,08,24,t1,30,91
2026,08,25,t1,30,40
2026,08,t1,t1,30,3905
2026,08,01,t1,t1,8774
2026,08,03,t1,t1,666
2026,08,04,t1,t1,401
2026,08,05,t1,t1,816
2026,08,06,t1,t1,859
2026,08,07,t1,t1,374
2026,08,08,t1,t1,363
2026,08,09,t1,t1,56
2026,08,10,t1,t1,223
2026,08,12,t1,t1,2738
2026,08,13,t1,t1,693
2026,08,14,t1,t1,3660
2026,08,17,t1,t1,558
2026,08,18,t1,t1,538
2026,08,19,t1,t1,441
2026,08,20,t1,t1,433
2026,08,21,t1,t1,506
2026,08,22,t1,t1,427
2026,08,23,t1,t1,172
2026,08,24,t1,t1,391
2026,08,25,t1,t1,313
2026,08,t1,t1,t1,23402